frame_index,frame_id,init_source,selected_method,yaw_policy,yaw_pred,yaw_obs_corrected,yaw_obs_delta_deg,accepted_yaw_delta_deg,yaw_obs_trusted,selected_yaw_source,refine_success,elapsed_ms,gt_east,gt_north,gt_alt,gt_yaw,init_east,init_north,init_alt,init_yaw,raw_refined_east,raw_refined_north,raw_refined_alt,raw_refined_yaw,selected_east,selected_north,selected_alt,selected_yaw,raw_delta_east_m,raw_delta_north_m,raw_delta_alt_m,applied_delta_east_m,applied_delta_north_m,applied_delta_alt_m,init_xy_error_m,raw_refined_xy_error_m,selected_xy_error_m,init_alt_error_m,raw_refined_alt_error_m,selected_alt_error_m,init_yaw_error_deg,raw_refined_yaw_error_deg,selected_yaw_error_deg,init_chamfer,raw_refined_chamfer,selected_chamfer,init_overlap,raw_refined_overlap,selected_overlap,feature_loss_initial,feature_loss_refined,feature_loss_drop,failure_reason,candidate_source,candidate_yaw,candidate_yaw_delta_deg,chamfer_norm,edge_chamfer,edge_overlap,feature_loss,feature_norm,grid_offset_deg,render_failed,score,selected
0,000000.jpg,,,,28.179385999999994,27.1596510794422,-1.019734920557795,,True,,,,,,,,,,,,,,,,,,,,,,,,,,,,,,,,,,,,,,,,,,,,,prediction,28.179385999999994,0.0,0.9520121151653906,0.8942955136299133,0.8574348675835112,0.002293855902583649,0.7268441349130011,,False,1.27628828131013,False
0,000000.jpg,,,,28.179385999999994,27.1596510794422,-1.019734920557795,,True,,,,,,,,,,,,,,,,,,,,,,,,,,,,,,,,,,,,,,,,,,,,,grid,25.179385999999994,-3.0,1.0623388253944364,0.997933566570282,0.8204084560076025,0.006439903751015663,2.0405842692898966,-3.0,False,1.842076436709308,False
0,000000.jpg,,,,28.179385999999994,27.1596510794422,-1.019734920557795,,True,,,,,,,,,,,,,,,,,,,,,,,,,,,,,,,,,,,,,,,,,,,,,grid,26.179385999999994,-2.0,1.0394167365372846,0.976401150226593,0.8293198974377365,0.00526685322013994,1.6688848537497742,-2.0,False,1.6873180525369917,False
0,000000.jpg,,,,28.179385999999994,27.1596510794422,-1.019734920557795,,True,,,,,,,,,,,,,,,,,,,,,,,,,,,,,,,,,,,,,,,,,,,,,grid,27.179385999999994,-1.0,1.0171741492207973,0.9555070400238037,0.8349679941188073,0.003799015462088088,1.2037774927153853,-1.0,False,1.5131505282808364,False
0,000000.jpg,,,,28.179385999999994,27.1596510794422,-1.019734920557795,,True,,,,,,,,,,,,,,,,,,,,,,,,,,,,,,,,,,,,,,,,,,,,,grid,27.679385999999994,-0.5,0.9974178433843174,0.9369484782218933,0.841996736655251,0.0030276725301519036,0.9593654154558944,-0.5,False,1.41026246059304,False
0,000000.jpg,,,,28.179385999999994,27.1596510794422,-1.019734920557795,,True,,,,,,,,,,,,,,,,,,,,,,,,,,,,,,,,,,,,,,,,,,,,,grid,28.679385999999994,0.5,0.908238167796335,0.8531754016876221,0.8744867404206488,0.001730365736875683,0.5482934589247328,0.5,False,1.1858247921068694,True
0,000000.jpg,,,,28.179385999999994,27.1596510794422,-1.019734920557795,,True,,,,,,,,,,,,,,,,,,,,,,,,,,,,,,,,,,,,,,,,,,,,,grid,29.179385999999994,1.0,0.938445751741647,0.8815516233444214,0.8683365907012605,0.0015897202441313614,0.5037277338554217,1.0,False,1.226041094504242,False
0,000000.jpg,,,,28.179385999999994,27.1596510794422,-1.019734920557795,,True,,,,,,,,,,,,,,,,,,,,,,,,,,,,,,,,,,,,,,,,,,,,,grid,30.179385999999994,2.0,0.9621175194393025,0.9037882685661316,0.85157160531459,0.002525394568995883,0.8002107842730403,2.0,False,1.3705986101929726,False
0,000000.jpg,,,,28.179385999999994,27.1596510794422,-1.019734920557795,,True,,,,,,,,,,,,,,,,,,,,,,,,,,,,,,,,,,,,,,,,,,,,,grid,31.179385999999994,3.0,1.006674267303939,0.9456437230110168,0.8414229617543167,0.004145143553614616,1.3134535944144166,3.0,False,1.5836147041532265,False
0,000000.jpg,,,,28.179385999999994,27.1596510794422,-1.019734920557795,,True,,,,,,,,,,,,,,,,,,,,,,,,,,,,,,,,,,,,,,,,,,,,,clamped_raw_observation,27.1596510794422,-1.019734920557795,1.0234935960358582,0.9614433646202087,0.8336949310573596,0.003825743061800798,1.2122465508936275,,False,1.5234523503186395,False
1,000001.jpg,,,,28.679385999999994,28.157206489880025,-0.5221795101199689,,True,,,,,,,,,,,,,,,,,,,,,,,,,,,,,,,,,,,,,,,,,,,,,prediction,28.679385999999994,0.0,0.9613600296432976,0.7753788828849792,0.9109622085231841,0.0012250387420256932,0.8607451609851248,,False,1.2655841113663946,False
1,000001.jpg,,,,28.679385999999994,28.157206489880025,-0.5221795101199689,,True,,,,,,,,,,,,,,,,,,,,,,,,,,,,,,,,,,,,,,,,,,,,,grid,25.679385999999994,-3.0,1.220558490012754,0.9844337701797485,0.8258375770570893,0.006030645143861572,4.237293439890589,-3.0,False,2.544044272928312,False
1,000001.jpg,,,,28.679385999999994,28.157206489880025,-0.5221795101199689,,True,,,,,,,,,,,,,,,,,,,,,,,,,,,,,,,,,,,,,,,,,,,,,grid,26.679385999999994,-2.0,1.2068969441656312,0.9734151363372803,0.830411864558206,0.004729704698547721,3.3232177012065263,-2.0,False,2.267289504909057,False
1,000001.jpg,,,,28.679385999999994,28.157206489880025,-0.5221795101199689,,True,,,,,,,,,,,,,,,,,,,,,,,,,,,,,,,,,,,,,,,,,,,,,grid,27.679385999999994,-1.0,1.1384744461798117,0.9182294011116028,0.8507460019655142,0.0030813482007943094,2.1650381021895027,-1.0,False,1.8589879697616734,False
1,000001.jpg,,,,28.679385999999994,28.157206489880025,-0.5221795101199689,,True,,,,,,,,,,,,,,,,,,,,,,,,,,,,,,,,,,,,,,,,,,,,,grid,28.179385999999994,-0.5,1.0814940156927975,0.8722721934318542,0.8672027159832038,0.002150994415084521,1.5113465154812213,-0.5,False,1.6071279285798992,False
1,000001.jpg,,,,28.679385999999994,28.157206489880025,-0.5221795101199689,,True,,,,,,,,,,,,,,,,,,,,,,,,,,,,,,,,,,,,,,,,,,,,,grid,29.179385999999994,0.5,0.9268076152058765,0.7475108504295349,0.9472706155632985,0.000718239854904823,0.5046546352597054,0.5,False,1.1207006584575043,True
1,000001.jpg,,,,28.679385999999994,28.157206489880025,-0.5221795101199689,,True,,,,,,,,,,,,,,,,,,,,,,,,,,,,,,,,,,,,,,,,,,,,,grid,29.679385999999994,1.0,0.9255474498945354,0.746494472026825,0.9165371214151702,0.0010432988055981696,0.7330497947315943,1.0,False,1.222272777162264,False
1,000001.jpg,,,,28.679385999999994,28.157206489880025,-0.5221795101199689,,True,,,,,,,,,,,,,,,,,,,,,,,,,,,,,,,,,,,,,,,,,,,,,grid,30.679385999999994,2.0,1.1483810659496858,0.9262195229530334,0.8484409899044045,0.0028468488987224796,2.000272586954489,2.0,False,1.8600082227839034,False
1,000001.jpg,,,,28.679385999999994,28.157206489880025,-0.5221795101199689,,True,,,,,,,,,,,,,,,,,,,,,,,,,,,,,,,,,,,,,,,,,,,,,grid,31.679385999999994,3.0,1.2132943597477837,0.9785749316215515,0.8296435272045029,0.004521030117757618,3.1765973295612406,3.0,False,2.2678001649335906,False
1,000001.jpg,,,,28.679385999999994,28.157206489880025,-0.5221795101199689,,True,,,,,,,,,,,,,,,,,,,,,,,,,,,,,,,,,,,,,,,,,,,,,clamped_raw_observation,28.157206489880025,-0.5221795101199689,1.0859150143686336,0.8758379220962524,0.8653980166175288,0.002194500838716825,1.5419152985968896,,False,1.6216612077039263,False
2,000002.jpg,,,,29.179385999999994,29.157248089412747,-0.022137910587247234,,True,,,,,,,,,,,,,,,,,,,,,,,,,,,,,,,,,,,,,,,,,,,,,prediction,29.179385999999994,0.0,0.7717063670393928,0.6868998408317566,0.9576831856197728,0.0005217009456828237,0.3645126382151744,,False,0.9051513409734135,False
2,000002.jpg,,,,29.179385999999994,29.157248089412747,-0.022137910587247234,,True,,,,,,,,,,,,,,,,,,,,,,,,,,,,,,,,,,,,,,,,,,,,,grid,26.179385999999994,-3.0,1.1032971066971833,0.9820504784584045,0.8310358970701001,0.005471074488013983,3.822641710736255,-3.0,False,2.3179216373111466,False
2,000002.jpg,,,,29.179385999999994,29.157248089412747,-0.022137910587247234,,True,,,,,,,,,,,,,,,,,,,,,,,,,,,,,,,,,,,,,,,,,,,,,grid,27.179385999999994,-2.0,1.072165328834451,0.9543399214744568,0.8386325944683204,0.0039242324807370705,2.7418626444139167,-2.0,False,1.9789983954696098,False
2,000002.jpg,,,,29.179385999999994,29.157248089412747,-0.022137910587247234,,True,,,,,,,,,,,,,,,,,,,,,,,,,,,,,,,,,,,,,,,,,,,,,grid,28.179385999999994,-1.0,0.9930416117816288,0.8839114904403687,0.8644898978190702,0.002101175137795508,1.4680918238082266,-1.0,False,1.5255746699146153,False
2,000002.jpg,,,,29.179385999999994,29.157248089412747,-0.022137910587247234,,True,,,,,,,,,,,,,,,,,,,,,,,,,,,,,,,,,,,,,,,,,,,,,grid,28.679385999999994,-0.5,0.8814132292076191,0.7845504879951477,0.9145460705815218,0.0011035389616154134,0.77104306902335,-0.5,False,1.1746279258819348,False
2,000002.jpg,,,,29.179385999999994,29.157248089412747,-0.022137910587247234,,True,,,,,,,,,,,,,,,,,,,,,,,,,,,,,,,,,,,,,,,,,,,,,grid,29.679385999999994,0.5,0.8220605810283961,0.7317203879356384,0.91930738092266,0.0009754540806170553,0.6815501166441277,0.5,False,1.088140729266768,False
2,000002.jpg,,,,29.179385999999994,29.157248089412747,-0.022137910587247234,,True,,,,,,,,,,,,,,,,,,,,,,,,,,,,,,,,,,,,,,,,,,,,,grid,30.179385999999994,1.0,0.9732450967413037,0.8662905097007751,0.8716586122652781,0.0018954403640236706,1.324344863445675,1.0,False,1.4626727003374445,False
2,000002.jpg,,,,29.179385999999994,29.157248089412747,-0.022137910587247234,,True,,,,,,,,,,,,,,,,,,,,,,,,,,,,,,,,,,,,,,,,,,,,,grid,31.179385999999994,2.0,1.0843326813087928,0.96517014503479,0.8323020133031368,0.003714999339232842,2.5956713732596497,2.0,False,1.9609485113205687,False
2,000002.jpg,,,,29.179385999999994,29.157248089412747,-0.022137910587247234,,True,,,,,,,,,,,,,,,,,,,,,,,,,,,,,,,,,,,,,,,,,,,,,grid,32.179385999999994,3.0,1.1049222462242074,0.9834970235824585,0.8295736219840576,0.0053403737644354505,3.7313210682062956,3.0,False,2.2981788912917236,False
2,000002.jpg,,,,29.179385999999994,29.157248089412747,-0.022137910587247234,,True,,,,,,,,,,,,,,,,,,,,,,,,,,,,,,,,,,,,,,,,,,,,,clamped_raw_observation,29.157248089412747,-0.022137910587247234,0.7707299038730874,0.6860306859016418,0.9580220054567826,0.0005207952441802869,0.3638798242498996,,False,0.9043419917963971,True
3,000003.jpg,,,,29.157248089412747,29.116844791142938,-0.040403298269808374,,True,,,,,,,,,,,,,,,,,,,,,,,,,,,,,,,,,,,,,,,,,,,,,prediction,29.157248089412747,0.0,0.8524533627762296,0.6806697845458984,0.955464065157075,0.0005629434599541128,0.5208148938284367,,False,1.0271930210762639,False
3,000003.jpg,,,,29.157248089412747,29.116844791142938,-0.040403298269808374,,True,,,,,,,,,,,,,,,,,,,,,,,,,,,,,,,,,,,,,,,,,,,,,grid,26.157248089412747,-3.0,1.2270433530026552,0.9797736406326294,0.8291595811330887,0.005463366241504748,5.054508510050189,-3.0,False,2.7515108993821134,False
3,000003.jpg,,,,29.157248089412747,29.116844791142938,-0.040403298269808374,,True,,,,,,,,,,,,,,,,,,,,,,,,,,,,,,,,,,,,,,,,,,,,,grid,27.157248089412747,-2.0,1.1963315019109342,0.9552507400512695,0.8362838986843283,0.0039004062612851462,3.60851456205669,-2.0,False,2.3221762437407785,False
3,000003.jpg,,,,29.157248089412747,29.116844791142938,-0.040403298269808374,,True,,,,,,,,,,,,,,,,,,,,,,,,,,,,,,,,,,,,,,,,,,,,,grid,28.157248089412747,-1.0,1.087761667806407,0.8685595393180847,0.8695247471583281,0.002071032708045095,1.9160444284114215,-1.0,False,1.7272480277509343,False
3,000003.jpg,,,,29.157248089412747,29.116844791142938,-0.040403298269808374,,True,,,,,,,,,,,,,,,,,,,,,,,,,,,,,,,,,,,,,,,,,,,,,grid,28.657248089412747,-0.5,0.968264136878713,0.7731427550315857,0.9125391568960888,0.0010954923927783966,1.0135098723435705,-0.5,False,1.3241024480685168,False
3,000003.jpg,,,,29.157248089412747,29.116844791142938,-0.040403298269808374,,True,,,,,,,,,,,,,,,,,,,,,,,,,,,,,,,,,,,,,,,,,,,,,grid,29.657248089412747,0.5,0.936507596447892,0.7477856874465942,0.924818759509532,0.0010008660222714145,0.9259649826436681,0.5,False,1.258180082599277,False
3,000003.jpg,,,,29.157248089412747,29.116844791142938,-0.040403298269808374,,True,,,,,,,,,,,,,,,,,,,,,,,,,,,,,,,,,,,,,,,,,,,,,grid,30.157248089412747,1.0,1.0783912635157382,0.8610774278640747,0.8741609236552403,0.0019244085512279223,1.7803930706860034,1.0,False,1.6793286075319986,False
3,000003.jpg,,,,29.157248089412747,29.116844791142938,-0.040403298269808374,,True,,,,,,,,,,,,,,,,,,,,,,,,,,,,,,,,,,,,,,,,,,,,,grid,31.157248089412747,2.0,1.1908221559536432,0.9508516192436218,0.8364092007518124,0.0038036419233928123,3.518991702389961,2.0,False,2.2941608807993212,False
3,000003.jpg,,,,29.157248089412747,29.116844791142938,-0.040403298269808374,,True,,,,,,,,,,,,,,,,,,,,,,,,,,,,,,,,,,,,,,,,,,,,,grid,32.15724808941275,3.0,1.2376317030780153,0.9882282614707947,0.8263850353530833,0.005348559468984604,4.948293443539356,3.0,False,2.738320028609771,False
3,000003.jpg,,,,29.157248089412747,29.116844791142938,-0.040403298269808374,,True,,,,,,,,,,,,,,,,,,,,,,,,,,,,,,,,,,,,,,,,,,,,,clamped_raw_observation,29.116844791142938,-0.040403298269808374,0.8434064053527508,0.6734459400177002,0.9545511500939765,0.000578763293257604,0.535450830451651,,False,1.023930061819781,True
4,000004.jpg,,,,29.116844791142938,29.037925587471904,-0.07891920367103467,,True,,,,,,,,,,,,,,,,,,,,,,,,,,,,,,,,,,,,,,,,,,,,,prediction,29.116844791142938,0.0,0.7868862431604752,0.5913569331169128,0.9599053667040219,0.0003935026179533452,0.564225829762462,,False,0.9680373338970687,False
4,000004.jpg,,,,29.116844791142938,29.037925587471904,-0.07891920367103467,,True,,,,,,,,,,,,,,,,,,,,,,,,,,,,,,,,,,,,,,,,,,,,,grid,26.116844791142938,-3.0,1.2940701434575168,0.9725133180618286,0.8305494779159329,0.0054712865967303514,7.845033499305532,-3.0,False,3.5147790403679666,False
4,000004.jpg,,,,29.116844791142938,29.037925587471904,-0.07891920367103467,,True,,,,,,,,,,,,,,,,,,,,,,,,,,,,,,,,,,,,,,,,,,,,,grid,27.116844791142938,-2.0,1.2630171857784203,0.949176549911499,0.8374868811925218,0.003930438697958986,5.635680512675348,-2.0,False,2.8944504327547356,False
4,000004.jpg,,,,29.116844791142938,29.037925587471904,-0.07891920367103467,,True,,,,,,,,,,,,,,,,,,,,,,,,,,,,,,,,,,,,,,,,,,,,,grid,28.116844791142938,-1.0,1.1611144122791184,0.8725950717926025,0.8704128644360247,0.0020688720202694335,2.9664631924945977,-1.0,False,2.062317345966743,False
4,000004.jpg,,,,29.116844791142938,29.037925587471904,-0.07891920367103467,,True,,,,,,,,,,,,,,,,,,,,,,,,,,,,,,,,,,,,,,,,,,,,,grid,28.616844791142938,-0.5,1.0102061874639723,0.759185254573822,0.9193838162833307,0.0010867489230198164,1.5582407456994793,-0.5,False,1.4953825576055113,False
4,000004.jpg,,,,29.116844791142938,29.037925587471904,-0.07891920367103467,,True,,,,,,,,,,,,,,,,,,,,,,,,,,,,,,,,,,,,,,,,,,,,,grid,29.616844791142938,0.5,0.9446761871435492,0.7099384665489197,0.9393421918636712,0.0007992331423641493,1.1459847084868386,0.5,False,1.3068301724015874,False
4,000004.jpg,,,,29.116844791142938,29.037925587471904,-0.07891920367103467,,True,,,,,,,,,,,,,,,,,,,,,,,,,,,,,,,,,,,,,,,,,,,,,grid,30.116844791142938,1.0,1.139856564690714,0.8566194772720337,0.8752334703025775,0.001830066069184492,2.6240500044860484,1.0,False,1.9506355955096486,False
4,000004.jpg,,,,29.116844791142938,29.037925587471904,-0.07891920367103467,,True,,,,,,,,,,,,,,,,,,,,,,,,,,,,,,,,,,,,,,,,,,,,,grid,31.116844791142938,2.0,1.25356843395304,0.9420756697654724,0.8431257448814415,0.0037476246943697333,5.373551677538669,2.0,False,2.8138306084562656,False
4,000004.jpg,,,,29.116844791142938,29.037925587471904,-0.07891920367103467,,True,,,,,,,,,,,,,,,,,,,,,,,,,,,,,,,,,,,,,,,,,,,,,grid,32.11684479114294,3.0,1.2981246052213726,0.9755603075027466,0.8295355497447391,0.00537402811460197,7.705578905418103,3.0,False,3.4849837818311595,False
4,000004.jpg,,,,29.116844791142938,29.037925587471904,-0.07891920367103467,,True,,,,,,,,,,,,,,,,,,,,,,,,,,,,,,,,,,,,,,,,,,,,,clamped_raw_observation,29.037925587471904,-0.07891920367103467,0.7712916347697697,0.579637348651886,0.9608125655940374,0.00040876604422616464,0.5861113750190396,,False,0.9593744890406233,True
5,000005.jpg,,,,29.037925587471904,28.873787418233803,-0.16413816923810032,,True,,,,,,,,,,,,,,,,,,,,,,,,,,,,,,,,,,,,,,,,,,,,,prediction,29.037925587471904,0.0,0.8536805906077884,0.5113009214401245,0.9591144438493127,0.00032378770993091166,0.7469307572827397,,False,1.0812988360791607,True
5,000005.jpg,,,,29.037925587471904,28.873787418233803,-0.16413816923810032,,True,,,,,,,,,,,,,,,,,,,,,,,,,,,,,,,,,,,,,,,,,,,,,grid,26.037925587471904,-3.0,1.6232030146601044,0.9721964001655579,0.8295482949473308,0.005605647340416908,12.931406241240554,-3.0,False,5.116506280022912,False
5,000005.jpg,,,,29.037925587471904,28.873787418233803,-0.16413816923810032,,True,,,,,,,,,,,,,,,,,,,,,,,,,,,,,,,,,,,,,,,,,,,,,grid,27.037925587471904,-2.0,1.5888481221468367,0.9516199827194214,0.8379039457239779,0.0041100624948740005,9.48131135808296,-2.0,False,4.181272015943598,False
5,000005.jpg,,,,29.037925587471904,28.873787418233803,-0.16413816923810032,,True,,,,,,,,,,,,,,,,,,,,,,,,,,,,,,,,,,,,,,,,,,,,,grid,28.037925587471904,-1.0,1.4803477057661167,0.8866350650787354,0.8632387073736832,0.002253130175328503,5.197640850771659,-1.0,False,2.946519211085348,False
5,000005.jpg,,,,29.037925587471904,28.873787418233803,-0.16413816923810032,,True,,,,,,,,,,,,,,,,,,,,,,,,,,,,,,,,,,,,,,,,,,,,,grid,28.537925587471904,-0.5,1.324484977652377,0.7932831048965454,0.9041064095697197,0.0012256833821690332,2.827471793255312,-0.5,False,2.1422465163964852,False
5,000005.jpg,,,,29.037925587471904,28.873787418233803,-0.16413816923810032,,True,,,,,,,,,,,,,,,,,,,,,,,,,,,,,,,,,,,,,,,,,,,,,grid,29.537925587471904,0.5,1.0968143889393995,0.6569227576255798,0.9547045170505267,0.0005840846376183132,1.3473975920412506,0.5,False,1.4939592698991853,False
5,000005.jpg,,,,29.037925587471904,28.873787418233803,-0.16413816923810032,,True,,,,,,,,,,,,,,,,,,,,,,,,,,,,,,,,,,,,,,,,,,,,,grid,30.037925587471904,1.0,1.3856950333661873,0.8299440741539001,0.887645063381539,0.001578279062717532,3.6408583135247468,1.0,False,2.4382645483658347,False
5,000005.jpg,,,,29.037925587471904,28.873787418233803,-0.16413816923810032,,True,,,,,,,,,,,,,,,,,,,,,,,,,,,,,,,,,,,,,,,,,,,,,grid,31.037925587471904,2.0,1.5642364787725447,0.9368791580200195,0.8402428137832529,0.0035328587982803583,8.149787087766837,2.0,False,3.821440436931001,False
5,000005.jpg,,,,29.037925587471904,28.873787418233803,-0.16413816923810032,,True,,,,,,,,,,,,,,,,,,,,,,,,,,,,,,,,,,,,,,,,,,,,,grid,32.037925587471904,3.0,1.646526704095817,0.9861658215522766,0.8264774147473666,0.005188113544136286,11.968217012367205,3.0,False,4.902103542440251,False
5,000005.jpg,,,,29.037925587471904,28.873787418233803,-0.16413816923810032,,True,,,,,,,,,,,,,,,,,,,,,,,,,,,,,,,,,,,,,,,,,,,,,clamped_raw_observation,28.873787418233803,-0.16413816923810032,1.0760354584407457,0.6444774866104126,0.9577575432958401,0.0005617330219441404,1.2958356929637194,,False,1.4471609834629786,False
6,000006.jpg,,,,29.037925587471904,28.87525098720397,-0.162674600267934,,True,,,,,,,,,,,,,,,,,,,,,,,,,,,,,,,,,,,,,,,,,,,,,prediction,29.037925587471904,0.0,0.7759256478843422,0.5649318099021912,0.9584910354141123,0.0004104682302568108,0.5939255745855301,,False,0.9659160061166123,True
6,000006.jpg,,,,29.037925587471904,28.87525098720397,-0.162674600267934,,True,,,,,,,,,,,,,,,,,,,,,,,,,,,,,,,,,,,,,,,,,,,,,grid,26.037925587471904,-3.0,1.3321138829704235,0.9698783755302429,0.8303214457060611,0.00561079444984595,8.118519465979464,-3.0,False,3.6214223037592284,False
6,000006.jpg,,,,29.037925587471904,28.87525098720397,-0.162674600267934,,True,,,,,,,,,,,,,,,,,,,,,,,,,,,,,,,,,,,,,,,,,,,,,grid,27.037925587471904,-2.0,1.3098670117705462,0.9536809921264648,0.8371092986477602,0.004069152753800154,5.8878463891468185,-2.0,False,3.0047193104094907,False
6,000006.jpg,,,,29.037925587471904,28.87525098720397,-0.162674600267934,,True,,,,,,,,,,,,,,,,,,,,,,,,,,,,,,,,,,,,,,,,,,,,,grid,28.037925587471904,-1.0,1.2194498990017737,0.8878505825996399,0.8618440926133234,0.002249633466514448,3.2550993005487583,-1.0,False,2.2013806315256397,False
6,000006.jpg,,,,29.037925587471904,28.87525098720397,-0.162674600267934,,True,,,,,,,,,,,,,,,,,,,,,,,,,,,,,,,,,,,,,,,,,,,,,grid,28.537925587471904,-0.5,1.0817585430975158,0.7876009941101074,0.9075110613572152,0.001238314958754927,1.7917755119226393,-0.5,False,1.6371913597209604,False
6,000006.jpg,,,,29.037925587471904,28.87525098720397,-0.162674600267934,,True,,,,,,,,,,,,,,,,,,,,,,,,,,,,,,,,,,,,,,,,,,,,,grid,29.537925587471904,0.5,0.9241464597899021,0.6728476285934448,0.9488423334577181,0.0006714760384056717,0.9715899125274307,0.5,False,1.2332016044640415,False
6,000006.jpg,,,,29.037925587471904,28.87525098720397,-0.162674600267934,,True,,,,,,,,,,,,,,,,,,,,,,,,,,,,,,,,,,,,,,,,,,,,,grid,30.037925587471904,1.0,1.1447447766553205,0.8334596753120422,0.8860991168683476,0.0016392473286638658,2.3719032066266164,1.0,False,1.881621461443627,False
6,000006.jpg,,,,29.037925587471904,28.87525098720397,-0.162674600267934,,True,,,,,,,,,,,,,,,,,,,,,,,,,,,,,,,,,,,,,,,,,,,,,grid,31.037925587471904,2.0,1.2910012929934231,0.9399453401565552,0.8422268422268422,0.0035778289505590997,5.176927125151846,2.0,False,2.8030062320545426,False
6,000006.jpg,,,,29.037925587471904,28.87525098720397,-0.162674600267934,,True,,,,,,,,,,,,,,,,,,,,,,,,,,,,,,,,,,,,,,,,,,,,,grid,32.037925587471904,3.0,1.336676035970661,0.9731999635696411,0.8303392149545996,0.005243369610980153,7.586875376487246,3.0,False,3.493055665137873,False
6,000006.jpg,,,,29.037925587471904,28.87525098720397,-0.162674600267934,,True,,,,,,,,,,,,,,,,,,,,,,,,,,,,,,,,,,,,,,,,,,,,,clamped_raw_observation,28.87525098720397,-0.162674600267934,0.8855339791041653,0.6447348594665527,0.9498551806244114,0.000609759246193183,0.8822890152242588,,False,1.1611312902938564,False
7,000007.jpg,,,,29.037925587471904,28.877031532291454,-0.1608940551804494,,True,,,,,,,,,,,,,,,,,,,,,,,,,,,,,,,,,,,,,,,,,,,,,prediction,29.037925587471904,0.0,0.8218875772521489,0.5498270392417908,0.9598018400566172,0.00038606331994136173,0.6830901513574138,,False,1.0328582750348851,True
7,000007.jpg,,,,29.037925587471904,28.877031532291454,-0.1608940551804494,,True,,,,,,,,,,,,,,,,,,,,,,,,,,,,,,,,,,,,,,,,,,,,,grid,26.037925587471904,-3.0,1.4564443287362492,0.9743333458900452,0.8292462845010615,0.005635605736946066,9.97149062600899,-3.0,False,4.210070700737435,False
7,000007.jpg,,,,29.037925587471904,28.877031532291454,-0.1608940551804494,,True,,,,,,,,,,,,,,,,,,,,,,,,,,,,,,,,,,,,,,,,,,,,,grid,27.037925587471904,-2.0,1.4209162699146693,0.950565755367279,0.8377034677990092,0.004093142769609888,7.242297751687465,-2.0,False,3.4537872400375265,False
7,000007.jpg,,,,29.037925587471904,28.877031532291454,-0.1608940551804494,,True,,,,,,,,,,,,,,,,,,,,,,,,,,,,,,,,,,,,,,,,,,,,,grid,28.037925587471904,-1.0,1.3232080049638102,0.8852007985115051,0.8628096249115358,0.002259617147501558,3.9981063715949214,-1.0,False,2.4899249729510045,False
7,000007.jpg,,,,29.037925587471904,28.877031532291454,-0.1608940551804494,,True,,,,,,,,,,,,,,,,,,,,,,,,,,,,,,,,,,,,,,,,,,,,,grid,28.537925587471904,-0.5,1.1851220050258222,0.7928239107131958,0.9061040339702761,0.0012267505808267742,2.17057979002521,-0.5,False,1.8366629185618486,False
7,000007.jpg,,,,29.037925587471904,28.877031532291454,-0.1608940551804494,,True,,,,,,,,,,,,,,,,,,,,,,,,,,,,,,,,,,,,,,,,,,,,,grid,29.537925587471904,0.5,1.0010358497014693,0.6696738004684448,0.9487615003538571,0.0006639783144540464,1.1748255373946037,0.5,False,1.3609807336962632,False
7,000007.jpg,,,,29.037925587471904,28.877031532291454,-0.1608940551804494,,True,,,,,,,,,,,,,,,,,,,,,,,,,,,,,,,,,,,,,,,,,,,,,grid,30.037925587471904,1.0,1.2519362709196913,0.8375213742256165,0.883651804670913,0.0016742047931378086,2.9622933505351328,1.0,False,2.138857803882561,False
7,000007.jpg,,,,29.037925587471904,28.877031532291454,-0.1608940551804494,,True,,,,,,,,,,,,,,,,,,,,,,,,,,,,,,,,,,,,,,,,,,,,,grid,31.037925587471904,2.0,1.4023519650851115,0.9381465911865234,0.841277423920736,0.0035665760127206645,6.310604562814005,2.0,False,3.198725681867877,False
7,000007.jpg,,,,29.037925587471904,28.877031532291454,-0.1608940551804494,,True,,,,,,,,,,,,,,,,,,,,,,,,,,,,,,,,,,,,,,,,,,,,,grid,32.037925587471904,3.0,1.4488282585073144,0.9692383408546448,0.8313163481953291,0.005194468734165032,9.190954567714662,3.0,False,4.005250552240651,False
7,000007.jpg,,,,29.037925587471904,28.877031532291454,-0.1608940551804494,,True,,,,,,,,,,,,,,,,,,,,,,,,,,,,,,,,,,,,,,,,,,,,,clamped_raw_observation,28.877031532291454,-0.1608940551804494,0.9740770281573636,0.6516388654708862,0.9488676574663836,0.0005978725190895299,1.057859704515146,,False,1.29450111847518,False
8,000008.jpg,,,,29.037925587471904,28.874310670187327,-0.16361491728457622,,True,,,,,,,,,,,,,,,,,,,,,,,,,,,,,,,,,,,,,,,,,,,,,prediction,29.037925587471904,0.0,0.7712462963313085,0.510597825050354,0.9604987389435544,0.0003369198141930004,0.6134349854002108,,False,0.9641063037378068,True
8,000008.jpg,,,,29.037925587471904,28.874310670187327,-0.16361491728457622,,True,,,,,,,,,,,,,,,,,,,,,,,,,,,,,,,,,,,,,,,,,,,,,grid,26.037925587471904,-3.0,1.4547066190220244,0.9630776047706604,0.8321729245852723,0.0055921259336173534,10.181667999138917,-3.0,False,4.257950694221481,False
8,000008.jpg,,,,29.037925587471904,28.874310670187327,-0.16361491728457622,,True,,,,,,,,,,,,,,,,,,,,,,,,,,,,,,,,,,,,,,,,,,,,,grid,27.037925587471904,-2.0,1.4453592839979004,0.956889271736145,0.8341266740080281,0.004055102510998647,7.383186280062043,-2.0,False,3.517029180005383,False
8,000008.jpg,,,,29.037925587471904,28.874310670187327,-0.16361491728457622,,True,,,,,,,,,,,,,,,,,,,,,,,,,,,,,,,,,,,,,,,,,,,,,grid,28.037925587471904,-1.0,1.342914029870634,0.8890661597251892,0.8622606656957124,0.002224456208447615,4.050100956575976,-1.0,False,2.5231786033189154,False
8,000008.jpg,,,,29.037925587471904,28.874310670187327,-0.16361491728457622,,True,,,,,,,,,,,,,,,,,,,,,,,,,,,,,,,,,,,,,,,,,,,,,grid,28.537925587471904,-0.5,1.16770031772098,0.7730672359466553,0.9112464921317183,0.0012273287866264582,2.234616026097468,-0.5,False,1.8301078321136286,False
8,000008.jpg,,,,29.037925587471904,28.874310670187327,-0.16361491728457622,,True,,,,,,,,,,,,,,,,,,,,,,,,,,,,,,,,,,,,,,,,,,,,,grid,29.537925587471904,0.5,0.987576920618372,0.653817892074585,0.9561472061383255,0.0005935909672795484,1.0807600236246115,0.5,False,1.3166197203861991,False
8,000008.jpg,,,,29.037925587471904,28.874310670187327,-0.16361491728457622,,True,,,,,,,,,,,,,,,,,,,,,,,,,,,,,,,,,,,,,,,,,,,,,grid,30.037925587471904,1.0,1.262612010375224,0.8359028100967407,0.8858299882775035,0.001644252586023261,2.9937154735685856,1.0,False,2.1552108904898666,False
8,000008.jpg,,,,29.037925587471904,28.874310670187327,-0.16361491728457622,,True,,,,,,,,,,,,,,,,,,,,,,,,,,,,,,,,,,,,,,,,,,,,,grid,31.037925587471904,2.0,1.430601419075683,0.9471189379692078,0.8387979112642535,0.0035497481003403664,6.463079885409594,2.0,False,3.267573479163828,False
8,000008.jpg,,,,29.037925587471904,28.874310670187327,-0.16361491728457622,,True,,,,,,,,,,,,,,,,,,,,,,,,,,,,,,,,,,,,,,,,,,,,,grid,32.037925587471904,3.0,1.4659230069063123,0.9705033302307129,0.8311427657987283,0.005188848357647657,9.447414436403982,3.0,False,4.086633850208579,False
8,000008.jpg,,,,29.037925587471904,28.874310670187327,-0.16361491728457622,,True,,,,,,,,,,,,,,,,,,,,,,,,,,,,,,,,,,,,,,,,,,,,,clamped_raw_observation,28.874310670187327,-0.16361491728457622,0.9672837422111543,0.6403829455375671,0.9574082625839224,0.0005393581717119863,0.9820175550734958,,False,1.260288315914143,False
9,000009.jpg,,,,29.037925587471904,28.872572171104935,-0.16535341636696899,,True,,,,,,,,,,,,,,,,,,,,,,,,,,,,,,,,,,,,,,,,,,,,,prediction,29.037925587471904,0.0,0.7656746635487804,0.5064932703971863,0.9590090169575268,0.00032131407836762566,0.6005080570245088,,False,0.9567926608473808,True
9,000009.jpg,,,,29.037925587471904,28.872572171104935,-0.16535341636696899,,True,,,,,,,,,,,,,,,,,,,,,,,,,,,,,,,,,,,,,,,,,,,,,grid,26.037925587471904,-3.0,1.467298551637183,0.9706169962882996,0.8297189038485292,0.005669551746298869,10.595898943072518,-3.0,False,4.376554383556783,False
9,000009.jpg,,,,29.037925587471904,28.872572171104935,-0.16535341636696899,,True,,,,,,,,,,,,,,,,,,,,,,,,,,,,,,,,,,,,,,,,,,,,,grid,27.037925587471904,-2.0,1.442752495761218,0.9543797969818115,0.835206719486157,0.004096116482590635,7.6552853295531245,-2.0,False,3.581367108663342,False
9,000009.jpg,,,,29.037925587471904,28.872572171104935,-0.16535341636696899,,True,,,,,,,,,,,,,,,,,,,,,,,,,,,,,,,,,,,,,,,,,,,,,grid,28.037925587471904,-1.0,1.3367958726692104,0.884289562702179,0.8646221171322193,0.0022418690108073256,4.189858130782135,-1.0,False,2.549638288232525,False
9,000009.jpg,,,,29.037925587471904,28.872572171104935,-0.16535341636696899,,True,,,,,,,,,,,,,,,,,,,,,,,,,,,,,,,,,,,,,,,,,,,,,grid,28.537925587471904,-0.5,1.1829024689503633,0.7824891805648804,0.9085422879426868,0.001205131217526893,2.252285394942008,-0.5,False,1.8524315297431786,False
9,000009.jpg,,,,29.037925587471904,28.872572171104935,-0.16535341636696899,,True,,,,,,,,,,,,,,,,,,,,,,,,,,,,,,,,,,,,,,,,,,,,,grid,29.537925587471904,0.5,1.005884331549217,0.6653918027877808,0.9530271214554181,0.0005853931167318175,1.0940488039305418,0.5,False,1.341369411076434,False
9,000009.jpg,,,,29.037925587471904,28.872572171104935,-0.16535341636696899,,True,,,,,,,,,,,,,,,,,,,,,,,,,,,,,,,,,,,,,,,,,,,,,grid,30.037925587471904,1.0,1.264071103233098,0.836182177066803,0.8835736090769529,0.0016447661522155006,3.0739248381035895,1.0,False,2.1789787036820423,False
9,000009.jpg,,,,29.037925587471904,28.872572171104935,-0.16535341636696899,,True,,,,,,,,,,,,,,,,,,,,,,,,,,,,,,,,,,,,,,,,,,,,,grid,31.037925587471904,2.0,1.4177823138826162,0.9378620386123657,0.8436237228917789,0.003561051795259118,6.655295981422994,2.0,False,3.297982586346586,False
9,000009.jpg,,,,29.037925587471904,28.872572171104935,-0.16535341636696899,,True,,,,,,,,,,,,,,,,,,,,,,,,,,,,,,,,,,,,,,,,,,,,,grid,32.037925587471904,3.0,1.4670348132029964,0.970442533493042,0.8305658979019251,0.005181365297175944,9.683520943584153,3.0,False,4.147349151197109,False
9,000009.jpg,,,,29.037925587471904,28.872572171104935,-0.16535341636696899,,True,,,,,,,,,,,,,,,,,,,,,,,,,,,,,,,,,,,,,,,,,,,,,clamped_raw_observation,28.872572171104935,-0.16535341636696899,0.9800927490672516,0.6483306884765625,0.9576855887490957,0.0005355216174696883,1.0008433108038581,,False,1.2775785905101296,False
10,000010.jpg,,,,29.037925587471904,28.875479430979453,-0.1624461564924502,,True,,,,,,,,,,,,,,,,,,,,,,,,,,,,,,,,,,,,,,,,,,,,,prediction,29.037925587471904,0.0,0.7706337610617326,0.5123818516731262,0.9592665865894157,0.0003368695906829089,0.6181488838407573,,False,0.9659043954325063,True
10,000010.jpg,,,,29.037925587471904,28.875479430979453,-0.1624461564924502,,True,,,,,,,,,,,,,,,,,,,,,,,,,,,,,,,,,,,,,,,,,,,,,grid,26.037925587471904,-3.0,1.4727994823439892,0.9792404174804688,0.8283049530134954,0.0056911966142555075,10.443230651031943,-3.0,False,4.34530219208848,False
10,000010.jpg,,,,29.037925587471904,28.875479430979453,-0.1624461564924502,,True,,,,,,,,,,,,,,,,,,,,,,,,,,,,,,,,,,,,,,,,,,,,,grid,27.037925587471904,-2.0,1.4307644050174193,0.9512919783592224,0.8362537977813891,0.004114797183622916,7.55056958727336,-2.0,False,3.5421530040543705,False
10,000010.jpg,,,,29.037925587471904,28.875479430979453,-0.1624461564924502,,True,,,,,,,,,,,,,,,,,,,,,,,,,,,,,,,,,,,,,,,,,,,,,grid,28.037925587471904,-1.0,1.3269613939992997,0.8822750449180603,0.8649402953437434,0.002267632012565931,4.161058867580111,-1.0,False,2.532285815550584,False
10,000010.jpg,,,,29.037925587471904,28.875479430979453,-0.1624461564924502,,True,,,,,,,,,,,,,,,,,,,,,,,,,,,,,,,,,,,,,,,,,,,,,grid,28.537925587471904,-0.5,1.1710522140139694,0.7786135673522949,0.9084469723733484,0.0012324854518131663,2.261585870199275,-0.5,False,1.8430017091904396,False
10,000010.jpg,,,,29.037925587471904,28.875479430979453,-0.1624461564924502,,True,,,,,,,,,,,,,,,,,,,,,,,,,,,,,,,,,,,,,,,,,,,,,grid,29.537925587471904,0.5,0.9800193601053098,0.6515989303588867,0.9573765279446054,0.0005963812436675653,1.0943475170000607,0.5,False,1.3112297114107194,False
10,000010.jpg,,,,29.037925587471904,28.875479430979453,-0.1624461564924502,,True,,,,,,,,,,,,,,,,,,,,,,,,,,,,,,,,,,,,,,,,,,,,,grid,30.037925587471904,1.0,1.2555534797359869,0.8347970843315125,0.8842118278810146,0.0015991982945706695,2.934496517851042,1.0,False,2.1349657813177325,False
10,000010.jpg,,,,29.037925587471904,28.875479430979453,-0.1624461564924502,,True,,,,,,,,,,,,,,,,,,,,,,,,,,,,,,,,,,,,,,,,,,,,,grid,31.037925587471904,2.0,1.4273834686789606,0.9490440487861633,0.8402635483643044,0.0035381068397934237,6.49235447311812,2.0,False,3.2702085385941864,False
10,000010.jpg,,,,29.037925587471904,28.875479430979453,-0.1624461564924502,,True,,,,,,,,,,,,,,,,,,,,,,,,,,,,,,,,,,,,,,,,,,,,,grid,32.037925587471904,3.0,1.472716021249141,0.9791849255561829,0.8278280223274217,0.005159555779149135,9.467680474006583,3.0,False,4.101808117423365,False
10,000010.jpg,,,,29.037925587471904,28.875479430979453,-0.1624461564924502,,True,,,,,,,,,,,,,,,,,,,,,,,,,,,,,,,,,,,,,,,,,,,,,clamped_raw_observation,28.875479430979453,-0.1624461564924502,0.9748293529891533,0.6481481790542603,0.9550095386137215,0.0005514626682270318,1.0119228397948727,,False,1.2776739090189235,False
11,000011.jpg,,,,29.037925587471904,28.882794925760408,-0.15513066171149603,,True,,,,,,,,,,,,,,,,,,,,,,,,,,,,,,,,,,,,,,,,,,,,,prediction,29.037925587471904,0.0,0.7573406736220705,0.5082326531410217,0.9594661393969353,0.00033657229505479336,0.5991509692715701,,False,0.9476622765430277,True
11,000011.jpg,,,,29.037925587471904,28.882794925760408,-0.15513066171149603,,True,,,,,,,,,,,,,,,,,,,,,,,,,,,,,,,,,,,,,,,,,,,,,grid,26.037925587471904,-3.0,1.4413452226067913,0.9672512412071228,0.8322328931572629,0.005671012758587797,10.09528366114081,-3.0,False,4.2229332447347305,False
11,000011.jpg,,,,29.037925587471904,28.882794925760408,-0.15513066171149603,,True,,,,,,,,,,,,,,,,,,,,,,,,,,,,,,,,,,,,,,,,,,,,,grid,27.037925587471904,-2.0,1.4095201823004562,0.9458942413330078,0.8391886166231198,0.004100415778035919,7.2993770548663335,-2.0,False,3.45517582939392,False
11,000011.jpg,,,,29.037925587471904,28.882794925760408,-0.15513066171149603,,True,,,,,,,,,,,,,,,,,,,,,,,,,,,,,,,,,,,,,,,,,,,,,grid,28.037925587471904,-1.0,1.312134818207592,0.8805413246154785,0.8661288044629617,0.0022534667126213512,4.011520808236746,-1.0,False,2.4788862158038167,False
11,000011.jpg,,,,29.037925587471904,28.882794925760408,-0.15513066171149603,,True,,,,,,,,,,,,,,,,,,,,,,,,,,,,,,,,,,,,,,,,,,,,,grid,28.537925587471904,-0.5,1.162770091526823,0.780306339263916,0.908004378221877,0.0012221302604302764,2.1755817126709998,-0.5,False,1.813661141472696,False
11,000011.jpg,,,,29.037925587471904,28.882794925760408,-0.15513066171149603,,True,,,,,,,,,,,,,,,,,,,,,,,,,,,,,,,,,,,,,,,,,,,,,grid,29.537925587471904,0.5,0.9858655150435536,0.661590039730072,0.9564296306757998,0.0005973739995776365,1.0634185169825314,0.5,False,1.3102905136133864,False
11,000011.jpg,,,,29.037925587471904,28.882794925760408,-0.15513066171149603,,True,,,,,,,,,,,,,,,,,,,,,,,,,,,,,,,,,,,,,,,,,,,,,grid,30.037925587471904,1.0,1.2394997466864959,0.83179771900177,0.8855659911023233,0.0016207956165696185,2.885267976381435,1.0,False,2.105250749679531,False
11,000011.jpg,,,,29.037925587471904,28.882794925760408,-0.15513066171149603,,True,,,,,,,,,,,,,,,,,,,,,,,,,,,,,,,,,,,,,,,,,,,,,grid,31.037925587471904,2.0,1.397584781862611,0.9378846883773804,0.8435844926205777,0.0035663133409495154,6.348591747898242,2.0,False,3.201148226216594,False
11,000011.jpg,,,,29.037925587471904,28.882794925760408,-0.15513066171149603,,True,,,,,,,,,,,,,,,,,,,,,,,,,,,,,,,,,,,,,,,,,,,,,grid,32.037925587471904,3.0,1.4416981028843632,0.9674880504608154,0.8305557517124497,0.005208136979490519,9.27129286994001,3.0,False,4.018965568656916,False
11,000011.jpg,,,,29.037925587471904,28.882794925760408,-0.15513066171149603,,True,,,,,,,,,,,,,,,,,,,,,,,,,,,,,,,,,,,,,,,,,,,,,clamped_raw_observation,28.882794925760408,-0.15513066171149603,0.9510278026670039,0.6382113099098206,0.961107972600805,0.0005407920786334822,0.9626939081093671,,False,1.2352472269448855,False
12,000012.jpg,,,,29.037925587471904,28.87210261276107,-0.16582297471083507,,True,,,,,,,,,,,,,,,,,,,,,,,,,,,,,,,,,,,,,,,,,,,,,prediction,29.037925587471904,0.0,0.7928554166137226,0.5121291875839233,0.9622521584067515,0.0003354292130097747,0.657065860344529,,False,0.9948697232931034,True
12,000012.jpg,,,,29.037925587471904,28.87210261276107,-0.16582297471083507,,True,,,,,,,,,,,,,,,,,,,,,,,,,,,,,,,,,,,,,,,,,,,,,grid,26.037925587471904,-3.0,1.501001346417138,0.9695419669151306,0.831070463814686,0.005789377260953188,11.340700223138905,-3.0,False,4.595105938387178,False
12,000012.jpg,,,,29.037925587471904,28.87210261276107,-0.16582297471083507,,True,,,,,,,,,,,,,,,,,,,,,,,,,,,,,,,,,,,,,,,,,,,,,grid,27.037925587471904,-2.0,1.4585062031987166,0.9420930743217468,0.8401807941524392,0.004152697472212215,8.134639534959515,-2.0,False,3.711985292786156,False
12,000012.jpg,,,,29.037925587471904,28.87210261276107,-0.16582297471083507,,True,,,,,,,,,,,,,,,,,,,,,,,,,,,,,,,,,,,,,,,,,,,,,grid,28.037925587471904,-1.0,1.3630799151307813,0.8804543614387512,0.865604971839192,0.0023098366412644586,4.524694752521514,-1.0,False,2.6586486314219675,False
12,000012.jpg,,,,29.037925587471904,28.87210261276107,-0.16582297471083507,,True,,,,,,,,,,,,,,,,,,,,,,,,,,,,,,,,,,,,,,,,,,,,,grid,28.537925587471904,-0.5,1.2315336411886453,0.7954846620559692,0.9064955242853864,0.0012668813287746161,2.4816695683016006,-0.5,False,1.9604555089786588,False
12,000012.jpg,,,,29.037925587471904,28.87210261276107,-0.16582297471083507,,True,,,,,,,,,,,,,,,,,,,,,,,,,,,,,,,,,,,,,,,,,,,,,grid,29.537925587471904,0.5,1.002565491691404,0.647587239742279,0.9574321580536379,0.000570571685481506,1.1176819456038516,0.5,False,1.339553820038729,False
12,000012.jpg,,,,29.037925587471904,28.87210261276107,-0.16582297471083507,,True,,,,,,,,,,,,,,,,,,,,,,,,,,,,,,,,,,,,,,,,,,,,,grid,30.037925587471904,1.0,1.2932581606064977,0.8353543877601624,0.88338424054097,0.0015693095241052408,3.0740903672365145,1.0,False,2.208396511874656,False
12,000012.jpg,,,,29.037925587471904,28.87210261276107,-0.16582297471083507,,True,,,,,,,,,,,,,,,,,,,,,,,,,,,,,,,,,,,,,,,,,,,,,grid,31.037925587471904,2.0,1.4549923783617635,0.9398233890533447,0.8413107576051837,0.003474842213715116,6.806801853151877,2.0,False,3.375382084044549,False
12,000012.jpg,,,,29.037925587471904,28.87210261276107,-0.16582297471083507,,True,,,,,,,,,,,,,,,,,,,,,,,,,,,,,,,,,,,,,,,,,,,,,grid,32.037925587471904,3.0,1.511376537350272,0.9762436151504517,0.8302229912251275,0.005117566014329593,10.0247020404195,3.0,False,4.27732905623002,False
12,000012.jpg,,,,29.037925587471904,28.87210261276107,-0.16582297471083507,,True,,,,,,,,,,,,,,,,,,,,,,,,,,,,,,,,,,,,,,,,,,,,,clamped_raw_observation,28.87210261276107,-0.16582297471083507,1.0249964265640692,0.6620760560035706,0.9549603630007591,0.0005852407096729925,1.1464168161129173,,False,1.3616149568328646,False
13,000013.jpg,,,,29.037925587471904,28.878234388178697,-0.1596911992932064,,True,,,,,,,,,,,,,,,,,,,,,,,,,,,,,,,,,,,,,,,,,,,,,prediction,29.037925587471904,0.0,0.6871914844142765,0.5087189674377441,0.9612830295322877,0.0003231282268340389,0.43868930538774176,,False,0.8355807812289242,True
13,000013.jpg,,,,29.037925587471904,28.878234388178697,-0.1596911992932064,,True,,,,,,,,,,,,,,,,,,,,,,,,,,,,,,,,,,,,,,,,,,,,,grid,26.037925587471904,-3.0,1.2985074987383207,0.9612683057785034,0.832662144976685,0.005823199326793353,7.905763271858606,-3.0,False,3.5322861717262874,False
13,000013.jpg,,,,29.037925587471904,28.878234388178697,-0.1596911992932064,,True,,,,,,,,,,,,,,,,,,,,,,,,,,,,,,,,,,,,,,,,,,,,,grid,27.037925587471904,-2.0,1.2774763453268272,0.9456992149353027,0.8413169422071499,0.004153301745342712,5.638656441691451,-2.0,False,2.90582351354254,False
13,000013.jpg,,,,29.037925587471904,28.878234388178697,-0.1596911992932064,,True,,,,,,,,,,,,,,,,,,,,,,,,,,,,,,,,,,,,,,,,,,,,,grid,28.037925587471904,-1.0,1.1993437818942354,0.8878586888313293,0.8628832838773491,0.0022838761021072664,3.1006638777481035,-1.0,False,2.141626467453912,False
13,000013.jpg,,,,29.037925587471904,28.878234388178697,-0.1596911992932064,,True,,,,,,,,,,,,,,,,,,,,,,,,,,,,,,,,,,,,,,,,,,,,,grid,28.537925587471904,-0.5,1.0706603952542182,0.7925960421562195,0.9052564646036456,0.0012316105421632528,1.6720742057836893,-0.5,False,1.5984224820964947,False
13,000013.jpg,,,,29.037925587471904,28.878234388178697,-0.1596911992932064,,True,,,,,,,,,,,,,,,,,,,,,,,,,,,,,,,,,,,,,,,,,,,,,grid,29.537925587471904,0.5,0.8817498226241703,0.6527479887008667,0.9568673166596016,0.0005960103493028631,0.8091628784688869,0.5,False,1.1421732255817905,False
13,000013.jpg,,,,29.037925587471904,28.878234388178697,-0.1596911992932064,,True,,,,,,,,,,,,,,,,,,,,,,,,,,,,,,,,,,,,,,,,,,,,,grid,30.037925587471904,1.0,1.1323333995708198,0.8382517695426941,0.8848028825773633,0.0015842121210880578,2.150777484827738,1.0,False,1.815224888200391,False
13,000013.jpg,,,,29.037925587471904,28.878234388178697,-0.1596911992932064,,True,,,,,,,,,,,,,,,,,,,,,,,,,,,,,,,,,,,,,,,,,,,,,grid,31.037925587471904,2.0,1.2692920168155186,0.939640462398529,0.8395859827610569,0.003507568074079851,4.761987577175094,2.0,False,2.6802029283482356,False
13,000013.jpg,,,,29.037925587471904,28.878234388178697,-0.1596911992932064,,True,,,,,,,,,,,,,,,,,,,,,,,,,,,,,,,,,,,,,,,,,,,,,grid,32.037925587471904,3.0,1.3041621081427341,0.9654543399810791,0.832803447788611,0.0051244646310806274,6.9571385066505655,3.0,False,3.300643287016764,False
13,000013.jpg,,,,29.037925587471904,28.878234388178697,-0.1596911992932064,,True,,,,,,,,,,,,,,,,,,,,,,,,,,,,,,,,,,,,,,,,,,,,,clamped_raw_observation,28.878234388178697,-0.1596911992932064,0.8685480045178904,0.642974853515625,0.9556662427582309,0.0005552086125438412,0.7537691243149918,,False,1.1061147788172037,False
14,000014.jpg,,,,29.037925587471904,28.883759880518937,-0.15416570695296627,,True,,,,,,,,,,,,,,,,,,,,,,,,,,,,,,,,,,,,,,,,,,,,,prediction,29.037925587471904,0.0,0.7338221114832577,0.5063940286636353,0.9617812932288157,0.00033803794455404085,0.5383270490737846,,False,0.9066225805228882,True
14,000014.jpg,,,,29.037925587471904,28.883759880518937,-0.15416570695296627,,True,,,,,,,,,,,,,,,,,,,,,,,,,,,,,,,,,,,,,,,,,,,,,grid,26.037925587471904,-3.0,1.4146209522078756,0.9761978983879089,0.8278473379917001,0.005803652262936036,9.242344082639764,-3.0,False,3.9873596348761167,False
14,000014.jpg,,,,29.037925587471904,28.883759880518937,-0.15416570695296627,,True,,,,,,,,,,,,,,,,,,,,,,,,,,,,,,,,,,,,,,,,,,,,,grid,27.037925587471904,-2.0,1.3727290261166045,0.947289228439331,0.8404036462951796,0.004234544117935002,6.743531830984362,-2.0,False,3.2782083375675155,False
14,000014.jpg,,,,29.037925587471904,28.883759880518937,-0.15416570695296627,,True,,,,,,,,,,,,,,,,,,,,,,,,,,,,,,,,,,,,,,,,,,,,,grid,28.037925587471904,-1.0,1.272694450660963,0.8782576322555542,0.86661582662363,0.0023016462801024318,3.6653827475309213,-1.0,False,2.352424310920063,False
14,000014.jpg,,,,29.037925587471904,28.883759880518937,-0.15416570695296627,,True,,,,,,,,,,,,,,,,,,,,,,,,,,,,,,,,,,,,,,,,,,,,,grid,28.537925587471904,-0.5,1.1450292232994865,0.790158748626709,0.9066612279643883,0.0012303121329750866,1.9592779764943544,-0.5,False,1.7431874894586865,False
14,000014.jpg,,,,29.037925587471904,28.883759880518937,-0.15416570695296627,,True,,,,,,,,,,,,,,,,,,,,,,,,,,,,,,,,,,,,,,,,,,,,,grid,29.537925587471904,0.5,0.9510770690620326,0.6563167572021484,0.9546873337353243,0.0005933146943182995,0.9448564982426814,0.5,False,1.2476038598873784,False
14,000014.jpg,,,,29.037925587471904,28.883759880518937,-0.15416570695296627,,True,,,,,,,,,,,,,,,,,,,,,,,,,,,,,,,,,,,,,,,,,,,,,grid,30.037925587471904,1.0,1.2039656484254002,0.8308294415473938,0.8853970843826482,0.0015899115048038464,2.531941701984543,1.0,False,1.9815539895388878,False
14,000014.jpg,,,,29.037925587471904,28.883759880518937,-0.15416570695296627,,True,,,,,,,,,,,,,,,,,,,,,,,,,,,,,,,,,,,,,,,,,,,,,grid,31.037925587471904,2.0,1.3601355447689962,0.9385987520217896,0.8422480757634874,0.003510183363687247,5.589983853364601,2.0,False,2.9753834323466593,False
14,000014.jpg,,,,29.037925587471904,28.883759880518937,-0.15416570695296627,,True,,,,,,,,,,,,,,,,,,,,,,,,,,,,,,,,,,,,,,,,,,,,,grid,32.037925587471904,3.0,1.4041953683400248,0.969003438949585,0.8300109956372149,0.0051443257834762335,8.192363499743808,3.0,False,3.7122752476387615,False
14,000014.jpg,,,,29.037925587471904,28.883759880518937,-0.15416570695296627,,True,,,,,,,,,,,,,,,,,,,,,,,,,,,,,,,,,,,,,,,,,,,,,clamped_raw_observation,28.883759880518937,-0.15416570695296627,0.9334861689971917,0.6441776752471924,0.9558933068492179,0.0005463535586992899,0.870070664385223,,False,1.1997354994528686,False
15,000015.jpg,,,,29.037925587471904,28.878671679190433,-0.159253908281471,,True,,,,,,,,,,,,,,,,,,,,,,,,,,,,,,,,,,,,,,,,,,,,,prediction,29.037925587471904,0.0,0.7462259596780642,0.5201157331466675,0.9617692742163231,0.00034575871541164815,0.5577163399787582,,False,0.9238857704564306,True
15,000015.jpg,,,,29.037925587471904,28.878671679190433,-0.159253908281471,,True,,,,,,,,,,,,,,,,,,,,,,,,,,,,,,,,,,,,,,,,,,,,,grid,26.037925587471904,-3.0,1.3990375960939434,0.9751221537590027,0.8293384637108161,0.005773436122884353,9.312678234943888,-3.0,False,3.9878686911190995,False
15,000015.jpg,,,,29.037925587471904,28.878671679190433,-0.159253908281471,,True,,,,,,,,,,,,,,,,,,,,,,,,,,,,,,,,,,,,,,,,,,,,,grid,27.037925587471904,-2.0,1.3749757881103695,0.958351194858551,0.8346335780852866,0.004194246682648857,6.765411266726856,-2.0,False,3.291695026706797,False
15,000015.jpg,,,,29.037925587471904,28.878671679190433,-0.159253908281471,,True,,,,,,,,,,,,,,,,,,,,,,,,,,,,,,,,,,,,,,,,,,,,,grid,28.037925587471904,-1.0,1.2616513171481751,0.8793646097183228,0.8666337192883367,0.0022842539474368095,3.68455137748227,-1.0,False,2.3461554422304056,False
15,000015.jpg,,,,29.037925587471904,28.878671679190433,-0.159253908281471,,True,,,,,,,,,,,,,,,,,,,,,,,,,,,,,,,,,,,,,,,,,,,,,grid,28.537925587471904,-0.5,1.123477430243034,0.7830581068992615,0.9091887884778311,0.0012242046844524641,1.9746688241388513,-0.5,False,1.7229558477999156,False
15,000015.jpg,,,,29.037925587471904,28.878671679190433,-0.159253908281471,,True,,,,,,,,,,,,,,,,,,,,,,,,,,,,,,,,,,,,,,,,,,,,,grid,29.537925587471904,0.5,0.9568008579026112,0.6668853759765625,0.952220417961028,0.0006059015140635893,0.9773323411640285,0.5,False,1.2639135252325902,False
15,000015.jpg,,,,29.037925587471904,28.878671679190433,-0.159253908281471,,True,,,,,,,,,,,,,,,,,,,,,,,,,,,,,,,,,,,,,,,,,,,,,grid,30.037925587471904,1.0,1.1986983517101397,0.8354867100715637,0.8867551539113245,0.0015874656770999234,2.5606167185691833,1.0,False,1.982097377441111,False
15,000015.jpg,,,,29.037925587471904,28.878671679190433,-0.159253908281471,,True,,,,,,,,,,,,,,,,,,,,,,,,,,,,,,,,,,,,,,,,,,,,,grid,31.037925587471904,2.0,1.3462075736073513,0.9382998943328857,0.8439529793843547,0.003490916220471263,5.630923909859375,2.0,False,2.9699855716878405,False
15,000015.jpg,,,,29.037925587471904,28.878671679190433,-0.159253908281471,,True,,,,,,,,,,,,,,,,,,,,,,,,,,,,,,,,,,,,,,,,,,,,,grid,32.037925587471904,3.0,1.386151183956058,0.9661403894424438,0.8307151934481785,0.005114528428142269,8.249845769656982,3.0,False,3.707897432922125,False
15,000015.jpg,,,,29.037925587471904,28.878671679190433,-0.159253908281471,,True,,,,,,,,,,,,,,,,,,,,,,,,,,,,,,,,,,,,,,,,,,,,,clamped_raw_observation,28.878671679190433,-0.159253908281471,0.9255748960866318,0.6451210379600525,0.9535265461733974,0.0005724846171991279,0.9234301585668196,,False,1.2076835068033835,False
16,000016.jpg,,,,29.037925587471904,28.883043109550016,-0.15488247792188758,,True,,,,,,,,,,,,,,,,,,,,,,,,,,,,,,,,,,,,,,,,,,,,,prediction,29.037925587471904,0.0,0.7755821902433176,0.49940225481987,0.9583774998233341,0.00030250005026270327,0.597677252416473,,False,0.9666240035241018,True
16,000016.jpg,,,,29.037925587471904,28.883043109550016,-0.15488247792188758,,True,,,,,,,,,,,,,,,,,,,,,,,,,,,,,,,,,,,,,,,,,,,,,grid,26.037925587471904,-3.0,1.5077313568370876,0.9708377122879028,0.8295350151932726,0.005728356695423524,11.318042716386167,-3.0,False,4.597707020740357,False
16,000016.jpg,,,,29.037925587471904,28.883043109550016,-0.15488247792188758,,True,,,,,,,,,,,,,,,,,,,,,,,,,,,,,,,,,,,,,,,,,,,,,grid,27.037925587471904,-2.0,1.4616665532717668,0.9411762952804565,0.8413893011094622,0.004174533920983474,8.248011733703807,-2.0,False,3.7422801855882564,False
16,000016.jpg,,,,29.037925587471904,28.883043109550016,-0.15488247792188758,,True,,,,,,,,,,,,,,,,,,,,,,,,,,,,,,,,,,,,,,,,,,,,,grid,28.037925587471904,-1.0,1.3672098050949948,0.8803550004959106,0.866564200409865,0.002276030310895294,4.496963030092534,-1.0,False,2.6548863622082632,False
16,000016.jpg,,,,29.037925587471904,28.883043109550016,-0.15488247792188758,,True,,,,,,,,,,,,,,,,,,,,,,,,,,,,,,,,,,,,,,,,,,,,,grid,28.537925587471904,-0.5,1.221314353341285,0.7864120006561279,0.9105186912585683,0.0012057789038711537,2.3823686034485005,-0.5,False,1.9213878129448416,False
16,000016.jpg,,,,29.037925587471904,28.883043109550016,-0.15488247792188758,,True,,,,,,,,,,,,,,,,,,,,,,,,,,,,,,,,,,,,,,,,,,,,,grid,29.537925587471904,0.5,1.0167800384246717,0.6547110676765442,0.9576708359833227,0.0005524044924338037,1.0914365104191823,0.5,False,1.3469683300461444,False
16,000016.jpg,,,,29.037925587471904,28.883043109550016,-0.15488247792188758,,True,,,,,,,,,,,,,,,,,,,,,,,,,,,,,,,,,,,,,,,,,,,,,grid,30.037925587471904,1.0,1.2953770519269958,0.8341014385223389,0.8846901279061551,0.001580446803321441,3.122634532388442,1.0,False,2.2213455571179512,False
16,000016.jpg,,,,29.037925587471904,28.883043109550016,-0.15488247792188758,,True,,,,,,,,,,,,,,,,,,,,,,,,,,,,,,,,,,,,,,,,,,,,,grid,31.037925587471904,2.0,1.4562671046949653,0.937699556350708,0.842378630485478,0.0035176409098009267,6.9501276185963565,2.0,False,3.4114203788585766,False
16,000016.jpg,,,,29.037925587471904,28.883043109550016,-0.15488247792188758,,True,,,,,,,,,,,,,,,,,,,,,,,,,,,,,,,,,,,,,,,,,,,,,grid,32.037925587471904,3.0,1.5084073755745535,0.9712730050086975,0.8316726733093067,0.005167873731503884,10.210644824680648,3.0,False,4.319395908435409,False
16,000016.jpg,,,,29.037925587471904,28.883043109550016,-0.15488247792188758,,True,,,,,,,,,,,,,,,,,,,,,,,,,,,,,,,,,,,,,,,,,,,,,clamped_raw_observation,28.883043109550016,-0.15488247792188758,1.0004495066396184,0.6441957354545593,0.9600381598473606,0.0005180600952977935,1.0235791170127204,,False,1.3009526003830945,False
17,000017.jpg,,,,29.037925587471904,28.875278302914495,-0.1626472845574085,,True,,,,,,,,,,,,,,,,,,,,,,,,,,,,,,,,,,,,,,,,,,,,,prediction,29.037925587471904,0.0,0.7344527760547684,0.534397542476654,0.9589300236908171,0.0003378936380613595,0.4968475614338297,,False,0.8997346427224087,True
17,000017.jpg,,,,29.037925587471904,28.875278302914495,-0.1626472845574085,,True,,,,,,,,,,,,,,,,,,,,,,,,,,,,,,,,,,,,,,,,,,,,,grid,26.037925587471904,-3.0,1.3399586182852197,0.9749715924263,0.8297266716169867,0.005746789121379455,8.450227643863897,-3.0,False,3.712788857634207,False
17,000017.jpg,,,,29.037925587471904,28.875278302914495,-0.1626472845574085,,True,,,,,,,,,,,,,,,,,,,,,,,,,,,,,,,,,,,,,,,,,,,,,grid,27.037925587471904,-2.0,1.3104310985765595,0.953486979007721,0.8382836533361621,0.004187015118077397,6.156695530105131,-2.0,False,3.07132132776668,False
17,000017.jpg,,,,29.037925587471904,28.875278302914495,-0.1626472845574085,,True,,,,,,,,,,,,,,,,,,,,,,,,,,,,,,,,,,,,,,,,,,,,,grid,28.037925587471904,-1.0,1.2213410572210583,0.8886638879776001,0.8643789116367879,0.002295463113114238,3.375308445153409,-1.0,False,2.2307892568726224,False
17,000017.jpg,,,,29.037925587471904,28.875278302914495,-0.1626472845574085,,True,,,,,,,,,,,,,,,,,,,,,,,,,,,,,,,,,,,,,,,,,,,,,grid,28.537925587471904,-0.5,1.0921697498976843,0.7946771383285522,0.9045118630882925,0.0012609918291370075,1.8541950623554921,-0.5,False,1.6662066523982648,False
17,000017.jpg,,,,29.037925587471904,28.875278302914495,-0.1626472845574085,,True,,,,,,,,,,,,,,,,,,,,,,,,,,,,,,,,,,,,,,,,,,,,,grid,29.537925587471904,0.5,0.9032823246110286,0.6572401523590088,0.9535553905448888,0.0005966934259049594,0.877393475903918,0.5,False,1.1840753030421192,False
17,000017.jpg,,,,29.037925587471904,28.875278302914495,-0.1626472845574085,,True,,,,,,,,,,,,,,,,,,,,,,,,,,,,,,,,,,,,,,,,,,,,,grid,30.037925587471904,1.0,1.136642969417376,0.827036440372467,0.8868498285067713,0.0015725768947352965,2.3123578170907475,1.0,False,1.8578825951832918,False
17,000017.jpg,,,,29.037925587471904,28.875278302914495,-0.1626472845574085,,True,,,,,,,,,,,,,,,,,,,,,,,,,,,,,,,,,,,,,,,,,,,,,grid,31.037925587471904,2.0,1.29170070361039,0.9398584961891174,0.840900251051943,0.0034867977568258843,5.12707777699352,2.0,False,2.792569896806827,False
17,000017.jpg,,,,29.037925587471904,28.875278302914495,-0.1626472845574085,,True,,,,,,,,,,,,,,,,,,,,,,,,,,,,,,,,,,,,,,,,,,,,,grid,32.037925587471904,3.0,1.3383871026934322,0.973828136920929,0.829885789045649,0.005147019595218201,7.568310990430405,3.0,False,3.490579061255384,False
17,000017.jpg,,,,29.037925587471904,28.875278302914495,-0.1626472845574085,,True,,,,,,,,,,,,,,,,,,,,,,,,,,,,,,,,,,,,,,,,,,,,,clamped_raw_observation,28.875278302914495,-0.1626472845574085,0.9015010988485274,0.6559441089630127,0.9573742088327852,0.0005847574890746424,0.8598425650859572,,False,1.1639669498239538,False
18,000018.jpg,,,,29.037925587471904,28.878384649453096,-0.1595409380188073,,True,,,,,,,,,,,,,,,,,,,,,,,,,,,,,,,,,,,,,,,,,,,,,prediction,29.037925587471904,0.0,0.7303199116642017,0.541273832321167,0.9632325724861197,0.0003510257132196178,0.4618678642053817,,False,0.8825543052294275,True
18,000018.jpg,,,,29.037925587471904,28.878384649453096,-0.1595409380188073,,True,,,,,,,,,,,,,,,,,,,,,,,,,,,,,,,,,,,,,,,,,,,,,grid,26.037925587471904,-3.0,1.3041400569550368,0.9665584564208984,0.8313563056314445,0.005740624852478504,7.55332170825827,-3.0,False,3.45111417838816,False
18,000018.jpg,,,,29.037925587471904,28.878384649453096,-0.1595409380188073,,True,,,,,,,,,,,,,,,,,,,,,,,,,,,,,,,,,,,,,,,,,,,,,grid,27.037925587471904,-2.0,1.2649632430111055,0.9375227093696594,0.84445227813519,0.004149556237583359,5.459846970394633,-2.0,False,2.8454727074745736,False
18,000018.jpg,,,,29.037925587471904,28.878384649453096,-0.1595409380188073,,True,,,,,,,,,,,,,,,,,,,,,,,,,,,,,,,,,,,,,,,,,,,,,grid,28.037925587471904,-1.0,1.1925485569433756,0.8838528394699097,0.8637349079051732,0.0022890810311461487,3.011896072089336,-1.0,False,2.1117876670605362,False
18,000018.jpg,,,,29.037925587471904,28.878384649453096,-0.1595409380188073,,True,,,,,,,,,,,,,,,,,,,,,,,,,,,,,,,,,,,,,,,,,,,,,grid,28.537925587471904,-0.5,1.072800632440566,0.7951021194458008,0.9075702828941571,0.001261038628096382,1.6592323465345789,-0.5,False,1.5950384361800536,False
18,000018.jpg,,,,29.037925587471904,28.878384649453096,-0.1595409380188073,,True,,,,,,,,,,,,,,,,,,,,,,,,,,,,,,,,,,,,,,,,,,,,,grid,29.537925587471904,0.5,0.8843024616446189,0.6553974151611328,0.9525160835463118,0.0006455858626092473,0.8494402327101601,0.5,False,1.159146436275847,False
18,000018.jpg,,,,29.037925587471904,28.878384649453096,-0.1595409380188073,,True,,,,,,,,,,,,,,,,,,,,,,,,,,,,,,,,,,,,,,,,,,,,,grid,30.037925587471904,1.0,1.1219087094882974,0.831498384475708,0.8882171499074645,0.0016322279116138816,2.1476307604903466,1.0,False,1.8005992497034196,False
18,000018.jpg,,,,29.037925587471904,28.878384649453096,-0.1595409380188073,,True,,,,,,,,,,,,,,,,,,,,,,,,,,,,,,,,,,,,,,,,,,,,,grid,31.037925587471904,2.0,1.2644233684537294,0.9371225833892822,0.8438706265973385,0.003522762485469381,4.635132766609115,2.0,False,2.63933593350867,False
18,000018.jpg,,,,29.037925587471904,28.878384649453096,-0.1595409380188073,,True,,,,,,,,,,,,,,,,,,,,,,,,,,,,,,,,,,,,,,,,,,,,,grid,32.037925587471904,3.0,1.3234866744354559,0.9808971285820007,0.8275667577333216,0.005196978648503621,6.838010260529233,3.0,False,3.295422481834443,False
18,000018.jpg,,,,29.037925587471904,28.878384649453096,-0.1595409380188073,,True,,,,,,,,,,,,,,,,,,,,,,,,,,,,,,,,,,,,,,,,,,,,,clamped_raw_observation,28.878384649453096,-0.1595409380188073,0.8956472261964217,0.6638055443763733,0.9511412708204812,0.0006059024987431864,0.797226193045677,,False,1.148598731777924,False
19,000019.jpg,,,,29.037925587471904,28.8793825227537,-0.15854306471820223,,True,,,,,,,,,,,,,,,,,,,,,,,,,,,,,,,,,,,,,,,,,,,,,prediction,29.037925587471904,0.0,0.7610198680589932,0.5591302514076233,0.9612651723221405,0.00038927690669273335,0.5258440043018808,,False,0.931215696812323,True
19,000019.jpg,,,,29.037925587471904,28.8793825227537,-0.15854306471820223,,True,,,,,,,,,,,,,,,,,,,,,,,,,,,,,,,,,,,,,,,,,,,,,grid,26.037925587471904,-3.0,1.320113921173207,0.9699032306671143,0.8295738460175424,0.005734598574539025,7.746424783116346,-3.0,False,3.517146270934751,False
19,000019.jpg,,,,29.037925587471904,28.8793825227537,-0.15854306471820223,,True,,,,,,,,,,,,,,,,,,,,,,,,,,,,,,,,,,,,,,,,,,,,,grid,27.037925587471904,-2.0,1.298237736218259,0.9538305401802063,0.8407902897138301,0.004137475004730125,5.5889943296932945,-2.0,False,2.914696028927753,False
19,000019.jpg,,,,29.037925587471904,28.8793825227537,-0.15854306471820223,,True,,,,,,,,,,,,,,,,,,,,,,,,,,,,,,,,,,,,,,,,,,,,,grid,28.037925587471904,-1.0,1.2128326331299166,0.8910824060440063,0.8610082395676442,0.002295590665501853,3.1009355218143675,-1.0,False,2.157058274015864,False
19,000019.jpg,,,,29.037925587471904,28.8793825227537,-0.15854306471820223,,True,,,,,,,,,,,,,,,,,,,,,,,,,,,,,,,,,,,,,,,,,,,,,grid,28.537925587471904,-0.5,1.096497863369553,0.8056098818778992,0.9036059183131036,0.001264566332489873,1.7082046547053273,-0.5,False,1.6349431087327813,False
19,000019.jpg,,,,29.037925587471904,28.8793825227537,-0.15854306471820223,,True,,,,,,,,,,,,,,,,,,,,,,,,,,,,,,,,,,,,,,,,,,,,,grid,29.537925587471904,0.5,0.9110402551657748,0.6693519949913025,0.9474616815805794,0.0006519893067888916,0.880721825388154,0.5,False,1.1987590299322337,False
19,000019.jpg,,,,29.037925587471904,28.8793825227537,-0.15854306471820223,,True,,,,,,,,,,,,,,,,,,,,,,,,,,,,,,,,,,,,,,,,,,,,,grid,30.037925587471904,1.0,1.1349985048373339,0.8338967561721802,0.8851067599893683,0.001618743020420273,2.1866344937471403,1.0,False,1.8265503682847506,False
19,000019.jpg,,,,29.037925587471904,28.8793825227537,-0.15854306471820223,,True,,,,,,,,,,,,,,,,,,,,,,,,,,,,,,,,,,,,,,,,,,,,,grid,31.037925587471904,2.0,1.270406861101092,0.9333828687667847,0.8437317267653052,0.003553226978207628,4.799778949869695,2.0,False,2.686619871803211,False
19,000019.jpg,,,,29.037925587471904,28.8793825227537,-0.15854306471820223,,True,,,,,,,,,,,,,,,,,,,,,,,,,,,,,,,,,,,,,,,,,,,,,grid,32.037925587471904,3.0,1.311600499025751,0.9636483192443848,0.8328342340745991,0.005136726734538873,6.938806049510944,3.0,False,3.303467777328888,False
19,000019.jpg,,,,29.037925587471904,28.8793825227537,-0.15854306471820223,,True,,,,,,,,,,,,,,,,,,,,,,,,,,,,,,,,,,,,,,,,,,,,,clamped_raw_observation,28.8793825227537,-0.15854306471820223,0.9025526312672506,0.6631160378456116,0.9469123770709666,0.0006255180681667601,0.8449638806537662,,False,1.1716375163012716,False
20,000020.jpg,,,,29.037925587471904,28.877541963502324,-0.1603836239695795,,True,,,,,,,,,,,,,,,,,,,,,,,,,,,,,,,,,,,,,,,,,,,,,prediction,29.037925587471904,0.0,0.7528800369887514,0.5361420512199402,0.9629852223714912,0.0003451637167017907,0.5025100925856694,,False,0.9155223377636775,True
20,000020.jpg,,,,29.037925587471904,28.877541963502324,-0.1603836239695795,,True,,,,,,,,,,,,,,,,,,,,,,,,,,,,,,,,,,,,,,,,,,,,,grid,26.037925587471904,-3.0,1.3788795836689707,0.9819297790527344,0.8278830516863466,0.005717333173379302,8.323637402421813,-3.0,False,3.7219058825880773,False
20,000020.jpg,,,,29.037925587471904,28.877541963502324,-0.1603836239695795,,True,,,,,,,,,,,,,,,,,,,,,,,,,,,,,,,,,,,,,,,,,,,,,grid,27.037925587471904,-2.0,1.330420820702987,0.9474212527275085,0.8408223149261118,0.004155348637141287,6.049606396432601,-2.0,False,3.062000104885026,False
20,000020.jpg,,,,29.037925587471904,28.877541963502324,-0.1603836239695795,,True,,,,,,,,,,,,,,,,,,,,,,,,,,,,,,,,,,,,,,,,,,,,,grid,28.037925587471904,-1.0,1.2383327072565316,0.8818433284759521,0.8654281269886163,0.0022965819807723165,3.3435021352071606,-1.0,False,2.238780114069705,False
20,000020.jpg,,,,29.037925587471904,28.877541963502324,-0.1603836239695795,,True,,,,,,,,,,,,,,,,,,,,,,,,,,,,,,,,,,,,,,,,,,,,,grid,28.537925587471904,-0.5,1.111639956288456,0.7916226983070374,0.9078342643003606,0.0012480632867664099,1.81700557572687,-0.5,False,1.6730570859198126,False
20,000020.jpg,,,,29.037925587471904,28.877541963502324,-0.1603836239695795,,True,,,,,,,,,,,,,,,,,,,,,,,,,,,,,,,,,,,,,,,,,,,,,grid,29.537925587471904,0.5,0.9214575771028648,0.6561897397041321,0.9516191755638832,0.0006237846488753954,0.908143198407818,0.5,False,1.211874201140936,False
20,000020.jpg,,,,29.037925587471904,28.877541963502324,-0.1603836239695795,,True,,,,,,,,,,,,,,,,,,,,,,,,,,,,,,,,,,,,,,,,,,,,,grid,30.037925587471904,1.0,1.158789984378212,0.8251992464065552,0.8887258714558439,0.0015755441272631288,2.2937718739070903,1.0,False,1.8735070813991406,False
20,000020.jpg,,,,29.037925587471904,28.877541963502324,-0.1603836239695795,,True,,,,,,,,,,,,,,,,,,,,,,,,,,,,,,,,,,,,,,,,,,,,,grid,31.037925587471904,2.0,1.3114203104671336,0.9338905811309814,0.8432793608145372,0.0035108641798918447,5.111327172367327,2.0,False,2.805972742744428,False
20,000020.jpg,,,,29.037925587471904,28.877541963502324,-0.1603836239695795,,True,,,,,,,,,,,,,,,,,,,,,,,,,,,,,,,,,,,,,,,,,,,,,grid,32.037925587471904,3.0,1.362445235019857,0.970226526260376,0.8319840203634307,0.0051204929283509655,7.454721487232611,3.0,False,3.484141586464579,False
20,000020.jpg,,,,29.037925587471904,28.877541963502324,-0.1603836239695795,,True,,,,,,,,,,,,,,,,,,,,,,,,,,,,,,,,,,,,,,,,,,,,,clamped_raw_observation,28.877541963502324,-0.1603836239695795,0.9209968080127117,0.6558616161346436,0.9527504772679064,0.0005955807234082992,0.8670822278829392,,False,1.1898283964346275,False
21,000021.jpg,,,,29.037925587471904,28.872978021681377,-0.16494756579052705,,True,,,,,,,,,,,,,,,,,,,,,,,,,,,,,,,,,,,,,,,,,,,,,prediction,29.037925587471904,0.0,0.7147488499954883,0.5245347619056702,0.9588098673329345,0.00033614809702460963,0.4543113513939034,,False,0.8695168205110296,True
21,000021.jpg,,,,29.037925587471904,28.872978021681377,-0.16494756579052705,,True,,,,,,,,,,,,,,,,,,,,,,,,,,,,,,,,,,,,,,,,,,,,,grid,26.037925587471904,-3.0,1.3042397373107621,0.9571461081504822,0.834975542808882,0.005750622134655714,7.7720889586349875,-3.0,False,3.5022864341606272,False
21,000021.jpg,,,,29.037925587471904,28.872978021681377,-0.16494756579052705,,True,,,,,,,,,,,,,,,,,,,,,,,,,,,,,,,,,,,,,,,,,,,,,grid,27.037925587471904,-2.0,1.2905149734701185,0.9470738768577576,0.8411514234437133,0.004144684295170009,5.601629579065922,-2.0,False,2.909770944792886,False
21,000021.jpg,,,,29.037925587471904,28.872978021681377,-0.16494756579052705,,True,,,,,,,,,,,,,,,,,,,,,,,,,,,,,,,,,,,,,,,,,,,,,grid,28.037925587471904,-1.0,1.197322069406286,0.8786821365356445,0.8682126895872189,0.0022946402120093503,3.1012553838864667,-1.0,False,2.1344232257906834,False
21,000021.jpg,,,,29.037925587471904,28.872978021681377,-0.16494756579052705,,True,,,,,,,,,,,,,,,,,,,,,,,,,,,,,,,,,,,,,,,,,,,,,grid,28.537925587471904,-0.5,1.0844273912771922,0.7958317995071411,0.9048632860611606,0.0012577356537804008,1.699856669197314,-0.5,False,1.61952827251536,False
21,000021.jpg,,,,29.037925587471904,28.872978021681377,-0.16494756579052705,,True,,,,,,,,,,,,,,,,,,,,,,,,,,,,,,,,,,,,,,,,,,,,,grid,29.537925587471904,0.5,0.9014412610175009,0.6615432500839233,0.9510856177640145,0.0005949604577229669,0.8041017990777671,0.5,False,1.1663810930229281,False
21,000021.jpg,,,,29.037925587471904,28.872978021681377,-0.16494756579052705,,True,,,,,,,,,,,,,,,,,,,,,,,,,,,,,,,,,,,,,,,,,,,,,grid,30.037925587471904,1.0,1.1304391048884848,0.8295985460281372,0.8882007249181828,0.0015840659810540576,2.1408990945353814,1.0,False,1.8074631536041472,False
21,000021.jpg,,,,29.037925587471904,28.872978021681377,-0.16494756579052705,,True,,,,,,,,,,,,,,,,,,,,,,,,,,,,,,,,,,,,,,,,,,,,,grid,31.037925587471904,2.0,1.2809626080105143,0.9400636553764343,0.8420135834183763,0.003537176720177134,4.780570082314286,2.0,False,2.6940915451707097,False
21,000021.jpg,,,,29.037925587471904,28.872978021681377,-0.16494756579052705,,True,,,,,,,,,,,,,,,,,,,,,,,,,,,,,,,,,,,,,,,,,,,,,grid,32.037925587471904,3.0,1.3107790288168548,0.961945116519928,0.8325650139001302,0.005171410390175879,6.98927188274778,3.0,False,3.31553198560367,False
21,000021.jpg,,,,29.037925587471904,28.872978021681377,-0.16494756579052705,,True,,,,,,,,,,,,,,,,,,,,,,,,,,,,,,,,,,,,,,,,,,,,,clamped_raw_observation,28.872978021681377,-0.16494756579052705,0.8963385766624598,0.6577985286712646,0.9543934968504768,0.0005766416434198618,0.7793435292685873,,False,1.1417293891028457,False
22,000022.jpg,,,,29.037925587471904,28.8860251692916,-0.1519004181803041,,True,,,,,,,,,,,,,,,,,,,,,,,,,,,,,,,,,,,,,,,,,,,,,prediction,29.037925587471904,0.0,0.7406351463656451,0.5356029868125916,0.959546554129218,0.0003681779344333336,0.5266052137693731,,False,0.9127398956787705,True
22,000022.jpg,,,,29.037925587471904,28.8860251692916,-0.1519004181803041,,True,,,,,,,,,,,,,,,,,,,,,,,,,,,,,,,,,,,,,,,,,,,,,grid,26.037925587471904,-3.0,1.3385939241544216,0.9680271148681641,0.8329772394187135,0.005724135786294937,8.187236299280661,-3.0,False,3.642425759555873,False
22,000022.jpg,,,,29.037925587471904,28.8860251692916,-0.1519004181803041,,True,,,,,,,,,,,,,,,,,,,,,,,,,,,,,,,,,,,,,,,,,,,,,grid,27.037925587471904,-2.0,1.3133488247617127,0.9497706890106201,0.8403757526530468,0.004147595725953579,5.932309705784958,-2.0,False,3.0160504985549053,False
22,000022.jpg,,,,29.037925587471904,28.8860251692916,-0.1519004181803041,,True,,,,,,,,,,,,,,,,,,,,,,,,,,,,,,,,,,,,,,,,,,,,,grid,28.037925587471904,-1.0,1.2192241796179277,0.8817028403282166,0.8659438843077357,0.0022899958615501723,3.2753830347238426,-1.0,False,2.2021260539911527,False
22,000022.jpg,,,,29.037925587471904,28.8860251692916,-0.1519004181803041,,True,,,,,,,,,,,,,,,,,,,,,,,,,,,,,,,,,,,,,,,,,,,,,grid,28.537925587471904,-0.5,1.081040946181037,0.7817732691764832,0.9093108258435895,0.0012545002585587401,1.7943127902242049,-0.5,False,1.6353083178934988,False
22,000022.jpg,,,,29.037925587471904,28.8860251692916,-0.1519004181803041,,True,,,,,,,,,,,,,,,,,,,,,,,,,,,,,,,,,,,,,,,,,,,,,grid,29.537925587471904,0.5,0.9053054914017298,0.6546871662139893,0.955238112054809,0.0006345396007721623,0.9075825324080155,0.5,False,1.1919630124489244,False
22,000022.jpg,,,,29.037925587471904,28.8860251692916,-0.1519004181803041,,True,,,,,,,,,,,,,,,,,,,,,,,,,,,,,,,,,,,,,,,,,,,,,grid,30.037925587471904,1.0,1.1447764728320442,0.8278647065162659,0.8886868080447795,0.0016353914979845285,2.3391018549719673,1.0,False,1.8708651285302564,False
22,000022.jpg,,,,29.037925587471904,28.8860251692916,-0.1519004181803041,,True,,,,,,,,,,,,,,,,,,,,,,,,,,,,,,,,,,,,,,,,,,,,,grid,31.037925587471904,2.0,1.296883199668731,0.937863290309906,0.8432186181201773,0.0035390269864971438,5.061873318476573,2.0,False,2.779132911167697,False
22,000022.jpg,,,,29.037925587471904,28.8860251692916,-0.1519004181803041,,True,,,,,,,,,,,,,,,,,,,,,,,,,,,,,,,,,,,,,,,,,,,,,grid,32.037925587471904,3.0,1.3307195222576023,0.9623326063156128,0.833824801794007,0.005144526017829776,7.35821995289046,3.0,False,3.42644970868621,False
22,000022.jpg,,,,29.037925587471904,28.8860251692916,-0.1519004181803041,,True,,,,,,,,,,,,,,,,,,,,,,,,,,,,,,,,,,,,,,,,,,,,,clamped_raw_observation,28.8860251692916,-0.1519004181803041,0.8894797057645142,0.6432424783706665,0.9522010135433404,0.0005875285132788122,0.840342533853868,,False,1.15192133823005,False
23,000023.jpg,,,,29.037925587471904,28.88174227629571,-0.15618331117619277,,True,,,,,,,,,,,,,,,,,,,,,,,,,,,,,,,,,,,,,,,,,,,,,prediction,29.037925587471904,0.0,0.7415368838737744,0.501003086566925,0.9587162423858315,0.00032520901489381987,0.5640283633381,,False,0.9238277323224678,True
23,000023.jpg,,,,29.037925587471904,28.88174227629571,-0.15618331117619277,,True,,,,,,,,,,,,,,,,,,,,,,,,,,,,,,,,,,,,,,,,,,,,,grid,26.037925587471904,-3.0,1.4322608853146013,0.9676755666732788,0.8315024118869054,0.005723482463508844,9.926558916397854,-3.0,False,4.172398202527159,False
23,000023.jpg,,,,29.037925587471904,28.88174227629571,-0.15618331117619277,,True,,,,,,,,,,,,,,,,,,,,,,,,,,,,,,,,,,,,,,,,,,,,,grid,27.037925587471904,-2.0,1.394120346105484,0.941906750202179,0.8430513010105278,0.004136704335299631,7.174519982524055,-2.0,False,3.40469904072597,False
23,000023.jpg,,,,29.037925587471904,28.88174227629571,-0.15618331117619277,,True,,,,,,,,,,,,,,,,,,,,,,,,,,,,,,,,,,,,,,,,,,,,,grid,28.037925587471904,-1.0,1.3091214351949425,0.8844791054725647,0.8668532798140911,0.0022699193214066327,3.936849291156731,-1.0,False,2.456480478170034,False
23,000023.jpg,,,,29.037925587471904,28.88174227629571,-0.15618331117619277,,True,,,,,,,,,,,,,,,,,,,,,,,,,,,,,,,,,,,,,,,,,,,,,grid,28.537925587471904,-0.5,1.1621793152048974,0.7852008938789368,0.9068870814407943,0.0012418326611320178,2.1537805267384056,-0.5,False,1.8087373654487042,False
23,000023.jpg,,,,29.037925587471904,28.88174227629571,-0.15618331117619277,,True,,,,,,,,,,,,,,,,,,,,,,,,,,,,,,,,,,,,,,,,,,,,,grid,29.537925587471904,0.5,0.9729316497336561,0.657339870929718,0.9601246434984684,0.0005552040529437363,0.962921748656871,0.5,False,1.2685374433994054,False
23,000023.jpg,,,,29.037925587471904,28.88174227629571,-0.15618331117619277,,True,,,,,,,,,,,,,,,,,,,,,,,,,,,,,,,,,,,,,,,,,,,,,grid,30.037925587471904,1.0,1.2173492612409338,0.822475254535675,0.8893524875884652,0.001596480025909841,2.7688654830490895,1.0,False,2.0502131444147405,False
23,000023.jpg,,,,29.037925587471904,28.88174227629571,-0.15618331117619277,,True,,,,,,,,,,,,,,,,,,,,,,,,,,,,,,,,,,,,,,,,,,,,,grid,31.037925587471904,2.0,1.383826531913056,0.9349519610404968,0.8443540720397169,0.003541244601365179,6.141780532560019,2.0,False,3.134917593013344,False
23,000023.jpg,,,,29.037925587471904,28.88174227629571,-0.15618331117619277,,True,,,,,,,,,,,,,,,,,,,,,,,,,,,,,,,,,,,,,,,,,,,,,grid,32.037925587471904,3.0,1.420131101845347,0.959480345249176,0.833949508820112,0.0051302113958324,8.8976153939477,3.0,False,3.9005854415121597,False
23,000023.jpg,,,,29.037925587471904,28.88174227629571,-0.15618331117619277,,True,,,,,,,,,,,,,,,,,,,,,,,,,,,,,,,,,,,,,,,,,,,,,clamped_raw_observation,28.88174227629571,-0.15618331117619277,0.956071715636581,0.6459488272666931,0.9600190134150206,0.0005162780386550972,0.8954101634147922,,False,1.2245907424105442,False
24,000024.jpg,,,,29.037925587471904,28.879929748160833,-0.15799583931107009,,True,,,,,,,,,,,,,,,,,,,,,,,,,,,,,,,,,,,,,,,,,,,,,prediction,29.037925587471904,0.0,0.7498143958771384,0.5207779407501221,0.9594222347789235,0.00033749849535524845,0.5630666088511393,,False,0.9311588133109997,True
24,000024.jpg,,,,29.037925587471904,28.879929748160833,-0.15799583931107009,,True,,,,,,,,,,,,,,,,,,,,,,,,,,,,,,,,,,,,,,,,,,,,,grid,26.037925587471904,-3.0,1.4014426445714732,0.9733614325523376,0.8290542449498517,0.005737931001931429,9.572894088545771,-3.0,False,4.055611921758064,False
24,000024.jpg,,,,29.037925587471904,28.879929748160833,-0.15799583931107009,,True,,,,,,,,,,,,,,,,,,,,,,,,,,,,,,,,,,,,,,,,,,,,,grid,27.037925587471904,-2.0,1.369868360313406,0.9514317512512207,0.8374770447803362,0.004147454164922237,6.919417372661725,-2.0,False,3.322245658698501,False
24,000024.jpg,,,,29.037925587471904,28.879929748160833,-0.15799583931107009,,True,,,,,,,,,,,,,,,,,,,,,,,,,,,,,,,,,,,,,,,,,,,,,grid,28.037925587471904,-1.0,1.2634003773786013,0.8774852156639099,0.8657825964119226,0.0022940148677056036,3.8272264617164384,-1.0,False,2.3844243963957883,False
24,000024.jpg,,,,29.037925587471904,28.879929748160833,-0.15799583931107009,,True,,,,,,,,,,,,,,,,,,,,,,,,,,,,,,,,,,,,,,,,,,,,,grid,28.537925587471904,-0.5,1.138164730299252,0.790503740310669,0.9083910156801808,0.001254585028315584,2.0930906274574625,-0.5,False,1.7680463714834367,False
24,000024.jpg,,,,29.037925587471904,28.879929748160833,-0.15799583931107009,,True,,,,,,,,,,,,,,,,,,,,,,,,,,,,,,,,,,,,,,,,,,,,,grid,29.537925587471904,0.5,0.9564416666688121,0.6642893552780151,0.9530830625794604,0.0005979676983164003,0.997621170841468,0.5,False,1.2677638967997187,False
24,000024.jpg,,,,29.037925587471904,28.879929748160833,-0.15799583931107009,,True,,,,,,,,,,,,,,,,,,,,,,,,,,,,,,,,,,,,,,,,,,,,,grid,30.037925587471904,1.0,1.1976535656888412,0.8318212628364563,0.8858066111032632,0.0016014471475500613,2.671779065788717,1.0,False,2.009791721032757,False
24,000024.jpg,,,,29.037925587471904,28.879929748160833,-0.15799583931107009,,True,,,,,,,,,,,,,,,,,,,,,,,,,,,,,,,,,,,,,,,,,,,,,grid,31.037925587471904,2.0,1.3573827016700037,0.9427599310874939,0.8402493290012714,0.003505358200830718,5.848174679631471,2.0,False,3.0391770425766,False
24,000024.jpg,,,,29.037925587471904,28.879929748160833,-0.15799583931107009,,True,,,,,,,,,,,,,,,,,,,,,,,,,,,,,,,,,,,,,,,,,,,,,grid,32.037925587471904,3.0,1.3864791462150274,0.962968647480011,0.8325505014832604,0.005095298906477789,8.500756939178313,3.0,False,3.769117879526345,False
24,000024.jpg,,,,29.037925587471904,28.879929748160833,-0.15799583931107009,,True,,,,,,,,,,,,,,,,,,,,,,,,,,,,,,,,,,,,,,,,,,,,,clamped_raw_observation,28.879929748160833,-0.15799583931107009,0.9441665209896358,0.6557637453079224,0.9573562650091821,0.0005770606415656706,0.9627408211282033,,False,1.2322353364418366,False
25,000025.jpg,,,,29.037925587471904,28.873182341030855,-0.16474324644104854,,True,,,,,,,,,,,,,,,,,,,,,,,,,,,,,,,,,,,,,,,,,,,,,prediction,29.037925587471904,0.0,0.7425302577819828,0.5547862648963928,0.962892937289064,0.0003796891833189875,0.5059235737086919,,False,0.9061182139200917,True
25,000025.jpg,,,,29.037925587471904,28.873182341030855,-0.16474324644104854,,True,,,,,,,,,,,,,,,,,,,,,,,,,,,,,,,,,,,,,,,,,,,,,grid,26.037925587471904,-3.0,1.2959926064232694,0.968309223651886,0.8317106355909741,0.005764662676180403,7.681226831021114,-3.0,False,3.4745886785875735,False
25,000025.jpg,,,,29.037925587471904,28.873182341030855,-0.16474324644104854,,True,,,,,,,,,,,,,,,,,,,,,,,,,,,,,,,,,,,,,,,,,,,,,grid,27.037925587471904,-2.0,1.2642076455869689,0.9445608854293823,0.8389553478345378,0.004168274657179912,5.554091355265572,-2.0,False,2.8737751365688244,False
25,000025.jpg,,,,29.037925587471904,28.873182341030855,-0.16474324644104854,,True,,,,,,,,,,,,,,,,,,,,,,,,,,,,,,,,,,,,,,,,,,,,,grid,28.037925587471904,-1.0,1.1824844507927872,0.883500874042511,0.8673157457636104,0.0023179530010869107,3.0885975095409903,-1.0,False,2.117318082414424,False
25,000025.jpg,,,,29.037925587471904,28.873182341030855,-0.16474324644104854,,True,,,,,,,,,,,,,,,,,,,,,,,,,,,,,,,,,,,,,,,,,,,,,grid,28.537925587471904,-0.5,1.0644614108823909,0.7953191995620728,0.9076740939692188,0.0012810405266160767,1.7069451271325156,-0.5,False,1.598523598696301,False
25,000025.jpg,,,,29.037925587471904,28.873182341030855,-0.16474324644104854,,True,,,,,,,,,,,,,,,,,,,,,,,,,,,,,,,,,,,,,,,,,,,,,grid,29.537925587471904,0.5,0.8883409565300289,0.6637296676635742,0.9489512837276695,0.0006591263566709434,0.8782645820394577,0.5,False,1.1739558183122238,False
25,000025.jpg,,,,29.037925587471904,28.873182341030855,-0.16474324644104854,,True,,,,,,,,,,,,,,,,,,,,,,,,,,,,,,,,,,,,,,,,,,,,,grid,30.037925587471904,1.0,1.113356582520988,0.8318515419960022,0.888625801777605,0.0016259421633246045,2.166515418538363,1.0,False,1.7963596353779738,False
25,000025.jpg,,,,29.037925587471904,28.873182341030855,-0.16474324644104854,,True,,,,,,,,,,,,,,,,,,,,,,,,,,,,,,,,,,,,,,,,,,,,,grid,31.037925587471904,2.0,1.2640954017106223,0.9444770216941833,0.8409874012687082,0.003531965679333856,4.706230193562832,2.0,False,2.659665548832622,False
25,000025.jpg,,,,29.037925587471904,28.873182341030855,-0.16474324644104854,,True,,,,,,,,,,,,,,,,,,,,,,,,,,,,,,,,,,,,,,,,,,,,,grid,32.037925587471904,3.0,1.2926743519551536,0.9658299684524536,0.8331595780396869,0.0051504856285949545,6.862855751581558,3.0,False,3.265228711810856,False
25,000025.jpg,,,,29.037925587471904,28.873182341030855,-0.16474324644104854,,True,,,,,,,,,,,,,,,,,,,,,,,,,,,,,,,,,,,,,,,,,,,,,clamped_raw_observation,28.873182341030855,-0.16474324644104854,0.8948404114651496,0.6685857772827148,0.9489689537575319,0.0006367407331708819,0.8484364617283936,,False,1.1629228705329475,False
26,000026.jpg,,,,29.037925587471904,28.87697643768658,-0.16094914978532415,,True,,,,,,,,,,,,,,,,,,,,,,,,,,,,,,,,,,,,,,,,,,,,,prediction,29.037925587471904,0.0,0.762599334677271,0.5562567114830017,0.9640856324967949,0.00037246673309709877,0.5019249623225317,,False,0.923994942761109,True
26,000026.jpg,,,,29.037925587471904,28.87697643768658,-0.16094914978532415,,True,,,,,,,,,,,,,,,,,,,,,,,,,,,,,,,,,,,,,,,,,,,,,grid,26.037925587471904,-3.0,1.3225132725428943,0.9646702408790588,0.8343724205756836,0.005758587270975113,7.760098935497948,-3.0,False,3.5181655858416976,False
26,000026.jpg,,,,29.037925587471904,28.87697643768658,-0.16094914978532415,,True,,,,,,,,,,,,,,,,,,,,,,,,,,,,,,,,,,,,,,,,,,,,,grid,27.037925587471904,-2.0,1.2940428202427423,0.9439032673835754,0.8410459949772572,0.00419904865945379,5.658511627768341,-2.0,False,2.9276247322075704,False
26,000026.jpg,,,,29.037925587471904,28.87697643768658,-0.16094914978532415,,True,,,,,,,,,,,,,,,,,,,,,,,,,,,,,,,,,,,,,,,,,,,,,grid,28.037925587471904,-1.0,1.2111964941038613,0.8834733366966248,0.864772308178641,0.0023194721434265375,3.125650869587942,-1.0,False,2.1578369033222056,False
26,000026.jpg,,,,29.037925587471904,28.87697643768658,-0.16094914978532415,,True,,,,,,,,,,,,,,,,,,,,,,,,,,,,,,,,,,,,,,,,,,,,,grid,28.537925587471904,-0.5,1.10213267721715,0.803919792175293,0.9043747036406105,0.0012824748021860917,1.728224454877805,-0.5,False,1.6448140872959907,False
26,000026.jpg,,,,29.037925587471904,28.87697643768658,-0.16094914978532415,,True,,,,,,,,,,,,,,,,,,,,,,,,,,,,,,,,,,,,,,,,,,,,,grid,29.537925587471904,0.5,0.9068602928498644,0.6614838242530823,0.9478583094782319,0.0006428651104215533,0.8663056795536451,0.5,False,1.1905784032600437,False
26,000026.jpg,,,,29.037925587471904,28.87697643768658,-0.16094914978532415,,True,,,,,,,,,,,,,,,,,,,,,,,,,,,,,,,,,,,,,,,,,,,,,grid,30.037925587471904,1.0,1.1400782175038222,0.8315981030464172,0.8859521258846876,0.001618300360860303,2.180772873049032,1.0,False,1.8293193098813927,False
26,000026.jpg,,,,29.037925587471904,28.87697643768658,-0.16094914978532415,,True,,,,,,,,,,,,,,,,,,,,,,,,,,,,,,,,,,,,,,,,,,,,,grid,31.037925587471904,2.0,1.2866917476938011,0.9385412335395813,0.8426441404260551,0.003522251189375917,4.746479721336945,2.0,False,2.6906675376019824,False
26,000026.jpg,,,,29.037925587471904,28.87697643768658,-0.16094914978532415,,True,,,,,,,,,,,,,,,,,,,,,,,,,,,,,,,,,,,,,,,,,,,,,grid,32.037925587471904,3.0,1.311663903341077,0.9567564725875854,0.8359178799107848,0.005141211518396934,6.928141947621488,3.0,False,3.297781510335664,False
26,000026.jpg,,,,29.037925587471904,28.87697643768658,-0.16094914978532415,,True,,,,,,,,,,,,,,,,,,,,,,,,,,,,,,,,,,,,,,,,,,,,,clamped_raw_observation,28.87697643768658,-0.16094914978532415,0.9187963068133068,0.6701902151107788,0.9473490103791644,0.000625175239595895,0.8424673419017714,,False,1.186892606403145,False
27,000027.jpg,,,,29.037925587471904,28.881498496133077,-0.15642709133882704,,True,,,,,,,,,,,,,,,,,,,,,,,,,,,,,,,,,,,,,,,,,,,,,prediction,29.037925587471904,0.0,0.8012493657669839,0.5865923762321472,0.9571400809144391,0.0004610022879205644,0.6016022604562357,,False,0.9945098499666036,True
27,000027.jpg,,,,29.037925587471904,28.881498496133077,-0.15642709133882704,,True,,,,,,,,,,,,,,,,,,,,,,,,,,,,,,,,,,,,,,,,,,,,,grid,26.037925587471904,-3.0,1.3470004442073602,0.9861351847648621,0.8274119746303199,0.005749706644564867,7.50329576439432,-3.0,False,3.48541241067562,False
27,000027.jpg,,,,29.037925587471904,28.881498496133077,-0.15642709133882704,,True,,,,,,,,,,,,,,,,,,,,,,,,,,,,,,,,,,,,,,,,,,,,,grid,27.037925587471904,-2.0,1.294436042281767,0.9476529359817505,0.8391428016182888,0.0041800026859467225,5.454851592866702,-2.0,False,2.8790061388801536,False
27,000027.jpg,,,,29.037925587471904,28.881498496133077,-0.15642709133882704,,True,,,,,,,,,,,,,,,,,,,,,,,,,,,,,,,,,,,,,,,,,,,,,grid,28.037925587471904,-1.0,1.2132818163521717,0.8882401585578918,0.8624277865130824,0.0022970086235242584,2.9975677266872345,-1.0,False,2.130245961510898,False
27,000027.jpg,,,,29.037925587471904,28.881498496133077,-0.15642709133882704,,True,,,,,,,,,,,,,,,,,,,,,,,,,,,,,,,,,,,,,,,,,,,,,grid,28.537925587471904,-0.5,1.0860925319103065,0.7951252460479736,0.9082204123456354,0.0012768731297304232,1.6663035765540812,-0.5,False,1.6094480137031912,False
27,000027.jpg,,,,29.037925587471904,28.881498496133077,-0.15642709133882704,,True,,,,,,,,,,,,,,,,,,,,,,,,,,,,,,,,,,,,,,,,,,,,,grid,29.537925587471904,0.5,0.916836989576759,0.6712137460708618,0.9474939490839708,0.0006904598364296058,0.901041511581106,0.5,False,1.2096034183880646,False
27,000027.jpg,,,,29.037925587471904,28.881498496133077,-0.15642709133882704,,True,,,,,,,,,,,,,,,,,,,,,,,,,,,,,,,,,,,,,,,,,,,,,grid,30.037925587471904,1.0,1.1333196065443076,0.8297000527381897,0.8878681341978341,0.0016675385607716937,2.1761171123104055,1.0,False,1.819480750424075,False
27,000027.jpg,,,,29.037925587471904,28.881498496133077,-0.15642709133882704,,True,,,,,,,,,,,,,,,,,,,,,,,,,,,,,,,,,,,,,,,,,,,,,grid,31.037925587471904,2.0,1.2747385071115513,0.9332324266433716,0.8429411868628871,0.0035570128626811006,4.641857610540936,2.0,False,2.6522617228838983,False
27,000027.jpg,,,,29.037925587471904,28.881498496133077,-0.15642709133882704,,True,,,,,,,,,,,,,,,,,,,,,,,,,,,,,,,,,,,,,,,,,,,,,grid,32.037925587471904,3.0,1.3201875310603204,0.9665055274963379,0.8320407045562956,0.005166682686346273,6.742456739610812,3.0,False,3.2637610114067277,False
27,000027.jpg,,,,29.037925587471904,28.881498496133077,-0.15642709133882704,,True,,,,,,,,,,,,,,,,,,,,,,,,,,,,,,,,,,,,,,,,,,,,,clamped_raw_observation,28.881498496133077,-0.15642709133882704,0.8942076532629375,0.6546468734741211,0.9442079041746904,0.00064137041529951,0.8369804266577217,,False,1.1639376684928424,False
28,000028.jpg,,,,29.037925587471904,28.87865465968744,-0.15927092778446195,,True,,,,,,,,,,,,,,,,,,,,,,,,,,,,,,,,,,,,,,,,,,,,,prediction,29.037925587471904,0.0,0.8385625555404052,0.5846703052520752,0.9563466124900627,0.0004376162396511063,0.6810414680194875,,False,1.0524763100552144,True
28,000028.jpg,,,,29.037925587471904,28.87865465968744,-0.15927092778446195,,True,,,,,,,,,,,,,,,,,,,,,,,,,,,,,,,,,,,,,,,,,,,,,grid,26.037925587471904,-3.0,1.4047851839250305,0.9794572591781616,0.8295026941082944,0.005769020955388744,8.97805461613016,-3.0,False,3.909796143849276,False
28,000028.jpg,,,,29.037925587471904,28.87865465968744,-0.15927092778446195,,True,,,,,,,,,,,,,,,,,,,,,,,,,,,,,,,,,,,,,,,,,,,,,grid,27.037925587471904,-2.0,1.3598819070464665,0.9481493830680847,0.8410917763448459,0.004182847992827495,6.5095686115505025,-2.0,False,3.2061822835892464,False
28,000028.jpg,,,,29.037925587471904,28.87865465968744,-0.15927092778446195,,True,,,,,,,,,,,,,,,,,,,,,,,,,,,,,,,,,,,,,,,,,,,,,grid,28.037925587471904,-1.0,1.2605702981774412,0.8789064288139343,0.8684038512498896,0.0023453141717861095,3.6499015845333993,-1.0,False,2.334641843060901,False
28,000028.jpg,,,,29.037925587471904,28.87865465968744,-0.15927092778446195,,True,,,,,,,,,,,,,,,,,,,,,,,,,,,,,,,,,,,,,,,,,,,,,grid,28.537925587471904,-0.5,1.1381649086797123,0.7935618162155151,0.9078703294761947,0.0013015027507208288,2.0254672100125606,-0.5,False,1.7516613817066575,False
28,000028.jpg,,,,29.037925587471904,28.87865465968744,-0.15927092778446195,,True,,,,,,,,,,,,,,,,,,,,,,,,,,,,,,,,,,,,,,,,,,,,,grid,29.537925587471904,0.5,0.9618724067786757,0.670645534992218,0.9454818478932956,0.0006812601447260628,1.0602129606463142,0.5,False,1.2964437990469586,False
28,000028.jpg,,,,29.037925587471904,28.87865465968744,-0.15927092778446195,,True,,,,,,,,,,,,,,,,,,,,,,,,,,,,,,,,,,,,,,,,,,,,,grid,30.037925587471904,1.0,1.187298724136177,0.8278193473815918,0.8899390513205547,0.0016390477442958702,2.550772528047034,1.0,False,1.9650528048273808,False
28,000028.jpg,,,,29.037925587471904,28.87865465968744,-0.15927092778446195,,True,,,,,,,,,,,,,,,,,,,,,,,,,,,,,,,,,,,,,,,,,,,,,grid,31.037925587471904,2.0,1.3459722600387345,0.9384511709213257,0.8425050790566204,0.0035601445318510136,5.540484649898747,2.0,False,2.9485883434568008,False
28,000028.jpg,,,,29.037925587471904,28.87865465968744,-0.15927092778446195,,True,,,,,,,,,,,,,,,,,,,,,,,,,,,,,,,,,,,,,,,,,,,,,grid,32.037925587471904,3.0,1.383381840579642,0.9645342230796814,0.8338485999470011,0.00516491678232948,8.037915847091359,3.0,False,3.6490122024054807,False
28,000028.jpg,,,,29.037925587471904,28.87865465968744,-0.15927092778446195,,True,,,,,,,,,,,,,,,,,,,,,,,,,,,,,,,,,,,,,,,,,,,,,clamped_raw_observation,28.87865465968744,-0.15927092778446195,0.9396294869915235,0.6551371216773987,0.9438565497747549,0.000639981774535651,0.9959733843126235,,False,1.2495444111284584,False
29,000029.jpg,,,,29.037925587471904,28.877553130521704,-0.1603724569501992,,True,,,,,,,,,,,,,,,,,,,,,,,,,,,,,,,,,,,,,,,,,,,,,prediction,29.037925587471904,0.0,0.7776683223385354,0.5447888374328613,0.9619465595036661,0.00036695577728096396,0.5542211717291171,,False,0.9542770557671486,True
29,000029.jpg,,,,29.037925587471904,28.877553130521704,-0.1603724569501992,,True,,,,,,,,,,,,,,,,,,,,,,,,,,,,,,,,,,,,,,,,,,,,,grid,26.037925587471904,-3.0,1.3936962685867447,0.9763419032096863,0.8302312464749013,0.005777107939744989,8.72528988450715,-3.0,False,3.8347874932386308,False
29,000029.jpg,,,,29.037925587471904,28.877553130521704,-0.1603724569501992,,True,,,,,,,,,,,,,,,,,,,,,,,,,,,,,,,,,,,,,,,,,,,,,grid,27.037925587471904,-2.0,1.3518760187708232,0.947045087814331,0.8405245346869712,0.0042253896438827114,6.381696499771215,-2.0,False,3.1667756090266557,False
29,000029.jpg,,,,29.037925587471904,28.877553130521704,-0.1603724569501992,,True,,,,,,,,,,,,,,,,,,,,,,,,,,,,,,,,,,,,,,,,,,,,,grid,28.037925587471904,-1.0,1.2585071352032573,0.8816363215446472,0.8650415961646926,0.0023344925915201506,3.5258341728589513,-1.0,False,2.3049240822533026,False
29,000029.jpg,,,,29.037925587471904,28.877553130521704,-0.1603724569501992,,True,,,,,,,,,,,,,,,,,,,,,,,,,,,,,,,,,,,,,,,,,,,,,grid,28.537925587471904,-0.5,1.140506183286943,0.7989717721939087,0.9065320078962211,0.0012877391030391057,1.9448999545830523,-0.5,False,1.7351991640364848,False
29,000029.jpg,,,,29.037925587471904,28.877553130521704,-0.1603724569501992,,True,,,,,,,,,,,,,,,,,,,,,,,,,,,,,,,,,,,,,,,,,,,,,grid,29.537925587471904,0.5,0.9407236401797172,0.6590158343315125,0.9506662436548223,0.0006476087000919506,0.9780972934842804,0.5,False,1.249581719895965,False
29,000029.jpg,,,,29.037925587471904,28.877553130521704,-0.1603724569501992,,True,,,,,,,,,,,,,,,,,,,,,,,,,,,,,,,,,,,,,,,,,,,,,grid,30.037925587471904,1.0,1.1864373366286813,0.8311484456062317,0.8854519176536944,0.0016144445301809658,2.4383301602129457,1.0,False,1.9405679590282234,False
29,000029.jpg,,,,29.037925587471904,28.877553130521704,-0.1603724569501992,,True,,,,,,,,,,,,,,,,,,,,,,,,,,,,,,,,,,,,,,,,,,,,,grid,31.037925587471904,2.0,1.3347587120167268,0.9350537061691284,0.8448780315848844,0.003504374724191924,5.292732220243757,2.0,False,2.8730637354927815,False
29,000029.jpg,,,,29.037925587471904,28.877553130521704,-0.1603724569501992,,True,,,,,,,,,,,,,,,,,,,,,,,,,,,,,,,,,,,,,,,,,,,,,grid,32.037925587471904,3.0,1.3810025479161558,0.967449426651001,0.833262831359278,0.0051427084642151994,7.767142765860609,3.0,False,3.57952540802203,False
29,000029.jpg,,,,29.037925587471904,28.877553130521704,-0.1603724569501992,,True,,,,,,,,,,,,,,,,,,,,,,,,,,,,,,,,,,,,,,,,,,,,,clamped_raw_observation,28.877553130521704,-0.1603724569501992,0.9444623876491155,0.6616349816322327,0.9488860688099267,0.0006279833372294282,0.9484566875184333,,False,1.2375016644273031,False
30,000030.jpg,,,,29.037925587471904,28.8851339450041,-0.15279164246780397,,True,,,,,,,,,,,,,,,,,,,,,,,,,,,,,,,,,,,,,,,,,,,,,prediction,29.037925587471904,0.0,0.8210972773496135,0.5939274430274963,0.9598272289918179,0.00041009538108482957,0.5666600399081402,,False,1.0029350583348307,True
30,000030.jpg,,,,29.037925587471904,28.8851339450041,-0.15279164246780397,,True,,,,,,,,,,,,,,,,,,,,,,,,,,,,,,,,,,,,,,,,,,,,,grid,26.037925587471904,-3.0,1.3475783665943502,0.9747490286827087,0.8285634020437546,0.005791772545004885,8.002933495153053,-3.0,False,3.609748338338859,False
30,000030.jpg,,,,29.037925587471904,28.8851339450041,-0.15279164246780397,,True,,,,,,,,,,,,,,,,,,,,,,,,,,,,,,,,,,,,,,,,,,,,,grid,27.037925587471904,-2.0,1.320196121668542,0.954942524433136,0.8393615900551322,0.004242349105576674,5.861977053023848,-2.0,False,3.006328794869372,False
30,000030.jpg,,,,29.037925587471904,28.8851339450041,-0.15279164246780397,,True,,,,,,,,,,,,,,,,,,,,,,,,,,,,,,,,,,,,,,,,,,,,,grid,28.037925587471904,-1.0,1.226791121078539,0.88737952709198,0.8646802682866875,0.002352319269751509,3.250378796630116,-1.0,False,2.20470555194938,False
30,000030.jpg,,,,29.037925587471904,28.8851339450041,-0.15279164246780397,,True,,,,,,,,,,,,,,,,,,,,,,,,,,,,,,,,,,,,,,,,,,,,,grid,28.537925587471904,-0.5,1.1114990629167516,0.8039848804473877,0.905063735646311,0.0013236185574593644,1.8289446289518918,-0.5,False,1.6786714845084132,False
30,000030.jpg,,,,29.037925587471904,28.8851339450041,-0.15279164246780397,,True,,,,,,,,,,,,,,,,,,,,,,,,,,,,,,,,,,,,,,,,,,,,,grid,29.537925587471904,0.5,0.9227084309805061,0.6674262285232544,0.9452365066544931,0.000690035032069621,0.9534739888467639,0.5,False,1.230840421537704,False
30,000030.jpg,,,,29.037925587471904,28.8851339450041,-0.15279164246780397,,True,,,,,,,,,,,,,,,,,,,,,,,,,,,,,,,,,,,,,,,,,,,,,grid,30.037925587471904,1.0,1.1528190615192022,0.8338730335235596,0.8866453629244654,0.0016196047751388203,2.2379313419424625,1.0,False,1.8556565340803526,False
30,000030.jpg,,,,29.037925587471904,28.8851339450041,-0.15279164246780397,,True,,,,,,,,,,,,,,,,,,,,,,,,,,,,,,,,,,,,,,,,,,,,,grid,31.037925587471904,2.0,1.2891342675819297,0.9324744343757629,0.843452610878955,0.0035298601530181863,4.87747677110678,2.0,False,2.7250508494796697,False
30,000030.jpg,,,,29.037925587471904,28.8851339450041,-0.15279164246780397,,True,,,,,,,,,,,,,,,,,,,,,,,,,,,,,,,,,,,,,,,,,,,,,grid,32.037925587471904,3.0,1.332281627960481,0.9636843800544739,0.8326895389261509,0.005149276849503319,7.115148230440659,3.0,False,3.368379146644495,False
30,000030.jpg,,,,29.037925587471904,28.8851339450041,-0.15279164246780397,,True,,,,,,,,,,,,,,,,,,,,,,,,,,,,,,,,,,,,,,,,,,,,,clamped_raw_observation,28.8851339450041,-0.15279164246780397,0.9333201653854698,0.6751020550727844,0.9460968500895459,0.0006511570245493203,0.8997532831057611,,False,1.2167453853463983,False
31,000031.jpg,,,,29.037925587471904,28.874368482408556,-0.1635571050633473,,True,,,,,,,,,,,,,,,,,,,,,,,,,,,,,,,,,,,,,,,,,,,,,prediction,29.037925587471904,0.0,0.8953620554192288,0.6658021211624146,0.9467850398009072,0.0006180256217097243,0.7582291522378733,,False,1.1381343036777898,True
31,000031.jpg,,,,29.037925587471904,28.874368482408556,-0.1635571050633473,,True,,,,,,,,,,,,,,,,,,,,,,,,,,,,,,,,,,,,,,,,,,,,,grid,26.037925587471904,-3.0,1.3126232491822931,0.9760826230049133,0.831053532661454,0.005794158283000191,7.108604511731298,-3.0,False,3.3487208444536636,False
31,000031.jpg,,,,29.037925587471904,28.874368482408556,-0.1635571050633473,,True,,,,,,,,,,,,,,,,,,,,,,,,,,,,,,,,,,,,,,,,,,,,,grid,27.037925587471904,-2.0,1.272341236296807,0.9461284279823303,0.840566920239335,0.004240152658894658,5.202061602266213,-2.0,False,2.7922897166240257,False
31,000031.jpg,,,,29.037925587471904,28.874368482408556,-0.1635571050633473,,True,,,,,,,,,,,,,,,,,,,,,,,,,,,,,,,,,,,,,,,,,,,,,grid,28.037925587471904,-1.0,1.1970172194968443,0.8901165723800659,0.8630178089203452,0.0023805315528685846,2.9205721539726492,-1.0,False,2.094142449069661,False
31,000031.jpg,,,,29.037925587471904,28.874368482408556,-0.1635571050633473,,True,,,,,,,,,,,,,,,,,,,,,,,,,,,,,,,,,,,,,,,,,,,,,grid,28.537925587471904,-0.5,1.074239912944657,0.7988178730010986,0.9037541698289708,0.0013501991343218833,1.6565014604686312,-0.5,False,1.5996111082328437,False
31,000031.jpg,,,,29.037925587471904,28.874368482408556,-0.1635571050633473,,True,,,,,,,,,,,,,,,,,,,,,,,,,,,,,,,,,,,,,,,,,,,,,grid,29.537925587471904,0.5,0.9380452080525551,0.6975418329238892,0.9393896605891593,0.0008167186994493628,1.00199717511253,0.5,False,1.2641548412415282,False
31,000031.jpg,,,,29.037925587471904,28.874368482408556,-0.1635571050633473,,True,,,,,,,,,,,,,,,,,,,,,,,,,,,,,,,,,,,,,,,,,,,,,grid,30.037925587471904,1.0,1.129812559445362,0.8401423692703247,0.8845861941154668,0.0017191259442673374,2.1091219546949196,1.0,False,1.8025068540036253,False
31,000031.jpg,,,,29.037925587471904,28.874368482408556,-0.1635571050633473,,True,,,,,,,,,,,,,,,,,,,,,,,,,,,,,,,,,,,,,,,,,,,,,grid,31.037925587471904,2.0,1.2535282470573694,0.9321388602256775,0.8449441375293433,0.003566326263050238,4.375372871363429,2.0,False,2.562427327368883,False
31,000031.jpg,,,,29.037925587471904,28.874368482408556,-0.1635571050633473,,True,,,,,,,,,,,,,,,,,,,,,,,,,,,,,,,,,,,,,,,,,,,,,grid,32.037925587471904,3.0,1.305107704215108,0.9704939723014832,0.8300121785481053,0.005151330726221204,6.319946928145543,3.0,False,3.145082257703389,False
31,000031.jpg,,,,29.037925587471904,28.874368482408556,-0.1635571050633473,,True,,,,,,,,,,,,,,,,,,,,,,,,,,,,,,,,,,,,,,,,,,,,,clamped_raw_observation,28.874368482408556,-0.1635571050633473,0.9101929167820239,0.676830530166626,0.9329297350724536,0.0007672359788557515,0.9412889456020396,,False,1.2174921312619806,False
32,000032.jpg,,,,29.037925587471904,28.878199034488375,-0.15972655298352834,,True,,,,,,,,,,,,,,,,,,,,,,,,,,,,,,,,,,,,,,,,,,,,,prediction,29.037925587471904,0.0,0.8790235949079923,0.646295964717865,0.9507746478873239,0.0005497954504486794,0.7701711410534694,,False,1.1207917322840357,True
32,000032.jpg,,,,29.037925587471904,28.878199034488375,-0.15972655298352834,,True,,,,,,,,,,,,,,,,,,,,,,,,,,,,,,,,,,,,,,,,,,,,,grid,26.037925587471904,-3.0,1.3413391176937206,0.9862102270126343,0.8290140845070423,0.005777297619109352,8.093024225434693,-3.0,False,3.6255810895453515,False
32,000032.jpg,,,,29.037925587471904,28.878199034488375,-0.15972655298352834,,True,,,,,,,,,,,,,,,,,,,,,,,,,,,,,,,,,,,,,,,,,,,,,grid,27.037925587471904,-2.0,1.3016385210903543,0.95702064037323,0.8374471830985916,0.004211617944141229,5.899769805431114,-2.0,False,2.9991337893495413,False
32,000032.jpg,,,,29.037925587471904,28.878199034488375,-0.15972655298352834,,True,,,,,,,,,,,,,,,,,,,,,,,,,,,,,,,,,,,,,,,,,,,,,grid,28.037925587471904,-1.0,1.1997779386706364,0.8821283578872681,0.865774647887324,0.0023407357123990855,3.2789778326681303,-1.0,False,2.183747748950345,False
32,000032.jpg,,,,29.037925587471904,28.878199034488375,-0.15972655298352834,,True,,,,,,,,,,,,,,,,,,,,,,,,,,,,,,,,,,,,,,,,,,,,,grid,28.537925587471904,-0.5,1.069765051298583,0.7865372896194458,0.908362676056338,0.0013198595552239567,1.8489016939801797,-0.5,False,1.63862779873729,False
32,000032.jpg,,,,29.037925587471904,28.878199034488375,-0.15972655298352834,,True,,,,,,,,,,,,,,,,,,,,,,,,,,,,,,,,,,,,,,,,,,,,,grid,29.537925587471904,0.5,0.9312009543967649,0.6846590042114258,0.9415140845070422,0.000763179642187121,1.069086576421024,0.5,False,1.2719585139949785,False
32,000032.jpg,,,,29.037925587471904,28.878199034488375,-0.15972655298352834,,True,,,,,,,,,,,,,,,,,,,,,,,,,,,,,,,,,,,,,,,,,,,,,grid,30.037925587471904,1.0,1.1306735911667065,0.8313198685646057,0.8897359154929577,0.0017081690214884777,2.3928580771600476,1.0,False,1.8691521949637606,False
32,000032.jpg,,,,29.037925587471904,28.878199034488375,-0.15972655298352834,,True,,,,,,,,,,,,,,,,,,,,,,,,,,,,,,,,,,,,,,,,,,,,,grid,31.037925587471904,2.0,1.271843941601567,0.9351143836975098,0.8442429577464788,0.0035734461853280663,5.00579829062115,2.0,False,2.7390505565103758,False
32,000032.jpg,,,,29.037925587471904,28.878199034488375,-0.15972655298352834,,True,,,,,,,,,,,,,,,,,,,,,,,,,,,,,,,,,,,,,,,,,,,,,grid,32.037925587471904,3.0,1.3046165522433082,0.959210216999054,0.8351056338028169,0.005178416691099604,7.254092569481524,3.0,False,3.3730340608108724,False
32,000032.jpg,,,,29.037925587471904,28.878199034488375,-0.15972655298352834,,True,,,,,,,,,,,,,,,,,,,,,,,,,,,,,,,,,,,,,,,,,,,,,clamped_raw_observation,28.878199034488375,-0.15972655298352834,0.9103843261279329,0.669353723526001,0.9380457746478873,0.0006962416470438862,0.975317680994144,,False,1.2209597683180875,False
33,000033.jpg,,,,29.037925587471904,28.88441844346025,-0.15350714401165533,,True,,,,,,,,,,,,,,,,,,,,,,,,,,,,,,,,,,,,,,,,,,,,,prediction,29.037925587471904,0.0,0.8850165544705069,0.5803602933883667,0.962622581383475,0.00040258683535891276,0.7835878141579153,,False,1.1182909266265106,True
33,000033.jpg,,,,29.037925587471904,28.88441844346025,-0.15350714401165533,,True,,,,,,,,,,,,,,,,,,,,,,,,,,,,,,,,,,,,,,,,,,,,,grid,26.037925587471904,-3.0,1.4872736996701104,0.9752976894378662,0.8322505677916865,0.005735131756712993,11.16275785109546,-3.0,False,4.5357125946522885,False
33,000033.jpg,,,,29.037925587471904,28.88441844346025,-0.15350714401165533,,True,,,,,,,,,,,,,,,,,,,,,,,,,,,,,,,,,,,,,,,,,,,,,grid,27.037925587471904,-2.0,1.4473545478029082,0.9491202235221863,0.8389232204792338,0.004182535378883283,8.14081203687512,-2.0,False,3.7036343365424544,False
33,000033.jpg,,,,29.037925587471904,28.88441844346025,-0.15350714401165533,,True,,,,,,,,,,,,,,,,,,,,,,,,,,,,,,,,,,,,,,,,,,,,,grid,28.037925587471904,-1.0,1.3440170400246794,0.8813554048538208,0.86552580151059,0.00231813119413952,4.511969085446277,-1.0,False,2.6364835098756587,False
33,000033.jpg,,,,29.037925587471904,28.88441844346025,-0.15350714401165533,,True,,,,,,,,,,,,,,,,,,,,,,,,,,,,,,,,,,,,,,,,,,,,,grid,28.537925587471904,-0.5,1.2062040952704187,0.7909829020500183,0.9060194721738059,0.0012891644146293402,2.5092065537835753,-0.5,False,1.9424862615425065,False
33,000033.jpg,,,,29.037925587471904,28.88441844346025,-0.15350714401165533,,True,,,,,,,,,,,,,,,,,,,,,,,,,,,,,,,,,,,,,,,,,,,,,grid,29.537925587471904,0.5,1.0615877566906402,0.6961489915847778,0.9429919540836986,0.0006969351137134557,1.356502037325088,0.5,False,1.4727213119382134,False
33,000033.jpg,,,,29.037925587471904,28.88441844346025,-0.15350714401165533,,True,,,,,,,,,,,,,,,,,,,,,,,,,,,,,,,,,,,,,,,,,,,,,grid,30.037925587471904,1.0,1.27586312207879,0.8366626501083374,0.8864240567615627,0.001709747137889887,3.32782124221099,1.0,False,2.2513943758699746,False
33,000033.jpg,,,,29.037925587471904,28.88441844346025,-0.15350714401165533,,True,,,,,,,,,,,,,,,,,,,,,,,,,,,,,,,,,,,,,,,,,,,,,grid,31.037925587471904,2.0,1.4193333819311678,0.930745005607605,0.8462472930861459,0.0036038234441851578,7.01441748020035,2.0,False,3.3866904588951097,False
33,000033.jpg,,,,29.037925587471904,28.88441844346025,-0.15350714401165533,,True,,,,,,,,,,,,,,,,,,,,,,,,,,,,,,,,,,,,,,,,,,,,,grid,32.037925587471904,3.0,1.4785666280853187,0.9695879220962524,0.8326731104420853,0.0052318348704526825,10.183149795542407,3.0,False,4.281680966528835,False
33,000033.jpg,,,,29.037925587471904,28.88441844346025,-0.15350714401165533,,True,,,,,,,,,,,,,,,,,,,,,,,,,,,,,,,,,,,,,,,,,,,,,clamped_raw_observation,28.88441844346025,-0.15350714401165533,1.020213941967278,0.6690176129341125,0.9497174246025458,0.00063568814463603,1.2372920324067913,,False,1.3844247397867797,False
34,000034.jpg,,,,29.037925587471904,28.883148069236057,-0.1547775182358464,,True,,,,,,,,,,,,,,,,,,,,,,,,,,,,,,,,,,,,,,,,,,,,,prediction,29.037925587471904,0.0,0.9197657187590452,0.5129045844078064,0.9604037130326035,0.0003393243969185278,0.8655545895606853,,False,1.175750653116613,True
34,000034.jpg,,,,29.037925587471904,28.883148069236057,-0.1547775182358464,,True,,,,,,,,,,,,,,,,,,,,,,,,,,,,,,,,,,,,,,,,,,,,,grid,26.037925587471904,-3.0,1.76263488476195,0.9829280376434326,0.8289856093565603,0.005716848652809858,14.58263724683337,-3.0,False,5.669308587113732,False
34,000034.jpg,,,,29.037925587471904,28.883148069236057,-0.1547775182358464,,True,,,,,,,,,,,,,,,,,,,,,,,,,,,,,,,,,,,,,,,,,,,,,grid,27.037925587471904,-2.0,1.7109074149369308,0.9540823698043823,0.8395011713314428,0.004171651205979288,10.641120650834594,-2.0,False,4.591686406314136,False
34,000034.jpg,,,,29.037925587471904,28.883148069236057,-0.1547775182358464,,True,,,,,,,,,,,,,,,,,,,,,,,,,,,,,,,,,,,,,,,,,,,,,grid,28.037925587471904,-1.0,1.5833910517623146,0.8829732537269592,0.8663096894650626,0.002301367116160691,5.870367376310984,-1.0,False,3.214673206374998,False
34,000034.jpg,,,,29.037925587471904,28.883148069236057,-0.1547775182358464,,True,,,,,,,,,,,,,,,,,,,,,,,,,,,,,,,,,,,,,,,,,,,,,grid,28.537925587471904,-0.5,1.399900531907389,0.7806503176689148,0.9075440790516619,0.0012537265041222174,3.198027432013411,-0.5,False,2.30686331085908,False
34,000034.jpg,,,,29.037925587471904,28.883148069236057,-0.1547775182358464,,True,,,,,,,,,,,,,,,,,,,,,,,,,,,,,,,,,,,,,,,,,,,,,grid,29.537925587471904,0.5,1.1985354696847847,0.6683596968650818,0.956405333521216,0.0006079181912355125,1.5506883244462561,0.5,False,1.6448022172751326,False
34,000034.jpg,,,,29.037925587471904,28.883148069236057,-0.1547775182358464,,True,,,,,,,,,,,,,,,,,,,,,,,,,,,,,,,,,,,,,,,,,,,,,grid,30.037925587471904,1.0,1.4842520610823444,0.8276886940002441,0.8879749176545189,0.0016651508534171928,4.247495837536834,1.0,False,2.688151102812034,False
34,000034.jpg,,,,29.037925587471904,28.883148069236057,-0.1547775182358464,,True,,,,,,,,,,,,,,,,,,,,,,,,,,,,,,,,,,,,,,,,,,,,,grid,31.037925587471904,2.0,1.6697735214355556,0.9311441779136658,0.8459655117749635,0.003613015190542986,9.216142159910227,2.0,False,4.187843549638148,False
34,000034.jpg,,,,29.037925587471904,28.883148069236057,-0.1547775182358464,,True,,,,,,,,,,,,,,,,,,,,,,,,,,,,,,,,,,,,,,,,,,,,,grid,32.037925587471904,3.0,1.7359263230667212,0.9680340886116028,0.8322970426082821,0.005265439084420602,13.431173847092204,3.0,False,5.35142274223149,False
34,000034.jpg,,,,29.037925587471904,28.883148069236057,-0.1547775182358464,,True,,,,,,,,,,,,,,,,,,,,,,,,,,,,,,,,,,,,,,,,,,,,,clamped_raw_observation,28.883148069236057,-0.1547775182358464,1.1653580616184847,0.6498584151268005,0.9560706673947122,0.0005560735492811849,1.4184421075658558,,False,1.5685412466623119,False
35,000035.jpg,,,,29.037925587471904,28.877718873651816,-0.160206713820088,,True,,,,,,,,,,,,,,,,,,,,,,,,,,,,,,,,,,,,,,,,,,,,,prediction,29.037925587471904,0.0,0.8139624767024926,0.5297237634658813,0.9575691309255079,0.00034466686580951017,0.6637767980013303,,False,1.0223375452773173,True
35,000035.jpg,,,,29.037925587471904,28.877718873651816,-0.160206713820088,,True,,,,,,,,,,,,,,,,,,,,,,,,,,,,,,,,,,,,,,,,,,,,,grid,26.037925587471904,-3.0,1.498543945853616,0.9752468466758728,0.8323751410835214,0.005760761986797054,11.094365385726675,-3.0,False,4.529760151201764,False
35,000035.jpg,,,,29.037925587471904,28.877718873651816,-0.160206713820088,,True,,,,,,,,,,,,,,,,,,,,,,,,,,,,,,,,,,,,,,,,,,,,,grid,27.037925587471904,-2.0,1.4739192475191303,0.9592211842536926,0.8396233069977427,0.004191291052848101,8.071799266276823,-2.0,False,3.7122457570905936,False
35,000035.jpg,,,,29.037925587471904,28.877718873651816,-0.160206713820088,,True,,,,,,,,,,,,,,,,,,,,,,,,,,,,,,,,,,,,,,,,,,,,,grid,28.037925587471904,-1.0,1.3606325015684317,0.885494589805603,0.8641189334085779,0.0023322550114244223,4.491574088416895,-1.0,False,2.6494070902640776,False
35,000035.jpg,,,,29.037925587471904,28.877718873651816,-0.160206713820088,,True,,,,,,,,,,,,,,,,,,,,,,,,,,,,,,,,,,,,,,,,,,,,,grid,28.537925587471904,-0.5,1.219537484372925,0.7936704754829407,0.9041337471783296,0.001270171410093705,2.446160032020028,-0.5,False,1.9419437451996024,False
35,000035.jpg,,,,29.037925587471904,28.877718873651816,-0.160206713820088,,True,,,,,,,,,,,,,,,,,,,,,,,,,,,,,,,,,,,,,,,,,,,,,grid,29.537925587471904,0.5,1.0262625531778486,0.6678878664970398,0.9528604683972912,0.0006293704645941034,1.2120733182857537,0.5,False,1.3914204143519957,False
35,000035.jpg,,,,29.037925587471904,28.877718873651816,-0.160206713820088,,True,,,,,,,,,,,,,,,,,,,,,,,,,,,,,,,,,,,,,,,,,,,,,grid,30.037925587471904,1.0,1.2855496380013829,0.8366309404373169,0.8851227426636569,0.0016802575167578955,3.235924496750532,1.0,False,2.2394080195253587,False
35,000035.jpg,,,,29.037925587471904,28.877718873651816,-0.160206713820088,,True,,,,,,,,,,,,,,,,,,,,,,,,,,,,,,,,,,,,,,,,,,,,,grid,31.037925587471904,2.0,1.4459908137985356,0.9410454630851746,0.8413515801354402,0.003602745030851414,6.93834771432726,2.0,False,3.39922616224491,False
35,000035.jpg,,,,29.037925587471904,28.877718873651816,-0.160206713820088,,True,,,,,,,,,,,,,,,,,,,,,,,,,,,,,,,,,,,,,,,,,,,,,grid,32.037925587471904,3.0,1.4763462181333602,0.9608006477355957,0.8340505079006773,0.005248990453158815,10.108770007683095,3.0,False,4.259488212153457,False
35,000035.jpg,,,,29.037925587471904,28.877718873651816,-0.160206713820088,,True,,,,,,,,,,,,,,,,,,,,,,,,,,,,,,,,,,,,,,,,,,,,,clamped_raw_observation,28.877718873651816,-0.160206713820088,1.0048195960086275,0.6539328694343567,0.9542007618510158,0.0005872949841432273,1.1310422402839428,,False,1.3381855956432,False
36,000036.jpg,,,,29.037925587471904,28.876594991317063,-0.16133059615484058,,True,,,,,,,,,,,,,,,,,,,,,,,,,,,,,,,,,,,,,,,,,,,,,prediction,29.037925587471904,0.0,0.8323092043853408,0.5320077538490295,0.9580727234177886,0.0003610715308847527,0.7453154939008747,,False,1.060565354442771,True
36,000036.jpg,,,,29.037925587471904,28.876594991317063,-0.16133059615484058,,True,,,,,,,,,,,,,,,,,,,,,,,,,,,,,,,,,,,,,,,,,,,,,grid,26.037925587471904,-3.0,1.5499139772713497,0.9906970262527466,0.8273967277995689,0.005784777148316304,11.94080305040722,-3.0,False,4.797718012073586,False
36,000036.jpg,,,,29.037925587471904,28.876594991317063,-0.16133059615484058,,True,,,,,,,,,,,,,,,,,,,,,,,,,,,,,,,,,,,,,,,,,,,,,grid,27.037925587471904,-2.0,1.4925722054735633,0.9540444612503052,0.8406304109685855,0.004166498042953511,8.600388790308964,-2.0,False,3.8620389920822187,False
36,000036.jpg,,,,29.037925587471904,28.876594991317063,-0.16133059615484058,,True,,,,,,,,,,,,,,,,,,,,,,,,,,,,,,,,,,,,,,,,,,,,,grid,28.037925587471904,-1.0,1.4016150825585072,0.8959051370620728,0.8625569808120428,0.0023018786838899055,4.751484682216323,-1.0,False,2.7569292723005447,False
36,000036.jpg,,,,29.037925587471904,28.876594991317063,-0.16133059615484058,,True,,,,,,,,,,,,,,,,,,,,,,,,,,,,,,,,,,,,,,,,,,,,,grid,28.537925587471904,-0.5,1.2368001036935223,0.7905562520027161,0.9059330718399944,0.0012772853951901197,2.6365429388348884,-0.5,False,2.00500276656225,False
36,000036.jpg,,,,29.037925587471904,28.876594991317063,-0.16133059615484058,,True,,,,,,,,,,,,,,,,,,,,,,,,,,,,,,,,,,,,,,,,,,,,,grid,29.537925587471904,0.5,1.044334202730161,0.6675330400466919,0.9524364818544825,0.0006358194077620283,1.3124436999137807,0.5,False,1.4350086458541236,False
36,000036.jpg,,,,29.037925587471904,28.876594991317063,-0.16133059615484058,,True,,,,,,,,,,,,,,,,,,,,,,,,,,,,,,,,,,,,,,,,,,,,,grid,30.037925587471904,1.0,1.3016476266585602,0.8320064544677734,0.8861443867274462,0.0016522515700974811,3.410539435214446,1.0,False,2.298138098734725,False
36,000036.jpg,,,,29.037925587471904,28.876594991317063,-0.16133059615484058,,True,,,,,,,,,,,,,,,,,,,,,,,,,,,,,,,,,,,,,,,,,,,,,grid,31.037925587471904,2.0,1.4677774244655168,0.9381957650184631,0.8418672037881197,0.003599348710849881,7.429692270601106,2.0,False,3.543333288327674,False
36,000036.jpg,,,,29.037925587471904,28.876594991317063,-0.16133059615484058,,True,,,,,,,,,,,,,,,,,,,,,,,,,,,,,,,,,,,,,,,,,,,,,grid,32.037925587471904,3.0,1.4997393674508646,0.9586256742477417,0.8365136577264214,0.005211412945451836,10.757277938372258,3.0,False,4.442545194317508,False
36,000036.jpg,,,,29.037925587471904,28.876594991317063,-0.16133059615484058,,True,,,,,,,,,,,,,,,,,,,,,,,,,,,,,,,,,,,,,,,,,,,,,clamped_raw_observation,28.876594991317063,-0.16133059615484058,1.0149470668813894,0.6487489342689514,0.9558288278737764,0.0005743154955174153,1.1854887483032064,,False,1.3603303439680599,False
37,000037.jpg,,,,29.037925587471904,28.878743279533865,-0.159182307938039,,True,,,,,,,,,,,,,,,,,,,,,,,,,,,,,,,,,,,,,,,,,,,,,prediction,29.037925587471904,0.0,0.7809348684416917,0.5193124413490295,0.9600288778151468,0.00034358989311537397,0.6191530581220027,,False,0.9756942551570456,True
37,000037.jpg,,,,29.037925587471904,28.878743279533865,-0.159182307938039,,True,,,,,,,,,,,,,,,,,,,,,,,,,,,,,,,,,,,,,,,,,,,,,grid,26.037925587471904,-3.0,1.4746727736372478,0.9806399345397949,0.829937842263739,0.005766799130166571,10.391840355499017,-3.0,False,4.332695020248263,False
37,000037.jpg,,,,29.037925587471904,28.878743279533865,-0.159182307938039,,True,,,,,,,,,,,,,,,,,,,,,,,,,,,,,,,,,,,,,,,,,,,,,grid,27.037925587471904,-2.0,1.436229692604859,0.955075740814209,0.8374038139846103,0.004184812773019075,7.5410821971202,-2.0,False,3.5440964279002984,False
37,000037.jpg,,,,29.037925587471904,28.878743279533865,-0.159182307938039,,True,,,,,,,,,,,,,,,,,,,,,,,,,,,,,,,,,,,,,,,,,,,,,grid,28.037925587471904,-1.0,1.3298253507997473,0.8843181133270264,0.8655596837527073,0.002300006162840873,4.144638355075817,-1.0,False,2.530425255815994,False
37,000037.jpg,,,,29.037925587471904,28.878743279533865,-0.159182307938039,,True,,,,,,,,,,,,,,,,,,,,,,,,,,,,,,,,,,,,,,,,,,,,,grid,28.537925587471904,-0.5,1.194432020364536,0.7942831516265869,0.9061471007730099,0.0012733846670016646,2.294654256535437,-0.5,False,1.8769484837253851,False
37,000037.jpg,,,,29.037925587471904,28.878743279533865,-0.159182307938039,,True,,,,,,,,,,,,,,,,,,,,,,,,,,,,,,,,,,,,,,,,,,,,,grid,29.537925587471904,0.5,1.0006679424379181,0.665432333946228,0.9529150745716751,0.0006347377687537422,1.1438049794364897,0.5,False,1.3487041127253652,False
37,000037.jpg,,,,29.037925587471904,28.878743279533865,-0.159182307938039,,True,,,,,,,,,,,,,,,,,,,,,,,,,,,,,,,,,,,,,,,,,,,,,grid,30.037925587471904,1.0,1.2528343185454416,0.8331199884414673,0.8860558891373633,0.001657491287915036,2.9868189381768873,1.0,False,2.1434831639523,False
37,000037.jpg,,,,29.037925587471904,28.878743279533865,-0.159182307938039,,True,,,,,,,,,,,,,,,,,,,,,,,,,,,,,,,,,,,,,,,,,,,,,grid,31.037925587471904,2.0,1.4090219734418485,0.9369829297065735,0.8446937014667817,0.0036227137704069414,6.528173134868572,2.0,False,3.2563715556922097,False
37,000037.jpg,,,,29.037925587471904,28.878743279533865,-0.159182307938039,,True,,,,,,,,,,,,,,,,,,,,,,,,,,,,,,,,,,,,,,,,,,,,,grid,32.037925587471904,3.0,1.4428829442529791,0.9595000743865967,0.8330369248648554,0.005287152249366045,9.527510993614662,3.0,False,4.0817237677917895,False
37,000037.jpg,,,,29.037925587471904,28.878743279533865,-0.159182307938039,,True,,,,,,,,,,,,,,,,,,,,,,,,,,,,,,,,,,,,,,,,,,,,,clamped_raw_observation,28.878743279533865,-0.159182307938039,0.9906536460317389,0.6587729454040527,0.9510485816414572,0.0005820443329866976,1.0488507838916117,,False,1.3065932296013258,False
38,000038.jpg,,,,29.037925587471904,28.87675965951928,-0.16116592795262363,,True,,,,,,,,,,,,,,,,,,,,,,,,,,,,,,,,,,,,,,,,,,,,,prediction,29.037925587471904,0.0,0.8138505111665336,0.5492762923240662,0.9578361037175442,0.0003905642030683036,0.6735165577976059,,False,1.024393546898391,True
38,000038.jpg,,,,29.037925587471904,28.87675965951928,-0.16116592795262363,,True,,,,,,,,,,,,,,,,,,,,,,,,,,,,,,,,,,,,,,,,,,,,,grid,26.037925587471904,-3.0,1.4697685796847513,0.9919623136520386,0.826461722867568,0.005796023334066073,9.995072907877544,-3.0,False,4.232075083786569,False
38,000038.jpg,,,,29.037925587471904,28.87675965951928,-0.16116592795262363,,True,,,,,,,,,,,,,,,,,,,,,,,,,,,,,,,,,,,,,,,,,,,,,grid,27.037925587471904,-2.0,1.414560297868432,0.9547016620635986,0.8389592991486137,0.004188799803766112,7.223462885159626,-2.0,False,3.441466720009725,False
38,000038.jpg,,,,29.037925587471904,28.87675965951928,-0.16116592795262363,,True,,,,,,,,,,,,,,,,,,,,,,,,,,,,,,,,,,,,,,,,,,,,,grid,28.037925587471904,-1.0,1.2963605437370618,0.8749274015426636,0.8688547707602545,0.0023146847961470485,3.9916063070807644,-1.0,False,2.455407349746998,False
38,000038.jpg,,,,29.037925587471904,28.87675965951928,-0.16116592795262363,,True,,,,,,,,,,,,,,,,,,,,,,,,,,,,,,,,,,,,,,,,,,,,,grid,28.537925587471904,-0.5,1.1664079335024269,0.7872210144996643,0.9067529216830305,0.0012798949804467459,2.207141501450328,-0.5,False,1.8264403871819785,False
38,000038.jpg,,,,29.037925587471904,28.87675965951928,-0.16116592795262363,,True,,,,,,,,,,,,,,,,,,,,,,,,,,,,,,,,,,,,,,,,,,,,,grid,29.537925587471904,0.5,0.9921517214336685,0.6696136593818665,0.9501330842044032,0.0006540380175768709,1.127869453489332,0.5,False,1.3389860006015981,False
38,000038.jpg,,,,29.037925587471904,28.87675965951928,-0.16116592795262363,,True,,,,,,,,,,,,,,,,,,,,,,,,,,,,,,,,,,,,,,,,,,,,,grid,30.037925587471904,1.0,1.2279047647644818,0.8287258744239807,0.8867814774990745,0.0016713460790924728,2.8821874847604088,1.0,False,2.0916701584555093,False
38,000038.jpg,,,,29.037925587471904,28.87675965951928,-0.16116592795262363,,True,,,,,,,,,,,,,,,,,,,,,,,,,,,,,,,,,,,,,,,,,,,,,grid,31.037925587471904,2.0,1.382819576229873,0.9332795143127441,0.8441240239022757,0.0036134599164749184,6.23130605816988,2.0,False,3.156522066870067,False
38,000038.jpg,,,,29.037925587471904,28.87675965951928,-0.16116592795262363,,True,,,,,,,,,,,,,,,,,,,,,,,,,,,,,,,,,,,,,,,,,,,,,grid,32.037925587471904,3.0,1.4287736065678012,0.9642943739891052,0.8339708448643599,0.005239814597492416,9.035907191380657,3.0,False,3.9437795595486054,False
38,000038.jpg,,,,29.037925587471904,28.87675965951928,-0.16116592795262363,,True,,,,,,,,,,,,,,,,,,,,,,,,,,,,,,,,,,,,,,,,,,,,,clamped_raw_observation,28.87675965951928,-0.16116592795262363,0.973152540995768,0.6567909121513367,0.9496395268900601,0.000616037742778038,1.0623390897826586,,False,1.2939327643899512,False
39,000039.jpg,,,,29.037925587471904,28.879498113659565,-0.15842747381233835,,True,,,,,,,,,,,,,,,,,,,,,,,,,,,,,,,,,,,,,,,,,,,,,prediction,29.037925587471904,0.0,0.8932536567061021,0.5939289927482605,0.9621653187987754,0.00042919316911138594,0.7772810646989063,,False,1.1254086040820532,True
39,000039.jpg,,,,29.037925587471904,28.879498113659565,-0.15842747381233835,,True,,,,,,,,,,,,,,,,,,,,,,,,,,,,,,,,,,,,,,,,,,,,,grid,26.037925587471904,-3.0,1.4848518071029824,0.9872856736183167,0.8265939938770815,0.005733574895809094,10.383667589054333,-3.0,False,4.344174710489484,False
39,000039.jpg,,,,29.037925587471904,28.879498113659565,-0.15842747381233835,,True,,,,,,,,,,,,,,,,,,,,,,,,,,,,,,,,,,,,,,,,,,,,,grid,27.037925587471904,-2.0,1.4258480619632463,0.948053777217865,0.8416712382098427,0.004184769738155107,7.578737295207977,-2.0,False,3.5388611475553975,False
39,000039.jpg,,,,29.037925587471904,28.879498113659565,-0.15842747381233835,,True,,,,,,,,,,,,,,,,,,,,,,,,,,,,,,,,,,,,,,,,,,,,,grid,28.037925587471904,-1.0,1.3202472771136267,0.8778392672538757,0.8691181935620874,0.002315703663043678,4.193805349848465,-1.0,False,2.5295804210136557,False
39,000039.jpg,,,,29.037925587471904,28.879498113659565,-0.15842747381233835,,True,,,,,,,,,,,,,,,,,,,,,,,,,,,,,,,,,,,,,,,,,,,,,grid,28.537925587471904,-0.5,1.1799037727321053,0.784524142742157,0.9054309932931037,0.0012950492867579062,2.3453711775815873,-0.5,False,1.8758155738343982,False
39,000039.jpg,,,,29.037925587471904,28.879498113659565,-0.15842747381233835,,True,,,,,,,,,,,,,,,,,,,,,,,,,,,,,,,,,,,,,,,,,,,,,grid,29.537925587471904,0.5,1.0401638402267344,0.6916103363037109,0.9485922596400573,0.0007200427256369343,1.3040179031053718,0.5,False,1.4325760563630199,False
39,000039.jpg,,,,29.037925587471904,28.879498113659565,-0.15842747381233835,,True,,,,,,,,,,,,,,,,,,,,,,,,,,,,,,,,,,,,,,,,,,,,,grid,30.037925587471904,1.0,1.2531069205212466,0.833197295665741,0.8885310304553257,0.0017282782161297898,3.129961119163702,1.0,False,2.1770661698568463,False
39,000039.jpg,,,,29.037925587471904,28.879498113659565,-0.15842747381233835,,True,,,,,,,,,,,,,,,,,,,,,,,,,,,,,,,,,,,,,,,,,,,,,grid,31.037925587471904,2.0,1.4036110146443945,0.9332682490348816,0.8466615937284326,0.0037170968328913054,6.731768331356789,2.0,False,3.2998915037551595,False
39,000039.jpg,,,,29.037925587471904,28.879498113659565,-0.15842747381233835,,True,,,,,,,,,,,,,,,,,,,,,,,,,,,,,,,,,,,,,,,,,,,,,grid,32.037925587471904,3.0,1.4559485759988697,0.9680677652359009,0.8313719938416889,0.005366684791321556,9.719219150524882,3.0,False,4.144381369788402,False
39,000039.jpg,,,,29.037925587471904,28.879498113659565,-0.15842747381233835,,True,,,,,,,,,,,,,,,,,,,,,,,,,,,,,,,,,,,,,,,,,,,,,clamped_raw_observation,28.879498113659565,-0.15842747381233835,1.0112431285766765,0.672380805015564,0.9503264966642482,0.0006529941553405175,1.1825910308780252,,False,1.3613172138463048,False
40,000040.jpg,,,,29.037925587471904,28.87170698462174,-0.1662186028501651,,True,,,,,,,,,,,,,,,,,,,,,,,,,,,,,,,,,,,,,,,,,,,,,prediction,29.037925587471904,0.0,0.9176207696699622,0.5122179388999939,0.9559873395463337,0.000345799761513869,0.9127777385056445,,False,1.1898278647500395,True
40,000040.jpg,,,,29.037925587471904,28.87170698462174,-0.1662186028501651,,True,,,,,,,,,,,,,,,,,,,,,,,,,,,,,,,,,,,,,,,,,,,,,grid,26.037925587471904,-3.0,1.7609445686469916,0.9829631447792053,0.8292772991032179,0.005762748808289568,15.211429880051211,-3.0,False,5.824524739556576,False
40,000040.jpg,,,,29.037925587471904,28.87170698462174,-0.1662186028501651,,True,,,,,,,,,,,,,,,,,,,,,,,,,,,,,,,,,,,,,,,,,,,,,grid,27.037925587471904,-2.0,1.7163448380947988,0.9580674767494202,0.8382099525232988,0.004210530935476224,11.114174539527266,-2.0,False,4.716678520453316,False
40,000040.jpg,,,,29.037925587471904,28.87170698462174,-0.1662186028501651,,True,,,,,,,,,,,,,,,,,,,,,,,,,,,,,,,,,,,,,,,,,,,,,grid,28.037925587471904,-1.0,1.5742631749289033,0.8787571787834167,0.8673993318093899,0.002321403978082041,6.127609411861171,-1.0,False,3.268766196084806,False
40,000040.jpg,,,,29.037925587471904,28.87170698462174,-0.1662186028501651,,True,,,,,,,,,,,,,,,,,,,,,,,,,,,,,,,,,,,,,,,,,,,,,grid,28.537925587471904,-0.5,1.4286970777288692,0.7975018620491028,0.9035343766484966,0.0012862131698057055,3.395105720234401,-0.5,False,2.388939131138973,False
40,000040.jpg,,,,29.037925587471904,28.87170698462174,-0.1662186028501651,,True,,,,,,,,,,,,,,,,,,,,,,,,,,,,,,,,,,,,,,,,,,,,,grid,29.537925587471904,0.5,1.1935073905943558,0.6662184596061707,0.9551257253384913,0.0005918524693697691,1.5622618019030994,0.5,False,1.6439471157316394,False
40,000040.jpg,,,,29.037925587471904,28.87170698462174,-0.1662186028501651,,True,,,,,,,,,,,,,,,,,,,,,,,,,,,,,,,,,,,,,,,,,,,,,grid,30.037925587471904,1.0,1.4885622427744603,0.8309187293052673,0.8852118867592755,0.0016614320532729228,4.385538571883673,1.0,False,2.729734998986103,False
40,000040.jpg,,,,29.037925587471904,28.87170698462174,-0.1662186028501651,,True,,,,,,,,,,,,,,,,,,,,,,,,,,,,,,,,,,,,,,,,,,,,,grid,31.037925587471904,2.0,1.654148566178673,0.9233493804931641,0.8484614032002813,0.0036185477122974894,9.551567598097389,2.0,False,4.253579062502738,False
40,000040.jpg,,,,29.037925587471904,28.87170698462174,-0.1662186028501651,,True,,,,,,,,,,,,,,,,,,,,,,,,,,,,,,,,,,,,,,,,,,,,,grid,32.037925587471904,3.0,1.7213458637134829,0.9608590602874756,0.834218392825743,0.005272327922284603,13.916908260707663,3.0,False,5.456354536064655,False
40,000040.jpg,,,,29.037925587471904,28.87170698462174,-0.1662186028501651,,True,,,,,,,,,,,,,,,,,,,,,,,,,,,,,,,,,,,,,,,,,,,,,clamped_raw_observation,28.87170698462174,-0.1662186028501651,1.1958005906837519,0.6674985289573669,0.9537717601547389,0.0005836167886930829,1.5405227875376464,,False,1.6321460854989296,False
41,000041.jpg,,,,29.037925587471904,28.87859169159239,-0.15933389587951297,,True,,,,,,,,,,,,,,,,,,,,,,,,,,,,,,,,,,,,,,,,,,,,,prediction,29.037925587471904,0.0,0.8097062825680588,0.5640811324119568,0.9570609840486879,0.0004301721734615664,0.6822665767662509,,False,1.0232119427109336,True
41,000041.jpg,,,,29.037925587471904,28.87859169159239,-0.15933389587951297,,True,,,,,,,,,,,,,,,,,,,,,,,,,,,,,,,,,,,,,,,,,,,,,grid,26.037925587471904,-3.0,1.428134319521362,0.9949084520339966,0.8238258308344719,0.0057883284365137415,9.180470684098804,-3.0,False,3.989426159711591,False
41,000041.jpg,,,,29.037925587471904,28.87859169159239,-0.15933389587951297,,True,,,,,,,,,,,,,,,,,,,,,,,,,,,,,,,,,,,,,,,,,,,,,grid,27.037925587471904,-2.0,1.3850376186105344,0.9648851752281189,0.8331943434056672,0.004229746758937836,6.708511195846782,-2.0,False,3.2889710741665628,False
41,000041.jpg,,,,29.037925587471904,28.87859169159239,-0.15933389587951297,,True,,,,,,,,,,,,,,,,,,,,,,,,,,,,,,,,,,,,,,,,,,,,,grid,28.037925587471904,-1.0,1.2718815602414546,0.8860551118850708,0.8651679412338756,0.0023648181231692433,3.750675811004363,-1.0,False,2.3743825717586695,False
41,000041.jpg,,,,29.037925587471904,28.87859169159239,-0.15933389587951297,,True,,,,,,,,,,,,,,,,,,,,,,,,,,,,,,,,,,,,,,,,,,,,,grid,28.537925587471904,-0.5,1.1328529533963185,0.7892009615898132,0.9085682854557391,0.0013175926869735122,2.0897433808418593,-0.5,False,1.761720513151044,False
41,000041.jpg,,,,29.037925587471904,28.87859169159239,-0.15933389587951297,,True,,,,,,,,,,,,,,,,,,,,,,,,,,,,,,,,,,,,,,,,,,,,,grid,29.537925587471904,0.5,0.9552370362613015,0.6654649972915649,0.9488280487588495,0.0006844867263377333,1.0856174444349713,0.5,False,1.2928133486111948,False
41,000041.jpg,,,,29.037925587471904,28.87859169159239,-0.15933389587951297,,True,,,,,,,,,,,,,,,,,,,,,,,,,,,,,,,,,,,,,,,,,,,,,grid,30.037925587471904,1.0,1.1895481557229775,0.8286976218223572,0.8880924076012704,0.001684078616866221,2.6710015752267515,1.0,False,1.999206141928395,False
41,000041.jpg,,,,29.037925587471904,28.87859169159239,-0.15933389587951297,,True,,,,,,,,,,,,,,,,,,,,,,,,,,,,,,,,,,,,,,,,,,,,,grid,31.037925587471904,2.0,1.3334374587177502,0.9289379715919495,0.8467325538068454,0.003633031388744712,5.762101878736821,2.0,False,2.9872303745951103,False
41,000041.jpg,,,,29.037925587471904,28.87859169159239,-0.15933389587951297,,True,,,,,,,,,,,,,,,,,,,,,,,,,,,,,,,,,,,,,,,,,,,,,grid,32.037925587471904,3.0,1.3745587718919985,0.9575850963592529,0.8345428414272787,0.005264852234783272,8.35022098826357,3.0,False,3.7175711775306124,False
41,000041.jpg,,,,29.037925587471904,28.87859169159239,-0.15933389587951297,,True,,,,,,,,,,,,,,,,,,,,,,,,,,,,,,,,,,,,,,,,,,,,,clamped_raw_observation,28.87859169159239,-0.15933389587951297,0.939680857835739,0.654627799987793,0.9460423357405205,0.0006347776215989143,1.0067772431933186,,False,1.2501128497699334,False
42,000042.jpg,,,,29.037925587471904,28.874047651546647,-0.16387793592525668,,True,,,,,,,,,,,,,,,,,,,,,,,,,,,,,,,,,,,,,,,,,,,,,prediction,29.037925587471904,0.0,0.781921965586463,0.5341973900794983,0.9590221845414724,0.0003750379109987989,0.6185558283457214,,False,0.977538738131421,True
42,000042.jpg,,,,29.037925587471904,28.874047651546647,-0.16387793592525668,,True,,,,,,,,,,,,,,,,,,,,,,,,,,,,,,,,,,,,,,,,,,,,,grid,26.037925587471904,-3.0,1.4264718468762234,0.9745442271232605,0.8310371626395365,0.005770255035410325,9.516970894192438,-3.0,False,4.064677407784797,False
42,000042.jpg,,,,29.037925587471904,28.874047651546647,-0.16387793592525668,,True,,,,,,,,,,,,,,,,,,,,,,,,,,,,,,,,,,,,,,,,,,,,,grid,27.037925587471904,-2.0,1.3913067793130711,0.9505199790000916,0.8383142574537233,0.004214028129354119,6.950261783623139,-2.0,False,3.3505579677651327,False
42,000042.jpg,,,,29.037925587471904,28.874047651546647,-0.16387793592525668,,True,,,,,,,,,,,,,,,,,,,,,,,,,,,,,,,,,,,,,,,,,,,,,grid,28.037925587471904,-1.0,1.2987205572388556,0.8872664570808411,0.8656033630069239,0.002355544342814634,3.8850357242402893,-1.0,False,2.4343761252920038,False
42,000042.jpg,,,,29.037925587471904,28.874047651546647,-0.16387793592525668,,True,,,,,,,,,,,,,,,,,,,,,,,,,,,,,,,,,,,,,,,,,,,,,grid,28.537925587471904,-0.5,1.1644420147613717,0.7955293655395508,0.9052034760491734,0.0012950832218242188,2.1360007923430726,-0.5,False,1.8082387367979662,False
42,000042.jpg,,,,29.037925587471904,28.874047651546647,-0.16387793592525668,,True,,,,,,,,,,,,,,,,,,,,,,,,,,,,,,,,,,,,,,,,,,,,,grid,29.537925587471904,0.5,0.980499728536427,0.6698627471923828,0.9519570439451746,0.0006490446976386011,1.0704794603618857,0.5,False,1.3111625496817239,False
42,000042.jpg,,,,29.037925587471904,28.874047651546647,-0.16387793592525668,,True,,,,,,,,,,,,,,,,,,,,,,,,,,,,,,,,,,,,,,,,,,,,,grid,30.037925587471904,1.0,1.2023818300265496,0.8214492797851562,0.8892892468560124,0.00167942198459059,2.7698966593907213,1.0,False,2.0355667480182174,False
42,000042.jpg,,,,29.037925587471904,28.874047651546647,-0.16387793592525668,,True,,,,,,,,,,,,,,,,,,,,,,,,,,,,,,,,,,,,,,,,,,,,,grid,31.037925587471904,2.0,1.359927980796973,0.929082453250885,0.8482407799915218,0.003657942870631814,6.033101763923365,2.0,False,3.079962641786292,False
42,000042.jpg,,,,29.037925587471904,28.874047651546647,-0.16387793592525668,,True,,,,,,,,,,,,,,,,,,,,,,,,,,,,,,,,,,,,,,,,,,,,,grid,32.037925587471904,3.0,1.414971178970267,0.9666871428489685,0.8321499222834534,0.005289797593529026,8.72454500275048,3.0,False,3.8539575073744334,False
42,000042.jpg,,,,29.037925587471904,28.874047651546647,-0.16387793592525668,,True,,,,,,,,,,,,,,,,,,,,,,,,,,,,,,,,,,,,,,,,,,,,,clamped_raw_observation,28.874047651546647,-0.16387793592525668,0.9728878428378156,0.6646624207496643,0.9476473081814328,0.0006093037275907894,1.0049340636799344,,False,1.2813903886541242,False
43,000043.jpg,,,,29.037925587471904,28.87805088829211,-0.15987469917979524,,True,,,,,,,,,,,,,,,,,,,,,,,,,,,,,,,,,,,,,,,,,,,,,prediction,29.037925587471904,0.0,0.7931212503375669,0.5134308338165283,0.9605500052953013,0.00035852140475374955,0.673064776709446,,False,1.000837439219627,True
43,000043.jpg,,,,29.037925587471904,28.87805088829211,-0.15987469917979524,,True,,,,,,,,,,,,,,,,,,,,,,,,,,,,,,,,,,,,,,,,,,,,,grid,26.037925587471904,-3.0,1.5374651119515845,0.9952853918075562,0.8253962650474812,0.0058054570108652115,10.898787561646738,-3.0,False,4.526765737315788,False
43,000043.jpg,,,,29.037925587471904,28.87805088829211,-0.15987469917979524,,True,,,,,,,,,,,,,,,,,,,,,,,,,,,,,,,,,,,,,,,,,,,,,grid,27.037925587471904,-2.0,1.4893048042176593,0.9641085863113403,0.8367458608394818,0.004231559966380398,7.9440555742011565,-2.0,False,3.698572836928467,False
43,000043.jpg,,,,29.037925587471904,28.87805088829211,-0.15987469917979524,,True,,,,,,,,,,,,,,,,,,,,,,,,,,,,,,,,,,,,,,,,,,,,,grid,28.037925587471904,-1.0,1.3691028229843978,0.8862952589988708,0.8638048504959932,0.0023340347882670662,4.38176516873815,-1.0,False,2.630739264672942,False
43,000043.jpg,,,,29.037925587471904,28.87805088829211,-0.15987469917979524,,True,,,,,,,,,,,,,,,,,,,,,,,,,,,,,,,,,,,,,,,,,,,,,grid,28.537925587471904,-0.5,1.2192098730011967,0.7892613410949707,0.9075616902601759,0.0012681969868329663,2.3808305737075957,-0.5,False,1.9218558261679197,False
43,000043.jpg,,,,29.037925587471904,28.87805088829211,-0.15987469917979524,,True,,,,,,,,,,,,,,,,,,,,,,,,,,,,,,,,,,,,,,,,,,,,,grid,29.537925587471904,0.5,1.0263255662951873,0.6643967628479004,0.9552723549969994,0.0006145929510239512,1.1537968496811457,0.5,False,1.3745024237184742,False
43,000043.jpg,,,,29.037925587471904,28.87805088829211,-0.15987469917979524,,True,,,,,,,,,,,,,,,,,,,,,,,,,,,,,,,,,,,,,,,,,,,,,grid,30.037925587471904,1.0,1.275974050188333,0.8260079026222229,0.8895929678398701,0.0016457314874666433,3.089589300522387,1.0,False,2.1887784074790595,False
43,000043.jpg,,,,29.037925587471904,28.87805088829211,-0.15987469917979524,,True,,,,,,,,,,,,,,,,,,,,,,,,,,,,,,,,,,,,,,,,,,,,,grid,31.037925587471904,2.0,1.4519284977889773,0.9399128556251526,0.8431708264200233,0.003620241768658161,6.796406533466902,2.0,False,3.3678593047356795,False
43,000043.jpg,,,,29.037925587471904,28.87805088829211,-0.15987469917979524,,True,,,,,,,,,,,,,,,,,,,,,,,,,,,,,,,,,,,,,,,,,,,,,grid,32.037925587471904,3.0,1.4798715307724257,0.9580019116401672,0.8367105588307975,0.005247036111541092,9.850444469909633,3.0,False,4.1957720894190365,False
43,000043.jpg,,,,29.037925587471904,28.87805088829211,-0.15987469917979524,,True,,,,,,,,,,,,,,,,,,,,,,,,,,,,,,,,,,,,,,,,,,,,,clamped_raw_observation,28.87805088829211,-0.15987469917979524,1.019268910949652,0.6598286032676697,0.9527306103717301,0.0005789801216451451,1.0869396391045518,,False,1.3430694513294537,False
44,000044.jpg,,,,29.037925587471904,28.882465484498255,-0.15546010297364887,,True,,,,,,,,,,,,,,,,,,,,,,,,,,,,,,,,,,,,,,,,,,,,,prediction,29.037925587471904,0.0,0.7799350350936743,0.5309765338897705,0.9617725404413711,0.00036084180464968085,0.6208939648241731,,False,0.9733859858583466,True
44,000044.jpg,,,,29.037925587471904,28.882465484498255,-0.15546010297364887,,True,,,,,,,,,,,,,,,,,,,,,,,,,,,,,,,,,,,,,,,,,,,,,grid,26.037925587471904,-3.0,1.4697623215275202,1.0006080865859985,0.8274207490253497,0.0057913280713061495,9.965033434199091,-3.0,False,4.223599931051943,False
44,000044.jpg,,,,29.037925587471904,28.882465484498255,-0.15546010297364887,,True,,,,,,,,,,,,,,,,,,,,,,,,,,,,,,,,,,,,,,,,,,,,,grid,27.037925587471904,-2.0,1.4129212241194713,0.9619109034538269,0.8374054015911937,0.00426191584362338,7.333401484518436,-2.0,False,3.468866193657887,False
44,000044.jpg,,,,29.037925587471904,28.882465484498255,-0.15546010297364887,,True,,,,,,,,,,,,,,,,,,,,,,,,,,,,,,,,,,,,,,,,,,,,,grid,28.037925587471904,-1.0,1.2964684645467957,0.8826303482055664,0.8650131423430416,0.0023590212610239782,4.0591252038651335,-1.0,False,2.476236623170037,False
44,000044.jpg,,,,29.037925587471904,28.882465484498255,-0.15546010297364887,,True,,,,,,,,,,,,,,,,,,,,,,,,,,,,,,,,,,,,,,,,,,,,,grid,28.537925587471904,-0.5,1.1740253491134849,0.7992715835571289,0.9062748072750366,0.00131752627203241,2.2670436192846446,-0.5,False,1.8495114466596092,False
44,000044.jpg,,,,29.037925587471904,28.882465484498255,-0.15546010297364887,,True,,,,,,,,,,,,,,,,,,,,,,,,,,,,,,,,,,,,,,,,,,,,,grid,29.537925587471904,0.5,0.9729032725758565,0.6623485088348389,0.9531815054598056,0.0006373032956616953,1.0965962506008995,0.5,False,1.3088708297662757,False
44,000044.jpg,,,,29.037925587471904,28.882465484498255,-0.15546010297364887,,True,,,,,,,,,,,,,,,,,,,,,,,,,,,,,,,,,,,,,,,,,,,,,grid,30.037925587471904,1.0,1.2223623142257316,0.8321791887283325,0.8850000882036446,0.0016490189203371604,2.837437021778076,1.0,False,2.0767214814666057,False
44,000044.jpg,,,,29.037925587471904,28.882465484498255,-0.15546010297364887,,True,,,,,,,,,,,,,,,,,,,,,,,,,,,,,,,,,,,,,,,,,,,,,grid,31.037925587471904,2.0,1.3701350191768258,0.9327822327613831,0.8442500044101823,0.003600533896436294,6.195373533874539,2.0,False,3.1347283982352785,False
44,000044.jpg,,,,29.037925587471904,28.882465484498255,-0.15546010297364887,,True,,,,,,,,,,,,,,,,,,,,,,,,,,,,,,,,,,,,,,,,,,,,,grid,32.037925587471904,3.0,1.4200479974406968,0.9667627811431885,0.8315486795914407,0.005262958739573757,9.055877884471924,3.0,False,3.9424687889672367,False
44,000044.jpg,,,,29.037925587471904,28.882465484498255,-0.15546010297364887,,True,,,,,,,,,,,,,,,,,,,,,,,,,,,,,,,,,,,,,,,,,,,,,clamped_raw_observation,28.882465484498255,-0.15546010297364887,0.980150779308342,0.6672825813293457,0.950941132887611,0.0006000714056426659,1.0325320110534457,,False,1.292006452273302,False
45,000045.jpg,,,,29.037925587471904,28.869174820129217,-0.16875076734268646,,True,,,,,,,,,,,,,,,,,,,,,,,,,,,,,,,,,,,,,,,,,,,,,prediction,29.037925587471904,0.0,0.7735347565491473,0.5602341294288635,0.9606285310734464,0.00038063741036845994,0.5182357861943712,,False,0.9424651720242937,True
45,000045.jpg,,,,29.037925587471904,28.869174820129217,-0.16875076734268646,,True,,,,,,,,,,,,,,,,,,,,,,,,,,,,,,,,,,,,,,,,,,,,,grid,26.037925587471904,-3.0,1.3789230835195947,0.9986878633499146,0.8254766949152542,0.005805851425975561,7.904635478040937,-3.0,False,3.6196052581145746,False
45,000045.jpg,,,,29.037925587471904,28.869174820129217,-0.16875076734268646,,True,,,,,,,,,,,,,,,,,,,,,,,,,,,,,,,,,,,,,,,,,,,,,grid,27.037925587471904,-2.0,1.3322660078859787,0.9648963809013367,0.8342690677966101,0.004283919581212103,5.832533460160578,-2.0,False,3.016130305129513,False
45,000045.jpg,,,,29.037925587471904,28.869174820129217,-0.16875076734268646,,True,,,,,,,,,,,,,,,,,,,,,,,,,,,,,,,,,,,,,,,,,,,,,grid,28.037925587471904,-1.0,1.217743690957723,0.8819533586502075,0.8674435028248587,0.002383251402837535,3.244783961862222,-1.0,False,2.1914961785984195,False
45,000045.jpg,,,,29.037925587471904,28.869174820129217,-0.16875076734268646,,True,,,,,,,,,,,,,,,,,,,,,,,,,,,,,,,,,,,,,,,,,,,,,grid,28.537925587471904,-0.5,1.1157380260429384,0.8080755472183228,0.9030014124293785,0.0013289720324488978,1.8093882716357248,-0.5,False,1.680083681522491,False
45,000045.jpg,,,,29.037925587471904,28.869174820129217,-0.16875076734268646,,True,,,,,,,,,,,,,,,,,,,,,,,,,,,,,,,,,,,,,,,,,,,,,grid,29.537925587471904,0.5,0.9245476869965459,0.669605553150177,0.947122175141243,0.0006526734699339917,0.888611417600894,0.5,False,1.2145783662555263,False
45,000045.jpg,,,,29.037925587471904,28.869174820129217,-0.16875076734268646,,True,,,,,,,,,,,,,,,,,,,,,,,,,,,,,,,,,,,,,,,,,,,,,grid,30.037925587471904,1.0,1.1390434792126662,0.8249545693397522,0.8881709039548022,0.001658774504903704,2.2584125633784002,1.0,False,1.8454757161024642,False
45,000045.jpg,,,,29.037925587471904,28.869174820129217,-0.16875076734268646,,True,,,,,,,,,,,,,,,,,,,,,,,,,,,,,,,,,,,,,,,,,,,,,grid,31.037925587471904,2.0,1.2929503438131047,0.9364219307899475,0.8439265536723164,0.0036069657653570175,4.910864482228688,2.0,False,2.73673991069796,False
45,000045.jpg,,,,29.037925587471904,28.869174820129217,-0.16875076734268646,,True,,,,,,,,,,,,,,,,,,,,,,,,,,,,,,,,,,,,,,,,,,,,,grid,32.037925587471904,3.0,1.3168187167191194,0.9537086486816406,0.8353637005649718,0.0052601682643095655,7.161690789484807,3.0,False,3.3618777135253497,False
45,000045.jpg,,,,29.037925587471904,28.869174820129217,-0.16875076734268646,,True,,,,,,,,,,,,,,,,,,,,,,,,,,,,,,,,,,,,,,,,,,,,,clamped_raw_observation,28.869174820129217,-0.16875076734268646,0.9336049338762711,0.6761652827262878,0.9475459039548022,0.0006671960582025349,0.9083838433896264,,False,1.218217513789156,False
46,000046.jpg,,,,29.037925587471904,28.880396076958988,-0.15752951051291575,,True,,,,,,,,,,,,,,,,,,,,,,,,,,,,,,,,,,,,,,,,,,,,,prediction,29.037925587471904,0.0,0.7795843322576637,0.5645986795425415,0.9575323066029385,0.0004367380024632439,0.5709146952043207,,False,0.9647806994558052,True
46,000046.jpg,,,,29.037925587471904,28.880396076958988,-0.15752951051291575,,True,,,,,,,,,,,,,,,,,,,,,,,,,,,,,,,,,,,,,,,,,,,,,grid,26.037925587471904,-3.0,1.3727077001325865,0.9941566586494446,0.8284121083377589,0.005773520640407999,7.547288667538833,-3.0,False,3.5211177586795355,False
46,000046.jpg,,,,29.037925587471904,28.880396076958988,-0.15752951051291575,,True,,,,,,,,,,,,,,,,,,,,,,,,,,,,,,,,,,,,,,,,,,,,,grid,27.037925587471904,-2.0,1.3413045643126207,0.9714135527610779,0.8354044963710391,0.004251283826306462,5.557383136419598,-2.0,False,2.9552458520464815,False
46,000046.jpg,,,,29.037925587471904,28.880396076958988,-0.15752951051291575,,True,,,,,,,,,,,,,,,,,,,,,,,,,,,,,,,,,,,,,,,,,,,,,grid,28.037925587471904,-1.0,1.2213443484544346,0.8845347166061401,0.8659939812356169,0.002366412392196556,3.093432680460013,-1.0,False,2.158708537333821,False
46,000046.jpg,,,,29.037925587471904,28.880396076958988,-0.15752951051291575,,True,,,,,,,,,,,,,,,,,,,,,,,,,,,,,,,,,,,,,,,,,,,,,grid,28.537925587471904,-0.5,1.0882544604903308,0.78814697265625,0.9083377588953797,0.0012900259462185204,1.6863537538229132,-0.5,False,1.6165051400506791,False
46,000046.jpg,,,,29.037925587471904,28.880396076958988,-0.15752951051291575,,True,,,,,,,,,,,,,,,,,,,,,,,,,,,,,,,,,,,,,,,,,,,,,grid,29.537925587471904,0.5,0.9248572700704576,0.6698097586631775,0.9470171711807399,0.0006932568891594807,0.9062425145979607,0.5,False,1.2194007275392078,False
46,000046.jpg,,,,29.037925587471904,28.880396076958988,-0.15752951051291575,,True,,,,,,,,,,,,,,,,,,,,,,,,,,,,,,,,,,,,,,,,,,,,,grid,30.037925587471904,1.0,1.1431118046313877,0.8278763294219971,0.8894140555850593,0.0016807542221310239,2.1971233989926637,1.0,False,1.8329785987944944,False
46,000046.jpg,,,,29.037925587471904,28.880396076958988,-0.15752951051291575,,True,,,,,,,,,,,,,,,,,,,,,,,,,,,,,,,,,,,,,,,,,,,,,grid,31.037925587471904,2.0,1.2837891555704795,0.92975914478302,0.8457426093113826,0.0036260999428729215,4.740127334900121,2.0,False,2.6830783799841273,False
46,000046.jpg,,,,29.037925587471904,28.880396076958988,-0.15752951051291575,,True,,,,,,,,,,,,,,,,,,,,,,,,,,,,,,,,,,,,,,,,,,,,,grid,32.037925587471904,3.0,1.3258991964986004,0.9602565169334412,0.8352451761373695,0.0052678245507801575,6.886230258956232,3.0,False,3.302211585100289,False
46,000046.jpg,,,,29.037925587471904,28.880396076958988,-0.15752951051291575,,True,,,,,,,,,,,,,,,,,,,,,,,,,,,,,,,,,,,,,,,,,,,,,clamped_raw_observation,28.880396076958988,-0.15752951051291575,0.9045292525371238,0.6550875902175903,0.9450876261285184,0.0006420739615956942,0.8393349285282019,,False,1.1740012438560434,False
47,000047.jpg,,,,29.037925587471904,28.88113705285619,-0.15678853461571407,,True,,,,,,,,,,,,,,,,,,,,,,,,,,,,,,,,,,,,,,,,,,,,,prediction,29.037925587471904,0.0,0.8329409030267179,0.5634844899177551,0.9550531914893617,0.0004350926853173102,0.7330873314865228,,False,1.0611595444089867,True
47,000047.jpg,,,,29.037925587471904,28.88113705285619,-0.15678853461571407,,True,,,,,,,,,,,,,,,,,,,,,,,,,,,,,,,,,,,,,,,,,,,,,grid,26.037925587471904,-3.0,1.4750081631495078,0.9978429675102234,0.8260283687943263,0.005826971416051189,9.817859665753526,-3.0,False,4.193444710793562,False
47,000047.jpg,,,,29.037925587471904,28.88113705285619,-0.15678853461571407,,True,,,,,,,,,,,,,,,,,,,,,,,,,,,,,,,,,,,,,,,,,,,,,grid,27.037925587471904,-2.0,1.4102309065563,0.954021155834198,0.8392553191489361,0.004218527814373374,7.107794276029427,-2.0,False,3.4079241564147207,False
47,000047.jpg,,,,29.037925587471904,28.88113705285619,-0.15678853461571407,,True,,,,,,,,,,,,,,,,,,,,,,,,,,,,,,,,,,,,,,,,,,,,,grid,28.037925587471904,-1.0,1.2959045219002367,0.8766793608665466,0.8682801418439716,0.002374461075911919,4.000727644017768,-1.0,False,2.4578062910607072,False
47,000047.jpg,,,,29.037925587471904,28.88113705285619,-0.15678853461571407,,True,,,,,,,,,,,,,,,,,,,,,,,,,,,,,,,,,,,,,,,,,,,,,grid,28.537925587471904,-0.5,1.1738803709602983,0.7941300272941589,0.9069858156028369,0.0013250146779076506,2.232516213641684,-0.5,False,1.8400236087678825,False
47,000047.jpg,,,,29.037925587471904,28.88113705285619,-0.15678853461571407,,True,,,,,,,,,,,,,,,,,,,,,,,,,,,,,,,,,,,,,,,,,,,,,grid,29.537925587471904,0.5,0.989653108878,0.6695002913475037,0.9471631205673758,0.0006856599114447212,1.1552678584373761,0.5,False,1.3463069529199683,False
47,000047.jpg,,,,29.037925587471904,28.88113705285619,-0.15678853461571407,,True,,,,,,,,,,,,,,,,,,,,,,,,,,,,,,,,,,,,,,,,,,,,,grid,30.037925587471904,1.0,1.2254493608954389,0.8290164470672607,0.8881914893617021,0.0017066066599606227,2.875460251268641,1.0,False,2.086122934350897,False
47,000047.jpg,,,,29.037925587471904,28.88113705285619,-0.15678853461571407,,True,,,,,,,,,,,,,,,,,,,,,,,,,,,,,,,,,,,,,,,,,,,,,grid,31.037925587471904,2.0,1.3822529341081848,0.9350940585136414,0.8461702127659575,0.00363946675012509,6.132134733401323,2.0,False,3.129116404692558,False
47,000047.jpg,,,,29.037925587471904,28.88113705285619,-0.15678853461571407,,True,,,,,,,,,,,,,,,,,,,,,,,,,,,,,,,,,,,,,,,,,,,,,grid,32.037925587471904,3.0,1.432820495470135,0.9693030118942261,0.8292730496453901,0.005319293277959029,8.962473160607836,3.0,False,3.9341657359767037,False
47,000047.jpg,,,,29.037925587471904,28.88113705285619,-0.15678853461571407,,True,,,,,,,,,,,,,,,,,,,,,,,,,,,,,,,,,,,,,,,,,,,,,clamped_raw_observation,28.88113705285619,-0.15678853461571407,0.9791412807254691,0.6623890399932861,0.9425177304964539,0.0006387807855693003,1.076281255237256,,False,1.3103975200768008,False
48,000048.jpg,,,,29.037925587471904,28.875004676730583,-0.1629209107413203,,True,,,,,,,,,,,,,,,,,,,,,,,,,,,,,,,,,,,,,,,,,,,,,prediction,29.037925587471904,0.0,0.7872471505688404,0.538411557674408,0.956415651466662,0.0003581022174330428,0.5944062004054559,,False,0.9794330492035425,True
48,000048.jpg,,,,29.037925587471904,28.875004676730583,-0.1629209107413203,,True,,,,,,,,,,,,,,,,,,,,,,,,,,,,,,,,,,,,,,,,,,,,,grid,26.037925587471904,-3.0,1.445318897493686,0.988477885723114,0.8258394186396025,0.005788801082720359,9.608706924933157,-3.0,False,4.111656210087372,False
48,000048.jpg,,,,29.037925587471904,28.875004676730583,-0.1629209107413203,,True,,,,,,,,,,,,,,,,,,,,,,,,,,,,,,,,,,,,,,,,,,,,,grid,27.037925587471904,-2.0,1.4065268924597925,0.9619473814964294,0.8338136746998603,0.004225332134713729,7.0135383066033885,-2.0,False,3.3860977944107793,False
48,000048.jpg,,,,29.037925587471904,28.875004676730583,-0.1629209107413203,,True,,,,,,,,,,,,,,,,,,,,,,,,,,,,,,,,,,,,,,,,,,,,,grid,28.037925587471904,-1.0,1.2954715004592905,0.8859947323799133,0.8666831691921424,0.002370946342125535,3.9354830491982704,-1.0,False,2.4426590935667156,False
48,000048.jpg,,,,29.037925587471904,28.875004676730583,-0.1629209107413203,,True,,,,,,,,,,,,,,,,,,,,,,,,,,,,,,,,,,,,,,,,,,,,,grid,28.537925587471904,-0.5,1.167596490218943,0.798538863658905,0.9051929911416801,0.0013031261429811518,2.163031172637946,-0.5,False,1.8181612922367494,False
48,000048.jpg,,,,29.037925587471904,28.875004676730583,-0.1629209107413203,,True,,,,,,,,,,,,,,,,,,,,,,,,,,,,,,,,,,,,,,,,,,,,,grid,29.537925587471904,0.5,0.9730811331837806,0.6655065417289734,0.9499443039765193,0.0006447524986773109,1.0702108623841806,0.5,False,1.3056895448033063,False
48,000048.jpg,,,,29.037925587471904,28.875004676730583,-0.1629209107413203,,True,,,,,,,,,,,,,,,,,,,,,,,,,,,,,,,,,,,,,,,,,,,,,grid,30.037925587471904,1.0,1.2104930879833227,0.8278765678405762,0.8872464946867762,0.0016752903854163985,2.7807786271453243,1.0,False,2.0484412500828775,False
48,000048.jpg,,,,29.037925587471904,28.875004676730583,-0.1629209107413203,,True,,,,,,,,,,,,,,,,,,,,,,,,,,,,,,,,,,,,,,,,,,,,,grid,31.037925587471904,2.0,1.364696249505413,0.9333387017250061,0.845271142387326,0.003626242474031945,6.019122210940322,2.0,False,3.0842056598531675,False
48,000048.jpg,,,,29.037925587471904,28.875004676730583,-0.1629209107413203,,True,,,,,,,,,,,,,,,,,,,,,,,,,,,,,,,,,,,,,,,,,,,,,grid,32.037925587471904,3.0,1.4046541725712074,0.9606665968894958,0.8335838180950191,0.005301691358909011,8.800163927945455,3.0,False,3.861111336462552,False
48,000048.jpg,,,,29.037925587471904,28.875004676730583,-0.1629209107413203,,True,,,,,,,,,,,,,,,,,,,,,,,,,,,,,,,,,,,,,,,,,,,,,clamped_raw_observation,28.875004676730583,-0.1629209107413203,0.9638737970859893,0.6592094898223877,0.9504747422953834,0.0006164264244337877,1.023193018473053,,False,1.274084936731109,False
49,000049.jpg,,,,29.037925587471904,28.882467754782596,-0.1554578326893079,,True,,,,,,,,,,,,,,,,,,,,,,,,,,,,,,,,,,,,,,,,,,,,,prediction,29.037925587471904,0.0,0.7498493565565459,0.5388644337654114,0.9615753060138371,0.00037759903352707624,0.5524297742391465,,False,0.9263814941024955,True
49,000049.jpg,,,,29.037925587471904,28.882467754782596,-0.1554578326893079,,True,,,,,,,,,,,,,,,,,,,,,,,,,,,,,,,,,,,,,,,,,,,,,grid,26.037925587471904,-3.0,1.3805019070443902,0.9920704364776611,0.8272130565903849,0.005762145233651002,8.430054920494765,-3.0,False,3.7508025805776963,False
49,000049.jpg,,,,29.037925587471904,28.882467754782596,-0.1554578326893079,,True,,,,,,,,,,,,,,,,,,,,,,,,,,,,,,,,,,,,,,,,,,,,,grid,27.037925587471904,-2.0,1.3206752475715613,0.9490771889686584,0.8404293063686358,0.00417938797424237,6.114471039563609,-2.0,False,3.068863701093828,False
49,000049.jpg,,,,29.037925587471904,28.882467754782596,-0.1554578326893079,,True,,,,,,,,,,,,,,,,,,,,,,,,,,,,,,,,,,,,,,,,,,,,,grid,28.037925587471904,-1.0,1.227087287766923,0.8818220496177673,0.8691325172964343,0.0023641737643629313,3.458801169880314,-1.0,False,2.252655062940567,False
49,000049.jpg,,,,29.037925587471904,28.882467754782596,-0.1554578326893079,,True,,,,,,,,,,,,,,,,,,,,,,,,,,,,,,,,,,,,,,,,,,,,,grid,28.537925587471904,-0.5,1.1078316758061861,0.79612135887146,0.9069363136420081,0.0013068481445467721,1.9119271008543326,-0.5,False,1.693877137377761,False
49,000049.jpg,,,,29.037925587471904,28.882467754782596,-0.1554578326893079,,True,,,,,,,,,,,,,,,,,,,,,,,,,,,,,,,,,,,,,,,,,,,,,grid,29.537925587471904,0.5,0.9268496174091981,0.6660621762275696,0.9495298917864112,0.0006530666626834621,0.9554406579366101,0.5,False,1.2311798901069393,False
49,000049.jpg,,,,29.037925587471904,28.882467754782596,-0.1554578326893079,,True,,,,,,,,,,,,,,,,,,,,,,,,,,,,,,,,,,,,,,,,,,,,,grid,30.037925587471904,1.0,1.158734022775049,0.8327013254165649,0.8861983324463367,0.001677252856704096,2.4538315374278277,1.0,False,1.9159935746856693,False
49,000049.jpg,,,,29.037925587471904,28.882467754782596,-0.1554578326893079,,True,,,,,,,,,,,,,,,,,,,,,,,,,,,,,,,,,,,,,,,,,,,,,grid,31.037925587471904,2.0,1.305514358715112,0.9381821155548096,0.8428596771332268,0.0036463347108413777,5.334610743822322,2.0,False,2.8563073675374655,False
49,000049.jpg,,,,29.037925587471904,28.882467754782596,-0.1554578326893079,,True,,,,,,,,,,,,,,,,,,,,,,,,,,,,,,,,,,,,,,,,,,,,,grid,32.037925587471904,3.0,1.3399694690425132,0.9629426002502441,0.8330140145467447,0.005343029197926323,7.816885509459215,3.0,False,3.5511768318605723,False
49,000049.jpg,,,,29.037925587471904,28.882467754782596,-0.1554578326893079,,True,,,,,,,,,,,,,,,,,,,,,,,,,,,,,,,,,,,,,,,,,,,,,clamped_raw_observation,28.882467754782596,-0.1554578326893079,0.9171113948649766,0.659063994884491,0.9471527408195849,0.0006164281997674456,0.9018383549643144,,False,1.2000819777671496,False
50,000050.jpg,,,,29.037925587471904,28.8817170779904,-0.15620850948150178,,True,,,,,,,,,,,,,,,,,,,,,,,,,,,,,,,,,,,,,,,,,,,,,prediction,29.037925587471904,0.0,0.7410940349439625,0.5246291160583496,0.9571910511363636,0.000362142226852787,0.5199949699029975,,False,0.9139017262833483,True
50,000050.jpg,,,,29.037925587471904,28.8817170779904,-0.15620850948150178,,True,,,,,,,,,,,,,,,,,,,,,,,,,,,,,,,,,,,,,,,,,,,,,grid,26.037925587471904,-3.0,1.3972510410433394,0.9891303181648254,0.8278764204545455,0.005733027122914791,8.231973642347427,-3.0,False,3.7173680311756505,False
50,000050.jpg,,,,29.037925587471904,28.8817170779904,-0.15620850948150178,,True,,,,,,,,,,,,,,,,,,,,,,,,,,,,,,,,,,,,,,,,,,,,,grid,27.037925587471904,-2.0,1.348246204971092,0.9544392228126526,0.8384943181818182,0.004195888138686617,6.024817225414652,-2.0,False,3.0759561931429364,False
50,000050.jpg,,,,29.037925587471904,28.8817170779904,-0.15620850948150178,,True,,,,,,,,,,,,,,,,,,,,,,,,,,,,,,,,,,,,,,,,,,,,,grid,28.037925587471904,-1.0,1.2443585963106014,0.8808959722518921,0.8671875,0.002324415215601524,3.3375953712520836,-1.0,False,2.241569939123622,False
50,000050.jpg,,,,29.037925587471904,28.8817170779904,-0.15620850948150178,,True,,,,,,,,,,,,,,,,,,,,,,,,,,,,,,,,,,,,,,,,,,,,,grid,28.537925587471904,-0.5,1.1239485897995813,0.7956563234329224,0.9052024147727272,0.0012937152738838147,1.8576277081869532,-0.5,False,1.6981531020735925,False
50,000050.jpg,,,,29.037925587471904,28.8817170779904,-0.15620850948150178,,True,,,,,,,,,,,,,,,,,,,,,,,,,,,,,,,,,,,,,,,,,,,,,grid,29.537925587471904,0.5,0.9355421630446012,0.6622812151908875,0.9538352272727273,0.0006337199835494781,0.9099496809210691,0.5,False,1.224194356002141,False
50,000050.jpg,,,,29.037925587471904,28.8817170779904,-0.15620850948150178,,True,,,,,,,,,,,,,,,,,,,,,,,,,,,,,,,,,,,,,,,,,,,,,grid,30.037925587471904,1.0,1.1731042242316883,0.8304541707038879,0.8870916193181818,0.001683821853172655,2.4177763015149636,1.0,False,1.9204566802922474,False
50,000050.jpg,,,,29.037925587471904,28.8817170779904,-0.15620850948150178,,True,,,,,,,,,,,,,,,,,,,,,,,,,,,,,,,,,,,,,,,,,,,,,grid,31.037925587471904,2.0,1.3177230508554207,0.9328315258026123,0.8464133522727273,0.0036662979206691184,5.264386021707286,2.0,False,2.847406204009515,False
50,000050.jpg,,,,29.037925587471904,28.8817170779904,-0.15620850948150178,,True,,,,,,,,,,,,,,,,,,,,,,,,,,,,,,,,,,,,,,,,,,,,,grid,32.037925587471904,3.0,1.3571209115731384,0.9607217311859131,0.8355113636363637,0.005315763099739949,7.632830054321148,3.0,False,3.5198170615170614,False
50,000050.jpg,,,,29.037925587471904,28.8817170779904,-0.15620850948150178,,True,,,,,,,,,,,,,,,,,,,,,,,,,,,,,,,,,,,,,,,,,,,,,clamped_raw_observation,28.8817170779904,-0.15620850948150178,0.9172552307286475,0.6493356823921204,0.9537819602272727,0.00058821710505678,0.8446127326785524,,False,1.179312708955458,False
51,000051.jpg,,,,29.037925587471904,28.874086330970187,-0.16383925650171705,,True,,,,,,,,,,,,,,,,,,,,,,,,,,,,,,,,,,,,,,,,,,,,,prediction,29.037925587471904,0.0,0.8284506676578518,0.5675340890884399,0.9584500301343638,0.00044614342429364723,0.7405794996063527,,False,1.0551455124250761,True
51,000051.jpg,,,,29.037925587471904,28.874086330970187,-0.16383925650171705,,True,,,,,,,,,,,,,,,,,,,,,,,,,,,,,,,,,,,,,,,,,,,,,grid,26.037925587471904,-3.0,1.4413766023231598,0.9874219298362732,0.8276314390045024,0.005779389912883441,9.59354650691008,-3.0,False,4.102131790046178,False
51,000051.jpg,,,,29.037925587471904,28.874086330970187,-0.16383925650171705,,True,,,,,,,,,,,,,,,,,,,,,,,,,,,,,,,,,,,,,,,,,,,,,grid,27.037925587471904,-2.0,1.4007990908103773,0.9596241116523743,0.8373630659056263,0.004219967095802228,7.004969590468508,-2.0,False,3.3746784225218778,False
51,000051.jpg,,,,29.037925587471904,28.874086330970187,-0.16383925650171705,,True,,,,,,,,,,,,,,,,,,,,,,,,,,,,,,,,,,,,,,,,,,,,,grid,28.037925587471904,-1.0,1.2794178040237663,0.8764712810516357,0.8691459566774205,0.002362534093360106,3.921708180354076,-1.0,False,2.4206988924348645,False
51,000051.jpg,,,,29.037925587471904,28.874086330970187,-0.16383925650171705,,True,,,,,,,,,,,,,,,,,,,,,,,,,,,,,,,,,,,,,,,,,,,,,grid,28.537925587471904,-0.5,1.1608633786327214,0.7952550053596497,0.9068670897294998,0.0013194340863265097,2.190205620451113,-0.5,False,1.816547694016,False
51,000051.jpg,,,,29.037925587471904,28.874086330970187,-0.16383925650171705,,True,,,,,,,,,,,,,,,,,,,,,,,,,,,,,,,,,,,,,,,,,,,,,grid,29.537925587471904,0.5,0.976149520695166,0.6687158942222595,0.947814372318928,0.0007057217396019647,1.1714686899245863,0.5,False,1.3362023208573846,False
51,000051.jpg,,,,29.037925587471904,28.874086330970187,-0.16383925650171705,,True,,,,,,,,,,,,,,,,,,,,,,,,,,,,,,,,,,,,,,,,,,,,,grid,30.037925587471904,1.0,1.2030818444674607,0.8241769671440125,0.8895664196830574,0.0017062141657030832,2.8322444403573215,1.0,False,2.0515765348737336,False
51,000051.jpg,,,,29.037925587471904,28.874086330970187,-0.16383925650171705,,True,,,,,,,,,,,,,,,,,,,,,,,,,,,,,,,,,,,,,,,,,,,,,grid,31.037925587471904,2.0,1.366058974123386,0.9358252286911011,0.8441698869075053,0.0036775197368115187,6.104529570938565,2.0,False,3.108021479950522,False
51,000051.jpg,,,,29.037925587471904,28.874086330970187,-0.16383925650171705,,True,,,,,,,,,,,,,,,,,,,,,,,,,,,,,,,,,,,,,,,,,,,,,grid,32.037925587471904,3.0,1.3991774520695166,0.9585132002830505,0.8350232211862304,0.005341502915446957,8.866672331953744,3.0,False,3.870822313871722,False
51,000051.jpg,,,,29.037925587471904,28.874086330970187,-0.16383925650171705,,True,,,,,,,,,,,,,,,,,,,,,,,,,,,,,,,,,,,,,,,,,,,,,clamped_raw_observation,28.874086330970187,-0.16383925650171705,0.9587770696558138,0.6568148136138916,0.9446414010706562,0.0006724676156106094,1.1162682293454431,,False,1.2981179036165698,False
52,000052.jpg,,,,29.037925587471904,28.875131728222698,-0.16279385924920575,,True,,,,,,,,,,,,,,,,,,,,,,,,,,,,,,,,,,,,,,,,,,,,,prediction,29.037925587471904,0.0,0.8022666100301226,0.5663633346557617,0.953013495372006,0.0004109213671957453,0.6136303436496072,,False,1.0026607005705184,True
52,000052.jpg,,,,29.037925587471904,28.875131728222698,-0.16279385924920575,,True,,,,,,,,,,,,,,,,,,,,,,,,,,,,,,,,,,,,,,,,,,,,,grid,26.037925587471904,-3.0,1.4143190320993608,0.9984441995620728,0.8230587154666855,0.005803827817241351,8.666876785408094,-3.0,False,3.8479795129846988,False
52,000052.jpg,,,,29.037925587471904,28.875131728222698,-0.16279385924920575,,True,,,,,,,,,,,,,,,,,,,,,,,,,,,,,,,,,,,,,,,,,,,,,grid,27.037925587471904,-2.0,1.3568902687221647,0.9579021334648132,0.8369073694623048,0.004196974875715871,6.267357555168194,-2.0,False,3.1468222880519083,False
52,000052.jpg,,,,29.037925587471904,28.875131728222698,-0.16279385924920575,,True,,,,,,,,,,,,,,,,,,,,,,,,,,,,,,,,,,,,,,,,,,,,,grid,28.037925587471904,-1.0,1.2419462842737423,0.8767569661140442,0.8707694481735321,0.002341819189799329,3.497046950876313,-1.0,False,2.275438573819288,False
52,000052.jpg,,,,29.037925587471904,28.875131728222698,-0.16279385924920575,,True,,,,,,,,,,,,,,,,,,,,,,,,,,,,,,,,,,,,,,,,,,,,,grid,28.537925587471904,-0.5,1.1346455314754553,0.8010075688362122,0.9006394404013284,0.0013094388414174318,1.9553896934845052,-0.5,False,1.7378535144452532,False
52,000052.jpg,,,,29.037925587471904,28.875131728222698,-0.16279385924920575,,True,,,,,,,,,,,,,,,,,,,,,,,,,,,,,,,,,,,,,,,,,,,,,grid,29.537925587471904,0.5,0.962683626559162,0.6796103715896606,0.9472903271391224,0.0006729411494840557,1.0049054193308893,0.5,False,1.2816196542527616,False
52,000052.jpg,,,,29.037925587471904,28.875131728222698,-0.16279385924920575,,True,,,,,,,,,,,,,,,,,,,,,,,,,,,,,,,,,,,,,,,,,,,,,grid,30.037925587471904,1.0,1.1849281105118457,0.8365047574043274,0.8846710944676041,0.0016985008066209655,2.536377314152842,1.0,False,1.9643513445824523,False
52,000052.jpg,,,,29.037925587471904,28.875131728222698,-0.16279385924920575,,True,,,,,,,,,,,,,,,,,,,,,,,,,,,,,,,,,,,,,,,,,,,,,grid,31.037925587471904,2.0,1.327700749657441,0.93729567527771,0.8419416378153042,0.0036783358082175255,5.492871985359603,2.0,False,2.9189771081820375,False
52,000052.jpg,,,,29.037925587471904,28.875131728222698,-0.16279385924920575,,True,,,,,,,,,,,,,,,,,,,,,,,,,,,,,,,,,,,,,,,,,,,,,grid,32.037925587471904,3.0,1.3848791741061233,0.9776610136032104,0.8292234861866742,0.005302409214588503,7.918106597189567,3.0,False,3.625182337216841,False
52,000052.jpg,,,,29.037925587471904,28.875131728222698,-0.16279385924920575,,True,,,,,,,,,,,,,,,,,,,,,,,,,,,,,,,,,,,,,,,,,,,,,clamped_raw_observation,28.875131728222698,-0.16279385924920575,0.9376159611710391,0.6619137525558472,0.9440577969335123,0.0006306388628824303,0.9417352638296927,,False,1.233875795972426,False
53,000053.jpg,,,,29.037925587471904,28.878693675357425,-0.1592319121144783,,True,,,,,,,,,,,,,,,,,,,,,,,,,,,,,,,,,,,,,,,,,,,,,prediction,29.037925587471904,0.0,0.8085419553039782,0.538572371006012,0.9589727251809766,0.0003590551399004956,0.6347564661539324,,False,1.0082583466614847,True
53,000053.jpg,,,,29.037925587471904,28.878693675357425,-0.1592319121144783,,True,,,,,,,,,,,,,,,,,,,,,,,,,,,,,,,,,,,,,,,,,,,,,grid,26.037925587471904,-3.0,1.5008418075592573,0.9997155070304871,0.8275013717056939,0.00580238892386357,10.257766786413505,-3.0,False,4.32778213245694,False
53,000053.jpg,,,,29.037925587471904,28.878693675357425,-0.1592319121144783,,True,,,,,,,,,,,,,,,,,,,,,,,,,,,,,,,,,,,,,,,,,,,,,grid,27.037925587471904,-2.0,1.4360602529297275,0.9565643072128296,0.8385104161135596,0.0042448139283806086,7.50420419940672,-2.0,False,3.533600886667848,False
53,000053.jpg,,,,29.037925587471904,28.878693675357425,-0.1592319121144783,,True,,,,,,,,,,,,,,,,,,,,,,,,,,,,,,,,,,,,,,,,,,,,,grid,28.037925587471904,-1.0,1.3165655468545658,0.876968502998352,0.8684755482397919,0.0023475326015613973,4.150090982575023,-1.0,False,2.5156127442585294,False
53,000053.jpg,,,,29.037925587471904,28.878693675357425,-0.1592319121144783,,True,,,,,,,,,,,,,,,,,,,,,,,,,,,,,,,,,,,,,,,,,,,,,grid,28.537925587471904,-0.5,1.2036844102608981,0.8017780184745789,0.9052726596930919,0.0013018999597989023,2.3015668791064066,-0.5,False,1.8888034703444079,False
53,000053.jpg,,,,29.037925587471904,28.878693675357425,-0.1592319121144783,,True,,,,,,,,,,,,,,,,,,,,,,,,,,,,,,,,,,,,,,,,,,,,,grid,29.537925587471904,0.5,1.0119356365975603,0.6740535497665405,0.95005221331351,0.0006329009969097873,1.1188755028965482,0.5,False,1.3566022990081874,False
53,000053.jpg,,,,29.037925587471904,28.878693675357425,-0.1592319121144783,,True,,,,,,,,,,,,,,,,,,,,,,,,,,,,,,,,,,,,,,,,,,,,,grid,30.037925587471904,1.0,1.229444750624074,0.8189370632171631,0.8897502610665675,0.0016786527800528954,2.9676102307326406,1.0,False,2.1115970472406667,False
53,000053.jpg,,,,29.037925587471904,28.878693675357425,-0.1592319121144783,,True,,,,,,,,,,,,,,,,,,,,,,,,,,,,,,,,,,,,,,,,,,,,,grid,31.037925587471904,2.0,1.4050392305140678,0.9359011054039001,0.8434485566116214,0.003627967710296313,6.4137111746860205,2.0,False,3.2250184675739515,False
53,000053.jpg,,,,29.037925587471904,28.878693675357425,-0.1592319121144783,,True,,,,,,,,,,,,,,,,,,,,,,,,,,,,,,,,,,,,,,,,,,,,,grid,32.037925587471904,3.0,1.4309488278540006,0.9531595706939697,0.833094391051169,0.005269370119397839,9.315468250288875,3.0,False,4.01672149937505,False
53,000053.jpg,,,,29.037925587471904,28.878693675357425,-0.1592319121144783,,True,,,,,,,,,,,,,,,,,,,,,,,,,,,,,,,,,,,,,,,,,,,,,clamped_raw_observation,28.878693675357425,-0.1592319121144783,0.998351819991075,0.6650053262710571,0.9519637515708242,0.0006267294180967534,1.1079650629038564,,False,1.3281562915096492,False
54,000054.jpg,,,,29.037925587471904,28.87886646175005,-0.15905912572185343,,True,,,,,,,,,,,,,,,,,,,,,,,,,,,,,,,,,,,,,,,,,,,,,prediction,29.037925587471904,0.0,0.7562932266268689,0.5533586144447327,0.9584679280110752,0.00039611066070695716,0.5290820187429477,,False,0.9300958033015307,True
54,000054.jpg,,,,29.037925587471904,28.87886646175005,-0.15905912572185343,,True,,,,,,,,,,,,,,,,,,,,,,,,,,,,,,,,,,,,,,,,,,,,,grid,26.037925587471904,-3.0,1.3775165330391954,1.0078903436660767,0.8264882325796031,0.005855855842431386,7.821622435133986,-3.0,False,3.596433909243089,False
54,000054.jpg,,,,29.037925587471904,28.87886646175005,-0.15905912572185343,,True,,,,,,,,,,,,,,,,,,,,,,,,,,,,,,,,,,,,,,,,,,,,,grid,27.037925587471904,-2.0,1.3129429380013067,0.9606436491012573,0.8389123566788541,0.004259979662795861,5.690022671375049,-2.0,False,2.956536249166215,False
54,000054.jpg,,,,29.037925587471904,28.87886646175005,-0.15905912572185343,,True,,,,,,,,,,,,,,,,,,,,,,,,,,,,,,,,,,,,,,,,,,,,,grid,28.037925587471904,-1.0,1.2016493936663675,0.879213273525238,0.8679848070711015,0.002386558277066797,3.1877078713928557,-1.0,False,2.1605915544434797,False
54,000054.jpg,,,,29.037925587471904,28.87886646175005,-0.15905912572185343,,True,,,,,,,,,,,,,,,,,,,,,,,,,,,,,,,,,,,,,,,,,,,,,grid,28.537925587471904,-0.5,1.094702177196381,0.8009629845619202,0.9041212594512087,0.0013354287366382778,1.7837220806097698,-0.5,False,1.6515114378976146,False
54,000054.jpg,,,,29.037925587471904,28.87886646175005,-0.15905912572185343,,True,,,,,,,,,,,,,,,,,,,,,,,,,,,,,,,,,,,,,,,,,,,,,grid,29.537925587471904,0.5,0.9272077859657755,0.6784120202064514,0.9461502964041035,0.0006445447312823186,0.8609135310530418,0.5,False,1.2112858723249322,False
54,000054.jpg,,,,29.037925587471904,28.87886646175005,-0.15905912572185343,,True,,,,,,,,,,,,,,,,,,,,,,,,,,,,,,,,,,,,,,,,,,,,,grid,30.037925587471904,1.0,1.1237533216786064,0.8222188949584961,0.8880408931170353,0.0016802735432672005,2.2443286851344313,1.0,False,1.826794599845179,False
54,000054.jpg,,,,29.037925587471904,28.87886646175005,-0.15905912572185343,,True,,,,,,,,,,,,,,,,,,,,,,,,,,,,,,,,,,,,,,,,,,,,,grid,31.037925587471904,2.0,1.2725098611697196,0.9310598969459534,0.845319654964325,0.0035931696572030583,4.7993695815355,2.0,False,2.68703260158927,False
54,000054.jpg,,,,29.037925587471904,28.87886646175005,-0.15905912572185343,,True,,,,,,,,,,,,,,,,,,,,,,,,,,,,,,,,,,,,,,,,,,,,,grid,32.037925587471904,3.0,1.3217474432646703,0.9670856595039368,0.8298072485889745,0.005258668602133791,7.023963947224898,3.0,False,3.3379311814819204,False
54,000054.jpg,,,,29.037925587471904,28.87886646175005,-0.15905912572185343,,True,,,,,,,,,,,,,,,,,,,,,,,,,,,,,,,,,,,,,,,,,,,,,clamped_raw_observation,28.87886646175005,-0.15905912572185343,0.9100667838656437,0.6658704280853271,0.9476234425473005,0.0006466601237965127,0.8637390448623546,,False,1.1831498763055874,False
55,000055.jpg,,,,29.037925587471904,28.876470656568756,-0.16145493090314744,,True,,,,,,,,,,,,,,,,,,,,,,,,,,,,,,,,,,,,,,,,,,,,,prediction,29.037925587471904,0.0,0.7793158025114174,0.5587971210479736,0.9545349437023071,0.0004185296905537446,0.5761187527799064,,False,0.968810547004087,True
55,000055.jpg,,,,29.037925587471904,28.876470656568756,-0.16145493090314744,,True,,,,,,,,,,,,,,,,,,,,,,,,,,,,,,,,,,,,,,,,,,,,,grid,26.037925587471904,-3.0,1.3959695291549528,1.0009597539901733,0.8245077287038189,0.0058027387131005526,7.987644999990453,-3.0,False,3.6583730504487466,False
55,000055.jpg,,,,29.037925587471904,28.876470656568756,-0.16145493090314744,,True,,,,,,,,,,,,,,,,,,,,,,,,,,,,,,,,,,,,,,,,,,,,,grid,27.037925587471904,-2.0,1.3455695244998696,0.9648211598396301,0.8365677084259769,0.00428281999969234,5.895431010734333,-2.0,False,3.0428595687574758,False
55,000055.jpg,,,,29.037925587471904,28.876470656568756,-0.16145493090314744,,True,,,,,,,,,,,,,,,,,,,,,,,,,,,,,,,,,,,,,,,,,,,,,grid,28.037925587471904,-1.0,1.2465367011752422,0.8938111066818237,0.8631957167505647,0.0023589429523174963,3.2471561808912788,-1.0,False,2.225130029647497,False
55,000055.jpg,,,,29.037925587471904,28.876470656568756,-0.16145493090314744,,True,,,,,,,,,,,,,,,,,,,,,,,,,,,,,,,,,,,,,,,,,,,,,grid,28.537925587471904,-0.5,1.1143606825017083,0.7990362048149109,0.906650776427898,0.0012920512817800045,1.7785475912160842,-0.5,False,1.667346803877831,False
55,000055.jpg,,,,29.037925587471904,28.876470656568756,-0.16145493090314744,,True,,,,,,,,,,,,,,,,,,,,,,,,,,,,,,,,,,,,,,,,,,,,,grid,29.537925587471904,0.5,0.9239250498343289,0.6624870896339417,0.9491808819082517,0.0006866121499721581,0.9451423505035504,0.5,False,1.2260297555519648,False
55,000055.jpg,,,,29.037925587471904,28.876470656568756,-0.16145493090314744,,True,,,,,,,,,,,,,,,,,,,,,,,,,,,,,,,,,,,,,,,,,,,,,grid,30.037925587471904,1.0,1.1539805949528923,0.8274450898170471,0.8876358526476814,0.0016845841892063618,2.3188809872825296,1.0,False,1.8760649891258432,False
55,000055.jpg,,,,29.037925587471904,28.876470656568756,-0.16145493090314744,,True,,,,,,,,,,,,,,,,,,,,,,,,,,,,,,,,,,,,,,,,,,,,,grid,31.037925587471904,2.0,1.293878066743919,0.9277565479278564,0.8476315836283107,0.003623723789739112,4.988165182262705,2.0,False,2.7532877786812846,False
55,000055.jpg,,,,29.037925587471904,28.876470656568756,-0.16145493090314744,,True,,,,,,,,,,,,,,,,,,,,,,,,,,,,,,,,,,,,,,,,,,,,,grid,32.037925587471904,3.0,1.3394653803119903,0.9604442715644836,0.8337216955121934,0.005298557924106717,7.293624924744637,3.0,False,3.4191499159859555,False
55,000055.jpg,,,,29.037925587471904,28.876470656568756,-0.16145493090314744,,True,,,,,,,,,,,,,,,,,,,,,,,,,,,,,,,,,,,,,,,,,,,,,clamped_raw_observation,28.876470656568756,-0.16145493090314744,0.9121502660878846,0.6540441513061523,0.9476867251285153,0.0006420846232989182,0.8838488659304009,,False,1.190269405369064,False
56,000056.jpg,,,,29.037925587471904,28.878897353980136,-0.15902823349176742,,True,,,,,,,,,,,,,,,,,,,,,,,,,,,,,,,,,,,,,,,,,,,,,prediction,29.037925587471904,0.0,0.8577680425293172,0.6049066781997681,0.9525156561343581,0.0004776718366580705,0.7148499576277726,,False,1.0839648758019023,True
56,000056.jpg,,,,29.037925587471904,28.878897353980136,-0.15902823349176742,,True,,,,,,,,,,,,,,,,,,,,,,,,,,,,,,,,,,,,,,,,,,,,,grid,26.037925587471904,-3.0,1.4324405555289785,1.0101715326309204,0.820256902931967,0.005870424211025238,8.785262551521082,-3.0,False,3.898499290477282,False
56,000056.jpg,,,,29.037925587471904,28.878897353980136,-0.15902823349176742,,True,,,,,,,,,,,,,,,,,,,,,,,,,,,,,,,,,,,,,,,,,,,,,grid,27.037925587471904,-2.0,1.3718794853924223,0.9674632549285889,0.835806290919442,0.004286020256889363,6.414155417796434,-2.0,False,3.199612048922089,False
56,000056.jpg,,,,29.037925587471904,28.878897353980136,-0.15902823349176742,,True,,,,,,,,,,,,,,,,,,,,,,,,,,,,,,,,,,,,,,,,,,,,,grid,28.037925587471904,-1.0,1.2659902892812402,0.8927891254425049,0.8647345573583831,0.0023911691969260573,3.5784550562209647,-1.0,False,2.325869495978098,False
56,000056.jpg,,,,29.037925587471904,28.878897353980136,-0.15902823349176742,,True,,,,,,,,,,,,,,,,,,,,,,,,,,,,,,,,,,,,,,,,,,,,,grid,28.537925587471904,-0.5,1.1397672578418458,0.8037753701210022,0.9033233703387418,0.001319283541912834,1.9743466364555515,-0.5,False,1.7450305466169918,False
56,000056.jpg,,,,29.037925587471904,28.878897353980136,-0.15902823349176742,,True,,,,,,,,,,,,,,,,,,,,,,,,,,,,,,,,,,,,,,,,,,,,,grid,29.537925587471904,0.5,0.961337491512038,0.6779448986053467,0.944847708511244,0.0007243078725878149,1.083948041926314,0.5,False,1.3024767934823724,False
56,000056.jpg,,,,29.037925587471904,28.878897353980136,-0.15902823349176742,,True,,,,,,,,,,,,,,,,,,,,,,,,,,,,,,,,,,,,,,,,,,,,,grid,30.037925587471904,1.0,1.1712826360765898,0.8260003328323364,0.8875249074864788,0.0017157377442345023,2.567652014712268,1.0,False,1.955670732268178,False
56,000056.jpg,,,,29.037925587471904,28.878897353980136,-0.15902823349176742,,True,,,,,,,,,,,,,,,,,,,,,,,,,,,,,,,,,,,,,,,,,,,,,grid,31.037925587471904,2.0,1.3328015590972613,0.9399051070213318,0.8423889837745516,0.003629369894042611,5.431458829818033,2.0,False,2.908277282777218,False
56,000056.jpg,,,,29.037925587471904,28.878897353980136,-0.15902823349176742,,True,,,,,,,,,,,,,,,,,,,,,,,,,,,,,,,,,,,,,,,,,,,,,grid,32.037925587471904,3.0,1.3565363266179615,0.9566431045532227,0.8361443210930828,0.005325541986773412,7.969830271394078,3.0,False,3.602849573373398,False
56,000056.jpg,,,,29.037925587471904,28.878897353980136,-0.15902823349176742,,True,,,,,,,,,,,,,,,,,,,,,,,,,,,,,,,,,,,,,,,,,,,,,clamped_raw_observation,28.878897353980136,-0.15902823349176742,0.9336614528280613,0.6584274768829346,0.9409514659834899,0.0006635283886377389,0.9929897559400062,,False,1.245728272834326,False
57,000057.jpg,,,,29.037925587471904,28.875020344762532,-0.16290524270937112,,True,,,,,,,,,,,,,,,,,,,,,,,,,,,,,,,,,,,,,,,,,,,,,prediction,29.037925587471904,0.0,0.7760301545672541,0.5418577790260315,0.9605791003262788,0.0003914193657692522,0.6047892649608337,,False,0.9666483704811837,True
57,000057.jpg,,,,29.037925587471904,28.875020344762532,-0.16290524270937112,,True,,,,,,,,,,,,,,,,,,,,,,,,,,,,,,,,,,,,,,,,,,,,,grid,26.037925587471904,-3.0,1.4427583684839838,1.0073962211608887,0.8237381211332394,0.005879298007736604,9.084211542769902,-3.0,False,3.9800731330432195,False
57,000057.jpg,,,,29.037925587471904,28.875020344762532,-0.16290524270937112,,True,,,,,,,,,,,,,,,,,,,,,,,,,,,,,,,,,,,,,,,,,,,,,grid,27.037925587471904,-2.0,1.3934020835750194,0.9729335308074951,0.8378055520887193,0.004312984839392205,6.664072243019655,-2.0,False,3.281614592241214,False
57,000057.jpg,,,,29.037925587471904,28.875020344762532,-0.16290524270937112,,True,,,,,,,,,,,,,,,,,,,,,,,,,,,,,,,,,,,,,,,,,,,,,grid,28.037925587471904,-1.0,1.2727203039426862,0.8886682987213135,0.8661543673221959,0.002368510429126521,3.6596290494424566,-1.0,False,2.3514731989811044,False
57,000057.jpg,,,,29.037925587471904,28.875020344762532,-0.16290524270937112,,True,,,,,,,,,,,,,,,,,,,,,,,,,,,,,,,,,,,,,,,,,,,,,grid,28.537925587471904,-0.5,1.1542059948045926,0.8059164881706238,0.9057713908748908,0.0013213250398014982,2.041603634059813,-0.5,False,1.773835512444655,False
57,000057.jpg,,,,29.037925587471904,28.875020344762532,-0.16290524270937112,,True,,,,,,,,,,,,,,,,,,,,,,,,,,,,,,,,,,,,,,,,,,,,,grid,29.537925587471904,0.5,0.9609776776404304,0.6709961295127869,0.9475101182092107,0.0006746745687754204,1.0424520915962996,0.5,False,1.2890805823302944,False
57,000057.jpg,,,,29.037925587471904,28.875020344762532,-0.16290524270937112,,True,,,,,,,,,,,,,,,,,,,,,,,,,,,,,,,,,,,,,,,,,,,,,grid,30.037925587471904,1.0,1.1864560709276997,0.8284348845481873,0.8881202417672545,0.001677951969516774,2.592634465822209,1.0,False,1.9764944456159974,False
57,000057.jpg,,,,29.037925587471904,28.875020344762532,-0.16290524270937112,,True,,,,,,,,,,,,,,,,,,,,,,,,,,,,,,,,,,,,,,,,,,,,,grid,31.037925587471904,2.0,1.339454766484526,0.9352651834487915,0.8453830655945228,0.0036045536398887634,5.569462160094972,2.0,False,2.9464372409137463,False
57,000057.jpg,,,,29.037925587471904,28.875020344762532,-0.16290524270937112,,True,,,,,,,,,,,,,,,,,,,,,,,,,,,,,,,,,,,,,,,,,,,,,grid,32.037925587471904,3.0,1.3784235657847483,0.9624748826026917,0.8329024551143759,0.005260616579713921,8.128275483338092,3.0,False,3.667589981504895,False
57,000057.jpg,,,,29.037925587471904,28.875020344762532,-0.16290524270937112,,True,,,,,,,,,,,,,,,,,,,,,,,,,,,,,,,,,,,,,,,,,,,,,clamped_raw_observation,28.875020344762532,-0.16290524270937112,0.9552224548952984,0.66697758436203,0.9455310499759303,0.0006448831118177623,0.9964207632277486,,False,1.2636837530075866,False
58,000058.jpg,,,,29.037925587471904,28.87944922050096,-0.15847636697094458,,True,,,,,,,,,,,,,,,,,,,,,,,,,,,,,,,,,,,,,,,,,,,,,prediction,29.037925587471904,0.0,0.7600342645479631,0.536142885684967,0.960176045044724,0.00038348128146026284,0.5621990588853385,,False,0.9404079842245737,True
58,000058.jpg,,,,29.037925587471904,28.87944922050096,-0.15847636697094458,,True,,,,,,,,,,,,,,,,,,,,,,,,,,,,,,,,,,,,,,,,,,,,,grid,26.037925587471904,-3.0,1.4280820074536713,1.0073966979980469,0.8242400484658423,0.005871065271397431,8.607218995579728,-3.0,False,3.8456467078827608,False
58,000058.jpg,,,,29.037925587471904,28.87944922050096,-0.15847636697094458,,True,,,,,,,,,,,,,,,,,,,,,,,,,,,,,,,,,,,,,,,,,,,,,grid,27.037925587471904,-2.0,1.3666655597777875,0.9640723466873169,0.8354477744912868,0.004284553540249665,6.281328671114836,-2.0,False,3.1615499530652094,False
58,000058.jpg,,,,29.037925587471904,28.87944922050096,-0.15847636697094458,,True,,,,,,,,,,,,,,,,,,,,,,,,,,,,,,,,,,,,,,,,,,,,,grid,28.037925587471904,-1.0,1.2685865020562361,0.8948854804039001,0.861694166280603,0.0024060935247689486,3.5274303613053406,-1.0,False,2.318749926101968,False
58,000058.jpg,,,,29.037925587471904,28.87944922050096,-0.15847636697094458,,True,,,,,,,,,,,,,,,,,,,,,,,,,,,,,,,,,,,,,,,,,,,,,grid,28.537925587471904,-0.5,1.1328368894462202,0.799125075340271,0.9058657923808845,0.0013295435152637463,1.9491645333563359,-0.5,False,1.7292622304044194,False
58,000058.jpg,,,,29.037925587471904,28.87944922050096,-0.15847636697094458,,True,,,,,,,,,,,,,,,,,,,,,,,,,,,,,,,,,,,,,,,,,,,,,grid,29.537925587471904,0.5,0.9550564247168117,0.6737152934074402,0.9456719290117958,0.0006556046185626959,0.9611428702681596,0.5,False,1.2646702132720558,False
58,000058.jpg,,,,29.037925587471904,28.87944922050096,-0.15847636697094458,,True,,,,,,,,,,,,,,,,,,,,,,,,,,,,,,,,,,,,,,,,,,,,,grid,30.037925587471904,1.0,1.1669898190726755,0.8232172131538391,0.8894372973165604,0.0017039218121984352,2.498018248985707,1.0,False,1.932057084002542,False
58,000058.jpg,,,,29.037925587471904,28.87944922050096,-0.15847636697094458,,True,,,,,,,,,,,,,,,,,,,,,,,,,,,,,,,,,,,,,,,,,,,,,grid,31.037925587471904,2.0,1.3188199077429243,0.9303210973739624,0.845336944513738,0.0036415966072430215,5.33872781908969,2.0,False,2.8681649180016087,False
58,000058.jpg,,,,29.037925587471904,28.87944922050096,-0.15847636697094458,,True,,,,,,,,,,,,,,,,,,,,,,,,,,,,,,,,,,,,,,,,,,,,,grid,32.037925587471904,3.0,1.373671405925472,0.9690144062042236,0.8304942803178789,0.005302352209885915,7.7734626600942756,3.0,False,3.576542790631162,False
58,000058.jpg,,,,29.037925587471904,28.87944922050096,-0.15847636697094458,,True,,,,,,,,,,,,,,,,,,,,,,,,,,,,,,,,,,,,,,,,,,,,,clamped_raw_observation,28.87944922050096,-0.15847636697094458,0.9352365231420469,0.6597339510917664,0.9467588467980471,0.0006269457226153463,0.9191277704204182,,False,1.2230139099582324,False
59,000059.jpg,,,,29.037925587471904,28.873253460769945,-0.16467212670195863,,True,,,,,,,,,,,,,,,,,,,,,,,,,,,,,,,,,,,,,,,,,,,,,prediction,29.037925587471904,0.0,0.7689154407520589,0.5379496812820435,0.9602986932171749,0.00037141833066319424,0.5547908113287658,,False,0.9473144503670754,True
59,000059.jpg,,,,29.037925587471904,28.873253460769945,-0.16467212670195863,,True,,,,,,,,,,,,,,,,,,,,,,,,,,,,,,,,,,,,,,,,,,,,,grid,26.037925587471904,-3.0,1.4454272511162538,1.0112518072128296,0.8210507600675616,0.005889050662517548,8.796526518172946,-3.0,False,3.9135081205919287,False
59,000059.jpg,,,,29.037925587471904,28.873253460769945,-0.16467212670195863,,True,,,,,,,,,,,,,,,,,,,,,,,,,,,,,,,,,,,,,,,,,,,,,grid,27.037925587471904,-2.0,1.372916872378479,0.9605219960212708,0.8380833851897946,0.0042864077258855104,6.402644736687377,-2.0,False,3.1954946713605286,False
59,000059.jpg,,,,29.037925587471904,28.873253460769945,-0.16467212670195863,,True,,,,,,,,,,,,,,,,,,,,,,,,,,,,,,,,,,,,,,,,,,,,,grid,28.037925587471904,-1.0,1.275645252106056,0.8924686908721924,0.8634367499333274,0.0024115487467497587,3.6021514699590647,-1.0,False,2.3427463696624944,False
59,000059.jpg,,,,29.037925587471904,28.873253460769945,-0.16467212670195863,,True,,,,,,,,,,,,,,,,,,,,,,,,,,,,,,,,,,,,,,,,,,,,,grid,28.537925587471904,-0.5,1.1484900064314139,0.8035081624984741,0.9033158502978043,0.0013330604027335842,1.9912039910961354,-0.5,False,1.7579751539076434,False
59,000059.jpg,,,,29.037925587471904,28.873253460769945,-0.16467212670195863,,True,,,,,,,,,,,,,,,,,,,,,,,,,,,,,,,,,,,,,,,,,,,,,grid,29.537925587471904,0.5,0.9585980182316823,0.6706556677818298,0.9481553915903635,0.0006436875652677069,0.9614817500780315,0.5,False,1.2658130641608265,False
59,000059.jpg,,,,29.037925587471904,28.873253460769945,-0.16467212670195863,,True,,,,,,,,,,,,,,,,,,,,,,,,,,,,,,,,,,,,,,,,,,,,,grid,30.037925587471904,1.0,1.1775921328362569,0.8238686323165894,0.8890034669748422,0.0016656201720858614,2.487951429287506,1.0,False,1.9405765231832912,False
59,000059.jpg,,,,29.037925587471904,28.873253460769945,-0.16467212670195863,,True,,,,,,,,,,,,,,,,,,,,,,,,,,,,,,,,,,,,,,,,,,,,,grid,31.037925587471904,2.0,1.3370685344717053,0.9354417324066162,0.8458351853498088,0.0036305682733654976,5.423011606261896,2.0,False,2.9069862506873707,False
59,000059.jpg,,,,29.037925587471904,28.873253460769945,-0.16467212670195863,,True,,,,,,,,,,,,,,,,,,,,,,,,,,,,,,,,,,,,,,,,,,,,,grid,32.037925587471904,3.0,1.3897621671845564,0.9723073244094849,0.8294248377633567,0.0052873281529173255,7.897728339042125,3.0,False,3.624769414181731,False
59,000059.jpg,,,,29.037925587471904,28.873253460769945,-0.16467212670195863,,True,,,,,,,,,,,,,,,,,,,,,,,,,,,,,,,,,,,,,,,,,,,,,clamped_raw_observation,28.873253460769945,-0.16467212670195863,0.9613215503311169,0.6725611090660095,0.9466263667881589,0.0006496222534527382,0.970346445763023,,False,1.2622219587847723,False
60,000060.jpg,,,,29.037925587471904,28.870458060418997,-0.16746752705290646,,True,,,,,,,,,,,,,,,,,,,,,,,,,,,,,,,,,,,,,,,,,,,,,prediction,29.037925587471904,0.0,0.8388779373347408,0.5980501174926758,0.9570779510022271,0.00044032673273856443,0.6117180719619326,,False,1.0347295043229967,True
60,000060.jpg,,,,29.037925587471904,28.870458060418997,-0.16746752705290646,,True,,,,,,,,,,,,,,,,,,,,,,,,,,,,,,,,,,,,,,,,,,,,,grid,26.037925587471904,-3.0,1.4227936055557684,1.0143333673477173,0.819064587973274,0.005940183686713378,8.25232138266173,-3.0,False,3.756809363247927,False
60,000060.jpg,,,,29.037925587471904,28.870458060418997,-0.16746752705290646,,True,,,,,,,,,,,,,,,,,,,,,,,,,,,,,,,,,,,,,,,,,,,,,grid,27.037925587471904,-2.0,1.3704393149664928,0.977009117603302,0.831750556792873,0.004361351331075032,6.058949477813903,-2.0,False,3.1134261276270956,False
60,000060.jpg,,,,29.037925587471904,28.870458060418997,-0.16746752705290646,,True,,,,,,,,,,,,,,,,,,,,,,,,,,,,,,,,,,,,,,,,,,,,,grid,28.037925587471904,-1.0,1.2378382707851794,0.8824756145477295,0.8673674832962138,0.0024215213876838484,3.3640664632733848,-1.0,False,2.2414874033073118,False
60,000060.jpg,,,,29.037925587471904,28.870458060418997,-0.16746752705290646,,True,,,,,,,,,,,,,,,,,,,,,,,,,,,,,,,,,,,,,,,,,,,,,grid,28.537925587471904,-0.5,1.1241167156797254,0.8014016151428223,0.9053006681514476,0.00134617129030327,1.870150606376532,-0.5,False,1.7013536991224105,False
60,000060.jpg,,,,29.037925587471904,28.870458060418997,-0.16746752705290646,,True,,,,,,,,,,,,,,,,,,,,,,,,,,,,,,,,,,,,,,,,,,,,,grid,29.537925587471904,0.5,0.9412116690263276,0.6710055470466614,0.9462093541202673,0.0007069658992501596,0.9821429967299048,0.5,False,1.2555380640885363,False
60,000060.jpg,,,,29.037925587471904,28.870458060418997,-0.16746752705290646,,True,,,,,,,,,,,,,,,,,,,,,,,,,,,,,,,,,,,,,,,,,,,,,grid,30.037925587471904,1.0,1.1513674969429195,0.8208291530609131,0.8891403118040089,0.001685897654776151,2.342110951317421,1.0,False,1.877754922968266,False
60,000060.jpg,,,,29.037925587471904,28.870458060418997,-0.16746752705290646,,True,,,,,,,,,,,,,,,,,,,,,,,,,,,,,,,,,,,,,,,,,,,,,grid,31.037925587471904,2.0,1.3117888515092437,0.9351962208747864,0.8443830734966592,0.0036038552255680165,5.006608062389226,2.0,False,2.779057793609891,False
60,000060.jpg,,,,29.037925587471904,28.870458060418997,-0.16746752705290646,,True,,,,,,,,,,,,,,,,,,,,,,,,,,,,,,,,,,,,,,,,,,,,,grid,32.037925587471904,3.0,1.3527722908531383,0.9644140005111694,0.8324276169265034,0.005244811453546087,7.2862847327327,3.0,False,3.43191585710981,False
60,000060.jpg,,,,29.037925587471904,28.870458060418997,-0.16746752705290646,,True,,,,,,,,,,,,,,,,,,,,,,,,,,,,,,,,,,,,,,,,,,,,,clamped_raw_observation,28.870458060418997,-0.16746752705290646,0.9618300947147329,0.68570476770401,0.9382806236080178,0.0007030717727805799,0.9767331331925901,,False,1.27275678021645,False
61,000061.jpg,,,,29.037925587471904,28.874830146599805,-0.16309544087209815,,True,,,,,,,,,,,,,,,,,,,,,,,,,,,,,,,,,,,,,,,,,,,,,prediction,29.037925587471904,0.0,0.7795524967574501,0.5852630734443665,0.9583192499955526,0.0004105067637283355,0.5107383290979525,,False,0.9489178290363856,True
61,000061.jpg,,,,29.037925587471904,28.874830146599805,-0.16309544087209815,,True,,,,,,,,,,,,,,,,,,,,,,,,,,,,,,,,,,,,,,,,,,,,,grid,26.037925587471904,-3.0,1.3608380636810835,1.0216736793518066,0.8226922597975558,0.0059029812303682165,7.344285251022126,-3.0,False,3.464217116639059,False
61,000061.jpg,,,,29.037925587471904,28.874830146599805,-0.16309544087209815,,True,,,,,,,,,,,,,,,,,,,,,,,,,,,,,,,,,,,,,,,,,,,,,grid,27.037925587471904,-2.0,1.3141848030735968,0.98664790391922,0.8331880525857008,0.004318334472676118,5.37272251747907,-2.0,False,2.8841773798576633,False
61,000061.jpg,,,,29.037925587471904,28.874830146599805,-0.16309544087209815,,True,,,,,,,,,,,,,,,,,,,,,,,,,,,,,,,,,,,,,,,,,,,,,grid,28.037925587471904,-1.0,1.1925736815224952,0.8953461647033691,0.8646220625122303,0.0024178236296089986,3.0081726045743316,-1.0,False,2.1099947701538477,False
61,000061.jpg,,,,29.037925587471904,28.874830146599805,-0.16309544087209815,,True,,,,,,,,,,,,,,,,,,,,,,,,,,,,,,,,,,,,,,,,,,,,,grid,28.537925587471904,-0.5,1.086093559621515,0.8154042959213257,0.9026203903011759,0.0013754753551135461,1.7113189030205846,-0.5,False,1.6263028950754854,False
61,000061.jpg,,,,29.037925587471904,28.874830146599805,-0.16309544087209815,,True,,,,,,,,,,,,,,,,,,,,,,,,,,,,,,,,,,,,,,,,,,,,,grid,29.537925587471904,0.5,0.8975181165590395,0.6738278865814209,0.9458310355255901,0.0006958330729200194,0.8657314626597796,0.5,False,1.1831199466983942,False
61,000061.jpg,,,,29.037925587471904,28.874830146599805,-0.16309544087209815,,True,,,,,,,,,,,,,,,,,,,,,,,,,,,,,,,,,,,,,,,,,,,,,grid,30.037925587471904,1.0,1.1073130187792006,0.831335186958313,0.8871079643498835,0.0017082632305876662,2.1253620771695747,1.0,False,1.7815455737217107,False
61,000061.jpg,,,,29.037925587471904,28.874830146599805,-0.16309544087209815,,True,,,,,,,,,,,,,,,,,,,,,,,,,,,,,,,,,,,,,,,,,,,,,grid,31.037925587471904,2.0,1.274638754498822,0.956957995891571,0.837955633038621,0.0036392817273736,4.527868558544784,2.0,False,2.628650261096397,False
61,000061.jpg,,,,29.037925587471904,28.874830146599805,-0.16309544087209815,,True,,,,,,,,,,,,,,,,,,,,,,,,,,,,,,,,,,,,,,,,,,,,,grid,32.037925587471904,3.0,1.290882029934271,0.9691529273986816,0.8334726842545319,0.005252271269758542,6.534694405329954,3.0,False,3.1810829470122273,False
61,000061.jpg,,,,29.037925587471904,28.874830146599805,-0.16309544087209815,,True,,,,,,,,,,,,,,,,,,,,,,,,,,,,,,,,,,,,,,,,,,,,,clamped_raw_observation,28.874830146599805,-0.16309544087209815,0.8982395476840409,0.6743695139884949,0.9423976660203156,0.0006891045777592808,0.8573601015047817,,False,1.1750747702660835,False
62,000062.jpg,,,,29.037925587471904,28.885162556230085,-0.15276303124181823,,True,,,,,,,,,,,,,,,,,,,,,,,,,,,,,,,,,,,,,,,,,,,,,prediction,29.037925587471904,0.0,0.7644367678526984,0.5569029450416565,0.9542856122047947,0.0004093649671024953,0.5270889849507714,,False,0.9419234018855966,True
62,000062.jpg,,,,29.037925587471904,28.885162556230085,-0.15276303124181823,,True,,,,,,,,,,,,,,,,,,,,,,,,,,,,,,,,,,,,,,,,,,,,,grid,26.037925587471904,-3.0,1.3834269398625707,1.0078459978103638,0.8217514023366322,0.0058233717766900854,7.4980405394534735,-3.0,False,3.526185672389307,False
62,000062.jpg,,,,29.037925587471904,28.885162556230085,-0.15276303124181823,,True,,,,,,,,,,,,,,,,,,,,,,,,,,,,,,,,,,,,,,,,,,,,,grid,27.037925587471904,-2.0,1.3367941813245443,0.9738733768463135,0.8331308728429025,0.004246342422751089,5.467493550323465,-2.0,False,2.930536696062508,False
62,000062.jpg,,,,29.037925587471904,28.885162556230085,-0.15276303124181823,,True,,,,,,,,,,,,,,,,,,,,,,,,,,,,,,,,,,,,,,,,,,,,,grid,28.037925587471904,-1.0,1.216177247125328,0.886002242565155,0.8665904462467398,0.0023573882256944976,3.0353192551161974,-1.0,False,2.1384166146576375,False
62,000062.jpg,,,,29.037925587471904,28.885162556230085,-0.15276303124181823,,True,,,,,,,,,,,,,,,,,,,,,,,,,,,,,,,,,,,,,,,,,,,,,grid,28.537925587471904,-0.5,1.106413630406634,0.8060379028320312,0.9027117796277109,0.0013058791228104383,1.6814201424769695,-0.5,False,1.6390568863981654,False
62,000062.jpg,,,,29.037925587471904,28.885162556230085,-0.15276303124181823,,True,,,,,,,,,,,,,,,,,,,,,,,,,,,,,,,,,,,,,,,,,,,,,grid,29.537925587471904,0.5,0.9259408802073694,0.6745609641075134,0.9473185894458537,0.0006790493061998859,0.8743283824939735,0.5,False,1.212204386385009,False
62,000062.jpg,,,,29.037925587471904,28.885162556230085,-0.15276303124181823,,True,,,,,,,,,,,,,,,,,,,,,,,,,,,,,,,,,,,,,,,,,,,,,grid,30.037925587471904,1.0,1.1326424400761943,0.825145959854126,0.8902425953052985,0.001698320246456812,2.1867183730017046,1.0,False,1.819079438021322,False
62,000062.jpg,,,,29.037925587471904,28.885162556230085,-0.15276303124181823,,True,,,,,,,,,,,,,,,,,,,,,,,,,,,,,,,,,,,,,,,,,,,,,grid,31.037925587471904,2.0,1.2856339299900723,0.9366024136543274,0.8441530601307656,0.003654860774986446,4.705915285471073,2.0,False,2.6779596912270747,False
62,000062.jpg,,,,29.037925587471904,28.885162556230085,-0.15276303124181823,,True,,,,,,,,,,,,,,,,,,,,,,,,,,,,,,,,,,,,,,,,,,,,,grid,32.037925587471904,3.0,1.3403312825149942,0.9764502048492432,0.8282718210725643,0.005297175298134486,6.820521967872582,3.0,False,3.3071899534105755,False
62,000062.jpg,,,,29.037925587471904,28.885162556230085,-0.15276303124181823,,True,,,,,,,,,,,,,,,,,,,,,,,,,,,,,,,,,,,,,,,,,,,,,clamped_raw_observation,28.885162556230085,-0.15276303124181823,0.8960193539128609,0.6527627110481262,0.9445853728250384,0.0006237575677611554,0.8031360025106197,,False,1.156800872652732,False
63,000063.jpg,,,,29.037925587471904,28.874694921747647,-0.1632306657242566,,True,,,,,,,,,,,,,,,,,,,,,,,,,,,,,,,,,,,,,,,,,,,,,prediction,29.037925587471904,0.0,0.7553053899757246,0.526170015335083,0.9579753889017878,0.00036675432541718084,0.5944509765999939,,False,0.9459427452239353,True
63,000063.jpg,,,,29.037925587471904,28.874694921747647,-0.1632306657242566,,True,,,,,,,,,,,,,,,,,,,,,,,,,,,,,,,,,,,,,,,,,,,,,grid,26.037925587471904,-3.0,1.4529589953341795,1.0121779441833496,0.8227750888535658,0.005840432209273179,9.466420407228442,-3.0,False,4.086789008287725,False
63,000063.jpg,,,,29.037925587471904,28.874694921747647,-0.1632306657242566,,True,,,,,,,,,,,,,,,,,,,,,,,,,,,,,,,,,,,,,,,,,,,,,grid,27.037925587471904,-2.0,1.3999568600702217,0.9752549529075623,0.8328838563340537,0.004270019591785967,6.921028984596037,-2.0,False,3.357330249885177,False
63,000063.jpg,,,,29.037925587471904,28.874694921747647,-0.1632306657242566,,True,,,,,,,,,,,,,,,,,,,,,,,,,,,,,,,,,,,,,,,,,,,,,grid,28.037925587471904,-1.0,1.2869613027471631,0.8965386152267456,0.8631922987623011,0.0023659308014127114,3.834801058904996,-1.0,False,2.412469268711111,False
63,000063.jpg,,,,29.037925587471904,28.874694921747647,-0.1632306657242566,,True,,,,,,,,,,,,,,,,,,,,,,,,,,,,,,,,,,,,,,,,,,,,,grid,28.537925587471904,-0.5,1.1592739554951987,0.8075875043869019,0.9037881088032005,0.0013058639985198777,2.1165997929101708,-0.5,False,1.799635794919541,False
63,000063.jpg,,,,29.037925587471904,28.874694921747647,-0.1632306657242566,,True,,,,,,,,,,,,,,,,,,,,,,,,,,,,,,,,,,,,,,,,,,,,,grid,29.537925587471904,0.5,0.9621468934288013,0.6702624559402466,0.9529210051615438,0.0006120642792666331,0.9920597613624683,0.5,False,1.2722408286078746,False
63,000063.jpg,,,,29.037925587471904,28.874694921747647,-0.1632306657242566,,True,,,,,,,,,,,,,,,,,,,,,,,,,,,,,,,,,,,,,,,,,,,,,grid,30.037925587471904,1.0,1.1996656612661611,0.8357256650924683,0.8869282563269096,0.0016875358608861764,2.7352297465345874,1.0,False,2.0265448415728984,False
63,000063.jpg,,,,29.037925587471904,28.874694921747647,-0.1632306657242566,,True,,,,,,,,,,,,,,,,,,,,,,,,,,,,,,,,,,,,,,,,,,,,,grid,31.037925587471904,2.0,1.36470010647229,0.9506939649581909,0.839831401475237,0.003651279335220655,5.918148515882824,2.0,False,3.064405833967759,False
63,000063.jpg,,,,29.037925587471904,28.874694921747647,-0.1632306657242566,,True,,,,,,,,,,,,,,,,,,,,,,,,,,,,,,,,,,,,,,,,,,,,,grid,32.037925587471904,3.0,1.3993364562010784,0.9748227596282959,0.8291153935453912,0.005306993067885439,8.601799606386077,3.0,False,3.810670964252206,False
63,000063.jpg,,,,29.037925587471904,28.874694921747647,-0.1632306657242566,,True,,,,,,,,,,,,,,,,,,,,,,,,,,,,,,,,,,,,,,,,,,,,,clamped_raw_observation,28.874694921747647,-0.1632306657242566,0.9529497547304191,0.6638554334640503,0.9502598631922987,0.000612453673966229,0.9926909088184508,,False,1.2557595387144609,False
64,000064.jpg,,,,29.037925587471904,28.878714497138162,-0.15921109033374137,,True,,,,,,,,,,,,,,,,,,,,,,,,,,,,,,,,,,,,,,,,,,,,,prediction,29.037925587471904,0.0,0.7604280290292841,0.53739994764328,0.9537876886674076,0.0003847797440054516,0.5808622845300645,,False,0.9518559114943926,True
64,000064.jpg,,,,29.037925587471904,28.878714497138162,-0.15921109033374137,,True,,,,,,,,,,,,,,,,,,,,,,,,,,,,,,,,,,,,,,,,,,,,,grid,26.037925587471904,-3.0,1.4366125338514593,1.0152643918991089,0.8201520094647402,0.005826803545157115,8.796124202161453,-3.0,False,3.905491574927082,False
64,000064.jpg,,,,29.037925587471904,28.878714497138162,-0.15921109033374137,,True,,,,,,,,,,,,,,,,,,,,,,,,,,,,,,,,,,,,,,,,,,,,,grid,27.037925587471904,-2.0,1.375746073129526,0.9722496271133423,0.8358727996271466,0.004267023682283859,6.4414854545986024,-2.0,False,3.21024463715203,False
64,000064.jpg,,,,29.037925587471904,28.878714497138162,-0.15921109033374137,,True,,,,,,,,,,,,,,,,,,,,,,,,,,,,,,,,,,,,,,,,,,,,,grid,28.037925587471904,-1.0,1.2464346587662427,0.8808643221855164,0.8684795468397088,0.002350883597197632,3.54888644271546,-1.0,False,2.2951767226053987,False
64,000064.jpg,,,,29.037925587471904,28.878714497138162,-0.15921109033374137,,True,,,,,,,,,,,,,,,,,,,,,,,,,,,,,,,,,,,,,,,,,,,,,grid,28.537925587471904,-0.5,1.1272113144946785,0.7966083288192749,0.9073423439572653,0.0013036568222257,1.9679962154933381,-0.5,False,1.7268680244107475,False
64,000064.jpg,,,,29.037925587471904,28.878714497138162,-0.15921109033374137,,True,,,,,,,,,,,,,,,,,,,,,,,,,,,,,,,,,,,,,,,,,,,,,grid,29.537925587471904,0.5,0.9592045057853534,0.6778767108917236,0.948929839027713,0.0006189382014175256,0.9343471512191127,0.5,False,1.2588614545624186,False
64,000064.jpg,,,,29.037925587471904,28.878714497138162,-0.15921109033374137,,True,,,,,,,,,,,,,,,,,,,,,,,,,,,,,,,,,,,,,,,,,,,,,grid,30.037925587471904,1.0,1.1726373180661978,0.828711211681366,0.8871759939769834,0.0016939190585010995,2.5571348530135314,1.0,False,1.9547450373425972,False
64,000064.jpg,,,,29.037925587471904,28.878714497138162,-0.15921109033374137,,True,,,,,,,,,,,,,,,,,,,,,,,,,,,,,,,,,,,,,,,,,,,,,grid,31.037925587471904,2.0,1.3199202737990443,0.9327971339225769,0.8441185960635285,0.0036374912597239017,5.4911453006513575,2.0,False,2.9085880028983553,False
64,000064.jpg,,,,29.037925587471904,28.878714497138162,-0.15921109033374137,,True,,,,,,,,,,,,,,,,,,,,,,,,,,,,,,,,,,,,,,,,,,,,,grid,32.037925587471904,3.0,1.3780469054353706,0.9738756418228149,0.8302620729215215,0.005298592460652192,7.998738419672638,3.0,False,3.6374694374320082,False
64,000064.jpg,,,,29.037925587471904,28.878714497138162,-0.15921109033374137,,True,,,,,,,,,,,,,,,,,,,,,,,,,,,,,,,,,,,,,,,,,,,,,clamped_raw_observation,28.878714497138162,-0.15921109033374137,0.955866190407874,0.6755174994468689,0.9492525006273975,0.0006060834227052206,0.9149416179334204,,False,1.240125426973844,False
65,000065.jpg,,,,29.037925587471904,28.874430997135647,-0.16349459033625635,,True,,,,,,,,,,,,,,,,,,,,,,,,,,,,,,,,,,,,,,,,,,,,,prediction,29.037925587471904,0.0,0.8492070673605983,0.6242659091949463,0.9606187963873737,0.00046241712213183445,0.6311886103398224,,False,1.0463854235581802,True
65,000065.jpg,,,,29.037925587471904,28.874430997135647,-0.16349459033625635,,True,,,,,,,,,,,,,,,,,,,,,,,,,,,,,,,,,,,,,,,,,,,,,grid,26.037925587471904,-3.0,1.3760283215942912,1.0115407705307007,0.8196190646517035,0.005843714500466983,7.976534298227916,-3.0,False,3.6405428314995665,False
65,000065.jpg,,,,29.037925587471904,28.874430997135647,-0.16349459033625635,,True,,,,,,,,,,,,,,,,,,,,,,,,,,,,,,,,,,,,,,,,,,,,,grid,27.037925587471904,-2.0,1.3354227336221796,0.9816909432411194,0.8303317535545024,0.0043198861336956424,5.896544040115049,-2.0,False,3.0392269900964393,False
65,000065.jpg,,,,29.037925587471904,28.874430997135647,-0.16349459033625635,,True,,,,,,,,,,,,,,,,,,,,,,,,,,,,,,,,,,,,,,,,,,,,,grid,28.037925587471904,-1.0,1.2236200747186214,0.8995029926300049,0.8618617544487168,0.002413739605496327,3.29469838896031,-1.0,False,2.215432917509982,False
65,000065.jpg,,,,29.037925587471904,28.874430997135647,-0.16349459033625635,,True,,,,,,,,,,,,,,,,,,,,,,,,,,,,,,,,,,,,,,,,,,,,,grid,28.537925587471904,-0.5,1.1005153243228605,0.8090066909790039,0.9026200482875794,0.0013607839646283537,1.8574384435566171,-0.5,False,1.6772548869244355,False
65,000065.jpg,,,,29.037925587471904,28.874430997135647,-0.16349459033625635,,True,,,,,,,,,,,,,,,,,,,,,,,,,,,,,,,,,,,,,,,,,,,,,grid,29.537925587471904,0.5,0.9325153463771458,0.6855071783065796,0.9433604578377895,0.0007384536099076892,1.007971992233398,0.5,False,1.2561478865977056,False
65,000065.jpg,,,,29.037925587471904,28.874430997135647,-0.16349459033625635,,True,,,,,,,,,,,,,,,,,,,,,,,,,,,,,,,,,,,,,,,,,,,,,grid,30.037925587471904,1.0,1.1214002460350125,0.8243595361709595,0.890476616292587,0.0017004735418595374,2.321106811222175,1.0,False,1.8412003325479693,False
65,000065.jpg,,,,29.037925587471904,28.874430997135647,-0.16349459033625635,,True,,,,,,,,,,,,,,,,,,,,,,,,,,,,,,,,,,,,,,,,,,,,,grid,31.037925587471904,2.0,1.274822017052503,0.9371423721313477,0.8432799785388536,0.0036144844877223172,4.933687209466834,2.0,False,2.724963840880358,False
65,000065.jpg,,,,29.037925587471904,28.874430997135647,-0.16349459033625635,,True,,,,,,,,,,,,,,,,,,,,,,,,,,,,,,,,,,,,,,,,,,,,,grid,32.037925587471904,3.0,1.3231754700562806,0.9726877808570862,0.8304569435750693,0.005255755696756144,7.173984214138459,3.0,False,3.3762145800158256,False
65,000065.jpg,,,,29.037925587471904,28.874430997135647,-0.16349459033625635,,True,,,,,,,,,,,,,,,,,,,,,,,,,,,,,,,,,,,,,,,,,,,,,clamped_raw_observation,28.874430997135647,-0.16349459033625635,0.9549250948901843,0.7019809484481812,0.9382097827058928,0.0007124802990195652,0.9725190273219361,,False,1.264749906724863,False
66,000066.jpg,,,,29.037925587471904,28.872064878307697,-0.1658607091642068,,True,,,,,,,,,,,,,,,,,,,,,,,,,,,,,,,,,,,,,,,,,,,,,prediction,29.037925587471904,0.0,0.7181708720384391,0.5438975691795349,0.955331566886279,0.0003868722803114603,0.436757933143389,,False,0.8720287884380074,True
66,000066.jpg,,,,29.037925587471904,28.872064878307697,-0.1658607091642068,,True,,,,,,,,,,,,,,,,,,,,,,,,,,,,,,,,,,,,,,,,,,,,,grid,26.037925587471904,-3.0,1.3453646467014706,1.0188947916030884,0.8194106273274133,0.005770673121636112,6.514778632945225,-3.0,False,3.244648677610363,False
66,000066.jpg,,,,29.037925587471904,28.872064878307697,-0.1658607091642068,,True,,,,,,,,,,,,,,,,,,,,,,,,,,,,,,,,,,,,,,,,,,,,,grid,27.037925587471904,-2.0,1.298193272459783,0.9831701517105103,0.8301167287310226,0.004232788574881852,4.7785899468165765,-2.0,False,2.722724030432905,False
66,000066.jpg,,,,29.037925587471904,28.872064878307697,-0.1658607091642068,,True,,,,,,,,,,,,,,,,,,,,,,,,,,,,,,,,,,,,,,,,,,,,,grid,28.037925587471904,-1.0,1.1857449202586083,0.8980088233947754,0.8639179318246921,0.0023665811750106514,2.6717424721708243,-1.0,False,2.0197626064766223,False
66,000066.jpg,,,,29.037925587471904,28.872064878307697,-0.1658607091642068,,True,,,,,,,,,,,,,,,,,,,,,,,,,,,,,,,,,,,,,,,,,,,,,grid,28.537925587471904,-0.5,1.0576907260665838,0.8010286092758179,0.9053816957891722,0.0013329367308566968,1.5048136586864973,-0.5,False,1.5435124449490358,False
66,000066.jpg,,,,29.037925587471904,28.872064878307697,-0.1658607091642068,,True,,,,,,,,,,,,,,,,,,,,,,,,,,,,,,,,,,,,,,,,,,,,,grid,29.537925587471904,0.5,0.8914579878767617,0.6751343607902527,0.9496920653107992,0.000646307821928834,0.7296466633711443,0.5,False,1.1391775884087485,False
66,000066.jpg,,,,29.037925587471904,28.872064878307697,-0.1658607091642068,,True,,,,,,,,,,,,,,,,,,,,,,,,,,,,,,,,,,,,,,,,,,,,,grid,30.037925587471904,1.0,1.107846908050056,0.8390137553215027,0.8839157834431395,0.0016942244255915284,1.9126879749737433,1.0,False,1.7321031183503524,False
66,000066.jpg,,,,29.037925587471904,28.872064878307697,-0.1658607091642068,,True,,,,,,,,,,,,,,,,,,,,,,,,,,,,,,,,,,,,,,,,,,,,,grid,31.037925587471904,2.0,1.2541048484847055,0.9497803449630737,0.8404289601833286,0.003628203528933227,4.096046046629835,2.0,False,2.497687399958836,False
66,000066.jpg,,,,29.037925587471904,28.872064878307697,-0.1658607091642068,,True,,,,,,,,,,,,,,,,,,,,,,,,,,,,,,,,,,,,,,,,,,,,,grid,32.037925587471904,3.0,1.2743166993952704,0.9650875329971313,0.8315131767401891,0.0052594861869389815,5.937676161637436,3.0,False,3.01722256306444,False
66,000066.jpg,,,,29.037925587471904,28.872064878307697,-0.1658607091642068,,True,,,,,,,,,,,,,,,,,,,,,,,,,,,,,,,,,,,,,,,,,,,,,clamped_raw_observation,28.872064878307697,-0.1658607091642068,0.8810494497446917,0.6672515869140625,0.9441062732741334,0.000647627399303019,0.7311363950368709,,False,1.1247030965047022,False
67,000067.jpg,,,,29.037925587471904,28.88866986380833,-0.14925572366357187,,True,,,,,,,,,,,,,,,,,,,,,,,,,,,,,,,,,,,,,,,,,,,,,prediction,29.037925587471904,0.0,0.8832731768693854,0.6173017621040344,0.9491884011591729,0.0005192940880078822,0.7757551465685543,,False,1.1280235623523511,True
67,000067.jpg,,,,29.037925587471904,28.88866986380833,-0.14925572366357187,,True,,,,,,,,,,,,,,,,,,,,,,,,,,,,,,,,,,,,,,,,,,,,,grid,26.037925587471904,-3.0,1.4528599245202045,1.0153744220733643,0.821074901772539,0.005847914222006996,8.735993070547938,-3.0,False,3.90578329038465,False
67,000067.jpg,,,,29.037925587471904,28.88866986380833,-0.14925572366357187,,True,,,,,,,,,,,,,,,,,,,,,,,,,,,,,,,,,,,,,,,,,,,,,grid,27.037925587471904,-2.0,1.4029374366804923,0.9804846048355103,0.8306398563478941,0.004229778579125802,6.318717230519409,-2.0,False,3.2119768879624506,False
67,000067.jpg,,,,29.037925587471904,28.88866986380833,-0.14925572366357187,,True,,,,,,,,,,,,,,,,,,,,,,,,,,,,,,,,,,,,,,,,,,,,,grid,28.037925587471904,-1.0,1.2803658802532005,0.89482182264328,0.8639038526499191,0.0023929638555273414,3.5747644145135893,-1.0,False,2.340153131231679,False
67,000067.jpg,,,,29.037925587471904,28.88866986380833,-0.14925572366357187,,True,,,,,,,,,,,,,,,,,,,,,,,,,,,,,,,,,,,,,,,,,,,,,grid,28.537925587471904,-0.5,1.1464552973124598,0.8012344241142273,0.902750368908564,0.001332084075935806,1.9899534799894218,-0.5,False,1.7561932984012512,False
67,000067.jpg,,,,29.037925587471904,28.88866986380833,-0.14925572366357187,,True,,,,,,,,,,,,,,,,,,,,,,,,,,,,,,,,,,,,,,,,,,,,,grid,29.537925587471904,0.5,0.9675634401872811,0.6762105226516724,0.943890340818177,0.0007483160346358394,1.117882965614878,0.5,False,1.3181438407728236,False
67,000067.jpg,,,,29.037925587471904,28.88866986380833,-0.14925572366357187,,True,,,,,,,,,,,,,,,,,,,,,,,,,,,,,,,,,,,,,,,,,,,,,grid,30.037925587471904,1.0,1.1937595909411622,0.8342944383621216,0.8852916599996444,0.0017077597343207647,2.551162113329839,1.0,False,1.9762584592739778,False
67,000067.jpg,,,,29.037925587471904,28.88866986380833,-0.14925572366357187,,True,,,,,,,,,,,,,,,,,,,,,,,,,,,,,,,,,,,,,,,,,,,,,grid,31.037925587471904,2.0,1.342159749675423,0.9380083084106445,0.8454139776343628,0.003648107716192802,5.449779617036704,2.0,False,2.919190676300236,False
67,000067.jpg,,,,29.037925587471904,28.88866986380833,-0.14925572366357187,,True,,,,,,,,,,,,,,,,,,,,,,,,,,,,,,,,,,,,,,,,,,,,,grid,32.037925587471904,3.0,1.3942921677537643,0.9744426012039185,0.8288442050242679,0.005262780818156898,7.861882889152998,3.0,False,3.6209186850177457,False
67,000067.jpg,,,,29.037925587471904,28.88866986380833,-0.14925572366357187,,True,,,,,,,,,,,,,,,,,,,,,,,,,,,,,,,,,,,,,,,,,,,,,clamped_raw_observation,28.88866986380833,-0.14925572366357187,0.9408832573989636,0.6575642824172974,0.938947854996711,0.0006698017047407726,1.0005931737569842,,False,1.2565613675514058,False
68,000068.jpg,,,,29.037925587471904,28.8786397619146,-0.15928582555730486,,True,,,,,,,,,,,,,,,,,,,,,,,,,,,,,,,,,,,,,,,,,,,,,prediction,29.037925587471904,0.0,0.8414423300039859,0.5866090059280396,0.9533974690774091,0.0004750775794188182,0.7564555385792467,,False,1.0771587455713885,True
68,000068.jpg,,,,29.037925587471904,28.8786397619146,-0.15928582555730486,,True,,,,,,,,,,,,,,,,,,,,,,,,,,,,,,,,,,,,,,,,,,,,,grid,26.037925587471904,-3.0,1.4493078341948393,1.0103806257247925,0.8194084994734682,0.0058302876229087515,9.283438231824624,-3.0,False,4.040758892677527,False
68,000068.jpg,,,,29.037925587471904,28.8786397619146,-0.15928582555730486,,True,,,,,,,,,,,,,,,,,,,,,,,,,,,,,,,,,,,,,,,,,,,,,grid,27.037925587471904,-2.0,1.401032268125695,0.9767254590988159,0.8328484480696807,0.004259855796893437,6.782874315077202,-2.0,False,3.323902398825315,False
68,000068.jpg,,,,29.037925587471904,28.8786397619146,-0.15928582555730486,,True,,,,,,,,,,,,,,,,,,,,,,,,,,,,,,,,,,,,,,,,,,,,,grid,28.037925587471904,-1.0,1.2939146145589682,0.9020487070083618,0.8602102557695397,0.0024270360784915588,3.864515951589594,-1.0,False,2.4298333466868267,False
68,000068.jpg,,,,29.037925587471904,28.8786397619146,-0.15928582555730486,,True,,,,,,,,,,,,,,,,,,,,,,,,,,,,,,,,,,,,,,,,,,,,,grid,28.537925587471904,-0.5,1.1572564765984399,0.8067778944969177,0.9010477091402359,0.0013236435867535572,2.107608453191017,-0.5,False,1.7981108807559583,False
68,000068.jpg,,,,29.037925587471904,28.8786397619146,-0.15928582555730486,,True,,,,,,,,,,,,,,,,,,,,,,,,,,,,,,,,,,,,,,,,,,,,,grid,29.537925587471904,0.5,0.9816210173128231,0.6843341588973999,0.9410641297945633,0.0007155898929340765,1.139417984160653,0.5,False,1.340411383558423,False
68,000068.jpg,,,,29.037925587471904,28.8786397619146,-0.15928582555730486,,True,,,,,,,,,,,,,,,,,,,,,,,,,,,,,,,,,,,,,,,,,,,,,grid,30.037925587471904,1.0,1.206210041461379,0.8409057259559631,0.8832884145144305,0.0017328496905975044,2.759178295850965,1.0,False,2.0427162009096897,False
68,000068.jpg,,,,29.037925587471904,28.8786397619146,-0.15928582555730486,,True,,,,,,,,,,,,,,,,,,,,,,,,,,,,,,,,,,,,,,,,,,,,,grid,31.037925587471904,2.0,1.3642101792840846,0.9510550498962402,0.8378281899798311,0.0036744349636137486,5.850721650083311,2.0,False,3.0490624018250814,False
68,000068.jpg,,,,29.037925587471904,28.8786397619146,-0.15928582555730486,,True,,,,,,,,,,,,,,,,,,,,,,,,,,,,,,,,,,,,,,,,,,,,,grid,32.037925587471904,3.0,1.404123532235209,0.9788805246353149,0.8289931640102094,0.005292191752232611,8.426640059708095,3.0,False,3.771790383152023,False
68,000068.jpg,,,,29.037925587471904,28.8786397619146,-0.15928582555730486,,True,,,,,,,,,,,,,,,,,,,,,,,,,,,,,,,,,,,,,,,,,,,,,clamped_raw_observation,28.8786397619146,-0.15928582555730486,0.9413707169157536,0.6562737822532654,0.9399218234065718,0.0006822109765683612,1.0862694727375128,,False,1.277794836460279,False
69,000069.jpg,,,,29.037925587471904,28.873721706644034,-0.16420388082786985,,True,,,,,,,,,,,,,,,,,,,,,,,,,,,,,,,,,,,,,,,,,,,,,prediction,29.037925587471904,0.0,0.7825385729517481,0.536062479019165,0.9536011204682983,0.0003661472728708759,0.5756893215689184,,False,0.9728597828756794,True
69,000069.jpg,,,,29.037925587471904,28.873721706644034,-0.16420388082786985,,True,,,,,,,,,,,,,,,,,,,,,,,,,,,,,,,,,,,,,,,,,,,,,grid,26.037925587471904,-3.0,1.4694767150983155,1.0066357851028442,0.8212637589556661,0.005814782110974193,9.142517824291799,-3.0,False,4.0238424122156,False
69,000069.jpg,,,,29.037925587471904,28.873721706644034,-0.16420388082786985,,True,,,,,,,,,,,,,,,,,,,,,,,,,,,,,,,,,,,,,,,,,,,,,grid,27.037925587471904,-2.0,1.4298222258650517,0.9794712662696838,0.8329353037295074,0.004221802266935508,6.637893172858169,-2.0,False,3.3163602153500866,False
69,000069.jpg,,,,29.037925587471904,28.873721706644034,-0.16420388082786985,,True,,,,,,,,,,,,,,,,,,,,,,,,,,,,,,,,,,,,,,,,,,,,,grid,28.037925587471904,-1.0,1.2945684369599382,0.8868183493614197,0.8651128548598517,0.002381210448220372,3.7439509427460367,-1.0,False,2.3954433177865955,False
69,000069.jpg,,,,29.037925587471904,28.873721706644034,-0.16420388082786985,,True,,,,,,,,,,,,,,,,,,,,,,,,,,,,,,,,,,,,,,,,,,,,,grid,28.537925587471904,-0.5,1.1671658445067554,0.7995437383651733,0.9049218006500153,0.0012881981868607302,2.0254198110651913,-0.5,False,1.783598996623038,False
69,000069.jpg,,,,29.037925587471904,28.873721706644034,-0.16420388082786985,,True,,,,,,,,,,,,,,,,,,,,,,,,,,,,,,,,,,,,,,,,,,,,,grid,29.537925587471904,0.5,0.9897985695165832,0.6780418157577515,0.9493634519042574,0.0006453035942589244,1.0146037289096907,0.5,False,1.3090860498397483,False
69,000069.jpg,,,,29.037925587471904,28.873721706644034,-0.16420388082786985,,True,,,,,,,,,,,,,,,,,,,,,,,,,,,,,,,,,,,,,,,,,,,,,grid,30.037925587471904,1.0,1.2197380504029531,0.8355572819709778,0.8859779856709342,0.0016969430434983224,2.668084844092663,1.0,False,2.0307812757551846,False
69,000069.jpg,,,,29.037925587471904,28.873721706644034,-0.16420388082786985,,True,,,,,,,,,,,,,,,,,,,,,,,,,,,,,,,,,,,,,,,,,,,,,grid,31.037925587471904,2.0,1.361419547967797,0.9326133728027344,0.8454148785261533,0.003663592195759217,5.760225630372485,2.0,False,3.0160610770347653,False
69,000069.jpg,,,,29.037925587471904,28.873721706644034,-0.16420388082786985,,True,,,,,,,,,,,,,,,,,,,,,,,,,,,,,,,,,,,,,,,,,,,,,grid,32.037925587471904,3.0,1.4152279085744952,0.9694737195968628,0.8305471261065522,0.0053216445570190745,8.367163083423103,3.0,False,3.7664715533237185,False
69,000069.jpg,,,,29.037925587471904,28.873721706644034,-0.16420388082786985,,True,,,,,,,,,,,,,,,,,,,,,,,,,,,,,,,,,,,,,,,,,,,,,clamped_raw_observation,28.873721706644034,-0.16420388082786985,0.9671333548770727,0.6625154614448547,0.9487888527769298,0.0006014889222569764,0.9457144030332656,,False,1.2596992192832954,False
70,000070.jpg,,,,29.037925587471904,28.87048835477202,-0.1674372326998821,,True,,,,,,,,,,,,,,,,,,,,,,,,,,,,,,,,,,,,,,,,,,,,,prediction,29.037925587471904,0.0,0.8094791601097073,0.5365498661994934,0.9556881733878893,0.0003638287792758395,0.6706910914240549,,False,1.0214637595778318,True
70,000070.jpg,,,,29.037925587471904,28.87048835477202,-0.1674372326998821,,True,,,,,,,,,,,,,,,,,,,,,,,,,,,,,,,,,,,,,,,,,,,,,grid,26.037925587471904,-3.0,1.524582347916011,1.0105441808700562,0.8216806332302964,0.005829758088414867,10.746722188496278,-3.0,False,4.479582261809784,False
70,000070.jpg,,,,29.037925587471904,28.87048835477202,-0.1674372326998821,,True,,,,,,,,,,,,,,,,,,,,,,,,,,,,,,,,,,,,,,,,,,,,,grid,27.037925587471904,-2.0,1.4806869295445348,0.9814488291740417,0.8337591795165008,0.004258347481178741,7.849944486247802,-2.0,False,3.6694138715899847,False
70,000070.jpg,,,,29.037925587471904,28.87048835477202,-0.1674372326998821,,True,,,,,,,,,,,,,,,,,,,,,,,,,,,,,,,,,,,,,,,,,,,,,grid,28.037925587471904,-1.0,1.3517065779416393,0.8959563374519348,0.8645451784087052,0.002374076711324354,4.3764325180976655,-1.0,False,2.6112695290573504,False
70,000070.jpg,,,,29.037925587471904,28.87048835477202,-0.1674372326998821,,True,,,,,,,,,,,,,,,,,,,,,,,,,,,,,,,,,,,,,,,,,,,,,grid,28.537925587471904,-0.5,1.1994556000179848,0.7950392961502075,0.9039791305590794,0.0012976131013905008,2.3920525169833398,-0.5,False,1.90848959870474,False
70,000070.jpg,,,,29.037925587471904,28.87048835477202,-0.1674372326998821,,True,,,,,,,,,,,,,,,,,,,,,,,,,,,,,,,,,,,,,,,,,,,,,grid,29.537925587471904,0.5,1.0362513376197113,0.686862051486969,0.9500062536852073,0.0006594343576580286,1.215617824242728,0.5,False,1.405149539995186,False
70,000070.jpg,,,,29.037925587471904,28.87048835477202,-0.1674372326998821,,True,,,,,,,,,,,,,,,,,,,,,,,,,,,,,,,,,,,,,,,,,,,,,grid,30.037925587471904,1.0,1.257294456184524,0.8333768248558044,0.8883270498686726,0.0016891028596243511,3.113734550366774,1.0,False,2.177401043907545,False
70,000070.jpg,,,,29.037925587471904,28.87048835477202,-0.1674372326998821,,True,,,,,,,,,,,,,,,,,,,,,,,,,,,,,,,,,,,,,,,,,,,,,grid,31.037925587471904,2.0,1.4230922170765703,0.94327312707901,0.842764486215091,0.0036841079127043486,6.791376871872871,2.0,False,3.338171948829697,False
70,000070.jpg,,,,29.037925587471904,28.87048835477202,-0.1674372326998821,,True,,,,,,,,,,,,,,,,,,,,,,,,,,,,,,,,,,,,,,,,,,,,,grid,32.037925587471904,3.0,1.4640858774335685,0.9704450964927673,0.8311147640573909,0.00534226947153608,9.848073452786029,3.0,False,4.184989476572685,False
70,000070.jpg,,,,29.037925587471904,28.87048835477202,-0.1674372326998821,,True,,,,,,,,,,,,,,,,,,,,,,,,,,,,,,,,,,,,,,,,,,,,,clamped_raw_observation,28.87048835477202,-0.1674372326998821,1.0187772132547996,0.6752796173095703,0.9476119856343916,0.0006088642791534463,1.1223956739412972,,False,1.3567872630867288,False
71,000071.jpg,,,,29.037925587471904,28.873902062167247,-0.16402352530465691,,True,,,,,,,,,,,,,,,,,,,,,,,,,,,,,,,,,,,,,,,,,,,,,prediction,29.037925587471904,0.0,0.8288930652850058,0.5413047671318054,0.9572196345395916,0.0004145525648103406,0.7817579142698299,,False,1.0671129093128717,True
71,000071.jpg,,,,29.037925587471904,28.873902062167247,-0.16402352530465691,,True,,,,,,,,,,,,,,,,,,,,,,,,,,,,,,,,,,,,,,,,,,,,,grid,26.037925587471904,-3.0,1.535292397978402,1.0026155710220337,0.8234862056610533,0.005889814502249162,11.10693671095977,-3.0,False,4.578540370057291,False
71,000071.jpg,,,,29.037925587471904,28.873902062167247,-0.16402352530465691,,True,,,,,,,,,,,,,,,,,,,,,,,,,,,,,,,,,,,,,,,,,,,,,grid,27.037925587471904,-2.0,1.5044480870017687,0.982472836971283,0.8300788247939807,0.004272002028301358,8.056086679693479,-2.0,False,3.7483909321311577,False
71,000071.jpg,,,,29.037925587471904,28.873902062167247,-0.16402352530465691,,True,,,,,,,,,,,,,,,,,,,,,,,,,,,,,,,,,,,,,,,,,,,,,grid,28.037925587471904,-1.0,1.3620443174021701,0.8894767165184021,0.8649946255822286,0.0023539268683331707,4.439005122966133,-1.0,False,2.6368009725614745,False
71,000071.jpg,,,,29.037925587471904,28.873902062167247,-0.16402352530465691,,True,,,,,,,,,,,,,,,,,,,,,,,,,,,,,,,,,,,,,,,,,,,,,grid,28.537925587471904,-0.5,1.2183715042774999,0.7956518530845642,0.9059118595485489,0.001320363759684066,2.4899250576831533,-0.5,False,1.949940909149739,False
71,000071.jpg,,,,29.037925587471904,28.873902062167247,-0.16402352530465691,,True,,,,,,,,,,,,,,,,,,,,,,,,,,,,,,,,,,,,,,,,,,,,,grid,29.537925587471904,0.5,1.0318372572157912,0.6738365292549133,0.9484055893944823,0.0006633583931640411,1.25095275695752,0.5,False,1.411169857060689,False
71,000071.jpg,,,,29.037925587471904,28.873902062167247,-0.16402352530465691,,True,,,,,,,,,,,,,,,,,,,,,,,,,,,,,,,,,,,,,,,,,,,,,grid,30.037925587471904,1.0,1.280770768699567,0.8364014029502869,0.8868147617341454,0.0017121342243626714,3.2287207794748833,1.0,False,2.2311362018341425,False
71,000071.jpg,,,,29.037925587471904,28.873902062167247,-0.16402352530465691,,True,,,,,,,,,,,,,,,,,,,,,,,,,,,,,,,,,,,,,,,,,,,,,grid,31.037925587471904,2.0,1.4398054522688033,0.940258264541626,0.8446614116804013,0.0036679598269984126,6.916991637216568,2.0,False,3.3843919498925437,False
71,000071.jpg,,,,29.037925587471904,28.873902062167247,-0.16402352530465691,,True,,,,,,,,,,,,,,,,,,,,,,,,,,,,,,,,,,,,,,,,,,,,,grid,32.037925587471904,3.0,1.4875110473141302,0.971412181854248,0.8315120028663562,0.005313834485908349,10.020760977270365,3.0,False,4.2511892887653655,False
71,000071.jpg,,,,29.037925587471904,28.873902062167247,-0.16402352530465691,,True,,,,,,,,,,,,,,,,,,,,,,,,,,,,,,,,,,,,,,,,,,,,,clamped_raw_observation,28.873902062167247,-0.16402352530465691,1.0101702374792618,0.6596869826316833,0.9443926907918309,0.0006351439757660652,1.1977463701933442,,False,1.3701348449949067,False
72,000072.jpg,,,,29.037925587471904,28.87849217568808,-0.15943341178382298,,True,,,,,,,,,,,,,,,,,,,,,,,,,,,,,,,,,,,,,,,,,,,,,prediction,29.037925587471904,0.0,0.8772124387897225,0.5888120532035828,0.9542857142857143,0.00048537666831786436,0.7866027457602278,,False,1.1195774109440653,True
72,000072.jpg,,,,29.037925587471904,28.87849217568808,-0.15943341178382298,,True,,,,,,,,,,,,,,,,,,,,,,,,,,,,,,,,,,,,,,,,,,,,,grid,26.037925587471904,-3.0,1.506573480970591,1.011258602142334,0.821101656963726,0.005883887720604737,9.535444406119655,-3.0,False,4.159332925536779,False
72,000072.jpg,,,,29.037925587471904,28.87849217568808,-0.15943341178382298,,True,,,,,,,,,,,,,,,,,,,,,,,,,,,,,,,,,,,,,,,,,,,,,grid,27.037925587471904,-2.0,1.4618787120767116,0.9812580943107605,0.8310792655620242,0.0042580953643967705,6.900680902012202,-2.0,False,3.4159696720177384,False
72,000072.jpg,,,,29.037925587471904,28.87849217568808,-0.15943341178382298,,True,,,,,,,,,,,,,,,,,,,,,,,,,,,,,,,,,,,,,,,,,,,,,grid,28.037925587471904,-1.0,1.3235976747087503,0.8884395956993103,0.8657232422749664,0.002378624766909828,3.854805751724447,-1.0,False,2.4515758703648953,False
72,000072.jpg,,,,29.037925587471904,28.87849217568808,-0.15943341178382298,,True,,,,,,,,,,,,,,,,,,,,,,,,,,,,,,,,,,,,,,,,,,,,,grid,28.537925587471904,-0.5,1.1780888407598178,0.7907695770263672,0.9059381997313032,0.0013297320110723376,2.1549673054119345,-0.5,False,1.8258924673814982,False
72,000072.jpg,,,,29.037925587471904,28.87849217568808,-0.15943341178382298,,True,,,,,,,,,,,,,,,,,,,,,,,,,,,,,,,,,,,,,,,,,,,,,grid,29.537925587471904,0.5,1.0136386421386,0.6803855299949646,0.9469592476489028,0.0007393686973955482,1.1982229172985894,0.5,False,1.3812351238143445,False
72,000072.jpg,,,,29.037925587471904,28.87849217568808,-0.15943341178382298,,True,,,,,,,,,,,,,,,,,,,,,,,,,,,,,,,,,,,,,,,,,,,,,grid,30.037925587471904,1.0,1.2601664892906157,0.845862627029419,0.8836363636363637,0.001728617586195469,2.801402350844576,1.0,False,2.106880713365396,False
72,000072.jpg,,,,29.037925587471904,28.87849217568808,-0.15943341178382298,,True,,,,,,,,,,,,,,,,,,,,,,,,,,,,,,,,,,,,,,,,,,,,,grid,31.037925587471904,2.0,1.3994055793314943,0.9393242001533508,0.8425615763546798,0.003728982526808977,6.043199201653707,2.0,False,3.1276438033902414,False
72,000072.jpg,,,,29.037925587471904,28.87849217568808,-0.15943341178382298,,True,,,,,,,,,,,,,,,,,,,,,,,,,,,,,,,,,,,,,,,,,,,,,grid,32.037925587471904,3.0,1.4349190619093477,0.9631619453430176,0.8343931930138827,0.005396478693000972,8.745548013385827,3.0,False,3.8769128722419217,False
72,000072.jpg,,,,29.037925587471904,28.87849217568808,-0.15943341178382298,,True,,,,,,,,,,,,,,,,,,,,,,,,,,,,,,,,,,,,,,,,,,,,,clamped_raw_observation,28.87849217568808,-0.15943341178382298,0.9749775893462482,0.6544350385665894,0.9411195700850873,0.0006631076491127411,1.0746340555148068,,False,1.3072995354933774,False
73,000073.jpg,,,,29.037925587471904,28.874891928455554,-0.16303365901634947,,True,,,,,,,,,,,,,,,,,,,,,,,,,,,,,,,,,,,,,,,,,,,,,prediction,29.037925587471904,0.0,0.8186691626052752,0.550955057144165,0.9550431142438012,0.0003991995423954601,0.7033851288430373,,False,1.0394723305722333,True
73,000073.jpg,,,,29.037925587471904,28.874891928455554,-0.16303365901634947,,True,,,,,,,,,,,,,,,,,,,,,,,,,,,,,,,,,,,,,,,,,,,,,grid,26.037925587471904,-3.0,1.503205420022326,1.011640191078186,0.8207091488067552,0.0058997455053031445,10.395285594485632,-3.0,False,4.371317669836978,False
73,000073.jpg,,,,29.037925587471904,28.874891928455554,-0.16303365901634947,,True,,,,,,,,,,,,,,,,,,,,,,,,,,,,,,,,,,,,,,,,,,,,,grid,27.037925587471904,-2.0,1.4458405176002287,0.9730342626571655,0.8334287452144978,0.004269651137292385,7.523077549883932,-2.0,False,3.5531811598567136,False
73,000073.jpg,,,,29.037925587471904,28.874891928455554,-0.16303365901634947,,True,,,,,,,,,,,,,,,,,,,,,,,,,,,,,,,,,,,,,,,,,,,,,grid,28.037925587471904,-1.0,1.334335440403384,0.8979926109313965,0.8631614726823857,0.002370005939155817,4.175923957398895,-1.0,False,2.545154957070722,False
73,000073.jpg,,,,29.037925587471904,28.874891928455554,-0.16303365901634947,,True,,,,,,,,,,,,,,,,,,,,,,,,,,,,,,,,,,,,,,,,,,,,,grid,28.537925587471904,-0.5,1.190239269300274,0.8010175228118896,0.9030376757665748,0.0013100048527121544,2.308213898695145,-0.5,False,1.8792550682074853,False
73,000073.jpg,,,,29.037925587471904,28.874891928455554,-0.16303365901634947,,True,,,,,,,,,,,,,,,,,,,,,,,,,,,,,,,,,,,,,,,,,,,,,grid,29.537925587471904,0.5,1.0147453572247185,0.6829121112823486,0.9456331174639522,0.0006666443174860129,1.1746198313094822,0.5,False,1.377767197588137,False
73,000073.jpg,,,,29.037925587471904,28.874891928455554,-0.16303365901634947,,True,,,,,,,,,,,,,,,,,,,,,,,,,,,,,,,,,,,,,,,,,,,,,grid,30.037925587471904,1.0,1.2613340187244992,0.8488634824752808,0.8819456867866471,0.00168746897058251,2.9733014526253747,1.0,False,2.1527136950941954,False
73,000073.jpg,,,,29.037925587471904,28.874891928455554,-0.16303365901634947,,True,,,,,,,,,,,,,,,,,,,,,,,,,,,,,,,,,,,,,,,,,,,,,grid,31.037925587471904,2.0,1.4186149064076161,0.9547117352485657,0.8423199398905149,0.0036397574779887996,6.4132119672531855,2.0,False,3.2395979583303975,False
73,000073.jpg,,,,29.037925587471904,28.874891928455554,-0.16303365901634947,,True,,,,,,,,,,,,,,,,,,,,,,,,,,,,,,,,,,,,,,,,,,,,,grid,32.037925587471904,3.0,1.4754537203313542,0.9929636120796204,0.8257361622956099,0.005350646252433459,9.427778852344257,3.0,False,4.096662271121809,False
73,000073.jpg,,,,29.037925587471904,28.874891928455554,-0.16303365901634947,,True,,,,,,,,,,,,,,,,,,,,,,,,,,,,,,,,,,,,,,,,,,,,,clamped_raw_observation,28.874891928455554,-0.16303365901634947,0.9840945024991861,0.6622844338417053,0.9442556084296397,0.0006430149223888293,1.1329851014318346,,False,1.3279761791979956,False
74,000074.jpg,,,,29.037925587471904,28.87288245974952,-0.1650431277223845,,True,,,,,,,,,,,,,,,,,,,,,,,,,,,,,,,,,,,,,,,,,,,,,prediction,29.037925587471904,0.0,0.9082942325403428,0.6084117889404297,0.9520306431115646,0.0005168574037573611,0.8487292595639375,,False,1.1684459043197626,True
74,000074.jpg,,,,29.037925587471904,28.87288245974952,-0.1650431277223845,,True,,,,,,,,,,,,,,,,,,,,,,,,,,,,,,,,,,,,,,,,,,,,,grid,26.037925587471904,-3.0,1.5100507650348594,1.011492371559143,0.8201507096958958,0.0059460545890033245,9.763989974729409,-3.0,False,4.220897549021315,False
74,000074.jpg,,,,29.037925587471904,28.87288245974952,-0.1650431277223845,,True,,,,,,,,,,,,,,,,,,,,,,,,,,,,,,,,,,,,,,,,,,,,,grid,27.037925587471904,-2.0,1.4504454064539667,0.9715663194656372,0.8343446276110187,0.004262915501991908,7.0001147149818586,-2.0,False,3.4261294575884125,False
74,000074.jpg,,,,29.037925587471904,28.87288245974952,-0.1650431277223845,,True,,,,,,,,,,,,,,,,,,,,,,,,,,,,,,,,,,,,,,,,,,,,,grid,28.037925587471904,-1.0,1.326307144032995,0.8884135484695435,0.8652204263545079,0.0023720584576949477,3.895146715141035,-1.0,False,2.4648733964637457,False
74,000074.jpg,,,,29.037925587471904,28.87288245974952,-0.1650431277223845,,True,,,,,,,,,,,,,,,,,,,,,,,,,,,,,,,,,,,,,,,,,,,,,grid,28.537925587471904,-0.5,1.184717811364071,0.7935713529586792,0.906781936315309,0.0013604708947241306,2.234023246534667,-0.5,False,1.8514416866824288,False
74,000074.jpg,,,,29.037925587471904,28.87288245974952,-0.1650431277223845,,True,,,,,,,,,,,,,,,,,,,,,,,,,,,,,,,,,,,,,,,,,,,,,grid,29.537925587471904,0.5,1.0253341994385148,0.6868098378181458,0.9426336608852852,0.0007532095381369194,1.2368420553757782,0.5,False,1.406911052397174,False
74,000074.jpg,,,,29.037925587471904,28.87288245974952,-0.1650431277223845,,True,,,,,,,,,,,,,,,,,,,,,,,,,,,,,,,,,,,,,,,,,,,,,grid,30.037925587471904,1.0,1.2543116465934927,0.8401880860328674,0.882725661816034,0.0017237650754395872,2.830587015885771,1.0,False,2.109232738748901,False
74,000074.jpg,,,,29.037925587471904,28.87288245974952,-0.1650431277223845,,True,,,,,,,,,,,,,,,,,,,,,,,,,,,,,,,,,,,,,,,,,,,,,grid,31.037925587471904,2.0,1.3995395998416096,0.9374675750732422,0.8426497699976732,0.003652503539342433,5.997759927525493,2.0,False,3.11632981172531,False
74,000074.jpg,,,,29.037925587471904,28.87288245974952,-0.1650431277223845,,True,,,,,,,,,,,,,,,,,,,,,,,,,,,,,,,,,,,,,,,,,,,,,grid,32.037925587471904,3.0,1.4680026339089076,0.9833268523216248,0.8307111278168573,0.005338076890135805,8.76563248107637,3.0,False,3.9186996263611427,False
74,000074.jpg,,,,29.037925587471904,28.87288245974952,-0.1650431277223845,,True,,,,,,,,,,,,,,,,,,,,,,,,,,,,,,,,,,,,,,,,,,,,,clamped_raw_observation,28.87288245974952,-0.1650431277223845,0.9785283923812406,0.6554574370384216,0.9406110723299146,0.0006877137639094144,1.1292917338353075,,False,1.3251915473418245,False
75,000075.jpg,,,,29.037925587471904,28.875157745177432,-0.16276784229447117,,True,,,,,,,,,,,,,,,,,,,,,,,,,,,,,,,,,,,,,,,,,,,,,prediction,29.037925587471904,0.0,0.8055554636946146,0.5372097492218018,0.9582141324560148,0.0004117030669779827,0.7372600019505984,,False,1.0316563317262495,True
75,000075.jpg,,,,29.037925587471904,28.875157745177432,-0.16276784229447117,,True,,,,,,,,,,,,,,,,,,,,,,,,,,,,,,,,,,,,,,,,,,,,,grid,26.037925587471904,-3.0,1.5093702777579905,1.00657057762146,0.8234337004720355,0.0058708506015439825,10.513264712155914,-3.0,False,4.404252755324933,False
75,000075.jpg,,,,29.037925587471904,28.875157745177432,-0.16276784229447117,,True,,,,,,,,,,,,,,,,,,,,,,,,,,,,,,,,,,,,,,,,,,,,,grid,27.037925587471904,-2.0,1.4521746568256488,0.9684278964996338,0.8356637104849092,0.004230768031751116,7.5762759559626165,-2.0,False,3.5705799353313936,False
75,000075.jpg,,,,29.037925587471904,28.875157745177432,-0.16276784229447117,,True,,,,,,,,,,,,,,,,,,,,,,,,,,,,,,,,,,,,,,,,,,,,,grid,28.037925587471904,-1.0,1.3490700062895449,0.899669349193573,0.8623945072235731,0.0023894295251617828,4.278886794097657,-1.0,False,2.5863971975903857,False
75,000075.jpg,,,,29.037925587471904,28.875157745177432,-0.16276784229447117,,True,,,,,,,,,,,,,,,,,,,,,,,,,,,,,,,,,,,,,,,,,,,,,grid,28.537925587471904,-0.5,1.1986199288924815,0.7993370294570923,0.9058432270061507,0.0013224068873872359,2.3681089177476,-0.5,False,1.8998039313232307,False
75,000075.jpg,,,,29.037925587471904,28.875157745177432,-0.16276784229447117,,True,,,,,,,,,,,,,,,,,,,,,,,,,,,,,,,,,,,,,,,,,,,,,grid,29.537925587471904,0.5,1.0306380469287457,0.6873130798339844,0.9478972965241024,0.00067906124847165,1.21603344140149,0.5,False,1.4017491107550157,False
75,000075.jpg,,,,29.037925587471904,28.875157745177432,-0.16276784229447117,,True,,,,,,,,,,,,,,,,,,,,,,,,,,,,,,,,,,,,,,,,,,,,,grid,30.037925587471904,1.0,1.2664848058378988,0.8445948362350464,0.882956658561007,0.0017364697705488652,3.1095947762042697,1.0,False,2.190926841327959,False
75,000075.jpg,,,,29.037925587471904,28.875157745177432,-0.16276784229447117,,True,,,,,,,,,,,,,,,,,,,,,,,,,,,,,,,,,,,,,,,,,,,,,grid,31.037925587471904,2.0,1.4355948196030375,0.9573711156845093,0.8402589043055357,0.00371608161367476,6.654597833960155,2.0,False,3.3189853737875405,False
75,000075.jpg,,,,29.037925587471904,28.875157745177432,-0.16276784229447117,,True,,,,,,,,,,,,,,,,,,,,,,,,,,,,,,,,,,,,,,,,,,,,,grid,32.037925587471904,3.0,1.485665298792706,0.9907621741294861,0.8274030896867401,0.005391803182040651,9.655407363582063,3.0,False,4.162114050001481,False
75,000075.jpg,,,,29.037925587471904,28.875157745177432,-0.16276784229447117,,True,,,,,,,,,,,,,,,,,,,,,,,,,,,,,,,,,,,,,,,,,,,,,clamped_raw_observation,28.875157745177432,-0.16276784229447117,1.007196197421814,0.6716801524162292,0.9435166642826491,0.0006419797718990594,1.14962954091342,,False,1.3559699536363539,False
76,000076.jpg,,,,29.037925587471904,28.87253738675966,-0.16538820071224336,,True,,,,,,,,,,,,,,,,,,,,,,,,,,,,,,,,,,,,,,,,,,,,,prediction,29.037925587471904,0.0,0.818355311690044,0.5295085310935974,0.9544652563668443,0.00036192929837852716,0.6728567084596868,,False,1.0321042324381215,True
76,000076.jpg,,,,29.037925587471904,28.87253738675966,-0.16538820071224336,,True,,,,,,,,,,,,,,,,,,,,,,,,,,,,,,,,,,,,,,,,,,,,,grid,26.037925587471904,-3.0,1.5662055314121985,1.013397455215454,0.8210333089768495,0.005857369086394708,10.889336954377084,-3.0,False,4.55750646102962,False
76,000076.jpg,,,,29.037925587471904,28.87253738675966,-0.16538820071224336,,True,,,,,,,,,,,,,,,,,,,,,,,,,,,,,,,,,,,,,,,,,,,,,grid,27.037925587471904,-2.0,1.5253823673984352,0.9869832396507263,0.8307283776799558,0.0042651554103940725,7.929279125408999,-2.0,False,3.7369737710707294,False
76,000076.jpg,,,,29.037925587471904,28.87253738675966,-0.16538820071224336,,True,,,,,,,,,,,,,,,,,,,,,,,,,,,,,,,,,,,,,,,,,,,,,grid,28.037925587471904,-1.0,1.3754276162338672,0.889956533908844,0.8653027035697101,0.0023362035669075945,4.3431969983187315,-1.0,False,2.6259241622438396,False
76,000076.jpg,,,,29.037925587471904,28.87253738675966,-0.16538820071224336,,True,,,,,,,,,,,,,,,,,,,,,,,,,,,,,,,,,,,,,,,,,,,,,grid,28.537925587471904,-0.5,1.232693425874817,0.7976018190383911,0.9049918910730517,0.0012878691001484792,2.3942559155477756,-0.5,False,1.9412655136887091,False
76,000076.jpg,,,,29.037925587471904,28.87253738675966,-0.16538820071224336,,True,,,,,,,,,,,,,,,,,,,,,,,,,,,,,,,,,,,,,,,,,,,,,grid,29.537925587471904,0.5,1.0646444834373787,0.688867449760437,0.9494751474755395,0.0006295724888332188,1.1704276898027026,0.5,False,1.4227762584125145,False
76,000076.jpg,,,,29.037925587471904,28.87253738675966,-0.16538820071224336,,True,,,,,,,,,,,,,,,,,,,,,,,,,,,,,,,,,,,,,,,,,,,,,grid,30.037925587471904,1.0,1.2908708816374477,0.8352449536323547,0.88592254638128,0.0017050523892976344,3.1698343946011867,1.0,False,2.2274069339064644,False
76,000076.jpg,,,,29.037925587471904,28.87253738675966,-0.16538820071224336,,True,,,,,,,,,,,,,,,,,,,,,,,,,,,,,,,,,,,,,,,,,,,,,grid,31.037925587471904,2.0,1.4798098259246348,0.9574959874153137,0.8402095845734348,0.0037097693032895527,6.8967700977487025,2.0,False,3.423792765788376,False
76,000076.jpg,,,,29.037925587471904,28.87253738675966,-0.16538820071224336,,True,,,,,,,,,,,,,,,,,,,,,,,,,,,,,,,,,,,,,,,,,,,,,grid,32.037925587471904,3.0,1.5260234232733774,0.9873980283737183,0.8287857995758408,0.00536993658170104,9.983159333019035,3.0,False,4.283027456952295,False
76,000076.jpg,,,,29.037925587471904,28.87253738675966,-0.16538820071224336,,True,,,,,,,,,,,,,,,,,,,,,,,,,,,,,,,,,,,,,,,,,,,,,clamped_raw_observation,28.87253738675966,-0.16538820071224336,1.0359409510067128,0.6702951192855835,0.9480850457129618,0.0005919420218560845,1.1004695176915449,,False,1.3679349307380044,False
77,000077.jpg,,,,29.037925587471904,28.876679997335742,-0.16124559013616135,,True,,,,,,,,,,,,,,,,,,,,,,,,,,,,,,,,,,,,,,,,,,,,,prediction,29.037925587471904,0.0,0.7923276056990682,0.5413793325424194,0.9567211235310977,0.0003842749186636259,0.6703274260976444,,False,1.0031883386923817,True
77,000077.jpg,,,,29.037925587471904,28.876679997335742,-0.16124559013616135,,True,,,,,,,,,,,,,,,,,,,,,,,,,,,,,,,,,,,,,,,,,,,,,grid,26.037925587471904,-3.0,1.4869763897340844,1.016016960144043,0.8204177414732015,0.005839828013752897,10.1869695137156,-3.0,False,4.303301026689782,False
77,000077.jpg,,,,29.037925587471904,28.876679997335742,-0.16124559013616135,,True,,,,,,,,,,,,,,,,,,,,,,,,,,,,,,,,,,,,,,,,,,,,,grid,27.037925587471904,-2.0,1.42035068209606,0.9704931378364563,0.8329213241616509,0.00423458560059468,7.386791925188084,-2.0,False,3.4941273392314303,False
77,000077.jpg,,,,29.037925587471904,28.876679997335742,-0.16124559013616135,,True,,,,,,,,,,,,,,,,,,,,,,,,,,,,,,,,,,,,,,,,,,,,,grid,28.037925587471904,-1.0,1.3130685878503994,0.897189736366272,0.8652909143020923,0.002334013620081047,4.071442778172315,-1.0,False,2.495638368091386,False
77,000077.jpg,,,,29.037925587471904,28.876679997335742,-0.16124559013616135,,True,,,,,,,,,,,,,,,,,,,,,,,,,,,,,,,,,,,,,,,,,,,,,grid,28.537925587471904,-0.5,1.1594909856406705,0.7922536730766296,0.9084264832330181,0.001300530935016771,2.2686402673947783,-0.5,False,1.8332245692563467,False
77,000077.jpg,,,,29.037925587471904,28.876679997335742,-0.16124559013616135,,True,,,,,,,,,,,,,,,,,,,,,,,,,,,,,,,,,,,,,,,,,,,,,grid,29.537925587471904,0.5,1.0147223951383733,0.6933366060256958,0.9486959014044138,0.0006621026259381324,1.15496881920129,0.5,False,1.3697686985342818,False
77,000077.jpg,,,,29.037925587471904,28.876679997335742,-0.16124559013616135,,True,,,,,,,,,,,,,,,,,,,,,,,,,,,,,,,,,,,,,,,,,,,,,grid,30.037925587471904,1.0,1.2328862733576378,0.842402994632721,0.8856405846947549,0.0017278630596896012,3.0140764884652493,1.0,False,2.130764810779195,False
77,000077.jpg,,,,29.037925587471904,28.876679997335742,-0.16124559013616135,,True,,,,,,,,,,,,,,,,,,,,,,,,,,,,,,,,,,,,,,,,,,,,,grid,31.037925587471904,2.0,1.3918256816773393,0.9510026574134827,0.8399075666380051,0.0037071832921355963,6.466793729165311,2.0,False,3.228616547330662,False
77,000077.jpg,,,,29.037925587471904,28.876679997335742,-0.16124559013616135,,True,,,,,,,,,,,,,,,,,,,,,,,,,,,,,,,,,,,,,,,,,,,,,grid,32.037925587471904,3.0,1.4505802247971995,0.9911482930183411,0.8285504442533678,0.005428153555840254,9.46884645556128,3.0,False,4.079241394434152,False
77,000077.jpg,,,,29.037925587471904,28.876679997335742,-0.16124559013616135,,True,,,,,,,,,,,,,,,,,,,,,,,,,,,,,,,,,,,,,,,,,,,,,clamped_raw_observation,28.876679997335742,-0.16124559013616135,0.9750992891517835,0.6662630438804626,0.9490720836916022,0.0005942189309280366,1.0365528093603065,,False,1.2900027755043428,False
78,000078.jpg,,,,29.037925587471904,28.87965907192799,-0.15826651554391447,,True,,,,,,,,,,,,,,,,,,,,,,,,,,,,,,,,,,,,,,,,,,,,,prediction,29.037925587471904,0.0,0.876620250864972,0.5599909424781799,0.9571695268184103,0.0003948177521427472,0.7882208184015722,,False,1.1165059286469547,True
78,000078.jpg,,,,29.037925587471904,28.87965907192799,-0.15826651554391447,,True,,,,,,,,,,,,,,,,,,,,,,,,,,,,,,,,,,,,,,,,,,,,,grid,26.037925587471904,-3.0,1.595031966244795,1.018917202949524,0.8183025777267179,0.005909072933718562,11.796972852746093,-3.0,False,4.8159726017046,False
78,000078.jpg,,,,29.037925587471904,28.87965907192799,-0.15826651554391447,,True,,,,,,,,,,,,,,,,,,,,,,,,,,,,,,,,,,,,,,,,,,,,,grid,27.037925587471904,-2.0,1.523301315925627,0.973095178604126,0.8337402168449773,0.004272549762390554,8.529790395937722,-2.0,False,3.8820086980650803,False
78,000078.jpg,,,,29.037925587471904,28.87965907192799,-0.15826651554391447,,True,,,,,,,,,,,,,,,,,,,,,,,,,,,,,,,,,,,,,,,,,,,,,grid,28.037925587471904,-1.0,1.3882900132765421,0.886849045753479,0.866643929058663,0.0023549211715968945,4.701404339276469,-1.0,False,2.7269971690369963,False
78,000078.jpg,,,,29.037925587471904,28.87965907192799,-0.15826651554391447,,True,,,,,,,,,,,,,,,,,,,,,,,,,,,,,,,,,,,,,,,,,,,,,grid,28.537925587471904,-0.5,1.254444571859273,0.8013476729393005,0.9050944209090256,0.0013121427618898451,2.6195839372049683,-0.5,False,2.0192461352514894,False
78,000078.jpg,,,,29.037925587471904,28.87965907192799,-0.15826651554391447,,True,,,,,,,,,,,,,,,,,,,,,,,,,,,,,,,,,,,,,,,,,,,,,grid,29.537925587471904,0.5,1.0957290103690271,0.6999590992927551,0.9445681051195519,0.0007025017403066158,1.402486321012254,0.5,False,1.5167824855025387,False
78,000078.jpg,,,,29.037925587471904,28.87965907192799,-0.15826651554391447,,True,,,,,,,,,,,,,,,,,,,,,,,,,,,,,,,,,,,,,,,,,,,,,grid,30.037925587471904,1.0,1.3093442728035039,0.8364179730415344,0.8856537660659152,0.0017402063434322674,3.4741772900623276,1.0,False,2.3222348292531705,False
78,000078.jpg,,,,29.037925587471904,28.87965907192799,-0.15826651554391447,,True,,,,,,,,,,,,,,,,,,,,,,,,,,,,,,,,,,,,,,,,,,,,,grid,31.037925587471904,2.0,1.4813061452690153,0.9462683796882629,0.8410102678250879,0.0036978249748547873,7.382400138208569,2.0,False,3.5458959119960696,False
78,000078.jpg,,,,29.037925587471904,28.87965907192799,-0.15826651554391447,,True,,,,,,,,,,,,,,,,,,,,,,,,,,,,,,,,,,,,,,,,,,,,,grid,32.037925587471904,3.0,1.5467262159410133,0.9880591630935669,0.8257162346521146,0.005395963399981459,10.772592326751706,3.0,False,4.504158062976825,False
78,000078.jpg,,,,29.037925587471904,28.87965907192799,-0.15826651554391447,,True,,,,,,,,,,,,,,,,,,,,,,,,,,,,,,,,,,,,,,,,,,,,,clamped_raw_observation,28.87965907192799,-0.15826651554391447,1.0518507335595138,0.6719293594360352,0.9428448337761184,0.0006347582190452764,1.2672420127707351,,False,1.4305643984423966,False
79,000079.jpg,,,,29.037925587471904,28.877759824314097,-0.1601657631578064,,True,,,,,,,,,,,,,,,,,,,,,,,,,,,,,,,,,,,,,,,,,,,,,prediction,29.037925587471904,0.0,0.8331010504430373,0.5277792811393738,0.9553276332806437,0.0003659265300181384,0.7308084887076048,,False,1.0604755393392948,True
79,000079.jpg,,,,29.037925587471904,28.877759824314097,-0.1601657631578064,,True,,,,,,,,,,,,,,,,,,,,,,,,,,,,,,,,,,,,,,,,,,,,,grid,26.037925587471904,-3.0,1.6149771140275502,1.0231069326400757,0.8175923264836902,0.005898092407733202,11.779348161882771,-3.0,False,4.832221828014553,False
79,000079.jpg,,,,29.037925587471904,28.877759824314097,-0.1601657631578064,,True,,,,,,,,,,,,,,,,,,,,,,,,,,,,,,,,,,,,,,,,,,,,,grid,27.037925587471904,-2.0,1.5478128134537097,0.9805575609207153,0.8335069693921541,0.004274882492609322,8.537561935374184,-2.0,False,3.9086963279051017,False
79,000079.jpg,,,,29.037925587471904,28.877759824314097,-0.1601657631578064,,True,,,,,,,,,,,,,,,,,,,,,,,,,,,,,,,,,,,,,,,,,,,,,grid,28.037925587471904,-1.0,1.3972633929911316,0.8851827383041382,0.8677072855295301,0.002368075210445871,4.72939052985884,-1.0,False,2.741903739926311,False
79,000079.jpg,,,,29.037925587471904,28.877759824314097,-0.1601657631578064,,True,,,,,,,,,,,,,,,,,,,,,,,,,,,,,,,,,,,,,,,,,,,,,grid,28.537925587471904,-0.5,1.2680383980412027,0.8033171892166138,0.9045301049001293,0.0013073687732685357,2.6110055407257144,-0.5,False,2.031259678322502,False
79,000079.jpg,,,,29.037925587471904,28.877759824314097,-0.1601657631578064,,True,,,,,,,,,,,,,,,,,,,,,,,,,,,,,,,,,,,,,,,,,,,,,grid,29.537925587471904,0.5,1.0655418799324048,0.6750332713127136,0.9532799252766202,0.0006304937996901572,1.2591877961629057,0.5,False,1.442058903696511,False
79,000079.jpg,,,,29.037925587471904,28.877759824314097,-0.1601657631578064,,True,,,,,,,,,,,,,,,,,,,,,,,,,,,,,,,,,,,,,,,,,,,,,grid,30.037925587471904,1.0,1.3101867110351606,0.8300186395645142,0.890142261819227,0.0017293745962282021,3.453812531756607,1.0,False,2.3134975821550854,False
79,000079.jpg,,,,29.037925587471904,28.877759824314097,-0.1601657631578064,,True,,,,,,,,,,,,,,,,,,,,,,,,,,,,,,,,,,,,,,,,,,,,,grid,31.037925587471904,2.0,1.491703723259673,0.9450117945671082,0.8446795516597212,0.003718231339007616,7.42584864068401,2.0,False,3.5634863317709544,False
79,000079.jpg,,,,29.037925587471904,28.877759824314097,-0.1601657631578064,,True,,,,,,,,,,,,,,,,,,,,,,,,,,,,,,,,,,,,,,,,,,,,,grid,32.037925587471904,3.0,1.5613560365592225,0.9891373515129089,0.8294115533841069,0.005430096372341116,10.844692029327726,3.0,False,4.533117490507047,False
79,000079.jpg,,,,29.037925587471904,28.877759824314097,-0.1601657631578064,,True,,,,,,,,,,,,,,,,,,,,,,,,,,,,,,,,,,,,,,,,,,,,,clamped_raw_observation,28.877759824314097,-0.1601657631578064,1.0540203788602467,0.6677342653274536,0.9486995257939359,0.0005966929505423953,1.1916825855363762,,False,1.408046472345139,False
80,000080.jpg,,,,29.037925587471904,28.87707542329784,-0.1608501641740645,,True,,,,,,,,,,,,,,,,,,,,,,,,,,,,,,,,,,,,,,,,,,,,,prediction,29.037925587471904,0.0,0.7834676972995878,0.5492578148841858,0.9525577557755776,0.00038335266678283614,0.6227396651964973,,False,0.9865948578231345,True
80,000080.jpg,,,,29.037925587471904,28.87707542329784,-0.1608501641740645,,True,,,,,,,,,,,,,,,,,,,,,,,,,,,,,,,,,,,,,,,,,,,,,grid,26.037925587471904,-3.0,1.4703910971707304,1.030832290649414,0.8181051800832257,0.005904132422680656,9.591005272069117,-3.0,False,4.140037235104783,False
80,000080.jpg,,,,29.037925587471904,28.87707542329784,-0.1608501641740645,,True,,,,,,,,,,,,,,,,,,,,,,,,,,,,,,,,,,,,,,,,,,,,,grid,27.037925587471904,-2.0,1.401511192897298,0.9825433492660522,0.8304276079781892,0.004285235384789606,6.961177735392614,-2.0,False,3.3713780187672624,False
80,000080.jpg,,,,29.037925587471904,28.87707542329784,-0.1608501641740645,,True,,,,,,,,,,,,,,,,,,,,,,,,,,,,,,,,,,,,,,,,,,,,,grid,28.037925587471904,-1.0,1.2698928585456997,0.890271008014679,0.8659420289855072,0.0023369873330617943,3.7963338603401016,-1.0,False,2.383034294645218,False
80,000080.jpg,,,,29.037925587471904,28.87707542329784,-0.1608501641740645,,True,,,,,,,,,,,,,,,,,,,,,,,,,,,,,,,,,,,,,,,,,,,,,grid,28.537925587471904,-0.5,1.1516429325562663,0.8073707222938538,0.904326302195437,0.0012834949399499844,2.084981476439381,-0.5,False,1.7835619994706746,False
80,000080.jpg,,,,29.037925587471904,28.87707542329784,-0.1608501641740645,,True,,,,,,,,,,,,,,,,,,,,,,,,,,,,,,,,,,,,,,,,,,,,,grid,29.537925587471904,0.5,0.9977798530399256,0.699503481388092,0.9471588463194146,0.0006529960373882204,1.060763544728748,0.5,False,1.3308118929026977,False
80,000080.jpg,,,,29.037925587471904,28.87707542329784,-0.1608501641740645,,True,,,,,,,,,,,,,,,,,,,,,,,,,,,,,,,,,,,,,,,,,,,,,grid,30.037925587471904,1.0,1.2074851592022129,0.8465194702148438,0.8854928971157985,0.0016855422290973365,2.7380897392250234,1.0,False,2.03651469689267,False
80,000080.jpg,,,,29.037925587471904,28.87707542329784,-0.1608501641740645,,True,,,,,,,,,,,,,,,,,,,,,,,,,,,,,,,,,,,,,,,,,,,,,grid,31.037925587471904,2.0,1.360125980353064,0.9535298347473145,0.8411716171617162,0.0037123270643254123,6.03051318917135,2.0,False,3.0865826604841855,False
80,000080.jpg,,,,29.037925587471904,28.87707542329784,-0.1608501641740645,,True,,,,,,,,,,,,,,,,,,,,,,,,,,,,,,,,,,,,,,,,,,,,,grid,32.037925587471904,3.0,1.4232721699694113,0.9977990984916687,0.8248493327593629,0.005432775554557641,8.825306625164233,3.0,False,3.8947494935011067,False
80,000080.jpg,,,,29.037925587471904,28.87707542329784,-0.1608501641740645,,True,,,,,,,,,,,,,,,,,,,,,,,,,,,,,,,,,,,,,,,,,,,,,clamped_raw_observation,28.87707542329784,-0.1608501641740645,0.955057859174003,0.6695528030395508,0.9461723346247668,0.0006165643183824917,1.0015818082703642,,False,1.2641064815420493,False
81,000081.jpg,,,,29.037925587471904,28.886935160491305,-0.1509904269805986,,True,,,,,,,,,,,,,,,,,,,,,,,,,,,,,,,,,,,,,,,,,,,,,prediction,29.037925587471904,0.0,0.8545763609938023,0.5483357310295105,0.9540838220569303,0.0003800160678414007,0.7264741120040759,,False,1.082111066937891,True
81,000081.jpg,,,,29.037925587471904,28.886935160491305,-0.1509904269805986,,True,,,,,,,,,,,,,,,,,,,,,,,,,,,,,,,,,,,,,,,,,,,,,grid,26.037925587471904,-3.0,1.5805991581265204,1.0141855478286743,0.822468173365756,0.00595512380823493,11.384369363737942,-3.0,False,4.6942233256952495,False
81,000081.jpg,,,,29.037925587471904,28.886935160491305,-0.1509904269805986,,True,,,,,,,,,,,,,,,,,,,,,,,,,,,,,,,,,,,,,,,,,,,,,grid,27.037925587471904,-2.0,1.5227440906386025,0.9770630598068237,0.831193677585467,0.004275360144674778,8.17317668235146,-2.0,False,3.7948445836410007,False
81,000081.jpg,,,,29.037925587471904,28.886935160491305,-0.1509904269805986,,True,,,,,,,,,,,,,,,,,,,,,,,,,,,,,,,,,,,,,,,,,,,,,grid,28.037925587471904,-1.0,1.3880871577044132,0.8906609416007996,0.8637891574881991,0.002364763233345002,4.520701663491708,-1.0,False,2.684473416089141,False
81,000081.jpg,,,,29.037925587471904,28.886935160491305,-0.1509904269805986,,True,,,,,,,,,,,,,,,,,,,,,,,,,,,,,,,,,,,,,,,,,,,,,grid,28.537925587471904,-0.5,1.2562450778157959,0.8060649633407593,0.9041624946359605,0.0012900348131855328,2.466150709591663,-0.5,False,1.9836202605777509,False
81,000081.jpg,,,,29.037925587471904,28.886935160491305,-0.1509904269805986,,True,,,,,,,,,,,,,,,,,,,,,,,,,,,,,,,,,,,,,,,,,,,,,grid,29.537925587471904,0.5,1.0461608217267788,0.671265184879303,0.950328994421399,0.0006438926260064667,1.2309251194590127,0.5,False,1.4185631071701328,False
81,000081.jpg,,,,29.037925587471904,28.886935160491305,-0.1509904269805986,,True,,,,,,,,,,,,,,,,,,,,,,,,,,,,,,,,,,,,,,,,,,,,,grid,30.037925587471904,1.0,1.2915715671417045,0.8287320733070374,0.8881418967243598,0.0016905561788007617,3.231824658792723,1.0,False,2.2413858351155254,False
81,000081.jpg,,,,29.037925587471904,28.886935160491305,-0.1509904269805986,,True,,,,,,,,,,,,,,,,,,,,,,,,,,,,,,,,,,,,,,,,,,,,,grid,31.037925587471904,2.0,1.488189358922839,0.9548911452293396,0.8422614790444858,0.0036578490398824215,6.992684936160591,2.0,False,3.454099113918501,False
81,000081.jpg,,,,29.037925587471904,28.886935160491305,-0.1509904269805986,,True,,,,,,,,,,,,,,,,,,,,,,,,,,,,,,,,,,,,,,,,,,,,,grid,32.037925587471904,3.0,1.5576659367110455,0.9994705319404602,0.8260441996853097,0.005395929173876842,10.315360814335552,3.0,False,4.400461940609624,False
81,000081.jpg,,,,29.037925587471904,28.886935160491305,-0.1509904269805986,,True,,,,,,,,,,,,,,,,,,,,,,,,,,,,,,,,,,,,,,,,,,,,,clamped_raw_observation,28.886935160491305,-0.1509904269805986,1.0375192358819356,0.6657203435897827,0.9461271634959233,0.0006294646882452071,1.2033433297397012,,False,1.3967576176303553,False
82,000082.jpg,,,,29.037925587471904,28.871749413795698,-0.16617617367620596,,True,,,,,,,,,,,,,,,,,,,,,,,,,,,,,,,,,,,,,,,,,,,,,prediction,29.037925587471904,0.0,0.7684485036250829,0.5623860359191895,0.9538952425339691,0.00040963631666575867,0.5591989133646791,,False,0.9543529894322835,True
82,000082.jpg,,,,29.037925587471904,28.871749413795698,-0.16617617367620596,,True,,,,,,,,,,,,,,,,,,,,,,,,,,,,,,,,,,,,,,,,,,,,,grid,26.037925587471904,-3.0,1.373817144662878,1.0054227113723755,0.8265514645251497,0.005952937373270591,8.126418422947314,-3.0,False,3.6688702858745565,False
82,000082.jpg,,,,29.037925587471904,28.871749413795698,-0.16617617367620596,,True,,,,,,,,,,,,,,,,,,,,,,,,,,,,,,,,,,,,,,,,,,,,,grid,27.037925587471904,-2.0,1.3337926788148886,0.9761309623718262,0.8340623095400279,0.0043195859373857575,5.896712923386598,-2.0,False,3.0339086001215105,False
82,000082.jpg,,,,29.037925587471904,28.871749413795698,-0.16617617367620596,,True,,,,,,,,,,,,,,,,,,,,,,,,,,,,,,,,,,,,,,,,,,,,,grid,28.037925587471904,-1.0,1.235131459138613,0.9039261341094971,0.8612734377800882,0.002397590666078031,3.272976639564153,-1.0,False,2.222102181249563,False
82,000082.jpg,,,,29.037925587471904,28.871749413795698,-0.16617617367620596,,True,,,,,,,,,,,,,,,,,,,,,,,,,,,,,,,,,,,,,,,,,,,,,grid,28.537925587471904,-0.5,1.0983486367049617,0.8038221597671509,0.9008532606747213,0.0013171773656116177,1.7980928975092902,-0.5,False,1.662018600407563,False
82,000082.jpg,,,,29.037925587471904,28.871749413795698,-0.16617617367620596,,True,,,,,,,,,,,,,,,,,,,,,,,,,,,,,,,,,,,,,,,,,,,,,grid,29.537925587471904,0.5,0.9376698315896123,0.6862300038337708,0.9455418922310257,0.0006700865342281759,0.9147422886004622,0.5,False,1.2358135115087021,False
82,000082.jpg,,,,29.037925587471904,28.871749413795698,-0.16617617367620596,,True,,,,,,,,,,,,,,,,,,,,,,,,,,,,,,,,,,,,,,,,,,,,,grid,30.037925587471904,1.0,1.135017762987505,0.8306583166122437,0.8875524325099488,0.0017158895110090573,2.342379107936944,1.0,False,1.863060107461792,False
82,000082.jpg,,,,29.037925587471904,28.871749413795698,-0.16617617367620596,,True,,,,,,,,,,,,,,,,,,,,,,,,,,,,,,,,,,,,,,,,,,,,,grid,31.037925587471904,2.0,1.3002791908352431,0.9516042470932007,0.8425590649983867,0.003700427245348692,5.051492776389889,2.0,False,2.780593319934329,False
82,000082.jpg,,,,29.037925587471904,28.871749413795698,-0.16617617367620596,,True,,,,,,,,,,,,,,,,,,,,,,,,,,,,,,,,,,,,,,,,,,,,,grid,32.037925587471904,3.0,1.3579242796664697,0.9937915802001953,0.8245796436381888,0.005408448167145252,7.383130389106985,3.0,False,3.469127233305027,False
82,000082.jpg,,,,29.037925587471904,28.871749413795698,-0.16617617367620596,,True,,,,,,,,,,,,,,,,,,,,,,,,,,,,,,,,,,,,,,,,,,,,,clamped_raw_observation,28.871749413795698,-0.16617617367620596,0.9116677010084425,0.6672004461288452,0.9405406374359159,0.000636026777404671,0.8682469505889406,,False,1.193174086430048,False
83,000083.jpg,,,,29.037925587471904,28.869392538963297,-0.16853304850860695,,True,,,,,,,,,,,,,,,,,,,,,,,,,,,,,,,,,,,,,,,,,,,,,prediction,29.037925587471904,0.0,0.7785303539481432,0.5244134664535522,0.9528702096049546,0.00037041200266685337,0.6414491266882899,,False,0.986022426015261,True
83,000083.jpg,,,,29.037925587471904,28.869392538963297,-0.16853304850860695,,True,,,,,,,,,,,,,,,,,,,,,,,,,,,,,,,,,,,,,,,,,,,,,grid,26.037925587471904,-3.0,1.509196415124492,1.0165858268737793,0.8213793473785956,0.005990965214247505,10.374662205952514,-3.0,False,4.371482619234024,False
83,000083.jpg,,,,29.037925587471904,28.869392538963297,-0.16853304850860695,,True,,,,,,,,,,,,,,,,,,,,,,,,,,,,,,,,,,,,,,,,,,,,,grid,27.037925587471904,-2.0,1.4549630591324652,0.9800545573234558,0.8285929081568726,0.004322813319352766,7.485893568706086,-2.0,False,3.557843543152114,False
83,000083.jpg,,,,29.037925587471904,28.869392538963297,-0.16853304850860695,,True,,,,,,,,,,,,,,,,,,,,,,,,,,,,,,,,,,,,,,,,,,,,,grid,28.037925587471904,-1.0,1.310809789617481,0.8829537630081177,0.8682227433010543,0.0023771029470177987,4.116471924329396,-1.0,False,2.5017050273987755,False
83,000083.jpg,,,,29.037925587471904,28.869392538963297,-0.16853304850860695,,True,,,,,,,,,,,,,,,,,,,,,,,,,,,,,,,,,,,,,,,,,,,,,grid,28.537925587471904,-0.5,1.1868488317086738,0.799454391002655,0.9060984123006426,0.0012934091209899634,2.239819836118726,-0.5,False,1.8557053784377127,False
83,000083.jpg,,,,29.037925587471904,28.869392538963297,-0.16853304850860695,,True,,,,,,,,,,,,,,,,,,,,,,,,,,,,,,,,,,,,,,,,,,,,,grid,29.537925587471904,0.5,1.0042073141271852,0.6764281392097473,0.9510444448422145,0.0006235885230125859,1.079879460221007,0.5,False,1.3381327343402223,False
83,000083.jpg,,,,29.037925587471904,28.869392538963297,-0.16853304850860695,,True,,,,,,,,,,,,,,,,,,,,,,,,,,,,,,,,,,,,,,,,,,,,,grid,30.037925587471904,1.0,1.2433147267763287,0.8374894857406616,0.8865340898920651,0.001681220349079619,2.911399514387838,1.0,False,2.114630515481223,False
83,000083.jpg,,,,29.037925587471904,28.869392538963297,-0.16853304850860695,,True,,,,,,,,,,,,,,,,,,,,,,,,,,,,,,,,,,,,,,,,,,,,,grid,31.037925587471904,2.0,1.4182132360631778,0.9553000926971436,0.8388852095154563,0.003696390117208163,6.401105243651913,2.0,False,3.2396043374606998,False
83,000083.jpg,,,,29.037925587471904,28.869392538963297,-0.16853304850860695,,True,,,,,,,,,,,,,,,,,,,,,,,,,,,,,,,,,,,,,,,,,,,,,grid,32.037925587471904,3.0,1.4750776787327602,0.9936036467552185,0.8252456727585158,0.00539463059976697,9.341978829284042,3.0,False,4.075326713295254,False
83,000083.jpg,,,,29.037925587471904,28.869392538963297,-0.16853304850860695,,True,,,,,,,,,,,,,,,,,,,,,,,,,,,,,,,,,,,,,,,,,,,,,clamped_raw_observation,28.869392538963297,-0.16853304850860695,0.9918986174185477,0.6681370735168457,0.9484489949343977,0.0006100426301903402,1.0564217940047815,,False,1.3126110624406033,False
84,000084.jpg,,,,29.037925587471904,28.8700914843663,-0.16783410310560498,,True,,,,,,,,,,,,,,,,,,,,,,,,,,,,,,,,,,,,,,,,,,,,,prediction,29.037925587471904,0.0,0.819704287221422,0.5818085670471191,0.9529587020119533,0.00042796450240227085,0.6531420058662232,,False,1.0300310866760245,True
84,000084.jpg,,,,29.037925587471904,28.8700914843663,-0.16783410310560498,,True,,,,,,,,,,,,,,,,,,,,,,,,,,,,,,,,,,,,,,,,,,,,,grid,26.037925587471904,-3.0,1.416140043729865,1.0051459074020386,0.8221189224114722,0.0059808238099018736,9.127689885503573,-3.0,False,3.965943592694286,False
84,000084.jpg,,,,29.037925587471904,28.8700914843663,-0.16783410310560498,,True,,,,,,,,,,,,,,,,,,,,,,,,,,,,,,,,,,,,,,,,,,,,,grid,27.037925587471904,-2.0,1.375670981849427,0.9764218330383301,0.8337670728861927,0.004343294577362637,6.628559416500499,-2.0,False,3.2590437630883593,False
84,000084.jpg,,,,29.037925587471904,28.8700914843663,-0.16783410310560498,,True,,,,,,,,,,,,,,,,,,,,,,,,,,,,,,,,,,,,,,,,,,,,,grid,28.037925587471904,-1.0,1.262284717078085,0.8959426879882812,0.8614246998223164,0.0023779095111725232,3.6290687175632232,-1.0,False,2.338127196646574,False
84,000084.jpg,,,,29.037925587471904,28.8700914843663,-0.16783410310560498,,True,,,,,,,,,,,,,,,,,,,,,,,,,,,,,,,,,,,,,,,,,,,,,grid,28.537925587471904,-0.5,1.1311215743826328,0.8028458952903748,0.904786689879211,0.0013355375461590786,2.0382430479901545,-0.5,False,1.7508956465009604,False
84,000084.jpg,,,,29.037925587471904,28.8700914843663,-0.16783410310560498,,True,,,,,,,,,,,,,,,,,,,,,,,,,,,,,,,,,,,,,,,,,,,,,grid,29.537925587471904,0.5,0.9527251556061503,0.6762239336967468,0.9461564693002136,0.0006899476187148442,1.0529699755482487,0.5,False,1.2848111801929987,False
84,000084.jpg,,,,29.037925587471904,28.8700914843663,-0.16783410310560498,,True,,,,,,,,,,,,,,,,,,,,,,,,,,,,,,,,,,,,,,,,,,,,,grid,30.037925587471904,1.0,1.1680076996272035,0.8290268778800964,0.8886156828257085,0.0017134414229076356,2.614984564397906,1.0,False,1.9631381579009715,False
84,000084.jpg,,,,29.037925587471904,28.8700914843663,-0.16783410310560498,,True,,,,,,,,,,,,,,,,,,,,,,,,,,,,,,,,,,,,,,,,,,,,,grid,31.037925587471904,2.0,1.3332076486703304,0.9462822675704956,0.8446973096182494,0.003664695114518205,5.592908534583798,2.0,False,2.94673747269803,False
84,000084.jpg,,,,29.037925587471904,28.8700914843663,-0.16783410310560498,,True,,,,,,,,,,,,,,,,,,,,,,,,,,,,,,,,,,,,,,,,,,,,,grid,32.037925587471904,3.0,1.4026311818274422,0.9955576062202454,0.8257802824990578,0.005409369710832834,8.255559897078514,3.0,False,3.730740873598013,False
84,000084.jpg,,,,29.037925587471904,28.8700914843663,-0.16783410310560498,,True,,,,,,,,,,,,,,,,,,,,,,,,,,,,,,,,,,,,,,,,,,,,,clamped_raw_observation,28.8700914843663,-0.16783410310560498,0.941621293523598,0.668342649936676,0.9398926718954718,0.0006646111384422208,1.0143024705239734,,False,1.2603392623522878,False
85,000085.jpg,,,,29.037925587471904,28.872581597301462,-0.16534399017044166,,True,,,,,,,,,,,,,,,,,,,,,,,,,,,,,,,,,,,,,,,,,,,,,prediction,29.037925587471904,0.0,0.7411089523525245,0.5280227065086365,0.9557283230752619,0.00037997355684638023,0.5294681900168432,,False,0.9177476767814734,True
85,000085.jpg,,,,29.037925587471904,28.872581597301462,-0.16534399017044166,,True,,,,,,,,,,,,,,,,,,,,,,,,,,,,,,,,,,,,,,,,,,,,,grid,26.037925587471904,-3.0,1.4127347496589246,1.006540298461914,0.8226613396681424,0.0059757585016389685,8.326826908957017,-3.0,False,3.761780137230036,False
85,000085.jpg,,,,29.037925587471904,28.872581597301462,-0.16534399017044166,,True,,,,,,,,,,,,,,,,,,,,,,,,,,,,,,,,,,,,,,,,,,,,,grid,27.037925587471904,-2.0,1.3638485441597568,0.9717100262641907,0.8330633840837922,0.004349826253019273,6.061197132212495,-2.0,False,3.1060844431290886,False
85,000085.jpg,,,,29.037925587471904,28.872581597301462,-0.16534399017044166,,True,,,,,,,,,,,,,,,,,,,,,,,,,,,,,,,,,,,,,,,,,,,,,grid,28.037925587471904,-1.0,1.2485267755408265,0.8895459771156311,0.8660691789943491,0.0024084751688254378,3.356051928776905,-1.0,False,2.251470578740703,False
85,000085.jpg,,,,29.037925587471904,28.872581597301462,-0.16534399017044166,,True,,,,,,,,,,,,,,,,,,,,,,,,,,,,,,,,,,,,,,,,,,,,,grid,28.537925587471904,-0.5,1.1217442241402678,0.7992163896560669,0.9067055393586005,0.0013051198523802061,1.818598777583278,-0.5,False,1.6846883791774865,False
85,000085.jpg,,,,29.037925587471904,28.872581597301462,-0.16534399017044166,,True,,,,,,,,,,,,,,,,,,,,,,,,,,,,,,,,,,,,,,,,,,,,,grid,29.537925587471904,0.5,0.9475217536942714,0.6750869750976562,0.9499334125184465,0.0006393853351861859,0.890941461700738,0.5,False,1.2353237066010092,False
85,000085.jpg,,,,29.037925587471904,28.872581597301462,-0.16534399017044166,,True,,,,,,,,,,,,,,,,,,,,,,,,,,,,,,,,,,,,,,,,,,,,,grid,30.037925587471904,1.0,1.177309632796503,0.8388054370880127,0.8840477990137854,0.001675611352159952,2.334854343978691,1.0,False,1.9069754197773903,False
85,000085.jpg,,,,29.037925587471904,28.872581597301462,-0.16534399017044166,,True,,,,,,,,,,,,,,,,,,,,,,,,,,,,,,,,,,,,,,,,,,,,,grid,31.037925587471904,2.0,1.3387840686293373,0.9538521766662598,0.8388762912572436,0.003705802373588085,5.1637921638243505,2.0,False,2.8508558183281814,False
85,000085.jpg,,,,29.037925587471904,28.872581597301462,-0.16534399017044166,,True,,,,,,,,,,,,,,,,,,,,,,,,,,,,,,,,,,,,,,,,,,,,,grid,32.037925587471904,3.0,1.391137412940884,0.9911527037620544,0.825774754346183,0.005399968707934022,7.524501656554301,3.0,False,3.5364880727332757,False
85,000085.jpg,,,,29.037925587471904,28.872581597301462,-0.16534399017044166,,True,,,,,,,,,,,,,,,,,,,,,,,,,,,,,,,,,,,,,,,,,,,,,clamped_raw_observation,28.872581597301462,-0.16534399017044166,0.9272715682235941,0.6606591939926147,0.9474318828060324,0.0006254681502468884,0.8715487787438062,,False,1.2026871998086266,False
86,000086.jpg,,,,29.037925587471904,28.873210342182404,-0.1647152452895,,True,,,,,,,,,,,,,,,,,,,,,,,,,,,,,,,,,,,,,,,,,,,,,prediction,29.037925587471904,0.0,0.773847977688173,0.5336575508117676,0.9544718955658648,0.0003650375292636454,0.5863580183676919,,False,0.9659655867142313,True
86,000086.jpg,,,,29.037925587471904,28.873210342182404,-0.1647152452895,,True,,,,,,,,,,,,,,,,,,,,,,,,,,,,,,,,,,,,,,,,,,,,,grid,26.037925587471904,-3.0,1.4619382414328026,1.008175253868103,0.8214478368756069,0.005951699645568927,9.560186365317499,-3.0,False,4.12053699588657,False
86,000086.jpg,,,,29.037925587471904,28.873210342182404,-0.1647152452895,,True,,,,,,,,,,,,,,,,,,,,,,,,,,,,,,,,,,,,,,,,,,,,,grid,27.037925587471904,-2.0,1.419810389575368,0.9791232347488403,0.831984752040853,0.004346324053282539,6.98147931312002,-2.0,False,3.3931954658145203,False
86,000086.jpg,,,,29.037925587471904,28.873210342182404,-0.1647152452895,,True,,,,,,,,,,,,,,,,,,,,,,,,,,,,,,,,,,,,,,,,,,,,,grid,28.037925587471904,-1.0,1.294487610360327,0.8926987051963806,0.864728305822275,0.002393994752007226,3.8454621956302266,-1.0,False,2.4211248534456082,False
86,000086.jpg,,,,29.037925587471904,28.873210342182404,-0.1647152452895,,True,,,,,,,,,,,,,,,,,,,,,,,,,,,,,,,,,,,,,,,,,,,,,grid,28.537925587471904,-0.5,1.1591365921775154,0.7993585467338562,0.907127701657856,0.0013308166914309065,2.1376844171944955,-0.5,False,1.8014299948182833,False
86,000086.jpg,,,,29.037925587471904,28.873210342182404,-0.1647152452895,,True,,,,,,,,,,,,,,,,,,,,,,,,,,,,,,,,,,,,,,,,,,,,,grid,29.537925587471904,0.5,0.9810303143659526,0.6765336990356445,0.9515949221419067,0.0006240856503912559,1.0024657628855291,0.5,False,1.2950518329454281,False
86,000086.jpg,,,,29.037925587471904,28.873210342182404,-0.1647152452895,,True,,,,,,,,,,,,,,,,,,,,,,,,,,,,,,,,,,,,,,,,,,,,,grid,30.037925587471904,1.0,1.206285953429904,0.8318734765052795,0.8868090768511526,0.0016994803833464782,2.7298671230981553,1.0,False,2.0319436573532896,False
86,000086.jpg,,,,29.037925587471904,28.873210342182404,-0.1647152452895,,True,,,,,,,,,,,,,,,,,,,,,,,,,,,,,,,,,,,,,,,,,,,,,grid,31.037925587471904,2.0,1.3653876271972236,0.9415924549102783,0.8425036861221994,0.0037268672604113817,5.98644886168936,2.0,False,3.0794961564973646,False
86,000086.jpg,,,,29.037925587471904,28.873210342182404,-0.1647152452895,,True,,,,,,,,,,,,,,,,,,,,,,,,,,,,,,,,,,,,,,,,,,,,,grid,32.037925587471904,3.0,1.4399318641556296,0.9929993152618408,0.8245405833063617,0.005487925450628002,8.815228118245791,3.0,False,3.9091983104107157,False
86,000086.jpg,,,,29.037925587471904,28.873210342182404,-0.1647152452895,,True,,,,,,,,,,,,,,,,,,,,,,,,,,,,,,,,,,,,,,,,,,,,,clamped_raw_observation,28.873210342182404,-0.1647152452895,0.9552908651710293,0.6587833762168884,0.949652965080735,0.0006157265937266251,0.9890386505796156,,False,1.2578390200938834,False
87,000087.jpg,,,,29.037925587471904,28.86811610093423,-0.16980948653767314,,True,,,,,,,,,,,,,,,,,,,,,,,,,,,,,,,,,,,,,,,,,,,,,prediction,29.037925587471904,0.0,0.7707829852576165,0.5509934425354004,0.95584345961401,0.00038363831117749214,0.5681517357744479,,False,0.9569774595872185,True
87,000087.jpg,,,,29.037925587471904,28.86811610093423,-0.16980948653767314,,True,,,,,,,,,,,,,,,,,,,,,,,,,,,,,,,,,,,,,,,,,,,,,grid,26.037925587471904,-3.0,1.4127300391489293,1.0098886489868164,0.8227483917083631,0.005982599842051665,8.859971451425288,-3.0,False,3.894974510296888,False
87,000087.jpg,,,,29.037925587471904,28.86811610093423,-0.16980948653767314,,True,,,,,,,,,,,,,,,,,,,,,,,,,,,,,,,,,,,,,,,,,,,,,grid,27.037925587471904,-2.0,1.3726029702223999,0.9812038540840149,0.8328091493924231,0.004371115316947301,6.473432611491456,-2.0,False,3.2181519737028412,False
87,000087.jpg,,,,29.037925587471904,28.86811610093423,-0.16980948653767314,,True,,,,,,,,,,,,,,,,,,,,,,,,,,,,,,,,,,,,,,,,,,,,,grid,28.037925587471904,-1.0,1.2598678615239198,0.9006152749061584,0.8611508220157256,0.002413506736047566,3.5742990244640525,-1.0,False,2.3222917956242073,False
87,000087.jpg,,,,29.037925587471904,28.86811610093423,-0.16980948653767314,,True,,,,,,,,,,,,,,,,,,,,,,,,,,,,,,,,,,,,,,,,,,,,,grid,28.537925587471904,-0.5,1.1277477292086766,0.806169331073761,0.9023588277340958,0.0013440242910292,1.9904418083989894,-0.5,False,1.737999353574328,False
87,000087.jpg,,,,29.037925587471904,28.86811610093423,-0.16980948653767314,,True,,,,,,,,,,,,,,,,,,,,,,,,,,,,,,,,,,,,,,,,,,,,,grid,29.537925587471904,0.5,0.945768076779662,0.6760813593864441,0.947373123659757,0.0006514554697787389,0.9647773570854568,0.5,False,1.2545892923912692,False
87,000087.jpg,,,,29.037925587471904,28.86811610093423,-0.16980948653767314,,True,,,,,,,,,,,,,,,,,,,,,,,,,,,,,,,,,,,,,,,,,,,,,grid,30.037925587471904,1.0,1.1661739976133094,0.8336383104324341,0.8880807719799857,0.001683738441594566,2.4935437632544786,1.0,False,1.9314791664469435,False
87,000087.jpg,,,,29.037925587471904,28.86811610093423,-0.16980948653767314,,True,,,,,,,,,,,,,,,,,,,,,,,,,,,,,,,,,,,,,,,,,,,,,grid,31.037925587471904,2.0,1.330851977824723,0.9513581991195679,0.8405468191565404,0.003727659311455985,5.520502114815263,2.0,False,2.9304306873719983,False
87,000087.jpg,,,,29.037925587471904,28.86811610093423,-0.16980948653767314,,True,,,,,,,,,,,,,,,,,,,,,,,,,,,,,,,,,,,,,,,,,,,,,grid,32.037925587471904,3.0,1.3886877004056306,0.9927020072937012,0.8246604717655468,0.005447940047209461,8.06816343424353,3.0,False,3.6710680872009664,False
87,000087.jpg,,,,29.037925587471904,28.86811610093423,-0.16980948653767314,,True,,,,,,,,,,,,,,,,,,,,,,,,,,,,,,,,,,,,,,,,,,,,,clamped_raw_observation,28.86811610093423,-0.16980948653767314,0.950617084248576,0.6795476675033569,0.9422980700500357,0.0006693589190642039,0.991291590652658,,False,1.261236196457835,False
88,000088.jpg,,,,29.037925587471904,28.87358348478881,-0.16434210268309357,,True,,,,,,,,,,,,,,,,,,,,,,,,,,,,,,,,,,,,,,,,,,,,,prediction,29.037925587471904,0.0,0.8355102478987648,0.6026026010513306,0.9518328379717194,0.00048505835972415906,0.670040699200999,,False,1.0511875847272951,True
88,000088.jpg,,,,29.037925587471904,28.87358348478881,-0.16434210268309357,,True,,,,,,,,,,,,,,,,,,,,,,,,,,,,,,,,,,,,,,,,,,,,,grid,26.037925587471904,-3.0,1.40566178773019,1.0138181447982788,0.8213996217238584,0.005954109597951174,8.224774768131638,-3.0,False,3.730455858039241,False
88,000088.jpg,,,,29.037925587471904,28.87358348478881,-0.16434210268309357,,True,,,,,,,,,,,,,,,,,,,,,,,,,,,,,,,,,,,,,,,,,,,,,grid,27.037925587471904,-2.0,1.348486820623777,0.9725813269615173,0.8351076285688552,0.004355568167132636,6.016611984138966,-2.0,False,3.077532188089663,False
88,000088.jpg,,,,29.037925587471904,28.87358348478881,-0.16434210268309357,,True,,,,,,,,,,,,,,,,,,,,,,,,,,,,,,,,,,,,,,,,,,,,,grid,28.037925587471904,-1.0,1.2259687978471425,0.8842165470123291,0.8663064036746825,0.002421562346474578,3.3450517762714993,-1.0,False,2.225925338240335,False
88,000088.jpg,,,,29.037925587471904,28.87358348478881,-0.16434210268309357,,True,,,,,,,,,,,,,,,,,,,,,,,,,,,,,,,,,,,,,,,,,,,,,grid,28.537925587471904,-0.5,1.114556787169464,0.8038618564605713,0.9023507160226966,0.0013455056662981708,1.8586290481376682,-0.5,False,1.6918633331811843,False
88,000088.jpg,,,,29.037925587471904,28.87358348478881,-0.16434210268309357,,True,,,,,,,,,,,,,,,,,,,,,,,,,,,,,,,,,,,,,,,,,,,,,grid,29.537925587471904,0.5,0.946104763791361,0.6823676824569702,0.9417094478969648,0.000708994518693847,0.9793773749316543,0.5,False,1.2642396596273096,False
88,000088.jpg,,,,29.037925587471904,28.87358348478881,-0.16434210268309357,,True,,,,,,,,,,,,,,,,,,,,,,,,,,,,,,,,,,,,,,,,,,,,,grid,30.037925587471904,1.0,1.1523159225621205,0.8310952186584473,0.8871115914617671,0.0017367796002266307,2.3991195994553287,1.0,False,1.8949842309641856,False
88,000088.jpg,,,,29.037925587471904,28.87358348478881,-0.16434210268309357,,True,,,,,,,,,,,,,,,,,,,,,,,,,,,,,,,,,,,,,,,,,,,,,grid,31.037925587471904,2.0,1.3156480253558915,0.9488967061042786,0.8415383229757724,0.0037707033722350993,5.2087025681791035,2.0,False,2.8362853444248954,False
88,000088.jpg,,,,29.037925587471904,28.87358348478881,-0.16434210268309357,,True,,,,,,,,,,,,,,,,,,,,,,,,,,,,,,,,,,,,,,,,,,,,,grid,32.037925587471904,3.0,1.383722234246635,0.9979944825172424,0.8245519229037197,0.005461273404459159,7.543990072725633,3.0,False,3.5351678295243234,False
88,000088.jpg,,,,29.037925587471904,28.87358348478881,-0.16434210268309357,,True,,,,,,,,,,,,,,,,,,,,,,,,,,,,,,,,,,,,,,,,,,,,,clamped_raw_observation,28.87358348478881,-0.16434210268309357,0.9259097831862017,0.6678022742271423,0.9388273439610916,0.0006988199117283026,0.9653225697136479,,False,1.233343344734015,False
89,000089.jpg,,,,29.037925587471904,28.872682728701847,-0.16524285877005696,,True,,,,,,,,,,,,,,,,,,,,,,,,,,,,,,,,,,,,,,,,,,,,,prediction,29.037925587471904,0.0,0.794471669873569,0.5749765634536743,0.955330842732955,0.0004252712339318047,0.5781734001136336,,False,0.9836841771690223,True
89,000089.jpg,,,,29.037925587471904,28.872682728701847,-0.16524285877005696,,True,,,,,,,,,,,,,,,,,,,,,,,,,,,,,,,,,,,,,,,,,,,,,grid,26.037925587471904,-3.0,1.4025673941584276,1.015068769454956,0.8185573676269847,0.005976264054576556,8.124972094786694,-3.0,False,3.7052530502281162,False
89,000089.jpg,,,,29.037925587471904,28.872682728701847,-0.16524285877005696,,True,,,,,,,,,,,,,,,,,,,,,,,,,,,,,,,,,,,,,,,,,,,,,grid,27.037925587471904,-2.0,1.3607683190607442,0.9848178625106812,0.8292621596379051,0.004373888950794935,5.946478493313947,-2.0,False,3.078125782751326,False
89,000089.jpg,,,,29.037925587471904,28.872682728701847,-0.16524285877005696,,True,,,,,,,,,,,,,,,,,,,,,,,,,,,,,,,,,,,,,,,,,,,,,grid,28.037925587471904,-1.0,1.2327756483075043,0.8921867609024048,0.8660104892592859,0.0024364030299087367,3.312388215929466,-1.0,False,2.2248622130305846,False
89,000089.jpg,,,,29.037925587471904,28.872682728701847,-0.16524285877005696,,True,,,,,,,,,,,,,,,,,,,,,,,,,,,,,,,,,,,,,,,,,,,,,grid,28.537925587471904,-0.5,1.1167267705201738,0.8081996440887451,0.9017529994970903,0.0013581900081286828,1.846514112276044,-0.5,False,1.6916022990920945,False
89,000089.jpg,,,,29.037925587471904,28.872682728701847,-0.16524285877005696,,True,,,,,,,,,,,,,,,,,,,,,,,,,,,,,,,,,,,,,,,,,,,,,grid,29.537925587471904,0.5,0.9360180773591651,0.6774168014526367,0.9467454558517134,0.0006802334683015943,0.9248048441999481,0.5,False,1.2354738325574386,False
89,000089.jpg,,,,29.037925587471904,28.872682728701847,-0.16524285877005696,,True,,,,,,,,,,,,,,,,,,,,,,,,,,,,,,,,,,,,,,,,,,,,,grid,30.037925587471904,1.0,1.1431456446483166,0.8273195624351501,0.8896113226524894,0.001718201325275004,2.3359640226061047,1.0,False,1.8675253276473531,False
89,000089.jpg,,,,29.037925587471904,28.872682728701847,-0.16524285877005696,,True,,,,,,,,,,,,,,,,,,,,,,,,,,,,,,,,,,,,,,,,,,,,,grid,31.037925587471904,2.0,1.3254809179907923,0.9592795968055725,0.8386019110568288,0.003753409255295992,5.102911314007332,2.0,False,2.8226068354357965,False
89,000089.jpg,,,,29.037925587471904,28.872682728701847,-0.16524285877005696,,True,,,,,,,,,,,,,,,,,,,,,,,,,,,,,,,,,,,,,,,,,,,,,grid,32.037925587471904,3.0,1.3720301837277906,0.9929683208465576,0.824215101659602,0.005474397058909138,7.4426636663347105,3.0,False,3.498480998651866,False
89,000089.jpg,,,,29.037925587471904,28.872682728701847,-0.16524285877005696,,True,,,,,,,,,,,,,,,,,,,,,,,,,,,,,,,,,,,,,,,,,,,,,clamped_raw_observation,28.872682728701847,-0.16524285877005696,0.9256683329710932,0.6699264645576477,0.9412852934837272,0.0007087022725803157,0.9635093321918102,,False,1.2302176582984203,False
90,000090.jpg,,,,29.037925587471904,28.879645165825195,-0.1582804216467082,,True,,,,,,,,,,,,,,,,,,,,,,,,,,,,,,,,,,,,,,,,,,,,,prediction,29.037925587471904,0.0,0.8431524570177034,0.6094418168067932,0.9515628345108114,0.00047717052317845326,0.6455798620470095,,False,1.0529845880186444,True
90,000090.jpg,,,,29.037925587471904,28.879645165825195,-0.1582804216467082,,True,,,,,,,,,,,,,,,,,,,,,,,,,,,,,,,,,,,,,,,,,,,,,grid,26.037925587471904,-3.0,1.4056554926507787,1.016026496887207,0.8183294084064797,0.005968619293222825,8.075143439840843,-3.0,False,3.69611194420451,False
90,000090.jpg,,,,29.037925587471904,28.879645165825195,-0.1582804216467082,,True,,,,,,,,,,,,,,,,,,,,,,,,,,,,,,,,,,,,,,,,,,,,,grid,27.037925587471904,-2.0,1.3538291856999314,0.9785657525062561,0.8316741597088418,0.004336764958376686,5.867353467079267,-2.0,False,3.0489933927609063,False
90,000090.jpg,,,,29.037925587471904,28.879645165825195,-0.1582804216467082,,True,,,,,,,,,,,,,,,,,,,,,,,,,,,,,,,,,,,,,,,,,,,,,grid,28.037925587471904,-1.0,1.251639612939775,0.9047017693519592,0.859344894026975,0.002411771119417002,3.262965315189645,-1.0,False,2.238036047710211,False
90,000090.jpg,,,,29.037925587471904,28.879645165825195,-0.1582804216467082,,True,,,,,,,,,,,,,,,,,,,,,,,,,,,,,,,,,,,,,,,,,,,,,grid,28.537925587471904,-0.5,1.119829270635811,0.8094274997711182,0.900146292728181,0.0013459323187513899,1.8209565730848343,-0.5,False,1.6899221211788387,False
90,000090.jpg,,,,29.037925587471904,28.879645165825195,-0.1582804216467082,,True,,,,,,,,,,,,,,,,,,,,,,,,,,,,,,,,,,,,,,,,,,,,,grid,29.537925587471904,0.5,0.9485520287924386,0.6856260299682617,0.9403054306715193,0.0007258756668306887,0.9820613179003619,0.5,False,1.2687619275960096,False
90,000090.jpg,,,,29.037925587471904,28.879645165825195,-0.1582804216467082,,True,,,,,,,,,,,,,,,,,,,,,,,,,,,,,,,,,,,,,,,,,,,,,grid,30.037925587471904,1.0,1.1527319460747874,0.8332099914550781,0.8880325412117319,0.0017420997222264607,2.3569446219260435,1.0,False,1.8839355603445662,False
90,000090.jpg,,,,29.037925587471904,28.879645165825195,-0.1582804216467082,,True,,,,,,,,,,,,,,,,,,,,,,,,,,,,,,,,,,,,,,,,,,,,,grid,31.037925587471904,2.0,1.3389120538444,0.9677834510803223,0.8375437094126882,0.003771404270082712,5.10245819918962,2.0,False,2.836982894229117,False
90,000090.jpg,,,,29.037925587471904,28.879645165825195,-0.1582804216467082,,True,,,,,,,,,,,,,,,,,,,,,,,,,,,,,,,,,,,,,,,,,,,,,grid,32.037925587471904,3.0,1.3931364387705079,1.0069775581359863,0.8215942339256405,0.005462200380861759,7.389992459846662,3.0,False,3.509040319806533,False
90,000090.jpg,,,,29.037925587471904,28.879645165825195,-0.1582804216467082,,True,,,,,,,,,,,,,,,,,,,,,,,,,,,,,,,,,,,,,,,,,,,,,clamped_raw_observation,28.879645165825195,-0.1582804216467082,0.9382852600377923,0.6782050728797913,0.9355776778705488,0.0006863663535720358,0.9286078546956485,,False,1.239607958490557,False
91,000091.jpg,,,,29.037925587471904,28.88161386054827,-0.15631172692363293,,True,,,,,,,,,,,,,,,,,,,,,,,,,,,,,,,,,,,,,,,,,,,,,prediction,29.037925587471904,0.0,0.8567493294704576,0.6269332766532898,0.9473136977215281,0.0005315927652797351,0.6876516884768529,,False,1.0813485538681427,True
91,000091.jpg,,,,29.037925587471904,28.88161386054827,-0.15631172692363293,,True,,,,,,,,,,,,,,,,,,,,,,,,,,,,,,,,,,,,,,,,,,,,,grid,26.037925587471904,-3.0,1.3864957696037035,1.0145795345306396,0.8199989244034921,0.005960461994012197,7.710266245116719,-3.0,False,3.584063406479391,False
91,000091.jpg,,,,29.037925587471904,28.88161386054827,-0.15631172692363293,,True,,,,,,,,,,,,,,,,,,,,,,,,,,,,,,,,,,,,,,,,,,,,,grid,27.037925587471904,-2.0,1.3426620185741245,0.9825038313865662,0.830683183048599,0.004370639061865707,5.6537212823679,-2.0,False,2.9854091561175005,False
91,000091.jpg,,,,29.037925587471904,28.88161386054827,-0.15631172692363293,,True,,,,,,,,,,,,,,,,,,,,,,,,,,,,,,,,,,,,,,,,,,,,,grid,28.037925587471904,-1.0,1.2149607587084128,0.8890573978424072,0.8664109137192335,0.0023984312235067287,3.102535226701436,-1.0,False,2.154183651664538,False
91,000091.jpg,,,,29.037925587471904,28.88161386054827,-0.15631172692363293,,True,,,,,,,,,,,,,,,,,,,,,,,,,,,,,,,,,,,,,,,,,,,,,grid,28.537925587471904,-0.5,1.0975537401082232,0.8031438589096069,0.901798038829034,0.0013521598690810304,1.7491114962313736,-0.5,False,1.6480335753370323,False
91,000091.jpg,,,,29.037925587471904,28.88161386054827,-0.15631172692363293,,True,,,,,,,,,,,,,,,,,,,,,,,,,,,,,,,,,,,,,,,,,,,,,grid,29.537925587471904,0.5,0.9587886613389217,0.7016013860702515,0.9399637882509008,0.0007886211775864164,1.0201355619475663,0.5,False,1.2888587635749125,False
91,000091.jpg,,,,29.037925587471904,28.88161386054827,-0.15631172692363293,,True,,,,,,,,,,,,,,,,,,,,,,,,,,,,,,,,,,,,,,,,,,,,,grid,30.037925587471904,1.0,1.142410227888816,0.8359679579734802,0.8865066418084363,0.0017674220725893974,2.286281627305076,1.0,False,1.8574739929066488,False
91,000091.jpg,,,,29.037925587471904,28.88161386054827,-0.15631172692363293,,True,,,,,,,,,,,,,,,,,,,,,,,,,,,,,,,,,,,,,,,,,,,,,grid,31.037925587471904,2.0,1.2949930047282434,0.9476216435432434,0.842980836455551,0.003734031730952362,4.830226053329288,2.0,False,2.7195686816050144,False
91,000091.jpg,,,,29.037925587471904,28.88161386054827,-0.15631172692363293,,True,,,,,,,,,,,,,,,,,,,,,,,,,,,,,,,,,,,,,,,,,,,,,grid,32.037925587471904,3.0,1.3614523220262114,0.9962537884712219,0.8243909434774035,0.005473049512753884,7.0797647830706785,3.0,False,3.3970025743164776,False
91,000091.jpg,,,,29.037925587471904,28.88161386054827,-0.15631172692363293,,True,,,,,,,,,,,,,,,,,,,,,,,,,,,,,,,,,,,,,,,,,,,,,clamped_raw_observation,28.88161386054827,-0.15631172692363293,0.9078437294735854,0.664322018623352,0.9354821361346647,0.0006978845534225305,0.9027615175883432,,False,1.2027413245437153,False
92,000092.jpg,,,,29.037925587471904,28.88093978321345,-0.1569858042584542,,True,,,,,,,,,,,,,,,,,,,,,,,,,,,,,,,,,,,,,,,,,,,,,prediction,29.037925587471904,0.0,0.8176198844348038,0.5528666973114014,0.9535267624840753,0.00040131576436882216,0.6912902402330238,,False,1.0369156820089844,True
92,000092.jpg,,,,29.037925587471904,28.88093978321345,-0.1569858042584542,,True,,,,,,,,,,,,,,,,,,,,,,,,,,,,,,,,,,,,,,,,,,,,,grid,26.037925587471904,-3.0,1.4899772508345828,1.0075082778930664,0.8216791372844557,0.005958574824035168,10.26399904332721,-3.0,False,4.32429787438193,False
92,000092.jpg,,,,29.037925587471904,28.88093978321345,-0.1569858042584542,,True,,,,,,,,,,,,,,,,,,,,,,,,,,,,,,,,,,,,,,,,,,,,,grid,27.037925587471904,-2.0,1.4588881645104557,0.9864861369132996,0.829466544651989,0.004318106492670874,7.438194907107754,-2.0,False,3.548970346635405,False
92,000092.jpg,,,,29.037925587471904,28.88093978321345,-0.1569858042584542,,True,,,,,,,,,,,,,,,,,,,,,,,,,,,,,,,,,,,,,,,,,,,,,grid,28.037925587471904,-1.0,1.3275144668049763,0.8976525068283081,0.8628770343255997,0.002413276699371636,4.157012450984055,-1.0,False,2.53389054522539,False
92,000092.jpg,,,,29.037925587471904,28.88093978321345,-0.1569858042584542,,True,,,,,,,,,,,,,,,,,,,,,,,,,,,,,,,,,,,,,,,,,,,,,grid,28.537925587471904,-0.5,1.1844094525391482,0.8008862733840942,0.9039134413522097,0.0013243834352275978,2.281329128794748,-0.5,False,1.8658282933856254,False
92,000092.jpg,,,,29.037925587471904,28.88093978321345,-0.1569858042584542,,True,,,,,,,,,,,,,,,,,,,,,,,,,,,,,,,,,,,,,,,,,,,,,grid,29.537925587471904,0.5,1.0309833090515728,0.6971409916877747,0.9435682115878057,0.0006920315111832073,1.192065381152089,0.5,False,1.4004314427517892,False
92,000092.jpg,,,,29.037925587471904,28.88093978321345,-0.1569858042584542,,True,,,,,,,,,,,,,,,,,,,,,,,,,,,,,,,,,,,,,,,,,,,,,grid,30.037925587471904,1.0,1.2459018358703424,0.8424668312072754,0.8848576196371858,0.0017368373325249802,2.9918054645454535,1.0,False,2.1389955823695197,False
92,000092.jpg,,,,29.037925587471904,28.88093978321345,-0.1569858042584542,,True,,,,,,,,,,,,,,,,,,,,,,,,,,,,,,,,,,,,,,,,,,,,,grid,31.037925587471904,2.0,1.4092891132620724,0.952947735786438,0.8409323356839102,0.003742858379458388,6.447295865297904,2.0,False,3.240180743902638,False
92,000092.jpg,,,,29.037925587471904,28.88093978321345,-0.1569858042584542,,True,,,,,,,,,,,,,,,,,,,,,,,,,,,,,,,,,,,,,,,,,,,,,grid,32.037925587471904,3.0,1.4732648825096575,0.9962075352668762,0.8237964508083473,0.005508990492671728,9.489563329539484,3.0,False,4.111859264086181,False
92,000092.jpg,,,,29.037925587471904,28.88093978321345,-0.1569858042584542,,True,,,,,,,,,,,,,,,,,,,,,,,,,,,,,,,,,,,,,,,,,,,,,clamped_raw_observation,28.88093978321345,-0.1569858042584542,0.9833688157317602,0.6649445295333862,0.9425633848307047,0.0006283671536948532,1.0823997440405642,,False,1.31611494103895,False
93,000093.jpg,,,,29.037925587471904,28.872671256929237,-0.16525433054266614,,True,,,,,,,,,,,,,,,,,,,,,,,,,,,,,,,,,,,,,,,,,,,,,prediction,29.037925587471904,0.0,0.8106386515092121,0.5392571687698364,0.955849532037437,0.0003769955413493638,0.6712611909528199,,False,1.02260441720998,True
93,000093.jpg,,,,29.037925587471904,28.872671256929237,-0.16525433054266614,,True,,,,,,,,,,,,,,,,,,,,,,,,,,,,,,,,,,,,,,,,,,,,,grid,26.037925587471904,-3.0,1.5426433555468444,1.026205062866211,0.8167746580273578,0.006009598573048909,10.70041911067282,-3.0,False,4.490973475187691,False
93,000093.jpg,,,,29.037925587471904,28.872671256929237,-0.16525433054266614,,True,,,,,,,,,,,,,,,,,,,,,,,,,,,,,,,,,,,,,,,,,,,,,grid,27.037925587471904,-2.0,1.487951974015792,0.9898229837417603,0.8281857451403888,0.004357402833799521,7.758594187104423,-2.0,False,3.659414775651509,False
93,000093.jpg,,,,29.037925587471904,28.872671256929237,-0.16525433054266614,,True,,,,,,,,,,,,,,,,,,,,,,,,,,,,,,,,,,,,,,,,,,,,,grid,28.037925587471904,-1.0,1.3561751246009968,0.902161717414856,0.8601331893448524,0.0024238250528772673,4.315753140825366,-1.0,False,2.604980220462486,False
93,000093.jpg,,,,29.037925587471904,28.872671256929237,-0.16525433054266614,,True,,,,,,,,,,,,,,,,,,,,,,,,,,,,,,,,,,,,,,,,,,,,,grid,28.537925587471904,-0.5,1.209225469003752,0.8044071197509766,0.9043196544276458,0.0013346731623945136,2.3764586003192516,-0.5,False,1.9140204646559191,False
93,000093.jpg,,,,29.037925587471904,28.872671256929237,-0.16525433054266614,,True,,,,,,,,,,,,,,,,,,,,,,,,,,,,,,,,,,,,,,,,,,,,,grid,29.537925587471904,0.5,1.027773802990424,0.6837009191513062,0.9486501079913607,0.0006273026616933445,1.1169467157860298,0.5,False,1.3733603739455706,False
93,000093.jpg,,,,29.037925587471904,28.872671256929237,-0.16525433054266614,,True,,,,,,,,,,,,,,,,,,,,,,,,,,,,,,,,,,,,,,,,,,,,,grid,30.037925587471904,1.0,1.2602970711765693,0.8383812308311462,0.8866810655147588,0.0016754094782906275,2.983158256210786,1.0,False,2.149405569714507,False
93,000093.jpg,,,,29.037925587471904,28.872671256929237,-0.16525433054266614,,True,,,,,,,,,,,,,,,,,,,,,,,,,,,,,,,,,,,,,,,,,,,,,grid,31.037925587471904,2.0,1.4386063504508035,0.9569970369338989,0.8415946724262059,0.003667154931463301,6.529570025926028,2.0,False,3.2894041845061044,False
93,000093.jpg,,,,29.037925587471904,28.872671256929237,-0.16525433054266614,,True,,,,,,,,,,,,,,,,,,,,,,,,,,,,,,,,,,,,,,,,,,,,,grid,32.037925587471904,3.0,1.5118836086688694,1.0057429075241089,0.8207883369330453,0.005417527398094535,9.646203984928391,3.0,False,4.1926462679679215,False
93,000093.jpg,,,,29.037925587471904,28.872671256929237,-0.16525433054266614,,True,,,,,,,,,,,,,,,,,,,,,,,,,,,,,,,,,,,,,,,,,,,,,clamped_raw_observation,28.872671256929237,-0.16525433054266614,1.0358681525452205,0.6890854835510254,0.9466342692584593,0.0006305622421981146,1.1227505772423407,,False,1.3748791575136263,False
94,000094.jpg,,,,29.037925587471904,28.87571776054861,-0.16220782692329294,,True,,,,,,,,,,,,,,,,,,,,,,,,,,,,,,,,,,,,,,,,,,,,,prediction,29.037925587471904,0.0,0.799888036492139,0.6010116934776306,0.9559867061888081,0.00044671895254092914,0.568377653435971,,False,0.9859957436623237,True
94,000094.jpg,,,,29.037925587471904,28.87571776054861,-0.16220782692329294,,True,,,,,,,,,,,,,,,,,,,,,,,,,,,,,,,,,,,,,,,,,,,,,grid,26.037925587471904,-3.0,1.3406188676994164,1.0073004961013794,0.8196712476421449,0.00598153518512845,7.610536587109571,-3.0,False,3.513581766834664,False
94,000094.jpg,,,,29.037925587471904,28.87571776054861,-0.16220782692329294,,True,,,,,,,,,,,,,,,,,,,,,,,,,,,,,,,,,,,,,,,,,,,,,grid,27.037925587471904,-2.0,1.3157915904886706,0.9886460304260254,0.8274678882601275,0.004349848100294669,5.534478539550836,-2.0,False,2.931943337116252,False
94,000094.jpg,,,,29.037925587471904,28.87571776054861,-0.16220782692329294,,True,,,,,,,,,,,,,,,,,,,,,,,,,,,,,,,,,,,,,,,,,,,,,grid,28.037925587471904,-1.0,1.2051369942613348,0.905503511428833,0.8586185215126202,0.002417712841027727,3.0761487585182548,-1.0,False,2.145555662378278,False
94,000094.jpg,,,,29.037925587471904,28.87571776054861,-0.16220782692329294,,True,,,,,,,,,,,,,,,,,,,,,,,,,,,,,,,,,,,,,,,,,,,,,grid,28.537925587471904,-0.5,1.0852538570651045,0.8154269456863403,0.8973861492859068,0.0013231622676054637,1.683510091745452,-0.5,False,1.6237452307155607,False
94,000094.jpg,,,,29.037925587471904,28.87571776054861,-0.16220782692329294,,True,,,,,,,,,,,,,,,,,,,,,,,,,,,,,,,,,,,,,,,,,,,,,grid,29.537925587471904,0.5,0.91006055659841,0.683791995048523,0.9421898859247283,0.0006976096192374825,0.8875954694584691,0.5,False,1.2047695380382988,False
94,000094.jpg,,,,29.037925587471904,28.87571776054861,-0.16220782692329294,,True,,,,,,,,,,,,,,,,,,,,,,,,,,,,,,,,,,,,,,,,,,,,,grid,30.037925587471904,1.0,1.12422309153346,0.8447072505950928,0.881990478756849,0.0016893569651680689,2.1494336477473857,1.0,False,1.8095910247134572,False
94,000094.jpg,,,,29.037925587471904,28.87571776054861,-0.16220782692329294,,True,,,,,,,,,,,,,,,,,,,,,,,,,,,,,,,,,,,,,,,,,,,,,grid,31.037925587471904,2.0,1.298977549626988,0.9760124683380127,0.8339710769783526,0.00369976251386106,4.707349719410105,2.0,False,2.7018439025011616,False
94,000094.jpg,,,,29.037925587471904,28.87571776054861,-0.16220782692329294,,True,,,,,,,,,,,,,,,,,,,,,,,,,,,,,,,,,,,,,,,,,,,,,grid,32.037925587471904,3.0,1.354668804502783,1.0178571939468384,0.8190245216922662,0.005438491779689987,6.919601638544314,3.0,False,3.3555446924465953,False
94,000094.jpg,,,,29.037925587471904,28.87571776054861,-0.16220782692329294,,True,,,,,,,,,,,,,,,,,,,,,,,,,,,,,,,,,,,,,,,,,,,,,clamped_raw_observation,28.87571776054861,-0.16220782692329294,0.9319139865775475,0.7002120018005371,0.9344291745261835,0.0006986096268519759,0.888867817493203,,False,1.2245680012323636,False
95,000095.jpg,,,,29.037925587471904,28.8814676737683,-0.15645791370360485,,True,,,,,,,,,,,,,,,,,,,,,,,,,,,,,,,,,,,,,,,,,,,,,prediction,29.037925587471904,0.0,0.8141946956538785,0.6015928387641907,0.9546264145512117,0.00046432498493231833,0.5821139597486067,,False,1.0050967710398184,True
95,000095.jpg,,,,29.037925587471904,28.8814676737683,-0.15645791370360485,,True,,,,,,,,,,,,,,,,,,,,,,,,,,,,,,,,,,,,,,,,,,,,,grid,26.037925587471904,-3.0,1.3800231567920365,1.0196726322174072,0.8208445028156091,0.005962169884393613,7.474640462442818,-3.0,False,3.517838769587132,False
95,000095.jpg,,,,29.037925587471904,28.8814676737683,-0.15645791370360485,,True,,,,,,,,,,,,,,,,,,,,,,,,,,,,,,,,,,,,,,,,,,,,,grid,27.037925587471904,-2.0,1.327410144410905,0.9807978868484497,0.8314052857888203,0.004370762578522165,5.479528335257323,-2.0,False,2.925886942436416,False
95,000095.jpg,,,,29.037925587471904,28.8814676737683,-0.15645791370360485,,True,,,,,,,,,,,,,,,,,,,,,,,,,,,,,,,,,,,,,,,,,,,,,grid,28.037925587471904,-1.0,1.2176531132558799,0.8997005224227905,0.8611445945702823,0.002403127922055622,3.0127483032043756,-1.0,False,2.139695594486691,False
95,000095.jpg,,,,29.037925587471904,28.8814676737683,-0.15645791370360485,,True,,,,,,,,,,,,,,,,,,,,,,,,,,,,,,,,,,,,,,,,,,,,,grid,28.537925587471904,-0.5,1.0862592520080285,0.8026161193847656,0.9006350862673839,0.0013245880157531549,1.6606066869264238,-0.5,False,1.6157758374722504,False
95,000095.jpg,,,,29.037925587471904,28.8814676737683,-0.15645791370360485,,True,,,,,,,,,,,,,,,,,,,,,,,,,,,,,,,,,,,,,,,,,,,,,grid,29.537925587471904,0.5,0.9246114364350253,0.683177649974823,0.9419246892035334,0.0007277036008114616,0.9123059028439439,0.5,False,1.2257632229424777,False
95,000095.jpg,,,,29.037925587471904,28.8814676737683,-0.15645791370360485,,True,,,,,,,,,,,,,,,,,,,,,,,,,,,,,,,,,,,,,,,,,,,,,grid,30.037925587471904,1.0,1.1367196975435456,0.8399003744125366,0.8844250940035623,0.0017133439832832664,2.1479814416315586,1.0,False,1.819289963947873,False
95,000095.jpg,,,,29.037925587471904,28.8814676737683,-0.15645791370360485,,True,,,,,,,,,,,,,,,,,,,,,,,,,,,,,,,,,,,,,,,,,,,,,grid,31.037925587471904,2.0,1.2887050016202333,0.952199399471283,0.841606246514222,0.0037001253416140876,4.638765270163314,2.0,False,2.66679007264684,False
95,000095.jpg,,,,29.037925587471904,28.8814676737683,-0.15645791370360485,,True,,,,,,,,,,,,,,,,,,,,,,,,,,,,,,,,,,,,,,,,,,,,,grid,32.037925587471904,3.0,1.350502643396293,0.9978604912757874,0.8253242898008384,0.005432212453645964,6.810244557588207,3.0,False,3.317739492992506,False
95,000095.jpg,,,,29.037925587471904,28.8814676737683,-0.15645791370360485,,True,,,,,,,,,,,,,,,,,,,,,,,,,,,,,,,,,,,,,,,,,,,,,clamped_raw_observation,28.8814676737683,-0.15645791370360485,0.9065234698274002,0.669812798500061,0.9371930266448375,0.0006807291113849109,0.8534150248283137,,False,1.1873779368007493,False
96,000096.jpg,,,,29.037925587471904,28.881896541808345,-0.15602904566355846,,True,,,,,,,,,,,,,,,,,,,,,,,,,,,,,,,,,,,,,,,,,,,,,prediction,29.037925587471904,0.0,0.8678859144501467,0.6326554417610168,0.9456449378362332,0.0005501391036280742,0.7482561004519497,,False,1.109305001726901,True
96,000096.jpg,,,,29.037925587471904,28.881896541808345,-0.15602904566355846,,True,,,,,,,,,,,,,,,,,,,,,,,,,,,,,,,,,,,,,,,,,,,,,grid,26.037925587471904,-3.0,1.3903282475922827,1.0134958028793335,0.8204537685096889,0.0059506765101104975,8.093643900500723,-3.0,False,3.683285454207774,False
96,000096.jpg,,,,29.037925587471904,28.881896541808345,-0.15602904566355846,,True,,,,,,,,,,,,,,,,,,,,,,,,,,,,,,,,,,,,,,,,,,,,,grid,27.037925587471904,-2.0,1.3409257359701945,0.9774832725524902,0.8318969394915345,0.004349390044808388,5.915699525465938,-2.0,False,3.0479536778451446,False
96,000096.jpg,,,,29.037925587471904,28.881896541808345,-0.15602904566355846,,True,,,,,,,,,,,,,,,,,,,,,,,,,,,,,,,,,,,,,,,,,,,,,grid,28.037925587471904,-1.0,1.2289501710759942,0.8958573937416077,0.8598391478795948,0.002396811187888185,3.259954766242685,-1.0,False,2.2140997147570705,False
96,000096.jpg,,,,29.037925587471904,28.881896541808345,-0.15602904566355846,,True,,,,,,,,,,,,,,,,,,,,,,,,,,,,,,,,,,,,,,,,,,,,,grid,28.537925587471904,-0.5,1.1045607318757362,0.8051822781562805,0.8989906259558467,0.0013354885547111432,1.8164268846846894,-0.5,False,1.674676827091062,False
96,000096.jpg,,,,29.037925587471904,28.881896541808345,-0.15602904566355846,,True,,,,,,,,,,,,,,,,,,,,,,,,,,,,,,,,,,,,,,,,,,,,,grid,29.537925587471904,0.5,0.9460624720716242,0.689643144607544,0.9422983500962594,0.0007611782542274644,1.0352950162984929,0.5,False,1.277587876049988,False
96,000096.jpg,,,,29.037925587471904,28.881896541808345,-0.15602904566355846,,True,,,,,,,,,,,,,,,,,,,,,,,,,,,,,,,,,,,,,,,,,,,,,grid,30.037925587471904,1.0,1.15636006539686,0.8429419994354248,0.8833372316882275,0.0017465438383320968,2.3755120716201072,1.0,False,1.8969008516136594,False
96,000096.jpg,,,,29.037925587471904,28.881896541808345,-0.15602904566355846,,True,,,,,,,,,,,,,,,,,,,,,,,,,,,,,,,,,,,,,,,,,,,,,grid,31.037925587471904,2.0,1.3259544503266367,0.9665697813034058,0.8377264794256823,0.003741368418559432,5.088716153356704,2.0,False,2.8204070092401303,False
96,000096.jpg,,,,29.037925587471904,28.881896541808345,-0.15602904566355846,,True,,,,,,,,,,,,,,,,,,,,,,,,,,,,,,,,,,,,,,,,,,,,,grid,32.037925587471904,3.0,1.362605310162883,0.9932868480682373,0.8242681588369708,0.00545022947092851,7.412975052292114,3.0,False,3.4815809143989407,False
96,000096.jpg,,,,29.037925587471904,28.881896541808345,-0.15602904566355846,,True,,,,,,,,,,,,,,,,,,,,,,,,,,,,,,,,,,,,,,,,,,,,,clamped_raw_observation,28.881896541808345,-0.15602904566355846,0.9260654074895676,0.6750660538673401,0.9319347235466633,0.0007104722123282651,0.9663286313776013,,False,1.2403937131572114,False
97,000097.jpg,,,,29.037925587471904,28.874321199320832,-0.1636043881510716,,True,,,,,,,,,,,,,,,,,,,,,,,,,,,,,,,,,,,,,,,,,,,,,prediction,29.037925587471904,0.0,0.7782804080755348,0.5507825613021851,0.9510566494017433,0.00039963720094723004,0.6219018859358661,,False,0.9826992301577581,True
97,000097.jpg,,,,29.037925587471904,28.874321199320832,-0.1636043881510716,,True,,,,,,,,,,,,,,,,,,,,,,,,,,,,,,,,,,,,,,,,,,,,,grid,26.037925587471904,-3.0,1.4272725496365901,1.0100688934326172,0.820703470430059,0.005949276654670636,9.258062969924657,-3.0,False,4.011084821687695,False
97,000097.jpg,,,,29.037925587471904,28.874321199320832,-0.1636043881510716,,True,,,,,,,,,,,,,,,,,,,,,,,,,,,,,,,,,,,,,,,,,,,,,grid,27.037925587471904,-2.0,1.3897071159872707,0.983484148979187,0.8288967894461389,0.004351410820769767,6.77151824080508,-2.0,False,3.313689886742402,False
97,000097.jpg,,,,29.037925587471904,28.874321199320832,-0.1636043881510716,,True,,,,,,,,,,,,,,,,,,,,,,,,,,,,,,,,,,,,,,,,,,,,,grid,28.037925587471904,-1.0,1.259723580100759,0.8914958834648132,0.8628611647506813,0.0023742294288240373,3.6946954786250545,-1.0,False,2.3505362850063407,False
97,000097.jpg,,,,29.037925587471904,28.874321199320832,-0.1636043881510716,,True,,,,,,,,,,,,,,,,,,,,,,,,,,,,,,,,,,,,,,,,,,,,,grid,28.537925587471904,-0.5,1.1283196059393439,0.7985023856163025,0.9048022955730811,0.001328008152389278,2.066601338793161,-0.5,False,1.7551676450645528,False
97,000097.jpg,,,,29.037925587471904,28.874321199320832,-0.1636043881510716,,True,,,,,,,,,,,,,,,,,,,,,,,,,,,,,,,,,,,,,,,,,,,,,grid,29.537925587471904,0.5,0.9675364370000883,0.6847174763679504,0.9441266174586274,0.0006563965240881467,1.0214620542947608,0.5,False,1.293775333115151,False
97,000097.jpg,,,,29.037925587471904,28.874321199320832,-0.1636043881510716,,True,,,,,,,,,,,,,,,,,,,,,,,,,,,,,,,,,,,,,,,,,,,,,grid,30.037925587471904,1.0,1.1775390344691898,0.8333345651626587,0.8864485390987349,0.001709603665707012,2.6604273610815614,1.0,False,1.9861973356408453,False
97,000097.jpg,,,,29.037925587471904,28.874321199320832,-0.1636043881510716,,True,,,,,,,,,,,,,,,,,,,,,,,,,,,,,,,,,,,,,,,,,,,,,grid,31.037925587471904,2.0,1.3501418669570262,0.95548415184021,0.8400498096045912,0.003710260847583413,5.773782352986734,2.0,False,3.0135376455991185,False
97,000097.jpg,,,,29.037925587471904,28.874321199320832,-0.1636043881510716,,True,,,,,,,,,,,,,,,,,,,,,,,,,,,,,,,,,,,,,,,,,,,,,grid,32.037925587471904,3.0,1.4064789840830059,0.9953534603118896,0.8247459890635433,0.005461057958503564,8.498313559269707,3.0,False,3.7963113848368892,False
97,000097.jpg,,,,29.037925587471904,28.874321199320832,-0.1636043881510716,,True,,,,,,,,,,,,,,,,,,,,,,,,,,,,,,,,,,,,,,,,,,,,,clamped_raw_observation,28.874321199320832,-0.1636043881510716,0.9328470855453371,0.6601681113243103,0.944000288751331,0.0006288789639559885,0.9786401585803962,,False,1.2384149680836372,False
98,000098.jpg,,,,29.037925587471904,28.883405368297787,-0.15452021917411685,,True,,,,,,,,,,,,,,,,,,,,,,,,,,,,,,,,,,,,,,,,,,,,,prediction,29.037925587471904,0.0,0.7862550135123149,0.5436697602272034,0.953009645955704,0.0003799117257585749,0.5926004275390652,,False,0.9813954744413771,True
98,000098.jpg,,,,29.037925587471904,28.883405368297787,-0.15452021917411685,,True,,,,,,,,,,,,,,,,,,,,,,,,,,,,,,,,,,,,,,,,,,,,,grid,26.037925587471904,-3.0,1.4672088775188887,1.0145272016525269,0.8205169657451815,0.005940852841983239,9.266763027849176,-3.0,False,4.053382668736002,False
98,000098.jpg,,,,29.037925587471904,28.883405368297787,-0.15452021917411685,,True,,,,,,,,,,,,,,,,,,,,,,,,,,,,,,,,,,,,,,,,,,,,,grid,27.037925587471904,-2.0,1.406654432557339,0.9726557731628418,0.8330908372402148,0.004347137097890179,6.7808259869760175,-2.0,False,3.3287700920611285,False
98,000098.jpg,,,,29.037925587471904,28.883405368297787,-0.15452021917411685,,True,,,,,,,,,,,,,,,,,,,,,,,,,,,,,,,,,,,,,,,,,,,,,grid,28.037925587471904,-1.0,1.2851429876253555,0.8886345624923706,0.8642381132007688,0.0023734403075650334,3.7021803899132304,-1.0,False,2.376449971902894,False
98,000098.jpg,,,,29.037925587471904,28.883405368297787,-0.15452021917411685,,True,,,,,,,,,,,,,,,,,,,,,,,,,,,,,,,,,,,,,,,,,,,,,grid,28.537925587471904,-0.5,1.1595636682984656,0.801800549030304,0.9042769125756678,0.0012990134806993108,2.026249499154991,-0.5,False,1.7768491305115455,False
98,000098.jpg,,,,29.037925587471904,28.883405368297787,-0.15452021917411685,,True,,,,,,,,,,,,,,,,,,,,,,,,,,,,,,,,,,,,,,,,,,,,,grid,29.537925587471904,0.5,0.9836516980278855,0.6801631450653076,0.9490937831186794,0.000640487739777503,0.9990565773346913,0.5,False,1.299322059242879,False
98,000098.jpg,,,,29.037925587471904,28.883405368297787,-0.15452021917411685,,True,,,,,,,,,,,,,,,,,,,,,,,,,,,,,,,,,,,,,,,,,,,,,grid,30.037925587471904,1.0,1.2209858908348397,0.8442720174789429,0.8814643171489644,0.0016681017975012462,2.6019671712004535,1.0,False,2.0200133664859883,False
98,000098.jpg,,,,29.037925587471904,28.883405368297787,-0.15452021917411685,,True,,,,,,,,,,,,,,,,,,,,,,,,,,,,,,,,,,,,,,,,,,,,,grid,31.037925587471904,2.0,1.393895076579841,0.9638330936431885,0.8358391262955578,0.003709964919835329,5.786941146024175,2.0,False,3.064791236790327,False
98,000098.jpg,,,,29.037925587471904,28.883405368297787,-0.15452021917411685,,True,,,,,,,,,,,,,,,,,,,,,,,,,,,,,,,,,,,,,,,,,,,,,grid,32.037925587471904,3.0,1.4611403823100262,1.0103310346603394,0.8200678989060732,0.005444356317942341,8.492309299602661,3.0,False,3.8541498083046184,False
98,000098.jpg,,,,29.037925587471904,28.883405368297787,-0.15452021917411685,,True,,,,,,,,,,,,,,,,,,,,,,,,,,,,,,,,,,,,,,,,,,,,,clamped_raw_observation,28.883405368297787,-0.15452021917411685,0.959294533983961,0.6633209586143494,0.9452677336494764,0.0006112503760959953,0.9534510509899033,,False,1.2570251696571841,False
99,000099.jpg,,,,29.037925587471904,28.87394148213616,-0.16398410533574292,,True,,,,,,,,,,,,,,,,,,,,,,,,,,,,,,,,,,,,,,,,,,,,,prediction,29.037925587471904,0.0,0.7997129187724369,0.5694132447242737,0.9547553591001383,0.0003977399901486933,0.5696652933855962,,False,0.9873738830186977,True
99,000099.jpg,,,,29.037925587471904,28.87394148213616,-0.16398410533574292,,True,,,,,,,,,,,,,,,,,,,,,,,,,,,,,,,,,,,,,,,,,,,,,grid,26.037925587471904,-3.0,1.4271837979505344,1.0161863565444946,0.8182308231362191,0.005969106840590636,8.549286176438564,-3.0,False,3.836274518923956,False
99,000099.jpg,,,,29.037925587471904,28.87394148213616,-0.16398410533574292,,True,,,,,,,,,,,,,,,,,,,,,,,,,,,,,,,,,,,,,,,,,,,,,grid,27.037925587471904,-2.0,1.3814033244297468,0.9835896492004395,0.8306290765996442,0.004367413930594921,6.255252676952552,-2.0,False,3.1745874170682407,False
99,000099.jpg,,,,29.037925587471904,28.87394148213616,-0.16398410533574292,,True,,,,,,,,,,,,,,,,,,,,,,,,,,,,,,,,,,,,,,,,,,,,,grid,28.037925587471904,-1.0,1.256792040146837,0.8948636651039124,0.865254343880833,0.0023954114876687527,3.4308413076389535,-1.0,False,2.279248023175742,False
99,000099.jpg,,,,29.037925587471904,28.87394148213616,-0.16398410533574292,,True,,,,,,,,,,,,,,,,,,,,,,,,,,,,,,,,,,,,,,,,,,,,,grid,28.537925587471904,-0.5,1.1362532509475338,0.8090373873710632,0.8999335166118628,0.0013334554678294808,1.9098489443159257,-0.5,False,1.728781970414652,False
99,000099.jpg,,,,29.037925587471904,28.87394148213616,-0.16398410533574292,,True,,,,,,,,,,,,,,,,,,,,,,,,,,,,,,,,,,,,,,,,,,,,,grid,29.537925587471904,0.5,0.9517837643988472,0.6776910424232483,0.9464898567911882,0.0006850606490237018,0.981181890880821,0.5,False,1.265589380327864,False
99,000099.jpg,,,,29.037925587471904,28.87394148213616,-0.16398410533574292,,True,,,,,,,,,,,,,,,,,,,,,,,,,,,,,,,,,,,,,,,,,,,,,grid,30.037925587471904,1.0,1.1680603843308932,0.8316847681999207,0.8856665408872837,0.001701722639457633,2.4373016309100155,1.0,False,1.9217192511711134,False
99,000099.jpg,,,,29.037925587471904,28.87394148213616,-0.16398410533574292,,True,,,,,,,,,,,,,,,,,,,,,,,,,,,,,,,,,,,,,,,,,,,,,grid,31.037925587471904,2.0,1.3324860025508658,0.9487594366073608,0.8402961206044598,0.0036925708409398794,5.288704941800594,2.0,False,2.8743661173965545,False
99,000099.jpg,,,,29.037925587471904,28.87394148213616,-0.16398410533574292,,True,,,,,,,,,,,,,,,,,,,,,,,,,,,,,,,,,,,,,,,,,,,,,grid,32.037925587471904,3.0,1.4183970731677915,1.0099300146102905,0.8194347115160009,0.005428337724879384,7.774766629534683,3.0,False,3.632654019035461,False
99,000099.jpg,,,,29.037925587471904,28.87394148213616,-0.16398410533574292,,True,,,,,,,,,,,,,,,,,,,,,,,,,,,,,,,,,,,,,,,,,,,,,clamped_raw_observation,28.87394148213616,-0.16398410533574292,0.9547642391250845,0.6798132061958313,0.9410454063572494,0.0006600417545996606,0.9453484414282617,,False,1.2549754662849728,False
