frame_id,gt_east,gt_north,gt_alt,gt_yaw,init_east,init_north,init_alt,init_yaw,refined_east,refined_north,refined_alt,refined_yaw,selected_method,init_xy_error_m,refined_xy_error_m,selected_xy_error_m,init_alt_error_m,refined_alt_error_m,selected_alt_error_m,init_yaw_error_deg,refined_yaw_error_deg,selected_yaw_error_deg,init_chamfer,refined_chamfer,gt_chamfer,init_overlap,refined_overlap,gt_overlap,feature_loss_initial,feature_loss_refined,feature_loss_drop,safe_gate_accepted,refine_success,renderer_backend_init,renderer_backend_refined,renderer_backend_gt,alt,chamfer,east,final_gate_pass,method,north,overlap,pose_gate_pass,pose_gate_reason,score,selected,temporal_gate_pass,temporal_gate_reason,visual_gate_pass,visual_gate_reason,xy_error_m,yaw,yaw_error_deg
000000.jpg,,,,,,,,,,,,,,,,,,,,,,,,,,,,,,,,,,,,,111.18,0.9393740892410278,254476.53949200793,True,init,3364557.073594403,0.8440766706711373,True,disabled,1.1559233293288627,True,True,disabled,True,init,4.08052824670161,28.179385999999994,1.0206139999999948
000000.jpg,,,,,,,,,,,,,,,,,,,,,,,,,,,,,,,,,,,,,111.36913006566465,0.9934185147285461,254472.73831786687,False,raw_refined_full,3364558.955059821,0.8284233741550268,False,pose_yaw_jump,5.053377876210815,False,True,no_prediction,True,ok,7.01495993747442,-152.84034801429718,177.95965198570286
000000.jpg,,,,,,,,,,,,,,,,,,,,,,,,,,,,,,,,,,,,,111.36913006566465,0.9903595447540283,254472.73831786687,True,refined_corrected_yaw,3364558.955059821,0.8280109734449803,True,ok,1.4625085401528513,False,True,no_prediction,True,ok,7.01495993747442,27.159651985702823,2.040348014297166
000000.jpg,,,,,,,,,,,,,,,,,,,,,,,,,,,,,,,,,,,,,111.18,0.9903595447540283,254472.73831786687,True,refined_freeze_alt_corrected_yaw,3364558.955059821,0.8280109734449803,True,ok,1.4587259388395584,False,True,no_prediction,True,ok,7.01495993747442,27.159651985702823,2.040348014297166
000000.jpg,,,,,,,,,,,,,,,,,,,,,,,,,,,,,,,,,,,,,111.18,0.978553056716919,254472.73831786687,True,refined_freeze_alt_init_yaw,3364558.955059821,0.828997149055961,True,ok,1.4247766204181376,False,True,no_prediction,True,ok,7.01495993747442,28.179385999999994,1.0206139999999948
000001.jpg,,,,,,,,,,,,,,,,,,,,,,,,,,,,,,,,,,,,,110.8,0.8673178553581238,254476.03086971297,True,init,3364552.285125038,0.8922004824443849,True,disabled,1.4133902030161314,True,True,disabled,True,init,1.8172116355129764,29.087871000000007,0.11212899999998172
000001.jpg,,,,,,,,,,,,,,,,,,,,,,,,,,,,,,,,,,,,,110.97396087646484,0.8403268456459045,254477.6993564563,False,raw_refined_full,3364551.9473616746,0.8838917180380595,False,pose_yaw_jump,8.666850864287023,False,False,temporal_xy,True,ok,2.070274899180827,-151.02272968680728,179.77727031319273
000001.jpg,,,,,,,,,,,,,,,,,,,,,,,,,,,,,,,,,,,,,110.97396087646484,0.8366158604621887,254477.6993564563,False,refined_corrected_yaw,3364551.9473616746,0.8867863843473599,True,ok,1.4864140805668455,False,False,temporal_xy,True,ok,2.070274899180827,28.97727031319272,0.2227296868072699
000001.jpg,,,,,,,,,,,,,,,,,,,,,,,,,,,,,,,,,,,,,110.8,0.8366084694862366,254477.6993564563,False,refined_freeze_alt_corrected_yaw,3364551.947361674,0.8867863843473599,True,ok,1.4829263414190537,False,False,temporal_xy,True,ok,2.0702748996126674,28.97727031319272,0.2227296868072699
000001.jpg,,,,,,,,,,,,,,,,,,,,,,,,,,,,,,,,,,,,,110.8,0.8278071284294128,254477.6993564563,False,refined_freeze_alt_init_yaw,3364551.947361674,0.8863754132046815,True,ok,1.4731895437795601,False,False,temporal_xy,True,ok,2.0702748996126674,29.087871000000007,0.11212899999998172
000001.jpg,,,,,,,,,,,,,,,,,,,,,,,,,,,,,,,,,,,,,111.45484400000001,0.9381085634231567,254477.02735200932,False,temporal_predicted,3364557.946516403,0.8415974269632807,True,ok,1.5587103975841454,False,True,ok,False,visual_overlap_worse,4.080532679852053,28.179385999999994,1.0206139999999948
000002.jpg,,,,,,,,,,,,,,,,,,,,,,,,,,,,,,,,,,,,,111.546,0.9503520727157593,254479.65329464382,True,init,3364549.1982149333,0.8331758118301621,True,disabled,1.4209550639293682,False,True,disabled,True,init,5.977795975003348,29.007136000000003,0.19286399999998594
000002.jpg,,,,,,,,,,,,,,,,,,,,,,,,,,,,,,,,,,,,,111.76489051245153,0.986121416091919,254482.84230900044,False,raw_refined_full,3364544.2231763126,0.8257396080389464,False,pose_yaw_jump,9.283322368722285,False,False,temporal_xy,True,ok,11.835917181660722,-151.18419577291874,179.6158042270813
000002.jpg,,,,,,,,,,,,,,,,,,,,,,,,,,,,,,,,,,,,,111.76489051245153,0.9887306690216064,254482.84230900044,False,refined_corrected_yaw,3364544.2231763126,0.823243040818874,True,ok,2.073566136552743,False,False,temporal_xy,True,ok,11.835917181660722,28.81580422708126,0.38419577291872997
000002.jpg,,,,,,,,,,,,,,,,,,,,,,,,,,,,,,,,,,,,,111.546,0.9887306690216064,254482.84230900044,False,refined_freeze_alt_corrected_yaw,3364544.2231763126,0.823243040818874,True,ok,2.0691883263037125,False,False,temporal_xy,True,ok,11.835917181660722,28.81580422708126,0.38419577291872997
000002.jpg,,,,,,,,,,,,,,,,,,,,,,,,,,,,,,,,,,,,,111.546,0.9966850876808167,254482.84230900044,False,refined_freeze_alt_init_yaw,3364544.2231763126,0.8213171175348182,True,ok,2.0718309490089366,False,False,temporal_xy,True,ok,11.835917181660722,29.007136000000003,0.19286399999998594
000002.jpg,,,,,,,,,,,,,,,,,,,,,,,,,,,,,,,,,,,,,110.548579,0.8610031604766846,254476.51872971238,True,temporal_predicted,3364553.158047038,0.893414412325909,True,ok,1.2866482397031056,True,True,ok,True,ok,1.817208970187993,29.087871000000007,0.11212899999998172
000003.jpg,,,,,,,,,,,,,,,,,,,,,,,,,,,,,,,,,,,,,109.157,0.8899412155151367,254479.94162956064,True,init,3364555.2034170134,0.8651033742056744,True,disabled,1.3136912391820739,False,True,disabled,True,init,2.081842672395745,30.12621999999999,0.9262200000000007
000003.jpg,,,,,,,,,,,,,,,,,,,,,,,,,,,,,,,,,,,,,109.18614391703159,0.9493932127952576,254479.12003441408,False,raw_refined_full,3364553.1289835707,0.8363734001611026,False,pose_yaw_jump,8.635336872568063,False,False,temporal_xy,True,ok,2.76734475084601,-148.94786061293868,178.14786061293867
000003.jpg,,,,,,,,,,,,,,,,,,,,,,,,,,,,,,,,,,,,,109.18614391703159,0.9464409351348877,254479.12003441408,False,refined_corrected_yaw,3364553.1289835707,0.8401861630716907,True,ok,1.5081416498151072,False,False,temporal_xy,True,ok,2.76734475084601,31.052139387061317,1.852139387061328
000003.jpg,,,,,,,,,,,,,,,,,,,,,,,,,,,,,,,,,,,,,109.157,0.9464409351348877,254479.12003441408,False,refined_freeze_alt_corrected_yaw,3364553.1289835707,0.8401861630716907,True,ok,1.5075587714744756,False,False,temporal_xy,True,ok,2.76734475084601,31.052139387061317,1.852139387061328
000003.jpg,,,,,,,,,,,,,,,,,,,,,,,,,,,,,,,,,,,,,109.157,0.8652738928794861,254479.12003441408,False,refined_freeze_alt_init_yaw,3364553.1289835707,0.8688087353441332,True,ok,1.3506944757518442,False,False,temporal_xy,True,ok,2.76734475084601,30.12621999999999,0.9262200000000007
000003.jpg,,,,,,,,,,,,,,,,,,,,,,,,,,,,,,,,,,,,,110.105858,0.8624746799468994,254477.00658971255,True,temporal_predicted,3364554.0309690377,0.8928130314150183,True,ok,1.2740954275319685,True,True,ok,True,ok,1.817216059639849,29.087871000000007,0.11212899999998172
000004.jpg,,,,,,,,,,,,,,,,,,,,,,,,,,,,,,,,,,,,,108.941,0.9245753884315491,254480.86189791223,True,init,3364555.8784438665,0.8471458811391572,True,disabled,1.3578062736311323,False,True,disabled,True,init,2.5470765913995095,30.57139699999999,1.3713970000000018
000004.jpg,,,,,,,,,,,,,,,,,,,,,,,,,,,,,,,,,,,,,108.82957240752876,0.9753314852714539,254479.8451671854,False,raw_refined_full,3364553.3948720493,0.8296422790259175,False,pose_yaw_jump,8.649949071698128,False,False,temporal_xy,True,ok,3.4172522220045582,-148.05174411605324,177.25174411605323
000004.jpg,,,,,,,,,,,,,,,,,,,,,,,,,,,,,,,,,,,,,108.82957240752876,0.9773696660995483,254479.8451671854,False,refined_corrected_yaw,3364553.3948720493,0.8291619972606151,True,ok,1.5887633899103555,False,False,temporal_xy,True,ok,3.4172522220045582,31.948255883946757,2.7482558839467686
000004.jpg,,,,,,,,,,,,,,,,,,,,,,,,,,,,,,,,,,,,,108.941,0.9773696660995483,254479.8451671854,False,refined_freeze_alt_corrected_yaw,3364553.3948720493,0.8291619972606151,True,ok,1.5865348380609305,False,False,temporal_xy,True,ok,3.4172522220045582,31.948255883946757,2.7482558839467686
000004.jpg,,,,,,,,,,,,,,,,,,,,,,,,,,,,,,,,,,,,,108.941,0.9259287118911743,254479.8451671854,False,refined_freeze_alt_init_yaw,3364553.3948720493,0.8497251721009659,True,ok,1.4552599257173349,False,False,temporal_xy,True,ok,3.4172522220045582,30.57139699999999,1.3713970000000018
000004.jpg,,,,,,,,,,,,,,,,,,,,,,,,,,,,,,,,,,,,,109.663675,0.8623744249343872,254477.49444971234,True,temporal_predicted,3364554.9038910377,0.8929505309781739,True,ok,1.2591799569691269,True,True,ok,True,ok,1.8172088123925034,29.087871000000007,0.11212899999998172
000005.jpg,,,,,,,,,,,,,,,,,,,,,,,,,,,,,,,,,,,,,109.047,0.968603253364563,254476.26519601344,True,init,3364552.815815422,0.8312979825031245,True,disabled,1.3644251925527429,False,True,disabled,True,init,5.240003235877206,27.858868,1.3411319999999876
000005.jpg,,,,,,,,,,,,,,,,,,,,,,,,,,,,,,,,,,,,,109.01435540057719,0.9604068994522095,254481.4483689493,False,raw_refined_full,3364552.2688418315,0.8323513658275308,False,pose_yaw_jump,8.799922293118211,False,False,temporal_xy,True,ok,5.703099320389642,-153.48369501542197,177.31630498457804
000005.jpg,,,,,,,,,,,,,,,,,,,,,,,,,,,,,,,,,,,,,109.01435540057719,0.9616817235946655,254481.4483689493,False,refined_corrected_yaw,3364552.2688418315,0.8318157471880021,True,ok,1.7471451885456317,False,False,temporal_xy,True,ok,5.703099320389642,26.516304984578028,2.6836950154219608
000005.jpg,,,,,,,,,,,,,,,,,,,,,,,,,,,,,,,,,,,,,109.047,0.9616817235946655,254481.4483689493,False,refined_freeze_alt_corrected_yaw,3364552.2688418315,0.8318157471880021,True,ok,1.7464922965571756,False,False,temporal_xy,True,ok,5.703099320389642,26.516304984578028,2.6836950154219608
000005.jpg,,,,,,,,,,,,,,,,,,,,,,,,,,,,,,,,,,,,,109.047,0.9382926225662231,254481.4483689493,False,refined_freeze_alt_init_yaw,3364552.2688418315,0.8410998036064988,True,ok,1.6593584735289775,False,False,temporal_xy,True,ok,5.703099320389642,27.858868,1.3411319999999876
000005.jpg,,,,,,,,,,,,,,,,,,,,,,,,,,,,,,,,,,,,,109.221831,0.8693976998329163,254477.98230971274,True,temporal_predicted,3364555.776813037,0.8887163006605964,True,ok,1.2080822469061219,True,True,ok,True,ok,1.817215861993646,29.087871000000007,0.11212899999998172
000006.jpg,,,,,,,,,,,,,,,,,,,,,,,,,,,,,,,,,,,,,107.946,1.0071680545806885,254473.60305762038,True,init,3364555.78972327,0.8196243580858965,True,disabled,1.4729866379235315,False,True,disabled,True,init,6.257274735997921,26.813594999999992,2.3864049999999963
000006.jpg,,,,,,,,,,,,,,,,,,,,,,,,,,,,,,,,,,,,,108.05350673943758,0.9915870428085327,254479.06278170395,False,raw_refined_full,3364558.7479433445,0.8239600547292855,False,pose_yaw_jump,8.654004309819992,False,False,temporal_xy,True,ok,0.5975754120504777,-155.57471616729936,175.22528383270065
000006.jpg,,,,,,,,,,,,,,,,,,,,,,,,,,,,,,,,,,,,,108.05350673943758,1.001791000366211,254479.06278170395,False,refined_corrected_yaw,3364558.7479433445,0.8191801268724346,True,ok,1.7381458160058527,False,False,temporal_xy,True,ok,0.5975754120504777,24.425283832700643,4.774716167299346
000006.jpg,,,,,,,,,,,,,,,,,,,,,,,,,,,,,,,,,,,,,107.946,1.0016331672668457,254479.0627817039,False,refined_freeze_alt_corrected_yaw,3364558.7479433436,0.8192689731151269,True,ok,1.7357501251090608,False,False,temporal_xy,True,ok,0.5975754112755455,24.425283832700643,4.774716167299346
000006.jpg,,,,,,,,,,,,,,,,,,,,,,,,,,,,,,,,,,,,,107.946,0.9516357183456421,254479.0627817039,False,refined_freeze_alt_init_yaw,3364558.7479433436,0.8371981448904526,True,ok,1.5726468915271725,False,False,temporal_xy,True,ok,0.5975754112755455,26.813594999999992,2.3864049999999963
000006.jpg,,,,,,,,,,,,,,,,,,,,,,,,,,,,,,,,,,,,,108.982665,0.8651965260505676,254478.47016971253,True,temporal_predicted,3364556.6497350372,0.8915720454181992,True,ok,1.280811139002729,True,True,ok,True,ok,1.8172131148756787,29.087871000000007,0.11212899999998172
000007.jpg,,,,,,,,,,,,,,,,,,,,,,,,,,,,,,,,,,,,,109.064,0.9941924810409546,254475.37454710572,True,init,3364559.214718537,0.8185067232837934,True,disabled,1.3867199881662073,False,True,disabled,True,init,4.478740656197932,28.733735999999993,0.46626399999999535
000007.jpg,,,,,,,,,,,,,,,,,,,,,,,,,,,,,,,,,,,,,109.01232519652694,0.9200338125228882,254477.79623414896,False,raw_refined_full,3364562.686641686,0.8537508846426044,False,pose_yaw_jump,8.723166350309592,False,False,temporal_xy,True,ok,4.129830858064145,-151.73496227618676,179.06503772381325
000007.jpg,,,,,,,,,,,,,,,,,,,,,,,,,,,,,,,,,,,,,109.01232519652694,0.9196199178695679,254477.79623414896,False,refined_corrected_yaw,3364562.686641686,0.8535916489738146,True,ok,1.5745705356778728,False,False,temporal_xy,True,ok,4.129830858064145,28.265037723813236,0.9349622761867522
000007.jpg,,,,,,,,,,,,,,,,,,,,,,,,,,,,,,,,,,,,,109.064,0.9196199178695679,254477.79623414896,False,refined_freeze_alt_corrected_yaw,3364562.686641686,0.8535916489738146,True,ok,1.573537039608412,False,False,temporal_xy,True,ok,4.129830858064145,28.265037723813236,0.9349622761867522
000007.jpg,,,,,,,,,,,,,,,,,,,,,,,,,,,,,,,,,,,,,109.064,0.9179616570472717,254477.79623414896,False,refined_freeze_alt_init_yaw,3364562.686641686,0.851380042462845,True,ok,1.5553327676131254,False,False,temporal_xy,True,ok,4.129830858064145,28.733735999999993,0.46626399999999535
000007.jpg,,,,,,,,,,,,,,,,,,,,,,,,,,,,,,,,,,,,,108.73603899999999,0.8707046508789062,254478.95802971194,True,temporal_predicted,3364557.522657037,0.8881988676574664,True,ok,1.1993778864783466,True,True,ok,True,ok,1.817210349976763,29.087871000000007,0.11212899999998172
000008.jpg,,,,,,,,,,,,,,,,,,,,,,,,,,,,,,,,,,,,,108.813,0.8452165126800537,254478.10900810472,True,init,3364561.132706504,0.8749600369436255,True,disabled,1.2871060366072529,True,True,disabled,True,init,2.512043923212948,28.59997899999999,0.6000209999999981
000008.jpg,,,,,,,,,,,,,,,,,,,,,,,,,,,,,,,,,,,,,109.00360284559429,0.9129374027252197,254478.04658789892,False,raw_refined_full,3364563.413766805,0.8546055202301872,False,pose_yaw_jump,8.804762662384586,False,False,temporal_xy,True,ok,4.130996306517921,-152.0021920438614,178.79780795613863
000008.jpg,,,,,,,,,,,,,,,,,,,,,,,,,,,,,,,,,,,,,109.00360284559429,0.9078248143196106,254478.04658789892,False,refined_corrected_yaw,3364563.413766805,0.8546588043053532,True,ok,1.631648873526248,False,False,temporal_xy,True,ok,4.130996306517921,27.997807956138587,1.2021920438614018
000008.jpg,,,,,,,,,,,,,,,,,,,,,,,,,,,,,,,,,,,,,108.813,0.9078248143196106,254478.04658789892,False,refined_freeze_alt_corrected_yaw,3364563.413766805,0.8546588043053532,True,ok,1.6278368166143622,False,False,temporal_xy,True,ok,4.130996306517921,27.997807956138587,1.2021920438614018
000008.jpg,,,,,,,,,,,,,,,,,,,,,,,,,,,,,,,,,,,,,108.813,0.9102986454963684,254478.04658789892,False,refined_freeze_alt_init_yaw,3364563.413766805,0.8528116230329296,True,ok,1.6085240170486101,False,False,temporal_xy,True,ok,4.130996306517921,28.59997899999999,0.6000209999999981
000008.jpg,,,,,,,,,,,,,,,,,,,,,,,,,,,,,,,,,,,,,108.66520499999999,0.868973433971405,254479.44588971205,True,temporal_predicted,3364558.395579037,0.8909097367766686,True,ok,1.3022197345986688,False,True,ok,True,ok,1.8172127978015253,29.087871000000007,0.11212899999998172
000009.jpg,,,,,,,,,,,,,,,,,,,,,,,,,,,,,,,,,,,,,107.9,0.9382580518722534,254482.4616538305,True,init,3364563.9792714324,0.842282648973902,True,disabled,1.3952358628237493,False,True,disabled,True,init,3.529623677223757,27.572969,1.6270309999999881
000009.jpg,,,,,,,,,,,,,,,,,,,,,,,,,,,,,,,,,,,,,108.0614648712799,0.9782610535621643,254478.50217864863,False,raw_refined_full,3364564.336195527,0.8291542411462652,False,pose_yaw_jump,8.678892825986532,False,False,temporal_xy,True,ok,4.190092570842369,-154.0521995669284,176.74780043307157
000009.jpg,,,,,,,,,,,,,,,,,,,,,,,,,,,,,,,,,,,,,108.0614648712799,0.9823005199432373,254478.50217864863,False,refined_corrected_yaw,3364564.336195527,0.8297012581390835,True,ok,1.621416648126661,False,False,temporal_xy,True,ok,4.190092570842369,25.947800433071592,3.2521995669283967
000009.jpg,,,,,,,,,,,,,,,,,,,,,,,,,,,,,,,,,,,,,107.9,0.9822837114334106,254478.50217864863,False,refined_freeze_alt_corrected_yaw,3364564.3361955276,0.8297012581390835,True,ok,1.6181694361348047,False,False,temporal_xy,True,ok,4.190092571229731,25.947800433071592,3.2521995669283967
000009.jpg,,,,,,,,,,,,,,,,,,,,,,,,,,,,,,,,,,,,,107.9,0.9382979273796082,254478.50217864863,False,refined_freeze_alt_init_yaw,3364564.3361955276,0.8429884773517319,True,ok,1.4929952114366907,False,False,temporal_xy,True,ok,4.190092571229731,27.572969,1.6270309999999881
000009.jpg,,,,,,,,,,,,,,,,,,,,,,,,,,,,,,,,,,,,,108.823857,0.8543301224708557,254478.59686810512,True,temporal_predicted,3364562.005628503,0.8730214748283954,True,ok,1.2935233811738744,True,True,ok,True,ok,2.512047653666242,28.59997899999999,0.6000209999999981
000010.jpg,,,,,,,,,,,,,,,,,,,,,,,,,,,,,,,,,,,,,109.227,0.9684820771217346,254482.3584690805,True,init,3364562.4662049846,0.833268564968558,True,disabled,1.3710946235033734,False,True,disabled,True,init,1.2803382648970303,26.63083800000001,2.5691619999999773
000010.jpg,,,,,,,,,,,,,,,,,,,,,,,,,,,,,,,,,,,,,109.47515938896686,0.9942197799682617,254480.81301695475,False,raw_refined_full,3364561.7328923824,0.824030240938317,False,pose_yaw_jump,8.486663446589596,False,False,temporal_xy,True,ok,0.5025848706616219,-155.9383130875671,174.8616869124329
000010.jpg,,,,,,,,,,,,,,,,,,,,,,,,,,,,,,,,,,,,,109.47515938896686,0.9919525384902954,254480.81301695475,False,refined_corrected_yaw,3364561.7328923824,0.8230057231682328,True,ok,1.5375472139998456,False,False,temporal_xy,True,ok,0.5025848706616219,24.06168691243289,5.138313087567099
000010.jpg,,,,,,,,,,,,,,,,,,,,,,,,,,,,,,,,,,,,,109.227,0.9919114708900452,254480.81301695597,False,refined_freeze_alt_corrected_yaw,3364561.7328923824,0.8230233872677171,True,ok,1.5325239580276901,False,False,temporal_xy,True,ok,0.5025848694394714,24.06168691243289,5.138313087567099
000010.jpg,,,,,,,,,,,,,,,,,,,,,,,,,,,,,,,,,,,,,109.227,0.9691499471664429,254480.81301695597,False,refined_freeze_alt_init_yaw,3364561.7328923824,0.8313431781247792,True,ok,1.397935857326321,False,False,temporal_xy,True,ok,0.5025848694394714,26.63083800000001,2.5691619999999773
000010.jpg,,,,,,,,,,,,,,,,,,,,,,,,,,,,,,,,,,,,,108.845706,0.8565695881843567,254479.08472810633,True,temporal_predicted,3364562.878550503,0.8703101815869427,True,ok,1.2261243592576165,True,True,ok,True,ok,2.512051310620841,28.59997899999999,0.6000209999999981
000011.jpg,,,,,,,,,,,,,,,,,,,,,,,,,,,,,,,,,,,,,106.494,0.9296947121620178,254479.81853938298,True,init,3364560.08198679,0.8377056705034955,True,disabled,1.3632380820894967,True,True,disabled,True,init,3.203487099633923,29.452868999999993,0.252869000000004
000011.jpg,,,,,,,,,,,,,,,,,,,,,,,,,,,,,,,,,,,,,106.6697431569919,0.8827774524688721,254482.6569493824,False,raw_refined_full,3364559.9599073785,0.8758385707224066,False,pose_yaw_jump,8.63640709160003,False,False,temporal_xy,True,ok,2.771312991355637,-150.29260530079503,179.49260530079502
000011.jpg,,,,,,,,,,,,,,,,,,,,,,,,,,,,,,,,,,,,,106.6697431569919,0.8807425498962402,254482.6569493824,False,refined_corrected_yaw,3364559.9599073785,0.8767918932278794,True,ok,1.487742639243523,False,False,temporal_xy,True,ok,2.771312991355637,29.70739469920497,0.5073946992049798
000011.jpg,,,,,,,,,,,,,,,,,,,,,,,,,,,,,,,,,,,,,106.494,0.8807594776153564,254482.65694938236,False,refined_freeze_alt_corrected_yaw,3364559.959907377,0.8767918932278794,True,ok,1.4842459839840298,False,False,temporal_xy,True,ok,2.771312992675743,29.70739469920497,0.5073946992049798
000011.jpg,,,,,,,,,,,,,,,,,,,,,,,,,,,,,,,,,,,,,106.494,0.891389787197113,254482.65694938236,False,refined_freeze_alt_init_yaw,3364559.959907377,0.8677176753054163,True,ok,1.4945733678115016,False,False,temporal_xy,True,ok,2.771312992675743,29.452868999999993,0.252869000000004
000011.jpg,,,,,,,,,,,,,,,,,,,,,,,,,,,,,,,,,,,,,108.945543,0.8534967303276062,254479.57258810583,False,temporal_predicted,3364563.7514725025,0.8726961372784408,False,pose_alt_jump,1.2953182567206303,False,True,ok,True,ok,2.512050020323094,28.59997899999999,0.6000209999999981
000012.jpg,,,,,,,,,,,,,,,,,,,,,,,,,,,,,,,,,,,,,109.803,0.9326409697532654,254483.8746456505,True,init,3364561.253041241,0.843853175373859,True,disabled,1.3630003905411887,True,True,disabled,True,init,2.723877216987456,30.843849000000006,1.6438490000000172
000012.jpg,,,,,,,,,,,,,,,,,,,,,,,,,,,,,,,,,,,,,109.82029949128628,0.9847738146781921,254484.68366847042,False,raw_refined_full,3364558.7668692837,0.8240964706297781,False,pose_yaw_jump,8.751215898233921,False,False,temporal_xy,True,ok,5.276141997810704,-147.5146588769661,176.7146588769661
000012.jpg,,,,,,,,,,,,,,,,,,,,,,,,,,,,,,,,,,,,,109.82029949128628,0.981416642665863,254484.68366847042,False,refined_corrected_yaw,3364558.7668692837,0.8259856282773355,True,ok,1.6955461736418465,False,False,temporal_xy,True,ok,5.276141997810704,32.48534112303389,3.285341123033902
000012.jpg,,,,,,,,,,,,,,,,,,,,,,,,,,,,,,,,,,,,,109.803,0.981416642665863,254484.68366847042,False,refined_freeze_alt_corrected_yaw,3364558.7668692837,0.8259856282773355,True,ok,1.6952001838161208,False,False,temporal_xy,True,ok,5.276141997810704,32.48534112303389,3.285341123033902
000012.jpg,,,,,,,,,,,,,,,,,,,,,,,,,,,,,,,,,,,,,109.803,0.9433208703994751,254484.68366847042,False,refined_freeze_alt_init_yaw,3364558.7668692837,0.8411871678525398,True,ok,1.573491759269507,False,False,temporal_xy,True,ok,5.276141997810704,30.843849000000006,1.6438490000000172
000012.jpg,,,,,,,,,,,,,,,,,,,,,,,,,,,,,,,,,,,,,106.682604,0.9334903955459595,254480.3063993835,False,temporal_predicted,3364560.9549087896,0.8368262151521036,False,pose_alt_jump,1.4333460454557163,False,True,ok,True,ok,3.2034790350021636,29.452868999999993,0.252869000000004
000013.jpg,,,,,,,,,,,,,,,,,,,,,,,,,,,,,,,,,,,,,109.206,0.9625040888786316,254484.66122530203,True,init,3364565.547452807,0.8339515331355094,True,disabled,1.423929894623393,False,True,disabled,True,init,2.2348875689085874,26.536040000000014,2.6639599999999746
000013.jpg,,,,,,,,,,,,,,,,,,,,,,,,,,,,,,,,,,,,,109.46359317470342,0.9867364168167114,254482.3189798702,False,raw_refined_full,3364564.4220276847,0.8264978098064152,False,pose_yaw_jump,8.525784090914303,False,False,temporal_xy,True,ok,0.4669609928792829,-156.12410330125982,174.6758966987402
000013.jpg,,,,,,,,,,,,,,,,,,,,,,,,,,,,,,,,,,,,,109.46359317470342,0.9923592209815979,254482.3189798702,False,refined_corrected_yaw,3364564.4220276847,0.8248551646177759,True,ok,1.687493802378221,False,False,temporal_xy,True,ok,0.4669609928792829,23.875896698740178,5.324103301259811
000013.jpg,,,,,,,,,,,,,,,,,,,,,,,,,,,,,,,,,,,,,109.206,0.9921420812606812,254482.31897987018,False,refined_freeze_alt_corrected_yaw,3364564.4220276847,0.8249081531722481,True,ok,1.6820633515803016,False,False,temporal_xy,True,ok,0.46696099290795984,23.875896698740178,5.324103301259811
000013.jpg,,,,,,,,,,,,,,,,,,,,,,,,,,,,,,,,,,,,,109.206,0.9645583629608154,254482.31897987018,False,refined_freeze_alt_init_yaw,3364564.4220276847,0.8342694644623428,True,ok,1.5376380213622973,False,False,temporal_xy,True,ok,0.46696099290795984,26.536040000000014,2.6639599999999746
000013.jpg,,,,,,,,,,,,,,,,,,,,,,,,,,,,,,,,,,,,,109.636029,0.9231431484222412,254484.3625056511,True,temporal_predicted,3364562.12596324,0.8455207008619472,True,ok,1.380066997032518,True,True,ok,True,ok,2.723881657982394,30.843849000000006,1.6438490000000172
000014.jpg,,,,,,,,,,,,,,,,,,,,,,,,,,,,,,,,,,,,,106.413,0.8819584250450134,254485.1087452324,True,init,3364567.0235949475,0.8640974710034406,True,disabled,1.3565480563671577,True,True,disabled,True,init,2.5811389570430356,29.894059999999996,0.6940600000000074
000014.jpg,,,,,,,,,,,,,,,,,,,,,,,,,,,,,,,,,,,,,106.72596221603453,0.9199717044830322,254482.2090920505,False,raw_refined_full,3364566.0930484347,0.848934132586103,False,pose_yaw_jump,8.746017897178668,False,False,temporal_xy,True,ok,1.3746215488555475,-149.40934388353247,178.60934388353246
000014.jpg,,,,,,,,,,,,,,,,,,,,,,,,,,,,,,,,,,,,,106.72596221603453,0.9131513833999634,254482.2090920505,False,refined_corrected_yaw,3364566.0930484347,0.8498563473202568,True,ok,1.5664414613766082,False,False,temporal_xy,True,ok,1.3746215488555475,30.590656116467528,1.3906561164675395
000014.jpg,,,,,,,,,,,,,,,,,,,,,,,,,,,,,,,,,,,,,106.413,0.9132214188575745,254482.2090920505,False,refined_freeze_alt_corrected_yaw,3364566.093048434,0.8498563473202568,True,ok,1.5602616260585815,False,False,temporal_xy,True,ok,1.3746215482608346,30.590656116467528,1.3906561164675395
000014.jpg,,,,,,,,,,,,,,,,,,,,,,,,,,,,,,,,,,,,,106.413,0.8160532712936401,254482.2090920505,False,refined_freeze_alt_init_yaw,3364566.093048434,0.8965346007874295,True,ok,1.4034102115844431,False,False,temporal_xy,True,ok,1.3746215482608346,29.894059999999996,0.6940600000000074
000014.jpg,,,,,,,,,,,,,,,,,,,,,,,,,,,,,,,,,,,,,109.566373,0.9333968162536621,254484.85036565122,False,temporal_predicted,3364562.998885239,0.8433653743837123,False,pose_alt_jump,1.4986705336007724,False,True,ok,True,ok,2.723877277810542,30.843849000000006,1.6438490000000172
000015.jpg,,,,,,,,,,,,,,,,,,,,,,,,,,,,,,,,,,,,,107.784,0.8748925924301147,254483.00355278433,True,init,3364568.43274937,0.8677986444507201,True,disabled,1.2792080622736464,True,True,disabled,True,init,2.4619942690420635,29.16351800000001,0.03648199999997814
000015.jpg,,,,,,,,,,,,,,,,,,,,,,,,,,,,,,,,,,,,,108.17572724167258,0.9370474219322205,254481.07452099517,False,raw_refined_full,3364569.913250186,0.8469535441965547,False,pose_yaw_jump,8.826312693774065,False,False,temporal_xy,True,ok,4.6706703443531135,-150.8768436232188,179.9231563767812
000015.jpg,,,,,,,,,,,,,,,,,,,,,,,,,,,,,,,,,,,,,108.17572724167258,0.9318890571594238,254481.07452099517,False,refined_corrected_yaw,3364569.913250186,0.8470770968652923,True,ok,1.6112838364709061,False,False,temporal_xy,True,ok,4.6706703443531135,29.123156376781196,0.07684362321879235
000015.jpg,,,,,,,,,,,,,,,,,,,,,,,,,,,,,,,,,,,,,107.784,0.9318890571594238,254481.07452099517,False,refined_freeze_alt_corrected_yaw,3364569.913250186,0.8470770968652923,True,ok,1.6034492916374548,False,False,temporal_xy,True,ok,4.6706703443531135,29.123156376781196,0.07684362321879235
000015.jpg,,,,,,,,,,,,,,,,,,,,,,,,,,,,,,,,,,,,,107.784,0.9352623820304871,254481.07452099517,False,refined_freeze_alt_init_yaw,3364569.913250186,0.8457886190341711,True,ok,1.6069790062570977,False,False,temporal_xy,True,ok,4.6706703443531135,29.16351800000001,0.03648199999997814
000015.jpg,,,,,,,,,,,,,,,,,,,,,,,,,,,,,,,,,,,,,106.455289,0.8853235244750977,254485.59660523236,True,temporal_predicted,3364567.8965169466,0.866510166619599,True,ok,1.3189932888074163,False,True,ok,True,ok,2.5811408287714133,29.894059999999996,0.6940600000000074
000016.jpg,,,,,,,,,,,,,,,,,,,,,,,,,,,,,,,,,,,,,106.164,0.8801686763763428,254485.271222078,True,init,3364564.332316524,0.8590912303017455,True,disabled,1.4084892716698247,True,True,disabled,True,init,2.822842154450397,28.990073999999993,0.20992599999999584
000016.jpg,,,,,,,,,,,,,,,,,,,,,,,,,,,,,,,,,,,,,106.62516882549971,0.9378566741943359,254486.51746141716,False,raw_refined_full,3364561.7816306045,0.8389513108614233,False,pose_yaw_jump,9.02373440564138,False,False,temporal_xy,True,ok,5.656996325687366,-151.2268068801254,179.57319311987465
000016.jpg,,,,,,,,,,,,,,,,,,,,,,,,,,,,,,,,,,,,,106.62516882549971,0.9362564086914062,254486.51746141716,False,refined_corrected_yaw,3364561.7816306045,0.8397109744894353,True,ok,1.7928110841713258,False,False,temporal_xy,True,ok,5.656996325687366,28.773193119874605,0.42680688012538326
000016.jpg,,,,,,,,,,,,,,,,,,,,,,,,,,,,,,,,,,,,,106.164,0.9362564086914062,254486.51746141838,False,refined_freeze_alt_corrected_yaw,3364561.7816306045,0.8397109744894353,True,ok,1.7835877077109674,False,False,temporal_xy,True,ok,5.656996326178899,28.773193119874605,0.42680688012538326
000016.jpg,,,,,,,,,,,,,,,,,,,,,,,,,,,,,,,,,,,,,106.164,0.9448134303092957,254486.51746141838,False,refined_freeze_alt_init_yaw,3364561.7816306045,0.8345169952653523,True,ok,1.7898284764368428,False,False,temporal_xy,True,ok,5.656996326178899,28.990073999999993,0.20992599999999584
000016.jpg,,,,,,,,,,,,,,,,,,,,,,,,,,,,,,,,,,,,,105.12650500000001,0.8731884360313416,254483.49141278423,True,temporal_predicted,3364569.3056713697,0.870556851105929,True,ok,1.4098429796781515,False,True,ok,True,ok,2.4619882368611528,29.16351800000001,0.03648199999997814
000017.jpg,,,,,,,,,,,,,,,,,,,,,,,,,,,,,,,,,,,,,105.778,0.9011416435241699,254486.20797691398,True,init,3364566.2685146267,0.8591457162052262,True,disabled,1.226968392903696,False,True,disabled,True,init,2.1525968802951216,30.410404,1.2104040000000111
000017.jpg,,,,,,,,,,,,,,,,,,,,,,,,,,,,,,,,,,,,,106.26239304896444,0.9635072946548462,254486.39773749668,False,raw_refined_full,3364563.932098531,0.8347300307627029,False,pose_yaw_jump,8.599113318325584,False,False,temporal_yaw,True,ok,4.2431834619328805,-148.37388055677508,177.57388055677507
000017.jpg,,,,,,,,,,,,,,,,,,,,,,,,,,,,,,,,,,,,,106.26239304896444,0.9649038910865784,254486.39773749668,True,refined_corrected_yaw,3364563.932098531,0.8341642799052368,True,ok,1.511738841263412,False,True,ok,True,ok,4.2431834619328805,31.626119443224923,2.426119443224934
000017.jpg,,,,,,,,,,,,,,,,,,,,,,,,,,,,,,,,,,,,,105.778,0.9649112820625305,254486.3977374967,True,refined_freeze_alt_corrected_yaw,3364563.932098532,0.8341642799052368,True,ok,1.5020591819884468,False,True,ok,True,ok,4.243183461087895,31.626119443224923,2.426119443224934
000017.jpg,,,,,,,,,,,,,,,,,,,,,,,,,,,,,,,,,,,,,105.778,0.9223155975341797,254486.3977374967,True,refined_freeze_alt_init_yaw,3364563.932098532,0.8496517096283724,True,ok,1.390674556023209,False,True,ok,True,ok,4.243183461087895,30.410404,1.2104040000000111
000017.jpg,,,,,,,,,,,,,,,,,,,,,,,,,,,,,,,,,,,,,105.29101800000001,0.8882290124893188,254485.75908207853,True,temporal_predicted,3364565.2052385244,0.8587921219193098,True,ok,1.2227324358492226,True,True,ok,True,ok,2.8228414558787605,28.990073999999993,0.20992599999999584
000018.jpg,,,,,,,,,,,,,,,,,,,,,,,,,,,,,,,,,,,,,100.245,0.9773531556129456,254484.68431592503,True,init,3364570.60282092,0.8255221644487529,True,disabled,1.4896680652473795,False,True,disabled,True,init,1.9696578583330149,32.782351000000006,3.582351000000017
000018.jpg,,,,,,,,,,,,,,,,,,,,,,,,,,,,,,,,,,,,,100.06874506734312,0.9959266781806946,254482.89051807713,False,raw_refined_full,3364571.7770871874,0.819159249140742,False,pose_yaw_jump,8.642390124126743,False,False,temporal_xy,True,ok,3.852883746965466,-143.6396973801238,172.8396973801238
000018.jpg,,,,,,,,,,,,,,,,,,,,,,,,,,,,,,,,,,,,,100.06874506734312,0.9982978701591492,254482.89051807713,False,refined_corrected_yaw,3364571.7770871874,0.8181017008901031,True,ok,1.863709361440626,False,False,temporal_xy,True,ok,3.852883746965466,36.360302619876194,7.160302619876205
000018.jpg,,,,,,,,,,,,,,,,,,,,,,,,,,,,,,,,,,,,,100.245,0.9982978701591492,254482.89051807713,False,refined_freeze_alt_corrected_yaw,3364571.7770871874,0.8181017008901031,True,ok,1.860184262787488,False,False,temporal_xy,True,ok,3.852883746965466,36.360302619876194,7.160302619876205
000018.jpg,,,,,,,,,,,,,,,,,,,,,,,,,,,,,,,,,,,,,100.245,0.9838193655014038,254482.89051807713,False,refined_freeze_alt_init_yaw,3364571.7770871874,0.8273199964748391,True,ok,1.693033907512824,False,False,temporal_xy,True,ok,3.852883746965466,32.782351000000006,3.582351000000017
000018.jpg,,,,,,,,,,,,,,,,,,,,,,,,,,,,,,,,,,,,,99.583995,0.8918689489364624,254486.2469420786,True,temporal_predicted,3364566.078160524,0.8567903410593108,True,ok,1.3841549754166291,True,True,ok,True,ok,2.822847328908269,28.990073999999993,0.20992599999999584
000019.jpg,,,,,,,,,,,,,,,,,,,,,,,,,,,,,,,,,,,,,99.491,0.9694787859916687,254480.98551870402,True,init,3364572.22926911,0.8267564454682378,True,disabled,1.5639231818880486,False,True,disabled,True,init,5.4133746982210145,29.01227800000001,0.18772199999997952
000019.jpg,,,,,,,,,,,,,,,,,,,,,,,,,,,,,,,,,,,,,99.57377127557993,0.9675360321998596,254480.99484282988,False,raw_refined_full,3364577.4280243632,0.8333303800832816,False,pose_yaw_jump,9.245922653085817,False,False,temporal_xy,True,ok,9.153736280867022,-151.1818819707923,179.61811802920772
000019.jpg,,,,,,,,,,,,,,,,,,,,,,,,,,,,,,,,,,,,,99.57377127557993,0.9761440753936768,254480.99484282988,False,refined_corrected_yaw,3364577.4280243632,0.8321786125631258,True,ok,2.0409260972850394,False,False,temporal_xy,True,ok,9.153736280867022,28.81811802920771,0.3818819707922785
000019.jpg,,,,,,,,,,,,,,,,,,,,,,,,,,,,,,,,,,,,,99.491,0.9761440753936768,254480.99484282988,False,refined_freeze_alt_corrected_yaw,3364577.4280243637,0.8321786125631258,True,ok,2.0392706718171434,False,False,temporal_xy,True,ok,9.15373628126627,28.81811802920771,0.3818819707922785
000019.jpg,,,,,,,,,,,,,,,,,,,,,,,,,,,,,,,,,,,,,99.491,0.982398509979248,254480.99484282988,False,refined_freeze_alt_init_yaw,3364577.4280243637,0.8249313369362984,True,ok,2.046091045842082,False,False,temporal_xy,True,ok,9.15373628126627,29.01227800000001,0.18772199999997952
000019.jpg,,,,,,,,,,,,,,,,,,,,,,,,,,,,,,,,,,,,,99.62445,0.8876633048057556,254486.7348020793,True,temporal_predicted,3364566.951082524,0.8588818995304333,True,ok,1.4500755246679367,True,True,ok,True,ok,2.822843010563168,28.990073999999993,0.20992599999999584
000020.jpg,,,,,,,,,,,,,,,,,,,,,,,,,,,,,,,,,,,,,97.778,0.9344969987869263,254483.17411780026,True,init,3364574.2243611068,0.8433147139927879,True,disabled,1.5622279539369632,False,True,disabled,True,init,4.831679570647073,30.333890999999994,1.1338910000000055
000020.jpg,,,,,,,,,,,,,,,,,,,,,,,,,,,,,,,,,,,,,97.69214655458927,0.9792560935020447,254481.328846401,False,raw_refined_full,3364578.7926346427,0.8248603549459096,False,pose_yaw_jump,9.260287206940452,False,False,temporal_xy,True,ok,9.655249813857228,-148.53165987578345,177.73165987578344
000020.jpg,,,,,,,,,,,,,,,,,,,,,,,,,,,,,,,,,,,,,97.69214655458927,0.9773997664451599,254481.328846401,False,refined_corrected_yaw,3364578.7926346427,0.8264512479671923,True,ok,2.1623653307344193,False,False,temporal_xy,True,ok,9.655249813857228,31.468340124216553,2.2683401242165644
000020.jpg,,,,,,,,,,,,,,,,,,,,,,,,,,,,,,,,,,,,,97.778,0.9773997664451599,254481.328846401,False,refined_freeze_alt_corrected_yaw,3364578.7926346427,0.8264512479671923,True,ok,2.160648261826205,False,False,temporal_xy,True,ok,9.655249813857228,31.468340124216553,2.2683401242165644
000020.jpg,,,,,,,,,,,,,,,,,,,,,,,,,,,,,,,,,,,,,97.778,0.9923490285873413,254481.328846401,False,refined_freeze_alt_init_yaw,3364578.7926346427,0.817754366117514,True,ok,2.1399643003262168,False,False,temporal_xy,True,ok,9.655249813857228,30.333890999999994,1.1338910000000055
000020.jpg,,,,,,,,,,,,,,,,,,,,,,,,,,,,,,,,,,,,,99.638561,0.8793981671333313,254487.22266207958,True,temporal_predicted,3364567.8240045244,0.8632539065261967,True,ok,1.5205390305121986,True,True,ok,True,ok,2.8228387344562216,28.990073999999993,0.20992599999999584
000021.jpg,,,,,,,,,,,,,,,,,,,,,,,,,,,,,,,,,,,,,98.647,0.9541279077529907,254490.58757483566,True,init,3364566.5267074187,0.8340078122250766,True,disabled,1.3943517171031068,False,True,disabled,True,init,6.187424118118592,26.58156600000001,2.6184339999999793
000021.jpg,,,,,,,,,,,,,,,,,,,,,,,,,,,,,,,,,,,,,98.54647646192461,0.9684984683990479,254491.9214665221,False,raw_refined_full,3364560.337034389,0.829380300524334,False,pose_yaw_jump,9.040031944632348,False,False,temporal_xy,True,ok,12.173883384093758,-156.03208877848098,174.76791122151906
000021.jpg,,,,,,,,,,,,,,,,,,,,,,,,,,,,,,,,,,,,,98.54647646192461,0.9767586588859558,254491.9214665221,False,refined_corrected_yaw,3364560.337034389,0.8261428018439666,True,ok,2.136918707853038,False,False,temporal_xy,True,ok,12.173883384093758,23.967911221519017,5.232088778480971
000021.jpg,,,,,,,,,,,,,,,,,,,,,,,,,,,,,,,,,,,,,98.647,0.9767586588859558,254491.9214665221,False,refined_freeze_alt_corrected_yaw,3364560.337034389,0.8261428018439666,True,ok,2.13490823709153,False,False,temporal_xy,True,ok,12.173883384093758,23.967911221519017,5.232088778480971
000021.jpg,,,,,,,,,,,,,,,,,,,,,,,,,,,,,,,,,,,,,98.647,0.974994421005249,254491.9214665221,False,refined_freeze_alt_init_yaw,3364560.337034389,0.8268817961079635,True,ok,2.0277739936465244,False,False,temporal_xy,True,ok,12.173883384093758,26.58156600000001,2.6184339999999793
000021.jpg,,,,,,,,,,,,,,,,,,,,,,,,,,,,,,,,,,,,,99.548352,0.8768757581710815,254487.7105220793,True,temporal_predicted,3364568.696926524,0.8615969314142943,True,ok,1.3038233974819944,True,True,ok,True,ok,2.8228447358021604,28.990073999999993,0.20992599999999584
000022.jpg,,,,,,,,,,,,,,,,,,,,,,,,,,,,,,,,,,,,,100.876,0.9875261783599854,254487.90199036128,True,init,3364576.7417608076,0.8275916868257023,True,disabled,1.5982360792451953,False,True,disabled,True,init,4.601743672001107,25.643771000000015,3.5562289999999734
000022.jpg,,,,,,,,,,,,,,,,,,,,,,,,,,,,,,,,,,,,,100.977993180044,1.010286569595337,254483.7507828014,False,raw_refined_full,3364579.06038878,0.8200519131954868,False,pose_yaw_jump,8.981595183126949,False,False,temporal_xy,True,ok,7.666392787708337,-157.9084640654353,172.89153593456467
000022.jpg,,,,,,,,,,,,,,,,,,,,,,,,,,,,,,,,,,,,,100.977993180044,0.9967133402824402,254483.7507828014,False,refined_corrected_yaw,3364579.06038878,0.8228418060141613,True,ok,2.159309342013673,False,False,temporal_xy,True,ok,7.666392787708337,22.09153593456469,7.1084640654352995
000022.jpg,,,,,,,,,,,,,,,,,,,,,,,,,,,,,,,,,,,,,100.876,0.9967155456542969,254483.75078280258,False,refined_freeze_alt_corrected_yaw,3364579.06038878,0.8228418060141613,True,ok,2.1572717115641407,False,False,temporal_xy,True,ok,7.66639278717617,22.09153593456469,7.1084640654352995
000022.jpg,,,,,,,,,,,,,,,,,,,,,,,,,,,,,,,,,,,,,100.876,0.9821422696113586,254483.75078280258,False,refined_freeze_alt_init_yaw,3364579.06038878,0.8261084526689386,True,ok,1.9971583056139326,False,False,temporal_xy,True,ok,7.66639278717617,25.643771000000015,3.5562289999999734
000022.jpg,,,,,,,,,,,,,,,,,,,,,,,,,,,,,,,,,,,,,99.451697,0.8824315071105957,254488.1983820797,True,temporal_predicted,3364569.5698485244,0.8609644553528861,True,ok,1.4869272083972886,True,True,ok,True,ok,2.8228405475786227,28.990073999999993,0.20992599999999584
000023.jpg,,,,,,,,,,,,,,,,,,,,,,,,,,,,,,,,,,,,,100.326,0.8774701952934265,254485.93284718867,True,init,3364575.1821985436,0.8654976937431781,True,disabled,1.4296083702147615,True,True,disabled,True,init,2.7257827861494097,30.04242099999999,0.8424210000000016
000023.jpg,,,,,,,,,,,,,,,,,,,,,,,,,,,,,,,,,,,,,100.2462530694902,0.9342074990272522,254484.7914101151,False,raw_refined_full,3364577.606046631,0.8441780219006373,False,pose_yaw_jump,8.955372418636864,False,False,temporal_xy,True,ok,5.3644353685915585,-149.1147329922619,178.3147329922619
000023.jpg,,,,,,,,,,,,,,,,,,,,,,,,,,,,,,,,,,,,,100.2462530694902,0.9292712211608887,254484.7914101151,False,refined_corrected_yaw,3364577.606046631,0.8452695327629309,True,ok,1.8117620967207357,False,False,temporal_xy,True,ok,5.3644353685915585,30.885267007738094,1.685267007738105
000023.jpg,,,,,,,,,,,,,,,,,,,,,,,,,,,,,,,,,,,,,100.326,0.929278552532196,254484.7914101151,False,refined_freeze_alt_corrected_yaw,3364577.6060466315,0.8452695327629309,True,ok,1.8101755132749413,False,False,temporal_xy,True,ok,5.364435368985176,30.885267007738094,1.685267007738105
000023.jpg,,,,,,,,,,,,,,,,,,,,,,,,,,,,,,,,,,,,,100.326,0.9431501030921936,254484.7914101151,False,refined_freeze_alt_init_yaw,3364577.6060466315,0.8385092074222739,True,ok,1.7990305700779725,False,False,temporal_xy,True,ok,5.364435368985176,30.04242099999999,0.8424210000000016
000023.jpg,,,,,,,,,,,,,,,,,,,,,,,,,,,,,,,,,,,,,99.345929,0.8819087743759155,254488.68624207962,True,temporal_predicted,3364570.442770525,0.8598288792648147,True,ok,1.4599369862840856,False,True,ok,True,ok,2.822840103089711,28.990073999999993,0.20992599999999584
000024.jpg,,,,,,,,,,,,,,,,,,,,,,,,,,,,,,,,,,,,,98.711,0.8774460554122925,254485.90709415788,True,init,3364574.8358719144,0.8731106088430569,True,disabled,1.2180381221050058,True,True,disabled,True,init,2.4094077629936126,28.792519,0.40748099999999
000024.jpg,,,,,,,,,,,,,,,,,,,,,,,,,,,,,,,,,,,,,98.78714482393116,0.9171733856201172,254486.2904776686,False,raw_refined_full,3364577.134285232,0.8558588783726515,False,pose_yaw_jump,8.549573159373065,False,False,temporal_yaw,True,ok,3.6900034043474177,-151.6171692218531,179.18283077814692
000024.jpg,,,,,,,,,,,,,,,,,,,,,,,,,,,,,,,,,,,,,98.78714482393116,0.9061578512191772,254486.2904776686,True,refined_corrected_yaw,3364577.134285232,0.8593904506286199,True,ok,1.387098166693857,False,True,ok,True,ok,3.6900034043474177,28.38283077814691,0.8171692218530779
000024.jpg,,,,,,,,,,,,,,,,,,,,,,,,,,,,,,,,,,,,,98.711,0.9061578512191772,254486.2904776686,True,refined_freeze_alt_corrected_yaw,3364577.134285232,0.8593904506286199,True,ok,1.385575270215234,False,True,ok,True,ok,3.6900034043474177,28.38283077814691,0.8171692218530779
000024.jpg,,,,,,,,,,,,,,,,,,,,,,,,,,,,,,,,,,,,,98.711,0.8877051472663879,254486.2904776686,True,refined_freeze_alt_init_yaw,3364577.134285232,0.8615976832886001,True,ok,1.345950493401024,False,True,ok,True,ok,3.6900034043474177,28.792519,0.40748099999999
000024.jpg,,,,,,,,,,,,,,,,,,,,,,,,,,,,,,,,,,,,,100.306078,0.8774185180664062,254486.4207071887,True,temporal_predicted,3364576.0551205436,0.8649879926543297,True,ok,1.2580309147736677,False,True,ok,True,ok,2.7257780591155805,30.04242099999999,0.8424210000000016
000025.jpg,,,,,,,,,,,,,,,,,,,,,,,,,,,,,,,,,,,,,99.056,0.8637592196464539,254486.42999527688,True,init,3364575.979178011,0.8703373208700723,True,disabled,1.1477252023025335,True,True,disabled,True,init,2.4909342869597335,29.014031999999986,0.18596800000000258
000025.jpg,,,,,,,,,,,,,,,,,,,,,,,,,,,,,,,,,,,,,99.07491594739258,0.9128186702728271,254486.34804248944,False,raw_refined_full,3364578.4094905052,0.8513420387680455,False,pose_yaw_jump,8.696753405348803,False,False,temporal_xy,True,ok,4.257464865756972,-151.1685447085292,179.63145529147084
000025.jpg,,,,,,,,,,,,,,,,,,,,,,,,,,,,,,,,,,,,,99.07491594739258,0.9111220240592957,254486.34804248944,False,refined_corrected_yaw,3364578.4094905052,0.851218348559009,True,ok,1.4650634652229304,False,False,temporal_xy,True,ok,4.257464865756972,28.831455291470803,0.3685447085291855
000025.jpg,,,,,,,,,,,,,,,,,,,,,,,,,,,,,,,,,,,,,99.056,0.9111220240592957,254486.34804248944,False,refined_freeze_alt_corrected_yaw,3364578.4094905052,0.851218348559009,True,ok,1.4646851462750787,False,False,temporal_xy,True,ok,4.257464865756972,28.831455291470803,0.3685447085291855
000025.jpg,,,,,,,,,,,,,,,,,,,,,,,,,,,,,,,,,,,,,99.056,0.9159094095230103,254486.34804248944,False,refined_freeze_alt_init_yaw,3364578.4094905052,0.8513420387680455,True,ok,1.4701039560531037,False,False,temporal_xy,True,ok,4.257464865756972,29.014031999999986,0.18596800000000258
000025.jpg,,,,,,,,,,,,,,,,,,,,,,,,,,,,,,,,,,,,,98.731953,0.8785263895988464,254486.39495415788,True,temporal_predicted,3364575.7087939144,0.8734649161557083,True,ok,1.1681749433464639,False,True,ok,True,ok,2.4094100055232945,28.792519,0.40748099999999
000026.jpg,,,,,,,,,,,,,,,,,,,,,,,,,,,,,,,,,,,,,98.281,0.9641966819763184,254488.4562069574,True,init,3364571.835577877,0.8339333696282116,True,disabled,1.4803987883901966,False,True,disabled,True,init,3.9117022155153895,31.612899,2.41289900000001
000026.jpg,,,,,,,,,,,,,,,,,,,,,,,,,,,,,,,,,,,,,98.42178720515221,0.9925269484519958,254491.8018401477,False,raw_refined_full,3364570.19804565,0.8200242356123004,False,pose_yaw_jump,8.890322377334014,False,False,temporal_xy,True,ok,6.1115171705930065,-145.97629755929955,175.17629755929954
000026.jpg,,,,,,,,,,,,,,,,,,,,,,,,,,,,,,,,,,,,,98.42178720515221,0.9961004257202148,254491.8018401477,False,refined_corrected_yaw,3364570.19804565,0.8225882931455366,True,ok,1.9606733613614398,False,False,temporal_xy,True,ok,6.1115171705930065,34.02370244070045,4.823702440700458
000026.jpg,,,,,,,,,,,,,,,,,,,,,,,,,,,,,,,,,,,,,98.281,0.9961004257202148,254491.8018401477,False,refined_freeze_alt_corrected_yaw,3364570.19804565,0.8225882931455366,True,ok,1.9578576172583957,False,False,temporal_xy,True,ok,6.1115171705930065,34.02370244070045,4.823702440700458
000026.jpg,,,,,,,,,,,,,,,,,,,,,,,,,,,,,,,,,,,,,98.281,0.966623842716217,254491.8018401477,False,refined_freeze_alt_init_yaw,3364570.19804565,0.8321947278762227,True,ok,1.8212479139727737,False,False,temporal_xy,True,ok,6.1115171705930065,31.612899,2.41289900000001
000026.jpg,,,,,,,,,,,,,,,,,,,,,,,,,,,,,,,,,,,,,99.074916,0.8573015928268433,254486.91785527713,True,temporal_predicted,3364576.852100011,0.870954145519046,True,ok,1.348391929885601,True,True,ok,True,ok,2.4909318617514336,29.014031999999986,0.18596800000000258
000027.jpg,,,,,,,,,,,,,,,,,,,,,,,,,,,,,,,,,,,,,100.098,0.9483323097229004,254489.03745466477,True,init,3364572.2441506623,0.8372347755419324,True,disabled,1.473625808649374,False,True,disabled,True,init,4.356765551135366,30.260531000000015,1.0605310000000259
000027.jpg,,,,,,,,,,,,,,,,,,,,,,,,,,,,,,,,,,,,,100.14118784014136,0.970737874507904,254492.5290211615,False,raw_refined_full,3364570.3844316998,0.8306626857233715,False,pose_yaw_jump,8.994723461732674,False,False,temporal_xy,True,ok,6.833998042681508,-148.6822804157435,177.88228041574348
000027.jpg,,,,,,,,,,,,,,,,,,,,,,,,,,,,,,,,,,,,,100.14118784014136,0.9571055769920349,254492.5290211615,False,refined_corrected_yaw,3364570.3844316998,0.8366694344822713,True,ok,1.886044798125662,False,False,temporal_xy,True,ok,6.833998042681508,31.31771958425651,2.1177195842565197
000027.jpg,,,,,,,,,,,,,,,,,,,,,,,,,,,,,,,,,,,,,100.098,0.9571055769920349,254492.5290211615,False,refined_freeze_alt_corrected_yaw,3364570.3844316998,0.8366694344822713,True,ok,1.885181041322835,False,False,temporal_xy,True,ok,6.833998042681508,31.31771958425651,2.1177195842565197
000027.jpg,,,,,,,,,,,,,,,,,,,,,,,,,,,,,,,,,,,,,100.098,0.9535791873931885,254492.5290211615,False,refined_freeze_alt_init_yaw,3364570.3844316998,0.8361394272388389,True,ok,1.8397049884243106,False,False,temporal_xy,True,ok,6.833998042681508,30.260531000000015,1.0605310000000259
000027.jpg,,,,,,,,,,,,,,,,,,,,,,,,,,,,,,,,,,,,,99.071782,0.8683773875236511,254487.40571527687,True,temporal_predicted,3364577.7250220105,0.8670388495309436,True,ok,1.3800350136400277,True,True,ok,True,ok,2.490934312603894,29.014031999999986,0.18596800000000258
000028.jpg,,,,,,,,,,,,,,,,,,,,,,,,,,,,,,,,,,,,,98.25,0.9729653596878052,254496.42125349495,True,init,3364577.623706178,0.8313223213497041,True,disabled,1.6520215148091668,True,True,disabled,True,init,6.327043797561451,26.304710999999998,2.895288999999991
000028.jpg,,,,,,,,,,,,,,,,,,,,,,,,,,,,,,,,,,,,,98.42884661071002,0.9804425239562988,254492.18229594236,False,raw_refined_full,3364572.2829559287,0.8269057503754086,False,pose_yaw_jump,8.961805792967187,False,False,temporal_xy,True,ok,5.55914264479481,-156.5918432088473,174.2081567911527
000028.jpg,,,,,,,,,,,,,,,,,,,,,,,,,,,,,,,,,,,,,98.42884661071002,0.9792507886886597,254492.18229594236,False,refined_corrected_yaw,3364572.2829559287,0.828884374171893,True,ok,2.073808953210502,False,False,temporal_xy,True,ok,5.55914264479481,23.40815679115269,5.791843208847297
000028.jpg,,,,,,,,,,,,,,,,,,,,,,,,,,,,,,,,,,,,,98.25,0.9792507886886597,254492.18229594236,False,refined_freeze_alt_corrected_yaw,3364572.2829559287,0.828884374171893,True,ok,2.0702320209963014,False,False,temporal_xy,True,ok,5.55914264479481,23.40815679115269,5.791843208847297
000028.jpg,,,,,,,,,,,,,,,,,,,,,,,,,,,,,,,,,,,,,98.25,0.9664543271064758,254492.18229594236,False,refined_freeze_alt_init_yaw,3364572.2829559287,0.8321173041250773,True,ok,1.937984900929386,False,False,temporal_xy,True,ok,5.55914264479481,26.304710999999998,2.895288999999991
000028.jpg,,,,,,,,,,,,,,,,,,,,,,,,,,,,,,,,,,,,,99.019467,0.8670967817306519,254487.89357527724,False,temporal_predicted,3364578.5979440096,0.8687218443600389,False,pose_xy_jump,1.5212011085950756,False,True,ok,True,ok,2.490936692714508,29.014031999999986,0.18596800000000258
000029.jpg,,,,,,,,,,,,,,,,,,,,,,,,,,,,,,,,,,,,,97.969,0.9849799275398254,254494.55635870708,True,init,3364586.0176285086,0.8274287930062042,True,disabled,1.5986141116958645,True,True,disabled,True,init,8.671469170548388,27.905824999999993,1.2941749999999956
000029.jpg,,,,,,,,,,,,,,,,,,,,,,,,,,,,,,,,,,,,,98.05990332085639,1.0028115510940552,254485.69829898683,False,raw_refined_full,3364587.1444722707,0.8189685561195713,False,pose_xy_jump,9.524712503295493,False,False,temporal_xy,True,ok,10.096647507067544,-153.38939402197562,177.41060597802436
000029.jpg,,,,,,,,,,,,,,,,,,,,,,,,,,,,,,,,,,,,,98.05990332085639,0.99782395362854,254485.69829898683,False,refined_corrected_yaw,3364587.1444722707,0.8211541173152849,False,pose_xy_jump,2.3801312480461476,False,False,temporal_xy,True,ok,10.096647507067544,26.61060597802438,2.5893940219756075
000029.jpg,,,,,,,,,,,,,,,,,,,,,,,,,,,,,,,,,,,,,97.969,0.99782395362854,254485.69829898683,False,refined_freeze_alt_corrected_yaw,3364587.1444722707,0.8211541173152849,False,pose_xy_jump,2.3783131816290197,False,False,temporal_xy,True,ok,10.096647507067544,26.61060597802438,2.5893940219756075
000029.jpg,,,,,,,,,,,,,,,,,,,,,,,,,,,,,,,,,,,,,97.969,0.9826952219009399,254485.69829898683,False,refined_freeze_alt_init_yaw,3364587.1444722707,0.8258424985899605,False,pose_xy_jump,2.358265368852641,False,False,temporal_xy,True,ok,10.096647507067544,27.905824999999993,1.2941749999999956
000029.jpg,,,,,,,,,,,,,,,,,,,,,,,,,,,,,,,,,,,,,98.328879,0.9823742508888245,254496.90911349526,True,temporal_predicted,3364578.4966281774,0.8317999153976311,True,ok,1.5987951583898121,False,True,ok,True,ok,6.327042825108154,26.304710999999998,2.895288999999991
000030.jpg,,,,,,,,,,,,,,,,,,,,,,,,,,,,,,,,,,,,,98.873,0.8890638947486877,254492.86127000826,True,init,3364576.6909749797,0.8628893492994346,True,disabled,1.6705287084163531,True,True,disabled,True,init,3.066628486555273,28.500325000000004,0.699674999999985
000030.jpg,,,,,,,,,,,,,,,,,,,,,,,,,,,,,,,,,,,,,99.01478192210197,0.9620320200920105,254493.37946048562,False,raw_refined_full,3364573.3269510865,0.833444534185483,False,pose_yaw_jump,9.340811796018338,False,False,temporal_xy,True,ok,6.293078338034254,-152.2046170600482,178.59538293995183
000030.jpg,,,,,,,,,,,,,,,,,,,,,,,,,,,,,,,,,,,,,99.01478192210197,0.9603325724601746,254493.37946048562,False,refined_corrected_yaw,3364573.3269510865,0.8342522035326755,True,ok,2.118506700742695,False,False,temporal_xy,True,ok,6.293078338034254,27.795382939951793,1.4046170600481958
000030.jpg,,,,,,,,,,,,,,,,,,,,,,,,,,,,,,,,,,,,,98.873,0.9603325724601746,254493.37946048562,False,refined_freeze_alt_corrected_yaw,3364573.326951086,0.8342522035326755,True,ok,2.115671062346777,False,False,temporal_xy,True,ok,6.293078338467504,27.795382939951793,1.4046170600481958
000030.jpg,,,,,,,,,,,,,,,,,,,,,,,,,,,,,,,,,,,,,98.873,0.9517889022827148,254493.37946048562,False,refined_freeze_alt_init_yaw,3364573.326951086,0.8346911542648453,True,ok,2.1012046922433525,False,False,temporal_xy,True,ok,6.293078338467504,28.500325000000004,0.699674999999985
000030.jpg,,,,,,,,,,,,,,,,,,,,,,,,,,,,,,,,,,,,,98.321986,0.9947660565376282,254495.04421870733,False,temporal_predicted,3364586.8905505086,0.8260526038557432,False,pose_xy_jump,1.8372772583199595,False,True,ok,False,visual_chamfer_worse,8.671472487700534,27.905824999999993,1.2941749999999956
000031.jpg,,,,,,,,,,,,,,,,,,,,,,,,,,,,,,,,,,,,,100.082,0.9416055679321289,254492.1364406346,True,init,3364583.339386812,0.8409199216336904,True,disabled,1.5049015727246777,False,True,disabled,True,init,3.3345583950605704,31.03782000000001,1.837820000000022
000031.jpg,,,,,,,,,,,,,,,,,,,,,,,,,,,,,,,,,,,,,100.0915676979348,0.9809770584106445,254488.5604978222,False,raw_refined_full,3364584.0154991257,0.8264645145348324,False,pose_yaw_jump,8.900983801118711,False,False,temporal_xy,True,ok,4.968555745070194,-147.132898654042,176.332898654042
000031.jpg,,,,,,,,,,,,,,,,,,,,,,,,,,,,,,,,,,,,,100.0915676979348,0.9869516491889954,254488.5604978222,False,refined_corrected_yaw,3364584.0154991257,0.8253878602820481,True,ok,1.930575880341582,False,False,temporal_xy,True,ok,4.968555745070194,32.86710134595799,3.6671013459580024
000031.jpg,,,,,,,,,,,,,,,,,,,,,,,,,,,,,,,,,,,,,100.082,0.9869516491889954,254488.5604978222,False,refined_freeze_alt_corrected_yaw,3364584.0154991257,0.8253878602820481,True,ok,1.9303845263828858,False,False,temporal_xy,True,ok,4.968555745070194,32.86710134595799,3.6671013459580024
000031.jpg,,,,,,,,,,,,,,,,,,,,,,,,,,,,,,,,,,,,,100.082,0.9385452270507812,254488.5604978222,False,refined_freeze_alt_init_yaw,3364584.0154991257,0.8439557336251479,True,ok,1.7872370135814457,False,False,temporal_xy,True,ok,4.968555745070194,31.03782000000001,1.837820000000022
000031.jpg,,,,,,,,,,,,,,,,,,,,,,,,,,,,,,,,,,,,,99.789767,0.8863232135772705,254493.34913000793,True,temporal_predicted,3364577.5638969797,0.8641121132428473,True,ok,1.428843306772409,True,True,ok,True,ok,3.066625071500767,28.500325000000004,0.699674999999985
000032.jpg,,,,,,,,,,,,,,,,,,,,,,,,,,,,,,,,,,,,,98.227,0.9845866560935974,254490.78875752963,True,init,3364581.91125158,0.8274647887323944,True,disabled,1.447642439238161,False,True,disabled,True,init,1.5980659612311043,26.300104000000005,2.899895999999984
000032.jpg,,,,,,,,,,,,,,,,,,,,,,,,,,,,,,,,,,,,,98.55814519431442,1.0128129720687866,254490.42405049442,False,raw_refined_full,3364583.3905527606,0.8221478873239436,False,pose_yaw_jump,8.656905407237588,False,False,temporal_xy,True,ok,2.950159430441249,-156.59032082043328,174.2096791795667
000032.jpg,,,,,,,,,,,,,,,,,,,,,,,,,,,,,,,,,,,,,98.55814519431442,1.019312858581543,254490.42405049442,False,refined_corrected_yaw,3364583.3905527606,0.8202816901408451,True,ok,1.7581930237021985,False,False,temporal_xy,True,ok,2.950159430441249,23.409679179566723,5.790320820433266
000032.jpg,,,,,,,,,,,,,,,,,,,,,,,,,,,,,,,,,,,,,98.227,1.019312858581543,254490.42405049442,False,refined_freeze_alt_corrected_yaw,3364583.3905527606,0.8202816901408451,True,ok,1.7515701198159102,False,False,temporal_xy,True,ok,2.950159430441249,23.409679179566723,5.790320820433266
000032.jpg,,,,,,,,,,,,,,,,,,,,,,,,,,,,,,,,,,,,,98.227,0.973179042339325,254490.42405049442,False,refined_freeze_alt_init_yaw,3364583.3905527606,0.8312323943661972,True,ok,1.5781463985150306,False,False,temporal_xy,True,ok,2.950159430441249,26.300104000000005,2.899895999999984
000032.jpg,,,,,,,,,,,,,,,,,,,,,,,,,,,,,,,,,,,,,100.09448,0.8757675886154175,254493.83699000833,True,temporal_predicted,3364578.436818979,0.8666021126760564,True,ok,1.3353321251246044,True,True,ok,True,ok,3.0666363553921996,28.500325000000004,0.699674999999985
000033.jpg,,,,,,,,,,,,,,,,,,,,,,,,,,,,,,,,,,,,,101.18,0.8794280290603638,254494.92402733798,True,init,3364580.030330129,0.8617053117132344,True,disabled,1.2208397903447084,True,True,disabled,True,init,2.972509113967172,30.284689000000014,1.0846890000000258
000033.jpg,,,,,,,,,,,,,,,,,,,,,,,,,,,,,,,,,,,,,101.54360800795257,0.955751359462738,254495.04046371748,False,raw_refined_full,3364576.6016292623,0.8365464180707407,False,pose_yaw_jump,8.730269820313564,False,False,temporal_xy,True,ok,5.770794514011694,-148.62594794231472,177.8259479423147
000033.jpg,,,,,,,,,,,,,,,,,,,,,,,,,,,,,,,,,,,,,101.54360800795257,0.9558360576629639,254495.04046371748,False,refined_corrected_yaw,3364576.6016292623,0.8358421803200761,True,ok,1.6491627380856722,False,False,temporal_xy,True,ok,5.770794514011694,31.374052057685276,2.1740520576852873
000033.jpg,,,,,,,,,,,,,,,,,,,,,,,,,,,,,,,,,,,,,101.18,0.9558360576629639,254495.04046371867,False,refined_freeze_alt_corrected_yaw,3364576.6016292623,0.8358421803200761,True,ok,1.6418905779438884,False,False,temporal_xy,True,ok,5.770794514529498,31.374052057685276,2.1740520576852873
000033.jpg,,,,,,,,,,,,,,,,,,,,,,,,,,,,,,,,,,,,,101.18,0.9535723924636841,254495.04046371867,False,refined_freeze_alt_init_yaw,3364576.6016292623,0.8357013327699432,True,ok,1.59588288334135,False,False,temporal_xy,True,ok,5.770794514529498,30.284689000000014,1.0846890000000258
000033.jpg,,,,,,,,,,,,,,,,,,,,,,,,,,,,,,,,,,,,,100.329963,0.8829162120819092,254494.32485000824,True,temporal_predicted,3364579.309740979,0.8662476452050212,True,ok,1.2372646192391545,False,True,ok,True,ok,3.066633052942011,28.500325000000004,0.699674999999985
000034.jpg,,,,,,,,,,,,,,,,,,,,,,,,,,,,,,,,,,,,,103.54,0.9607400298118591,254496.99098011493,True,init,3364585.1092775986,0.8341817413206982,True,disabled,1.4166129580591504,False,True,disabled,True,init,4.654874590987484,28.97665699999999,0.22334299999999985
000034.jpg,,,,,,,,,,,,,,,,,,,,,,,,,,,,,,,,,,,,,103.67348658852279,0.735080361366272,254492.50092706704,False,raw_refined_full,3364582.832378293,0.9337361069522484,False,pose_yaw_jump,8.425319618501556,False,False,temporal_xy,True,ok,0.5467491582794098,-151.24581449015494,179.55418550984507
000034.jpg,,,,,,,,,,,,,,,,,,,,,,,,,,,,,,,,,,,,,103.67348658852279,0.7364243268966675,254492.50092706704,False,refined_corrected_yaw,3364582.832378293,0.9339650890388037,True,ok,1.296608521370357,False,False,temporal_xy,True,ok,0.5467491582794098,28.75418550984506,0.44581449015493035
000034.jpg,,,,,,,,,,,,,,,,,,,,,,,,,,,,,,,,,,,,,103.54,0.7364243268966675,254492.50092706704,False,refined_freeze_alt_corrected_yaw,3364582.832378293,0.9339650890388037,True,ok,1.2939387895999015,False,False,temporal_xy,True,ok,0.5467491582794098,28.75418550984506,0.44581449015493035
000034.jpg,,,,,,,,,,,,,,,,,,,,,,,,,,,,,,,,,,,,,103.54,0.6079083681106567,254492.50092706704,False,refined_freeze_alt_init_yaw,3364582.832378293,0.9570042097475913,True,ok,1.1282331356186304,False,False,temporal_xy,True,ok,0.5467491582794098,28.97665699999999,0.22334299999999985
000034.jpg,,,,,,,,,,,,,,,,,,,,,,,,,,,,,,,,,,,,,103.102934,0.8830733299255371,254495.41188733783,True,temporal_predicted,3364580.9032521285,0.8639141845595618,True,ok,1.3147813394976016,True,True,ok,True,ok,2.972506677470677,30.284689000000014,1.0846890000000258
000035.jpg,,,,,,,,,,,,,,,,,,,,,,,,,,,,,,,,,,,,,109.221,0.9711259603500366,254491.4171550231,True,init,3364581.3519457392,0.8324104119638827,True,disabled,1.4596076209092614,False,True,disabled,True,init,3.0339752336628685,26.940341999999987,2.2596580000000017
000035.jpg,,,,,,,,,,,,,,,,,,,,,,,,,,,,,,,,,,,,,109.2938576694578,0.9874552488327026,254494.4532711375,False,raw_refined_full,3364581.5035105753,0.8305234198645598,False,pose_yaw_jump,8.480420339093703,False,False,temporal_yaw,True,ok,2.249511706257762,-155.32770806055814,175.4722919394419
000035.jpg,,,,,,,,,,,,,,,,,,,,,,,,,,,,,,,,,,,,,109.2938576694578,0.9942391514778137,254494.4532711375,False,refined_corrected_yaw,3364581.5035105753,0.8277899266365688,True,ok,1.5806689516187538,False,False,temporal_yaw,True,ok,2.249511706257762,24.672291939441862,4.527708060558126
000035.jpg,,,,,,,,,,,,,,,,,,,,,,,,,,,,,,,,,,,,,109.221,0.9942391514778137,254494.45327113755,False,refined_freeze_alt_corrected_yaw,3364581.5035105757,0.8277899266365688,True,ok,1.5792117982264924,False,False,temporal_yaw,True,ok,2.2495117058591823,24.672291939441862,4.527708060558126
000035.jpg,,,,,,,,,,,,,,,,,,,,,,,,,,,,,,,,,,,,,109.221,0.9630898237228394,254494.45327113755,True,refined_freeze_alt_init_yaw,3364581.5035105757,0.8362549379232506,True,ok,1.447949308187158,False,True,ok,True,ok,2.2495117058591823,26.940341999999987,2.2596580000000017
000035.jpg,,,,,,,,,,,,,,,,,,,,,,,,,,,,,,,,,,,,,110.288712,0.8809694647789001,254495.89974733835,True,temporal_predicted,3364581.776174129,0.8638191309255079,True,ok,1.356716064933816,True,True,ok,True,ok,2.972510711172308,30.284689000000014,1.0846890000000258
000036.jpg,,,,,,,,,,,,,,,,,,,,,,,,,,,,,,,,,,,,,109.498,0.8596808910369873,254492.35753232913,True,init,3364584.1418327345,0.8784586027774833,True,disabled,1.3716731521929606,True,True,disabled,True,init,1.6656449694115103,28.52221800000001,0.6777819999999792
000036.jpg,,,,,,,,,,,,,,,,,,,,,,,,,,,,,,,,,,,,,109.55198718421161,0.9119058847427368,254493.42717065584,False,raw_refined_full,3364585.199730325,0.8552245662390897,False,pose_yaw_jump,8.644696915471792,False,False,temporal_xy,True,ok,0.9678162534322143,-152.1526498530196,178.64735014698044
000036.jpg,,,,,,,,,,,,,,,,,,,,,,,,,,,,,,,,,,,,,109.55198718421161,0.9133553504943848,254493.42717065584,False,refined_corrected_yaw,3364585.199730325,0.8543588112654157,True,ok,1.5420050208113678,False,False,temporal_xy,True,ok,0.9678162534322143,27.847350146980403,1.3526498530195852
000036.jpg,,,,,,,,,,,,,,,,,,,,,,,,,,,,,,,,,,,,,109.498,0.9132929444313049,254493.42717065584,False,refined_freeze_alt_corrected_yaw,3364585.1997303246,0.8543941482031168,True,ok,1.5408173480324256,False,False,temporal_xy,True,ok,0.9678162530568303,27.847350146980403,1.3526498530195852
000036.jpg,,,,,,,,,,,,,,,,,,,,,,,,,,,,,,,,,,,,,109.498,0.8112339973449707,254493.42717065584,False,refined_freeze_alt_init_yaw,3364585.1997303246,0.8989010212374996,True,ok,1.350598515733859,False,False,temporal_xy,True,ok,0.9678162530568303,28.52221800000001,0.6777819999999792
000036.jpg,,,,,,,,,,,,,,,,,,,,,,,,,,,,,,,,,,,,,109.825547,0.8847394585609436,254496.3876073383,True,temporal_predicted,3364582.649096129,0.8596946888582635,True,ok,1.4261366911477749,False,True,ok,True,ok,2.9725084125202375,30.284689000000014,1.0846890000000258
000037.jpg,,,,,,,,,,,,,,,,,,,,,,,,,,,,,,,,,,,,,108.96,0.9519370794296265,254488.71667938455,True,init,3364585.0756172,0.8364881759433713,True,disabled,1.426904559801148,False,True,disabled,True,init,5.775116681156617,31.36895100000001,2.168951000000021
000037.jpg,,,,,,,,,,,,,,,,,,,,,,,,,,,,,,,,,,,,,109.18422797415406,0.9853153824806213,254491.35399876226,False,raw_refined_full,3364589.9608090753,0.824725748798225,False,pose_yaw_jump,8.834776329310797,False,False,temporal_xy,True,ok,5.622596780956869,-146.4632316421923,175.6632316421923
000037.jpg,,,,,,,,,,,,,,,,,,,,,,,,,,,,,,,,,,,,,109.18422797415406,0.9894967079162598,254491.35399876226,False,refined_corrected_yaw,3364589.9608090753,0.8232642496170168,True,ok,1.9002057089362998,False,False,temporal_xy,True,ok,5.622596780956869,33.53676835780769,4.336768357807699
000037.jpg,,,,,,,,,,,,,,,,,,,,,,,,,,,,,,,,,,,,,108.96,0.9895449280738831,254491.35399876226,False,refined_freeze_alt_corrected_yaw,3364589.960809075,0.8232642496170168,True,ok,1.8957718041844416,False,False,temporal_xy,True,ok,5.6225967805702375,33.53676835780769,4.336768357807699
000037.jpg,,,,,,,,,,,,,,,,,,,,,,,,,,,,,,,,,,,,,108.96,0.9467613697052002,254491.35399876226,False,refined_freeze_alt_init_yaw,3364589.960809075,0.839323132186438,True,ok,1.748056544266102,False,False,temporal_xy,True,ok,5.6225967805702375,31.36895100000001,2.168951000000021
000037.jpg,,,,,,,,,,,,,,,,,,,,,,,,,,,,,,,,,,,,,108.986624,0.8602409362792969,254492.84539232883,True,temporal_predicted,3364585.014754734,0.8775158035604234,True,ok,1.2900835676174878,True,True,ok,True,ok,1.6656463603893095,28.52221800000001,0.6777819999999792
000038.jpg,,,,,,,,,,,,,,,,,,,,,,,,,,,,,,,,,,,,,107.571,0.9825019836425781,254496.70917623877,True,init,3364584.234702948,0.8245932558918404,True,disabled,1.4573303221898546,False,True,disabled,True,init,2.5947833683667025,33.221194999999994,4.021195000000006
000038.jpg,,,,,,,,,,,,,,,,,,,,,,,,,,,,,,,,,,,,,107.53141843248159,0.9965212345123291,254497.50137124254,False,raw_refined_full,3364581.5614487384,0.8214380144894325,False,pose_yaw_jump,8.597222240859189,False,False,temporal_xy,True,ok,5.251274892001596,-142.7591093852179,171.9591093852179
000038.jpg,,,,,,,,,,,,,,,,,,,,,,,,,,,,,,,,,,,,,107.53141843248159,0.9957901835441589,254497.50137124254,False,refined_corrected_yaw,3364581.5614487384,0.8221607234140065,True,ok,1.8867038881861502,False,False,temporal_xy,True,ok,5.251274892001596,37.2408906147821,8.040890614782114
000038.jpg,,,,,,,,,,,,,,,,,,,,,,,,,,,,,,,,,,,,,107.571,0.9957901835441589,254497.50137124254,False,refined_freeze_alt_corrected_yaw,3364581.5614487384,0.8221607234140065,True,ok,1.885912256835782,False,False,temporal_xy,True,ok,5.251274892001596,37.2408906147821,8.040890614782114
000038.jpg,,,,,,,,,,,,,,,,,,,,,,,,,,,,,,,,,,,,,107.571,0.9739707708358765,254497.50137124254,False,refined_freeze_alt_init_yaw,3364581.5614487384,0.8294583208475084,True,ok,1.6956188260012957,False,False,temporal_xy,True,ok,5.251274892001596,33.221194999999994,4.021195000000006
000038.jpg,,,,,,,,,,,,,,,,,,,,,,,,,,,,,,,,,,,,,108.546993,0.8535090088844299,254493.33325232923,True,temporal_predicted,3364585.887676734,0.8795015071125134,True,ok,1.2906516364906775,True,True,ok,True,ok,1.6656455882361318,28.52221800000001,0.6777819999999792
000039.jpg,,,,,,,,,,,,,,,,,,,,,,,,,,,,,,,,,,,,,110.412,0.9719345569610596,254497.73336219703,True,init,3364592.5326271076,0.8320267567998018,True,disabled,1.5357883674876645,False,True,disabled,True,init,5.944751136847968,27.56383299999999,1.6361670000000004
000039.jpg,,,,,,,,,,,,,,,,,,,,,,,,,,,,,,,,,,,,,110.39921170566231,0.9986218810081482,254491.80397835415,False,raw_refined_full,3364593.920817449,0.822223008724274,False,pose_yaw_jump,9.013423088899467,False,False,temporal_xy,True,ok,7.794908825707961,-154.07248382134384,176.72751617865617
000039.jpg,,,,,,,,,,,,,,,,,,,,,,,,,,,,,,,,,,,,,110.39921170566231,0.9992938041687012,254491.80397835415,False,refined_corrected_yaw,3364593.920817449,0.8229485568670477,True,ok,1.966508853622172,False,False,temporal_xy,True,ok,7.794908825707961,25.927516178656163,3.272483821343826
000039.jpg,,,,,,,,,,,,,,,,,,,,,,,,,,,,,,,,,,,,,110.412,0.9991703629493713,254491.80397835415,False,refined_freeze_alt_corrected_yaw,3364593.9208174497,0.8230016457555434,True,ok,1.9660729931843441,False,False,temporal_xy,True,ok,7.794908826119117,25.927516178656163,3.272483821343826
000039.jpg,,,,,,,,,,,,,,,,,,,,,,,,,,,,,,,,,,,,,110.412,0.9819711446762085,254491.80397835415,False,refined_freeze_alt_init_yaw,3364593.9208174497,0.8258153568458122,True,ok,1.8801107488040603,False,False,temporal_xy,True,ok,7.794908826119117,27.56383299999999,1.6361670000000004
000039.jpg,,,,,,,,,,,,,,,,,,,,,,,,,,,,,,,,,,,,,108.534824,0.8566560745239258,254493.8211123291,True,temporal_predicted,3364586.760598733,0.8776478083137199,True,ok,1.409103588591192,True,True,ok,True,ok,1.6656447459466446,28.52221800000001,0.6777819999999792
000040.jpg,,,,,,,,,,,,,,,,,,,,,,,,,,,,,,,,,,,,,108.831,0.8899040818214417,254497.10711519374,True,init,3364589.285735573,0.8622120625989098,True,disabled,1.3354959431031146,False,True,disabled,True,init,1.7958689281700833,30.283804000000003,1.0838040000000149
000040.jpg,,,,,,,,,,,,,,,,,,,,,,,,,,,,,,,,,,,,,108.8207085300237,0.940911591053009,254495.0856146258,False,raw_refined_full,3364588.9262869377,0.8419905046597503,False,pose_yaw_jump,8.546517895930918,False,False,temporal_yaw,True,ok,1.3340689087212723,-148.6275375258657,177.8275375258657
000040.jpg,,,,,,,,,,,,,,,,,,,,,,,,,,,,,,,,,,,,,108.8207085300237,0.9486851692199707,254495.0856146258,True,refined_corrected_yaw,3364588.9262869377,0.8396518375241779,True,ok,1.4834516571690028,False,True,ok,True,ok,1.3340689087212723,31.372462474134295,2.1724624741343064
000040.jpg,,,,,,,,,,,,,,,,,,,,,,,,,,,,,,,,,,,,,108.831,0.94870924949646,254495.0856146258,True,refined_freeze_alt_corrected_yaw,3364588.926286937,0.8396518375241779,True,ok,1.4832728871603114,False,True,ok,True,ok,1.334068908366966,31.372462474134295,2.1724624741343064
000040.jpg,,,,,,,,,,,,,,,,,,,,,,,,,,,,,,,,,,,,,108.831,0.8676159977912903,254495.0856146258,True,refined_freeze_alt_init_yaw,3364588.926286937,0.8711271320555654,True,ok,1.317125419585806,False,True,ok,True,ok,1.334068908366966,30.283804000000003,1.0838040000000149
000040.jpg,,,,,,,,,,,,,,,,,,,,,,,,,,,,,,,,,,,,,108.523463,0.8565775156021118,254494.3089723298,True,temporal_predicted,3364587.6335207326,0.8779848777914542,True,ok,1.2884242518226008,True,True,ok,True,ok,1.6656459322151989,28.52221800000001,0.6777819999999792
000041.jpg,,,,,,,,,,,,,,,,,,,,,,,,,,,,,,,,,,,,,106.758,0.6982875466346741,254497.0453270637,True,init,3364589.3065422764,0.9456874678400965,True,disabled,1.1805824284267659,False,True,disabled,True,init,0.800201518323074,28.86919800000001,0.33080199999997717
000041.jpg,,,,,,,,,,,,,,,,,,,,,,,,,,,,,,,,,,,,,106.90473566297442,0.7859650254249573,254496.18604405178,False,raw_refined_full,3364588.813072491,0.9092247910715237,False,pose_yaw_jump,8.570792329755381,False,False,temporal_yaw,False,visual_chamfer_worse,0.25476470205138896,-151.4612636767705,179.3387363232295
000041.jpg,,,,,,,,,,,,,,,,,,,,,,,,,,,,,,,,,,,,,106.90473566297442,0.79131680727005,254496.18604405178,False,refined_corrected_yaw,3364588.813072491,0.908035983605103,True,ok,1.3557405764832529,False,True,ok,False,visual_chamfer_worse,0.25476470205138896,28.5387363232295,0.6612636767704885
000041.jpg,,,,,,,,,,,,,,,,,,,,,,,,,,,,,,,,,,,,,106.758,0.79131680727005,254496.18604405178,False,refined_freeze_alt_corrected_yaw,3364588.81307249,0.908035983605103,True,ok,1.352805863236918,False,True,ok,False,visual_chamfer_worse,0.25476470194568307,28.5387363232295,0.6612636767704885
000041.jpg,,,,,,,,,,,,,,,,,,,,,,,,,,,,,,,,,,,,,106.758,0.6664943695068359,254496.18604405178,True,refined_freeze_alt_init_yaw,3364588.81307249,0.9542752710303589,True,ok,1.1278115079821078,True,True,ok,True,ok,0.25476470194568307,28.86919800000001,0.33080199999997717
000041.jpg,,,,,,,,,,,,,,,,,,,,,,,,,,,,,,,,,,,,,108.5121,0.86173415184021,254494.79683233102,False,temporal_predicted,3364588.5064427326,0.8766834046026367,True,ok,1.518736256431405,False,True,ok,False,visual_chamfer_worse,1.6656449531769477,28.52221800000001,0.6777819999999792
000042.jpg,,,,,,,,,,,,,,,,,,,,,,,,,,,,,,,,,,,,,107.778,0.9056333899497986,254494.68416327782,True,init,3364590.035344064,0.8569132400734775,True,disabled,1.2754524696626315,False,True,disabled,True,init,2.274533575383041,30.43704199999999,1.2370420000000024
000042.jpg,,,,,,,,,,,,,,,,,,,,,,,,,,,,,,,,,,,,,107.83436294924468,0.9497297406196594,254495.27075028693,False,raw_refined_full,3364591.9812564813,0.8382612688992511,False,pose_yaw_jump,8.609169196513367,False,False,temporal_xy,True,ok,2.8539545901592414,-148.32577364133212,177.5257736413321
000042.jpg,,,,,,,,,,,,,,,,,,,,,,,,,,,,,,,,,,,,,107.83436294924468,0.9533011317253113,254495.27075028693,False,refined_corrected_yaw,3364591.9812564813,0.8369012293344638,True,ok,1.5338341001675648,False,False,temporal_xy,True,ok,2.8539545901592414,31.67422635866788,2.4742263586678916
000042.jpg,,,,,,,,,,,,,,,,,,,,,,,,,,,,,,,,,,,,,107.778,0.9533011317253113,254495.27075028693,False,refined_freeze_alt_corrected_yaw,3364591.9812564813,0.8369012293344638,True,ok,1.5327068411826712,False,False,temporal_xy,True,ok,2.8539545901592414,31.67422635866788,2.4742263586678916
000042.jpg,,,,,,,,,,,,,,,,,,,,,,,,,,,,,,,,,,,,,107.778,0.8973734378814697,254495.27075028693,False,refined_freeze_alt_init_yaw,3364591.9812564813,0.8603221704111912,True,ok,1.3980431902509585,False,False,temporal_xy,True,ok,2.8539545901592414,30.43704199999999,1.2370420000000024
000042.jpg,,,,,,,,,,,,,,,,,,,,,,,,,,,,,,,,,,,,,106.74374999999999,0.6724089980125427,254496.67390405203,True,temporal_predicted,3364589.685994489,0.9538999576091565,True,ok,0.9416244787745713,True,True,ok,True,ok,0.2547647028376977,28.86919800000001,0.33080199999997717
000043.jpg,,,,,,,,,,,,,,,,,,,,,,,,,,,,,,,,,,,,,108.511,0.869205892086029,254499.87211059433,True,init,3364591.456081738,0.8652875348607336,True,disabled,1.287795129285562,False,True,disabled,True,init,2.6259461782954245,29.38589300000001,0.1858930000000214
000043.jpg,,,,,,,,,,,,,,,,,,,,,,,,,,,,,,,,,,,,,108.8282676404342,0.7462424039840698,254497.28174353225,False,raw_refined_full,3364589.3710123776,0.9186465209870441,False,pose_yaw_jump,8.354617825483388,False,False,temporal_yaw,True,ok,1.1666137283770948,-150.43305096877887,179.63305096877886
000043.jpg,,,,,,,,,,,,,,,,,,,,,,,,,,,,,,,,,,,,,108.8282676404342,0.734853208065033,254497.28174353225,True,refined_corrected_yaw,3364589.3710123776,0.921876654781657,True,ok,1.173436984408399,False,True,ok,True,ok,1.1666137283770948,29.566949031221128,0.3669490312211394
000043.jpg,,,,,,,,,,,,,,,,,,,,,,,,,,,,,,,,,,,,,108.511,0.7350217700004578,254497.28174353347,True,refined_freeze_alt_corrected_yaw,3364589.3710123776,0.9218237017686306,True,ok,1.1673385109320573,False,True,ok,True,ok,1.1666137282375946,29.566949031221128,0.3669490312211394
000043.jpg,,,,,,,,,,,,,,,,,,,,,,,,,,,,,,,,,,,,,108.511,0.7456104755401611,254497.28174353347,True,refined_freeze_alt_init_yaw,3364589.3710123776,0.9391922900413033,True,ok,1.1549097266959107,False,True,ok,True,ok,1.1666137282375946,29.38589300000001,0.1858930000000214
000043.jpg,,,,,,,,,,,,,,,,,,,,,,,,,,,,,,,,,,,,,106.69320599999999,0.6702386736869812,254497.1617640517,True,temporal_predicted,3364590.5589164887,0.9541603417234441,True,ok,1.006371311419684,True,True,ok,True,ok,0.25476361992553054,28.86919800000001,0.33080199999997717
000044.jpg,,,,,,,,,,,,,,,,,,,,,,,,,,,,,,,,,,,,,107.635,0.8247736692428589,254496.55934769177,True,init,3364590.9094133656,0.8871346164023497,True,disabled,1.1954498604100159,False,True,disabled,True,init,1.4311733807480536,29.975974000000008,0.7759740000000193
000044.jpg,,,,,,,,,,,,,,,,,,,,,,,,,,,,,,,,,,,,,107.96588731184602,0.9198547005653381,254497.36693788887,False,raw_refined_full,3364591.4673990053,0.8495422230846579,False,pose_yaw_jump,8.523524932854063,False,False,temporal_yaw,False,visual_chamfer_worse,0.5396687985567573,-149.24411464173446,178.44411464173444
000044.jpg,,,,,,,,,,,,,,,,,,,,,,,,,,,,,,,,,,,,,107.96588731184602,0.9162339568138123,254497.36693788887,False,refined_corrected_yaw,3364591.4673990053,0.8509887628556811,True,ok,1.3831783257668897,False,True,ok,False,visual_chamfer_worse,0.5396687985567573,30.755885358265544,1.5558853582655559
000044.jpg,,,,,,,,,,,,,,,,,,,,,,,,,,,,,,,,,,,,,107.635,0.9162339568138123,254497.36693788887,False,refined_freeze_alt_corrected_yaw,3364591.4673990053,0.8509887628556811,True,ok,1.3765605795299694,False,True,ok,False,visual_chamfer_worse,0.5396687985567573,30.755885358265544,1.5558853582655559
000044.jpg,,,,,,,,,,,,,,,,,,,,,,,,,,,,,,,,,,,,,107.635,0.8145835399627686,254497.36693788887,True,refined_freeze_alt_init_yaw,3364591.4673990053,0.8936616861008697,True,ok,1.1794447640018437,False,True,ok,True,ok,0.5396687985567573,29.975974000000008,0.7759740000000193
000044.jpg,,,,,,,,,,,,,,,,,,,,,,,,,,,,,,,,,,,,,106.62853599999998,0.6739440560340881,254497.64962405225,True,temporal_predicted,3364591.431838489,0.954398715754935,True,ok,0.9654410977764434,True,True,ok,True,ok,0.25476347175018155,28.86919800000001,0.33080199999997717
000045.jpg,,,,,,,,,,,,,,,,,,,,,,,,,,,,,,,,,,,,,106.657,0.9292885065078735,254498.43294668294,True,init,3364594.019718475,0.8458862994350282,True,disabled,1.2832520932358853,False,True,disabled,True,init,1.744391845490635,30.975558000000007,1.775558000000018
000045.jpg,,,,,,,,,,,,,,,,,,,,,,,,,,,,,,,,,,,,,107.00929874181747,0.9767149090766907,254496.4789258359,False,raw_refined_full,3364594.27450469,0.8292196327683616,False,pose_yaw_jump,8.576462571591552,False,False,temporal_xy,True,ok,2.7657111145493594,-147.24960615148214,176.44960615148213
000045.jpg,,,,,,,,,,,,,,,,,,,,,,,,,,,,,,,,,,,,,107.00929874181747,0.9718014597892761,254496.4789258359,False,refined_corrected_yaw,3364594.27450469,0.8298022598870056,True,ok,1.5633910887278955,False,False,temporal_xy,True,ok,2.7657111145493594,32.75039384851786,3.5503938485178708
000045.jpg,,,,,,,,,,,,,,,,,,,,,,,,,,,,,,,,,,,,,106.657,0.9718014597892761,254496.4789258359,False,refined_freeze_alt_corrected_yaw,3364594.27450469,0.8298022598870056,True,ok,1.5563451138915458,False,False,temporal_xy,True,ok,2.7657111145493594,32.75039384851786,3.5503938485178708
000045.jpg,,,,,,,,,,,,,,,,,,,,,,,,,,,,,,,,,,,,,106.657,0.9357742071151733,254496.4789258359,False,refined_freeze_alt_init_yaw,3364594.27450469,0.8435734463276836,True,ok,1.4328118523165942,False,False,temporal_xy,True,ok,2.7657111145493594,30.975558000000007,1.775558000000018
000045.jpg,,,,,,,,,,,,,,,,,,,,,,,,,,,,,,,,,,,,,106.48346499999998,0.6659207940101624,254498.1374840522,True,temporal_predicted,3364592.304760489,0.9548905367231638,True,ok,0.894310646936363,True,True,ok,True,ok,0.25476325175106856,28.86919800000001,0.33080199999997717
000046.jpg,,,,,,,,,,,,,,,,,,,,,,,,,,,,,,,,,,,,,107.766,0.9140989184379578,254496.59037741576,True,init,3364590.9459172846,0.8519383961763144,True,disabled,1.3149930719426026,False,True,disabled,True,init,3.1761427591638522,28.073230999999993,1.126768999999996
000046.jpg,,,,,,,,,,,,,,,,,,,,,,,,,,,,,,,,,,,,,108.16167125757784,0.9628075361251831,254499.46532196982,False,raw_refined_full,3364591.3818570888,0.8379005133651973,False,pose_yaw_jump,8.626683489847082,False,False,temporal_yaw,True,ok,1.8618239684503797,-153.05742375576747,177.7425762442325
000046.jpg,,,,,,,,,,,,,,,,,,,,,,,,,,,,,,,,,,,,,108.16167125757784,0.9623289704322815,254499.46532196982,True,refined_corrected_yaw,3364591.3818570888,0.837103912196849,True,ok,1.529235958466094,False,True,ok,True,ok,1.8618239684503797,26.942576244232527,2.257423755767462
000046.jpg,,,,,,,,,,,,,,,,,,,,,,,,,,,,,,,,,,,,,107.766,0.9623289704322815,254499.46532196982,True,refined_freeze_alt_corrected_yaw,3364591.3818570874,0.837103912196849,True,ok,1.5213225333673355,False,True,ok,True,ok,1.8618239697761485,26.942576244232527,2.257423755767462
000046.jpg,,,,,,,,,,,,,,,,,,,,,,,,,,,,,,,,,,,,,107.766,0.8864173293113708,254499.46532196982,True,refined_freeze_alt_init_yaw,3364591.3818570874,0.8653567003009383,True,ok,1.3647982307358826,False,True,ok,True,ok,1.8618239697761485,28.073230999999993,1.126768999999996
000046.jpg,,,,,,,,,,,,,,,,,,,,,,,,,,,,,,,,,,,,,106.46130799999997,0.66731858253479,254498.6253440517,True,temporal_predicted,3364593.1776824887,0.9539564524694636,True,ok,0.9690977060009304,True,True,ok,True,ok,0.2547619460126148,28.86919800000001,0.33080199999997717
000047.jpg,,,,,,,,,,,,,,,,,,,,,,,,,,,,,,,,,,,,,106.994,0.9274570345878601,254500.23969541822,True,init,3364592.2991917715,0.8507446808510638,True,disabled,1.280591873894702,False,True,disabled,True,init,1.9312640072184801,27.50839400000001,1.6916059999999788
000047.jpg,,,,,,,,,,,,,,,,,,,,,,,,,,,,,,,,,,,,,107.11039280612022,0.9974632859230042,254500.75023736493,False,raw_refined_full,3364590.309796634,0.8256028368794326,False,pose_yaw_jump,8.702395203195122,False,False,temporal_xy,True,ok,3.9614858431305042,-154.1809834838769,176.6190165161231
000047.jpg,,,,,,,,,,,,,,,,,,,,,,,,,,,,,,,,,,,,,107.11039280612022,0.9932681322097778,254500.75023736493,False,refined_corrected_yaw,3364590.309796634,0.8271276595744681,True,ok,1.6478092053681597,False,False,temporal_xy,True,ok,3.9614858431305042,25.8190165161231,3.3809834838768893
000047.jpg,,,,,,,,,,,,,,,,,,,,,,,,,,,,,,,,,,,,,106.994,0.9932681322097778,254500.75023736493,False,refined_freeze_alt_corrected_yaw,3364590.309796634,0.8271276595744681,True,ok,1.6454813492457554,False,False,temporal_xy,True,ok,3.9614858431305042,25.8190165161231,3.3809834838768893
000047.jpg,,,,,,,,,,,,,,,,,,,,,,,,,,,,,,,,,,,,,106.994,0.9382579922676086,254500.75023736493,False,refined_freeze_alt_init_yaw,3364590.309796634,0.8445390070921985,True,ok,1.501182030842879,False,False,temporal_xy,True,ok,3.9614858431305042,27.50839400000001,1.6916059999999788
000047.jpg,,,,,,,,,,,,,,,,,,,,,,,,,,,,,,,,,,,,,106.56112699999997,0.6751929521560669,254499.11320405177,True,temporal_predicted,3364594.0506044887,0.9517375886524823,True,ok,0.9162609880039138,True,True,ok,True,ok,0.2547615781271922,28.86919800000001,0.33080199999997717
000048.jpg,,,,,,,,,,,,,,,,,,,,,,,,,,,,,,,,,,,,,106.96,0.9527958035469055,254503.79012815637,True,init,3364595.027389651,0.8356348462612939,True,disabled,1.3808338683736663,False,True,disabled,True,init,3.9381888648368575,29.216755000000006,0.016755000000017617
000048.jpg,,,,,,,,,,,,,,,,,,,,,,,,,,,,,,,,,,,,,107.44159823283553,0.9242308735847473,254501.12686083422,False,raw_refined_full,3364591.2811435983,0.8436975087080291,False,pose_yaw_jump,8.758064127290867,False,False,temporal_xy,True,ok,3.831036007805126,-150.76796581885876,179.96796581885874
000048.jpg,,,,,,,,,,,,,,,,,,,,,,,,,,,,,,,,,,,,,107.44159823283553,0.9216933250427246,254501.12686083422,False,refined_corrected_yaw,3364591.2811435983,0.845907668369963,True,ok,1.5659183013219296,False,False,temporal_xy,True,ok,3.831036007805126,29.232034181141245,0.03203418114125611
000048.jpg,,,,,,,,,,,,,,,,,,,,,,,,,,,,,,,,,,,,,106.96,0.9216933250427246,254501.12686083541,False,refined_freeze_alt_corrected_yaw,3364591.2811435983,0.845907668369963,True,ok,1.556286336653701,False,False,temporal_xy,True,ok,3.83103600820153,29.232034181141245,0.03203418114125611
000048.jpg,,,,,,,,,,,,,,,,,,,,,,,,,,,,,,,,,,,,,106.96,0.9186948537826538,254501.12686083541,False,refined_freeze_alt_init_yaw,3364591.2811435983,0.8469508637303959,True,ok,1.5514849500484484,False,False,temporal_xy,True,ok,3.83103600820153,29.216755000000006,0.016755000000017617
000048.jpg,,,,,,,,,,,,,,,,,,,,,,,,,,,,,,,,,,,,,106.62527499999997,0.6715336441993713,254499.60106405139,True,temporal_predicted,3364594.923526488,0.9514648938239298,True,ok,0.9765016393179978,True,True,ok,True,ok,0.2547611354009057,28.86919800000001,0.33080199999997717
000049.jpg,,,,,,,,,,,,,,,,,,,,,,,,,,,,,,,,,,,,,106.899,0.9685739278793335,254495.6741981027,True,init,3364601.1362355524,0.8308320028383892,True,disabled,1.541355596893491,False,True,disabled,True,init,7.114187152486687,30.157505000000015,0.957505000000026
000049.jpg,,,,,,,,,,,,,,,,,,,,,,,,,,,,,,,,,,,,,107.27177355252206,1.0141279697418213,254493.26473308064,False,raw_refined_full,3364607.6369413915,0.81648039737449,False,pose_yaw_jump,9.434536401622177,False,False,temporal_xy,True,ok,13.819226428748001,-148.88098019654302,178.080980196543
000049.jpg,,,,,,,,,,,,,,,,,,,,,,,,,,,,,,,,,,,,,107.27177355252206,1.0173958539962769,254493.26473308064,False,refined_corrected_yaw,3364607.6369413915,0.8170480752173142,True,ok,2.3349970100311688,False,False,temporal_xy,True,ok,13.819226428748001,31.11901980345698,1.9190198034569903
000049.jpg,,,,,,,,,,,,,,,,,,,,,,,,,,,,,,,,,,,,,106.899,1.0173958539962769,254493.26473308066,False,refined_freeze_alt_corrected_yaw,3364607.6369413915,0.8170480752173142,True,ok,2.327541538979495,False,False,temporal_xy,True,ok,13.819226428733094,31.11901980345698,1.9190198034569903
000049.jpg,,,,,,,,,,,,,,,,,,,,,,,,,,,,,,,,,,,,,106.899,1.0035104751586914,254493.26473308066,False,refined_freeze_alt_init_yaw,3364607.6369413915,0.8233634912187334,True,ok,2.26842963097928,False,False,temporal_xy,True,ok,13.819226428733094,30.157505000000015,0.957505000000026
000049.jpg,,,,,,,,,,,,,,,,,,,,,,,,,,,,,,,,,,,,,106.92136999999997,0.6676186919212341,254500.08892405173,True,temporal_predicted,3364595.7964484873,0.9545325527762994,True,ok,1.1073825036498246,True,True,ok,True,ok,0.2547596084868443,28.86919800000001,0.33080199999997717
000050.jpg,,,,,,,,,,,,,,,,,,,,,,,,,,,,,,,,,,,,,109.286,0.933617115020752,254502.4607754522,True,init,3364592.2904305407,0.8460582386363636,True,disabled,1.4387959906430368,False,True,disabled,True,init,4.645694277476121,31.194344,1.9943440000000123
000050.jpg,,,,,,,,,,,,,,,,,,,,,,,,,,,,,,,,,,,,,109.57032510079443,0.9721576571464539,254505.27439155645,False,raw_refined_full,3364588.276497358,0.8305575284090909,False,pose_yaw_jump,9.041508530923622,False,False,temporal_xy,True,ok,9.471500204644167,-146.80470647046147,176.00470647046146
000050.jpg,,,,,,,,,,,,,,,,,,,,,,,,,,,,,,,,,,,,,109.57032510079443,0.9618678689002991,254505.27439155645,False,refined_corrected_yaw,3364588.276497358,0.8340731534090909,True,ok,2.0544109880336987,False,False,temporal_xy,True,ok,9.471500204644167,33.19529352953853,3.995293529538543
000050.jpg,,,,,,,,,,,,,,,,,,,,,,,,,,,,,,,,,,,,,109.286,0.9618678689002991,254505.27439155645,False,refined_freeze_alt_corrected_yaw,3364588.276497358,0.8340731534090909,True,ok,2.04872448601781,False,False,temporal_xy,True,ok,9.471500204644167,33.19529352953853,3.995293529538543
000050.jpg,,,,,,,,,,,,,,,,,,,,,,,,,,,,,,,,,,,,,109.286,0.9687280654907227,254505.27439155645,False,refined_freeze_alt_init_yaw,3364588.276497358,0.8324751420454546,True,ok,1.9776324926669724,False,False,temporal_xy,True,ok,9.471500204644167,31.194344,1.9943440000000123
000050.jpg,,,,,,,,,,,,,,,,,,,,,,,,,,,,,,,,,,,,,107.48381799999997,0.6671676635742188,254500.57678405155,True,temporal_predicted,3364596.6693704873,0.9545454545454546,True,ok,1.080957634411597,True,True,ok,True,ok,0.2547590193714861,28.86919800000001,0.33080199999997717
000051.jpg,,,,,,,,,,,,,,,,,,,,,,,,,,,,,,,,,,,,,110.419,0.8015150427818298,254502.72048852473,True,init,3364598.2964227013,0.9070975289821676,True,disabled,1.1969290458921875,False,True,disabled,True,init,1.6064949981140477,29.52180899999999,0.3218090000000018
000051.jpg,,,,,,,,,,,,,,,,,,,,,,,,,,,,,,,,,,,,,110.75116473902017,0.7610891461372375,254500.89945815376,False,raw_refined_full,3364597.3423143257,0.9139043499840465,False,pose_yaw_jump,8.335177020716007,False,False,temporal_yaw,True,ok,0.45192245594068653,-150.16303279942622,179.3630327994262
000051.jpg,,,,,,,,,,,,,,,,,,,,,,,,,,,,,,,,,,,,,110.75116473902017,0.7693432569503784,254500.89945815376,True,refined_corrected_yaw,3364597.3423143257,0.910784557024852,True,ok,1.1971394907015753,False,True,ok,True,ok,0.45192245594068653,29.83696720057378,0.6369672005737925
000051.jpg,,,,,,,,,,,,,,,,,,,,,,,,,,,,,,,,,,,,,110.419,0.7693432569503784,254500.89945815376,True,refined_freeze_alt_corrected_yaw,3364597.3423143257,0.910784557024852,True,ok,1.190496195921172,False,True,ok,True,ok,0.45192245594068653,29.83696720057378,0.6369672005737925
000051.jpg,,,,,,,,,,,,,,,,,,,,,,,,,,,,,,,,,,,,,110.419,0.6678730845451355,254500.89945815376,True,refined_freeze_alt_init_yaw,3364597.3423143257,0.9527422271067465,True,ok,1.0093342339739142,True,True,ok,True,ok,0.45192245594068653,29.52180899999999,0.3218090000000018
000051.jpg,,,,,,,,,,,,,,,,,,,,,,,,,,,,,,,,,,,,,107.96776999999997,0.6649879813194275,254501.0646440521,False,temporal_predicted,3364597.542292487,0.9553834154642464,False,pose_alt_jump,1.027331515952275,False,True,ok,True,ok,0.25475835424882404,28.86919800000001,0.33080199999997717
000052.jpg,,,,,,,,,,,,,,,,,,,,,,,,,,,,,,,,,,,,,110.535,0.9473922252655029,254502.8148914028,True,init,3364598.006163149,0.8410584328410937,True,disabled,1.275173196109851,False,True,disabled,True,init,1.078483091317743,27.31723199999999,1.8827679999999987
000052.jpg,,,,,,,,,,,,,,,,,,,,,,,,,,,,,,,,,,,,,110.6701799472794,0.9975489974021912,254502.43361914123,False,raw_refined_full,3364596.7362654177,0.8264148943686851,False,pose_yaw_jump,8.505477796086645,False,False,temporal_yaw,True,ok,1.7655026018310704,-154.562568612981,176.237431387019
000052.jpg,,,,,,,,,,,,,,,,,,,,,,,,,,,,,,,,,,,,,110.6701799472794,0.9960399270057678,254502.43361914123,True,refined_corrected_yaw,3364596.7362654177,0.8282519607150427,True,ok,1.5019620709050747,False,True,ok,True,ok,1.7655026018310704,25.43743138701899,3.762568612980999
000052.jpg,,,,,,,,,,,,,,,,,,,,,,,,,,,,,,,,,,,,,110.535,0.9953751564025879,254502.43361914123,True,refined_freeze_alt_corrected_yaw,3364596.736265417,0.8284286017098849,True,ok,1.498380146333594,False,True,ok,True,ok,1.7655026022662768,25.43743138701899,3.762568612980999
000052.jpg,,,,,,,,,,,,,,,,,,,,,,,,,,,,,,,,,,,,,110.535,0.9424274563789368,254502.43361914123,True,refined_freeze_alt_init_yaw,3364596.736265417,0.8463046703879036,True,ok,1.3494242184976113,False,True,ok,True,ok,1.7655026022662768,27.31723199999999,1.8827679999999987
000052.jpg,,,,,,,,,,,,,,,,,,,,,,,,,,,,,,,,,,,,,110.85195,0.6750532388687134,254501.38731815413,True,temporal_predicted,3364598.2152363257,0.9499752702607221,True,ok,0.8851336515599286,True,True,ok,True,ok,0.4519332821926853,29.52180899999999,0.3218090000000018
000053.jpg,,,,,,,,,,,,,,,,,,,,,,,,,,,,,,,,,,,,,104.01,0.8563929200172424,254504.66876680404,True,init,3364597.743319407,0.873042000743376,True,disabled,1.290153787884843,True,True,disabled,True,init,2.8177880654662877,29.930498,0.7304980000000114
000053.jpg,,,,,,,,,,,,,,,,,,,,,,,,,,,,,,,,,,,,,104.37390446662903,0.9298683404922485,254504.19654112495,False,raw_refined_full,3364594.4668829623,0.8450592045876918,False,pose_yaw_jump,8.874984033540834,False,False,temporal_xy,True,ok,5.156368099967244,-149.33905099726005,178.53905099726003
000053.jpg,,,,,,,,,,,,,,,,,,,,,,,,,,,,,,,,,,,,,104.37390446662903,0.9340509176254272,254504.19654112495,False,refined_corrected_yaw,3364594.4668829623,0.843395458326696,True,ok,1.7160468010613597,False,False,temporal_xy,True,ok,5.156368099967244,30.660949002739954,1.4609490027399659
000053.jpg,,,,,,,,,,,,,,,,,,,,,,,,,,,,,,,,,,,,,104.01,0.9340509176254272,254504.19654112493,False,refined_freeze_alt_corrected_yaw,3364594.466882962,0.843395458326696,True,ok,1.7087687117721844,False,False,temporal_xy,True,ok,5.1563681003892885,30.660949002739954,1.4609490027399659
000053.jpg,,,,,,,,,,,,,,,,,,,,,,,,,,,,,,,,,,,,,104.01,0.9347629547119141,254504.19654112493,False,refined_freeze_alt_init_yaw,3364594.466882962,0.8422626949149542,True,ok,1.681514872455282,False,False,temporal_xy,False,visual_overlap_worse,5.1563681003892885,29.930498,0.7304980000000114
000053.jpg,,,,,,,,,,,,,,,,,,,,,,,,,,,,,,,,,,,,,106.050241,0.6720857620239258,254501.87517815406,False,temporal_predicted,3364599.088158326,0.9509194853006248,False,pose_alt_jump,1.037867809806032,False,True,ok,True,ok,0.4519308076150085,29.52180899999999,0.3218090000000018
000054.jpg,,,,,,,,,,,,,,,,,,,,,,,,,,,,,,,,,,,,,99.962,0.9700512290000916,254507.86020275837,True,init,3364603.0171724036,0.8325760533882361,True,disabled,1.4389877779431794,False,True,disabled,True,init,5.841082436323703,30.596118999999987,1.3961189999999988
000054.jpg,,,,,,,,,,,,,,,,,,,,,,,,,,,,,,,,,,,,,100.03033633902669,0.9713022112846375,254502.34222058803,False,raw_refined_full,3364599.9595989715,0.830428454793937,False,pose_yaw_jump,8.779598264488905,False,False,temporal_xy,True,ok,0.4718025602900234,-148.01559820126195,177.21559820126194
000054.jpg,,,,,,,,,,,,,,,,,,,,,,,,,,,,,,,,,,,,,100.03033633902669,0.9658908843994141,254502.34222058803,False,refined_corrected_yaw,3364599.9595989715,0.8305526960349295,True,ok,1.7067214306080667,False,False,temporal_xy,True,ok,0.4718025602900234,31.98440179873805,2.7844017987380596
000054.jpg,,,,,,,,,,,,,,,,,,,,,,,,,,,,,,,,,,,,,99.962,0.9658908843994141,254502.34222058803,False,refined_freeze_alt_corrected_yaw,3364599.9595989715,0.8305526960349295,True,ok,1.705354703827533,False,False,temporal_xy,True,ok,0.4718025602900234,31.98440179873805,2.7844017987380596
000054.jpg,,,,,,,,,,,,,,,,,,,,,,,,,,,,,,,,,,,,,99.962,0.9035139679908752,254502.34222058803,False,refined_freeze_alt_init_yaw,3364599.9595989715,0.8570160803663341,True,ok,1.5590573042008913,False,False,temporal_xy,True,ok,0.4718025602900234,30.596118999999987,1.3961189999999988
000054.jpg,,,,,,,,,,,,,,,,,,,,,,,,,,,,,,,,,,,,,99.38669200000001,0.8600995540618896,254505.1566268039,True,temporal_predicted,3364598.6162414066,0.8711973305881935,True,ok,1.2985264047402914,True,True,ok,True,ok,2.817787256850383,29.930498,0.7304980000000114
000055.jpg,,,,,,,,,,,,,,,,,,,,,,,,,,,,,,,,,,,,,99.04,1.0228310823440552,254501.906576115,True,init,3364600.63300189,0.8190647290062079,True,disabled,1.4836843462143847,False,True,disabled,True,init,1.4125083062805972,24.565563999999995,4.634435999999994
000055.jpg,,,,,,,,,,,,,,,,,,,,,,,,,,,,,,,,,,,,,99.13600159436464,1.0327166318893433,254502.93116052114,False,raw_refined_full,3364601.2326380787,0.8164499546416691,False,pose_yaw_jump,8.340135067621516,False,False,temporal_xy,True,ok,0.4075032885269119,-160.06802266428954,170.73197733571044
000055.jpg,,,,,,,,,,,,,,,,,,,,,,,,,,,,,,,,,,,,,99.13600159436464,1.0328351259231567,254502.93116052114,False,refined_corrected_yaw,3364601.2326380787,0.8168057062558921,True,ok,1.708154401160484,False,False,temporal_xy,True,ok,0.4075032885269119,19.931977335710457,9.268022664289532
000055.jpg,,,,,,,,,,,,,,,,,,,,,,,,,,,,,,,,,,,,,99.04,1.032852053642273,254502.93116052117,False,refined_freeze_alt_corrected_yaw,3364601.232638079,0.8168057062558921,True,ok,1.706250919165293,False,False,temporal_xy,True,ok,0.40750328876281655,19.931977335710457,9.268022664289532
000055.jpg,,,,,,,,,,,,,,,,,,,,,,,,,,,,,,,,,,,,,99.04,1.0347437858581543,254502.93116052117,False,refined_freeze_alt_init_yaw,3364601.232638079,0.8195094185239865,True,ok,1.5200532463178928,False,False,temporal_xy,True,ok,0.40750328876281655,24.565563999999995,4.634435999999994
000055.jpg,,,,,,,,,,,,,,,,,,,,,,,,,,,,,,,,,,,,,97.85986500000001,0.8605841398239136,254505.64448680438,True,temporal_predicted,3364599.489163407,0.8710578274248919,True,ok,1.2966685937946127,True,True,ok,True,ok,2.8177922719130937,29.930498,0.7304980000000114
000056.jpg,,,,,,,,,,,,,,,,,,,,,,,,,,,,,,,,,,,,,101.656,0.9869682788848877,254504.3319063919,True,init,3364598.789162376,0.8294548818673498,True,disabled,1.3636680619658605,False,True,disabled,True,init,3.1418607703918777,26.251218999999992,2.9487809999999968
000056.jpg,,,,,,,,,,,,,,,,,,,,,,,,,,,,,,,,,,,,,101.5103101823479,1.0538077354431152,254506.45229634133,False,raw_refined_full,3364596.369214821,0.8169121833191005,False,pose_yaw_jump,8.647219204560086,False,False,temporal_xy,True,ok,6.132770812980455,-156.69901090205033,174.10098909794965
000056.jpg,,,,,,,,,,,,,,,,,,,,,,,,,,,,,,,,,,,,,101.5103101823479,1.0295320749282837,254506.45229634133,False,refined_corrected_yaw,3364596.369214821,0.8166097352690008,True,ok,1.7821822530392502,False,False,temporal_xy,True,ok,6.132770812980455,23.300989097949667,5.899010902050321
000056.jpg,,,,,,,,,,,,,,,,,,,,,,,,,,,,,,,,,,,,,101.656,1.0295320749282837,254506.45229634133,False,refined_freeze_alt_corrected_yaw,3364596.369214821,0.8166097352690008,True,ok,1.779268456686208,False,False,temporal_xy,True,ok,6.132770812980455,23.300989097949667,5.899010902050321
000056.jpg,,,,,,,,,,,,,,,,,,,,,,,,,,,,,,,,,,,,,101.656,0.9975716471672058,254506.45229634133,False,refined_freeze_alt_init_yaw,3364596.369214821,0.828423000284657,True,ok,1.6170635690761204,False,False,temporal_xy,True,ok,6.132770812980455,26.251218999999992,2.9487809999999968
000056.jpg,,,,,,,,,,,,,,,,,,,,,,,,,,,,,,,,,,,,,101.26267200000001,0.8596317172050476,254506.13234680437,True,temporal_predicted,3364600.362085407,0.872740535155138,True,ok,1.1992310818786005,True,True,ok,True,ok,2.817791605142461,29.930498,0.7304980000000114
000057.jpg,,,,,,,,,,,,,,,,,,,,,,,,,,,,,,,,,,,,,103.882,0.9635525345802307,254499.69524332203,True,init,3364599.9211164443,0.8328133078966605,True,disabled,1.571643663211611,False,True,disabled,True,init,5.357914343783149,32.532083,3.3320830000000115
000057.jpg,,,,,,,,,,,,,,,,,,,,,,,,,,,,,,,,,,,,,104.33341675717384,0.9997439980506897,254503.76643079627,False,raw_refined_full,3364602.4701635307,0.8191916130297573,False,pose_yaw_jump,8.66079455328463,False,False,temporal_xy,True,ok,0.5547666894103429,-144.14265845387376,173.34265845387375
000057.jpg,,,,,,,,,,,,,,,,,,,,,,,,,,,,,,,,,,,,,104.33341675717384,0.9980806708335876,254503.76643079627,False,refined_corrected_yaw,3364602.4701635307,0.8209032396098918,True,ok,1.8046493228513976,False,False,temporal_xy,True,ok,0.5547666894103429,35.857341546126236,6.657341546126247
000057.jpg,,,,,,,,,,,,,,,,,,,,,,,,,,,,,,,,,,,,,103.882,0.9979808330535889,254503.76643079624,False,refined_freeze_alt_corrected_yaw,3364602.47016353,0.820956727940521,True,ok,1.7954638850987399,False,False,temporal_xy,True,ok,0.5547666896710953,35.857341546126236,6.657341546126247
000057.jpg,,,,,,,,,,,,,,,,,,,,,,,,,,,,,,,,,,,,,103.882,0.9763651490211487,254503.76643079624,False,refined_freeze_alt_init_yaw,3364602.47016353,0.8274823042772835,True,ok,1.6334946451657097,False,False,temporal_xy,True,ok,0.5547666896710953,32.532083,3.3320830000000115
000057.jpg,,,,,,,,,,,,,,,,,,,,,,,,,,,,,,,,,,,,,101.96516600000001,0.8593922257423401,254506.6202068039,True,temporal_predicted,3364601.2350074067,0.8718063009253482,True,ok,1.4628870597475212,True,True,ok,True,ok,2.8177910073407118,29.930498,0.7304980000000114
000058.jpg,,,,,,,,,,,,,,,,,,,,,,,,,,,,,,,,,,,,,102.705,1.0276787281036377,254504.65716325736,True,init,3364606.8992046188,0.8181283632087238,True,disabled,1.5420480785338064,False,True,disabled,True,init,3.2762417550560237,25.37605400000001,3.823945999999978
000058.jpg,,,,,,,,,,,,,,,,,,,,,,,,,,,,,,,,,,,,,102.54823932796717,1.0638362169265747,254502.2062846458,False,raw_refined_full,3364609.054105765,0.8085421047004739,False,pose_yaw_jump,8.793919030321646,False,False,temporal_xy,True,ok,5.989239994333214,-158.44889047432173,172.35110952567828
000058.jpg,,,,,,,,,,,,,,,,,,,,,,,,,,,,,,,,,,,,,102.54823932796717,1.0640907287597656,254502.2062846458,False,refined_corrected_yaw,3364609.054105765,0.8092013827019707,True,ok,2.061705504664313,False,False,temporal_xy,True,ok,5.989239994333214,21.55110952567827,7.648890474321718
000058.jpg,,,,,,,,,,,,,,,,,,,,,,,,,,,,,,,,,,,,,102.705,1.0640907287597656,254502.2062846458,False,refined_freeze_alt_corrected_yaw,3364609.054105765,0.8092013827019707,True,ok,2.0585702912236563,False,False,temporal_xy,True,ok,5.989239994333214,21.55110952567827,7.648890474321718
000058.jpg,,,,,,,,,,,,,,,,,,,,,,,,,,,,,,,,,,,,,102.705,1.010899305343628,254502.2062846458,False,refined_freeze_alt_init_yaw,3364609.054105765,0.8182887281280068,True,ok,1.8447263613133331,False,False,temporal_xy,True,ok,5.989239994333214,25.37605400000001,3.823945999999978
000058.jpg,,,,,,,,,,,,,,,,,,,,,,,,,,,,,,,,,,,,,101.87841000000002,0.8563165068626404,254507.1080668042,True,temporal_predicted,3364602.1079294067,0.8716546096005132,True,ok,1.3383067524462484,True,True,ok,True,ok,2.817796233609577,29.930498,0.7304980000000114
000059.jpg,,,,,,,,,,,,,,,,,,,,,,,,,,,,,,,,,,,,,101.799,0.8151782751083374,254505.67038451316,True,init,3364605.833701678,0.8947106409458618,True,disabled,1.2799038495011639,True,True,disabled,True,init,1.41056856412715,29.804448000000008,0.6044480000000192
000059.jpg,,,,,,,,,,,,,,,,,,,,,,,,,,,,,,,,,,,,,101.89762334153056,0.889854907989502,254504.04350097958,False,raw_refined_full,3364606.1485965424,0.8627255756067206,False,pose_yaw_jump,8.766109614569924,False,False,temporal_xy,False,visual_overlap_worse,2.028355868807177,-149.5979671564689,178.7979671564689
000059.jpg,,,,,,,,,,,,,,,,,,,,,,,,,,,,,,,,,,,,,101.89762334153056,0.8944985270500183,254504.04350097958,False,refined_corrected_yaw,3364606.1485965424,0.8611432127300205,True,ok,1.5803526150921916,False,False,temporal_xy,False,visual_overlap_worse,2.028355868807177,30.40203284353109,1.2020328435311
000059.jpg,,,,,,,,,,,,,,,,,,,,,,,,,,,,,,,,,,,,,101.799,0.8944985270500183,254504.04350097958,False,refined_freeze_alt_corrected_yaw,3364606.1485965424,0.8611432127300205,True,ok,1.5783801482615805,False,False,temporal_xy,False,visual_overlap_worse,2.028355868807177,30.40203284353109,1.2020328435311
000059.jpg,,,,,,,,,,,,,,,,,,,,,,,,,,,,,,,,,,,,,101.799,0.8240190148353577,254504.04350097958,False,refined_freeze_alt_init_yaw,3364606.1485965424,0.8886478798115388,True,ok,1.4455550705994729,False,False,temporal_xy,True,ok,2.028355868807177,29.804448000000008,0.6044480000000192
000059.jpg,,,,,,,,,,,,,,,,,,,,,,,,,,,,,,,,,,,,,101.13608700000002,0.8598237633705139,254507.5959268039,True,temporal_predicted,3364602.980851407,0.8710818739443507,True,ok,1.3715586366668462,False,True,ok,True,ok,2.817795777398943,29.930498,0.7304980000000114
000060.jpg,,,,,,,,,,,,,,,,,,,,,,,,,,,,,,,,,,,,,97.483,0.8975259065628052,254507.4261682398,True,init,3364602.779450815,0.8587616926503341,True,disabled,1.3685164521751396,False,True,disabled,True,init,3.107998904696465,28.757492000000013,0.44250799999997525
000060.jpg,,,,,,,,,,,,,,,,,,,,,,,,,,,,,,,,,,,,,97.69105465710163,0.9616783261299133,254508.2399627402,False,raw_refined_full,3364599.688276463,0.8333541202672606,False,pose_yaw_jump,8.97802025179713,False,False,temporal_xy,True,ok,6.2198554187087804,-151.68858367441445,179.11141632558554
000060.jpg,,,,,,,,,,,,,,,,,,,,,,,,,,,,,,,,,,,,,97.69105465710163,0.9602606892585754,254508.2399627402,False,refined_corrected_yaw,3364599.688276463,0.8340311804008909,True,ok,1.8046630960624253,False,False,temporal_xy,True,ok,6.2198554187087804,28.311416325585554,0.8885836744144342
000060.jpg,,,,,,,,,,,,,,,,,,,,,,,,,,,,,,,,,,,,,97.483,0.9602606892585754,254508.23996274138,False,refined_freeze_alt_corrected_yaw,3364599.688276463,0.8340311804008909,True,ok,1.8005020029525483,False,False,temporal_xy,True,ok,6.219855419194433,28.311416325585554,0.8885836744144342
000060.jpg,,,,,,,,,,,,,,,,,,,,,,,,,,,,,,,,,,,,,97.483,0.9594847559928894,254508.23996274138,False,refined_freeze_alt_init_yaw,3364599.688276463,0.8339064587973274,True,ok,1.7819191729346042,False,False,temporal_xy,True,ok,6.219855419194433,28.757492000000013,0.44250799999997525
000060.jpg,,,,,,,,,,,,,,,,,,,,,,,,,,,,,,,,,,,,,98.53184200000001,0.8125928640365601,254506.15824451388,True,temporal_predicted,3364606.7066236776,0.8954476614699332,True,ok,1.2581771384158018,True,True,ok,True,ok,1.4105723614318884,29.804448000000008,0.6044480000000192
000061.jpg,,,,,,,,,,,,,,,,,,,,,,,,,,,,,,,,,,,,,99.708,0.9952539801597595,254505.5631732929,True,init,3364605.1846127613,0.8215537331222316,True,disabled,1.3668004592764798,False,True,disabled,True,init,1.2329916146010917,32.651178000000016,3.451178000000027
000061.jpg,,,,,,,,,,,,,,,,,,,,,,,,,,,,,,,,,,,,,99.98469323292375,0.9978267550468445,254506.2534424736,False,raw_refined_full,3364605.0405094307,0.8183338373685802,False,pose_yaw_jump,8.382290091078291,False,False,temporal_xy,True,ok,1.2034471799607354,-143.9017541090778,173.1017541090778
000061.jpg,,,,,,,,,,,,,,,,,,,,,,,,,,,,,,,,,,,,,99.98469323292375,0.9948105216026306,254506.2534424736,False,refined_corrected_yaw,3364605.0405094307,0.8200772063401705,True,ok,1.5435469007895124,False,False,temporal_xy,True,ok,1.2034471799607354,36.098245890922186,6.8982458909221975
000061.jpg,,,,,,,,,,,,,,,,,,,,,,,,,,,,,,,,,,,,,99.708,0.9948105216026306,254506.25344247362,False,refined_freeze_alt_corrected_yaw,3364605.04050943,0.8200772063401705,True,ok,1.5380130361600073,False,False,temporal_xy,True,ok,1.203447180427253,36.098245890922186,6.8982458909221975
000061.jpg,,,,,,,,,,,,,,,,,,,,,,,,,,,,,,,,,,,,,99.708,0.9848240613937378,254506.25344247362,False,refined_freeze_alt_init_yaw,3364605.04050943,0.8262323661786419,True,ok,1.3839410785227368,False,False,temporal_xy,True,ok,1.203447180427253,32.651178000000016,3.451178000000027
000061.jpg,,,,,,,,,,,,,,,,,,,,,,,,,,,,,,,,,,,,,98.292471,0.8275263905525208,254506.64610451533,True,temporal_predicted,3364607.5795456776,0.8922135449095405,True,ok,1.1559238033835018,True,True,ok,True,ok,1.410562720064595,29.804448000000008,0.6044480000000192
000062.jpg,,,,,,,,,,,,,,,,,,,,,,,,,,,,,,,,,,,,,99.639,0.9097986221313477,254505.43428045476,True,init,3364609.212182415,0.8563900103612133,True,disabled,1.253134512010606,False,True,disabled,True,init,2.4409705514998064,30.62631300000001,1.4263130000000217
000062.jpg,,,,,,,,,,,,,,,,,,,,,,,,,,,,,,,,,,,,,99.76614052895457,0.9791609048843384,254503.93755856567,False,raw_refined_full,3364611.0367187075,0.8292364857622637,False,pose_yaw_jump,8.7358081096213,False,False,temporal_xy,True,ok,4.78747726211527,-147.946050997542,177.14605099754198
000062.jpg,,,,,,,,,,,,,,,,,,,,,,,,,,,,,,,,,,,,,99.76614052895457,0.9852931499481201,254503.93755856567,False,refined_corrected_yaw,3364611.0367187075,0.8268962806816964,True,ok,1.6556833074381183,False,False,temporal_xy,True,ok,4.78747726211527,32.05394900245801,2.853949002458023
000062.jpg,,,,,,,,,,,,,,,,,,,,,,,,,,,,,,,,,,,,,99.639,0.9852931499481201,254503.93755856567,False,refined_freeze_alt_corrected_yaw,3364611.0367187075,0.8268962806816964,True,ok,1.6531404968590269,False,False,temporal_xy,True,ok,4.78747726211527,32.05394900245801,2.853949002458023
000062.jpg,,,,,,,,,,,,,,,,,,,,,,,,,,,,,,,,,,,,,99.639,0.9312893152236938,254503.93755856567,False,refined_freeze_alt_init_yaw,3364611.0367187075,0.8445817999928543,True,ok,1.5189915285333409,False,False,temporal_xy,True,ok,4.78747726211527,30.62631300000001,1.4263130000000217
000062.jpg,,,,,,,,,,,,,,,,,,,,,,,,,,,,,,,,,,,,,98.27017500000001,0.8123517036437988,254507.13396451494,True,temporal_predicted,3364608.452467677,0.8959233984779735,True,ok,1.1338693956364057,True,True,ok,True,ok,1.4105665313044695,29.804448000000008,0.6044480000000192
000063.jpg,,,,,,,,,,,,,,,,,,,,,,,,,,,,,,,,,,,,,99.455,0.9877394437789917,254510.31453358376,True,init,3364606.820709934,0.8247754103338036,True,disabled,1.4279905656315255,False,True,disabled,True,init,3.352405617664904,33.248964,4.048964000000012
000063.jpg,,,,,,,,,,,,,,,,,,,,,,,,,,,,,,,,,,,,,99.80973787978292,1.0013030767440796,254509.67556806875,False,raw_refined_full,3364603.3359287274,0.8172742047829116,False,pose_yaw_jump,8.684719517303813,False,False,temporal_xy,True,ok,5.2833058893117,-142.70209463347052,171.9020946334705
000063.jpg,,,,,,,,,,,,,,,,,,,,,,,,,,,,,,,,,,,,,99.80973787978292,1.0018078088760376,254509.67556806875,False,refined_corrected_yaw,3364603.3359287274,0.8187923059063064,True,ok,1.9271265301455267,False,False,temporal_xy,True,ok,5.2833058893117,37.29790536652948,8.097905366529488
000063.jpg,,,,,,,,,,,,,,,,,,,,,,,,,,,,,,,,,,,,,99.455,1.0018078088760376,254509.67556806986,False,refined_freeze_alt_corrected_yaw,3364603.3359287265,0.8187923059063064,True,ok,1.9200317726476825,False,False,temporal_xy,True,ok,5.28330589065588,37.29790536652948,8.097905366529488
000063.jpg,,,,,,,,,,,,,,,,,,,,,,,,,,,,,,,,,,,,,99.455,0.9776604175567627,254509.67556806986,False,refined_freeze_alt_init_yaw,3364603.3359287265,0.8284367130431677,True,ok,1.723982584159136,False,False,temporal_xy,True,ok,5.28330589065588,33.248964,4.048964000000012
000063.jpg,,,,,,,,,,,,,,,,,,,,,,,,,,,,,,,,,,,,,98.28673300000001,0.8157562613487244,254507.62182451543,True,temporal_predicted,3364609.325389677,0.8956082227500848,True,ok,1.2064051276794374,True,True,ok,True,ok,1.4105703487398193,29.804448000000008,0.6044480000000192
000064.jpg,,,,,,,,,,,,,,,,,,,,,,,,,,,,,,,,,,,,,99.315,0.9645676016807556,254510.07093405444,True,init,3364607.0016813395,0.8327895887857168,True,disabled,1.3931329722409247,False,True,disabled,True,init,3.044882971593019,31.724761,2.5247610000000122
000064.jpg,,,,,,,,,,,,,,,,,,,,,,,,,,,,,,,,,,,,,99.19293621648103,0.9837765693664551,254510.29502878722,False,raw_refined_full,3364603.8711105627,0.8270354569246764,False,pose_yaw_jump,8.772877336318487,False,False,temporal_xy,True,ok,5.643251475475913,-145.75066120000847,174.95066120000845
000064.jpg,,,,,,,,,,,,,,,,,,,,,,,,,,,,,,,,,,,,,99.19293621648103,0.9896542429924011,254510.29502878722,False,refined_corrected_yaw,3364603.8711105627,0.8253862976374,True,ok,1.8340799672041888,False,False,temporal_xy,True,ok,5.643251475475913,34.249338799991534,5.049338799991546
000064.jpg,,,,,,,,,,,,,,,,,,,,,,,,,,,,,,,,,,,,,99.315,0.9896542429924011,254510.29502878722,False,refined_freeze_alt_corrected_yaw,3364603.8711105627,0.8253862976374,True,ok,1.8316386915338094,False,False,temporal_xy,True,ok,5.643251475475913,34.249338799991534,5.049338799991546
000064.jpg,,,,,,,,,,,,,,,,,,,,,,,,,,,,,,,,,,,,,99.315,0.9554407596588135,254510.29502878722,False,refined_freeze_alt_init_yaw,3364603.8711105627,0.8352812533610583,True,ok,1.6852903433719069,False,False,temporal_xy,True,ok,5.643251475475913,31.724761,2.5247610000000122
000064.jpg,,,,,,,,,,,,,,,,,,,,,,,,,,,,,,,,,,,,,98.27909100000001,0.8178786039352417,254508.1096845165,True,temporal_predicted,3364610.1983116763,0.8931631592155738,True,ok,1.2014001146745923,True,True,ok,True,ok,1.4105741716591387,29.804448000000008,0.6044480000000192
000065.jpg,,,,,,,,,,,,,,,,,,,,,,,,,,,,,,,,,,,,,100.255,0.9911785125732422,254509.25475385156,True,init,3364608.0440785135,0.8294554234105338,True,disabled,1.3875079834237154,False,True,disabled,True,init,2.020437721659263,26.700466000000006,2.499533999999983
000065.jpg,,,,,,,,,,,,,,,,,,,,,,,,,,,,,,,,,,,,,100.43804270680994,1.0500507354736328,254509.52943506156,False,raw_refined_full,3364605.909745137,0.8151301081999464,False,pose_yaw_jump,8.686512525967041,False,False,temporal_xy,True,ok,4.0664554263749855,-155.7942199016027,175.00578009839728
000065.jpg,,,,,,,,,,,,,,,,,,,,,,,,,,,,,,,,,,,,,100.43804270680994,1.0527634620666504,254509.52943506156,False,refined_corrected_yaw,3364605.909745137,0.8155593311276044,True,ok,1.7819454009879487,False,False,temporal_xy,True,ok,4.0664554263749855,24.205780098397298,4.9942199016026905
000065.jpg,,,,,,,,,,,,,,,,,,,,,,,,,,,,,,,,,,,,,100.255,1.0527634620666504,254509.52943506156,False,refined_freeze_alt_corrected_yaw,3364605.9097451367,0.8155593311276044,True,ok,1.778284546897755,False,False,temporal_xy,True,ok,4.0664554268129445,24.205780098397298,4.9942199016026905
000065.jpg,,,,,,,,,,,,,,,,,,,,,,,,,,,,,,,,,,,,,100.255,0.9924384355545044,254509.52943506156,False,refined_freeze_alt_init_yaw,3364605.9097451367,0.827416614504158,True,ok,1.6057779082902481,False,False,temporal_xy,True,ok,4.0664554268129445,26.700466000000006,2.499533999999983
000065.jpg,,,,,,,,,,,,,,,,,,,,,,,,,,,,,,,,,,,,,98.28349800000001,0.8156816363334656,254508.59754451716,True,temporal_predicted,3364611.0712336767,0.8957345971563981,True,ok,1.183600051475939,True,True,ok,True,ok,1.4105674131688295,29.804448000000008,0.6044480000000192
000066.jpg,,,,,,,,,,,,,,,,,,,,,,,,,,,,,,,,,,,,,97.718,0.9662997722625732,254510.14593470003,True,init,3364610.5586843425,0.8309044686336293,True,disabled,1.2930235203735176,False,True,disabled,True,init,1.5110626615027245,31.63889900000001,2.4388990000000206
000066.jpg,,,,,,,,,,,,,,,,,,,,,,,,,,,,,,,,,,,,,98.00460703484714,0.9842051863670349,254509.0140371733,False,raw_refined_full,3364609.0109926625,0.8246562589515898,False,pose_yaw_jump,8.536577664263216,False,False,temporal_xy,True,ok,1.6404494126048619,-145.92871077680402,175.128710776804
000066.jpg,,,,,,,,,,,,,,,,,,,,,,,,,,,,,,,,,,,,,98.00460703484714,0.9952880144119263,254509.0140371733,False,refined_corrected_yaw,3364609.0109926625,0.8223467487825837,True,ok,1.5899423480020516,False,False,temporal_xy,True,ok,1.6404494126048619,34.071289223195976,4.871289223195987
000066.jpg,,,,,,,,,,,,,,,,,,,,,,,,,,,,,,,,,,,,,97.718,0.9952880144119263,254509.0140371733,False,refined_freeze_alt_corrected_yaw,3364609.0109926625,0.8223467487825837,True,ok,1.5842102073051088,False,False,temporal_xy,True,ok,1.6404494126048619,34.071289223195976,4.871289223195987
000066.jpg,,,,,,,,,,,,,,,,,,,,,,,,,,,,,,,,,,,,,97.718,0.9704295992851257,254509.0140371733,False,refined_freeze_alt_init_yaw,3364609.0109926625,0.8320144657691206,True,ok,1.4515215155773944,False,False,temporal_xy,True,ok,1.6404494126048619,31.63889900000001,2.4388990000000206
000066.jpg,,,,,,,,,,,,,,,,,,,,,,,,,,,,,,,,,,,,,98.48364300000001,0.8229146003723145,254509.0854045172,True,temporal_predicted,3364611.9441556763,0.8936730163276998,True,ok,1.0971820252870634,True,True,ok,True,ok,1.4105712474323269,29.804448000000008,0.6044480000000192
000067.jpg,,,,,,,,,,,,,,,,,,,,,,,,,,,,,,,,,,,,,99.694,0.90498286485672,254510.16717395943,True,init,3364607.979734102,0.8599214180311839,True,disabled,1.4131148671357565,False,True,disabled,True,init,3.652663712946468,28.336798999999985,0.8632010000000037
000067.jpg,,,,,,,,,,,,,,,,,,,,,,,,,,,,,,,,,,,,,99.75288769043982,0.9916260242462158,254511.9838062321,False,raw_refined_full,3364604.790793894,0.8266396430031824,False,pose_yaw_jump,9.049234254644999,False,False,temporal_xy,False,visual_overlap_worse,7.27519033675109,-152.52717338585813,178.27282661414188
000067.jpg,,,,,,,,,,,,,,,,,,,,,,,,,,,,,,,,,,,,,99.75288769043982,0.9825344681739807,254511.9838062321,False,refined_corrected_yaw,3364604.790793894,0.8296975838711398,True,ok,1.9236125846004404,False,False,temporal_xy,False,visual_overlap_worse,7.27519033675109,27.472826614141866,1.7271733858581229
000067.jpg,,,,,,,,,,,,,,,,,,,,,,,,,,,,,,,,,,,,,99.694,0.9825344681739807,254511.9838062321,False,refined_freeze_alt_corrected_yaw,3364604.790793894,0.8296975838711398,True,ok,1.9224348307916443,False,False,temporal_xy,False,visual_overlap_worse,7.27519033675109,27.472826614141866,1.7271733858581229
000067.jpg,,,,,,,,,,,,,,,,,,,,,,,,,,,,,,,,,,,,,99.694,0.9824842214584351,254511.9838062321,False,refined_freeze_alt_init_yaw,3364604.790793894,0.8293242306256333,True,ok,1.8881937663189279,False,False,temporal_xy,False,visual_overlap_worse,7.27519033675109,28.336798999999985,0.8632010000000037
000067.jpg,,,,,,,,,,,,,,,,,,,,,,,,,,,,,,,,,,,,,98.66452500000001,0.8105800151824951,254509.57326451805,True,temporal_predicted,3364612.8170776768,0.8975767596494035,True,ok,1.2917345093646027,True,True,ok,True,ok,1.4105722320733292,29.804448000000008,0.6044480000000192
000068.jpg,,,,,,,,,,,,,,,,,,,,,,,,,,,,,,,,,,,,,99.498,0.9850740432739258,254503.9030082926,True,init,3364610.2863399507,0.8258339729059203,True,disabled,1.5393122897081635,False,True,disabled,True,init,6.070978404380088,30.471406,1.2714060000000131
000068.jpg,,,,,,,,,,,,,,,,,,,,,,,,,,,,,,,,,,,,,99.57431411277503,0.9726760983467102,254508.3873142708,False,raw_refined_full,3364613.979709113,0.8309743516518822,False,pose_yaw_jump,8.676140132516602,False,False,temporal_yaw,True,ok,2.0357635285931193,-148.2583378602985,177.45833786029849
000068.jpg,,,,,,,,,,,,,,,,,,,,,,,,,,,,,,,,,,,,,99.57431411277503,0.9660171270370483,254508.3873142708,True,refined_corrected_yaw,3364613.979709113,0.8339193603084227,True,ok,1.5878191676667879,False,True,ok,True,ok,2.0357635285931193,31.741662139701504,2.541662139701515
000068.jpg,,,,,,,,,,,,,,,,,,,,,,,,,,,,,,,,,,,,,99.498,0.9660171270370483,254508.38731427075,True,refined_freeze_alt_corrected_yaw,3364613.9797091126,0.8339193603084227,True,ok,1.5862928853931355,False,True,ok,True,ok,2.0357635282560365,31.741662139701504,2.541662139701515
000068.jpg,,,,,,,,,,,,,,,,,,,,,,,,,,,,,,,,,,,,,99.498,0.8973690867424011,254508.38731427075,True,refined_freeze_alt_init_yaw,3364613.9797091126,0.8608171060381602,True,ok,1.4388966906723804,False,True,ok,True,ok,2.0357635282560365,30.471406,1.2714060000000131
000068.jpg,,,,,,,,,,,,,,,,,,,,,,,,,,,,,,,,,,,,,98.80622400000001,0.821540892124176,254510.0611245183,True,temporal_predicted,3364613.689999677,0.892694593678048,True,ok,1.3202761644182825,True,True,ok,True,ok,1.4105654927406477,29.804448000000008,0.6044480000000192
000069.jpg,,,,,,,,,,,,,,,,,,,,,,,,,,,,,,,,,,,,,99.581,0.7119081020355225,254510.59593040636,True,init,3364613.3614717303,0.9386076744895944,True,disabled,1.1420386648116312,True,True,disabled,True,init,0.5148464563544212,28.778048000000013,0.4219519999999761
000069.jpg,,,,,,,,,,,,,,,,,,,,,,,,,,,,,,,,,,,,,99.87709031812847,0.8397977352142334,254509.83417491234,False,raw_refined_full,3364612.855202048,0.8840387136162037,False,pose_yaw_jump,8.659652669803448,False,False,temporal_yaw,False,visual_chamfer_worse,0.45577173553153305,-151.64379293074214,179.1562070692579
000069.jpg,,,,,,,,,,,,,,,,,,,,,,,,,,,,,,,,,,,,,99.87709031812847,0.8337303996086121,254509.83417491234,False,refined_corrected_yaw,3364612.855202048,0.8865346285755329,True,ok,1.4662063092083586,False,True,ok,False,visual_chamfer_worse,0.45577173553153305,28.356207069257863,0.8437929307421257
000069.jpg,,,,,,,,,,,,,,,,,,,,,,,,,,,,,,,,,,,,,99.581,0.8337303996086121,254509.83417491234,False,refined_freeze_alt_corrected_yaw,3364612.855202048,0.8865346285755329,True,ok,1.4602845028457894,False,True,ok,False,visual_chamfer_worse,0.45577173553153305,28.356207069257863,0.8437929307421257
000069.jpg,,,,,,,,,,,,,,,,,,,,,,,,,,,,,,,,,,,,,99.581,0.730468213558197,254509.83417491234,True,refined_freeze_alt_init_yaw,3364612.855202048,0.9396670916306046,True,ok,1.2452285207642622,False,True,ok,True,ok,0.45577173553153305,28.778048000000013,0.4219519999999761
000069.jpg,,,,,,,,,,,,,,,,,,,,,,,,,,,,,,,,,,,,,98.68334600000001,0.8058295845985413,254510.54898451807,False,temporal_predicted,3364614.562921676,0.8981343484584583,True,ok,1.3323942935815922,False,True,ok,False,visual_chamfer_worse,1.4105693462058768,29.804448000000008,0.6044480000000192
000070.jpg,,,,,,,,,,,,,,,,,,,,,,,,,,,,,,,,,,,,,99.226,0.9426968693733215,254514.11795562058,True,init,3364614.5448238812,0.8366894777279468,True,disabled,1.3458817306619646,False,True,disabled,True,init,3.5589119870711006,30.281598000000002,1.0815980000000138
000070.jpg,,,,,,,,,,,,,,,,,,,,,,,,,,,,,,,,,,,,,99.47713644616306,0.9605630040168762,254511.849419882,False,raw_refined_full,3364611.3913277243,0.8352064609502028,False,pose_yaw_jump,8.675477017196167,False,False,temporal_xy,True,ok,2.9873696843512647,-148.64319241082558,177.84319241082557
000070.jpg,,,,,,,,,,,,,,,,,,,,,,,,,,,,,,,,,,,,,99.47713644616306,0.9465270638465881,254511.849419882,False,refined_corrected_yaw,3364611.3913277243,0.8370110958243251,True,ok,1.586606015329279,False,False,temporal_xy,True,ok,2.9873696843512647,31.356807589174423,2.1568075891744343
000070.jpg,,,,,,,,,,,,,,,,,,,,,,,,,,,,,,,,,,,,,99.226,0.9465270638465881,254511.849419882,False,refined_freeze_alt_corrected_yaw,3364611.3913277243,0.8370110958243251,True,ok,1.5815832864060178,False,False,temporal_xy,True,ok,2.9873696843512647,31.356807589174423,2.1568075891744343
000070.jpg,,,,,,,,,,,,,,,,,,,,,,,,,,,,,,,,,,,,,99.226,0.8897771239280701,254511.849419882,False,refined_freeze_alt_init_yaw,3364611.3913277243,0.8652062822734826,True,ok,1.450180153028393,False,False,temporal_xy,True,ok,2.9873696843512647,30.281598000000002,1.0815980000000138
000070.jpg,,,,,,,,,,,,,,,,,,,,,,,,,,,,,,,,,,,,,99.401323,0.7233588099479675,254511.08379040667,True,temporal_predicted,3364614.2343937308,0.9348008647953259,True,ok,1.0186059774241711,True,True,ok,True,ok,0.5148496785271974,28.778048000000013,0.4219519999999761
000071.jpg,,,,,,,,,,,,,,,,,,,,,,,,,,,,,,,,,,,,,100.401,0.9533565640449524,254507.9034518324,True,init,3364612.8441378423,0.8352382658545324,True,disabled,1.4021221333236475,False,True,disabled,True,init,3.8190885836541297,29.87061700000001,0.6706170000000213
000071.jpg,,,,,,,,,,,,,,,,,,,,,,,,,,,,,,,,,,,,,100.75457116123289,0.9036427736282349,254511.1847763094,False,raw_refined_full,3364614.2163590067,0.8585632389824436,False,pose_yaw_jump,8.47404934840312,False,False,temporal_yaw,True,ok,0.7634044447399133,-149.45782075802342,178.6578207580234
000071.jpg,,,,,,,,,,,,,,,,,,,,,,,,,,,,,,,,,,,,,100.75457116123289,0.8975826501846313,254511.1847763094,True,refined_corrected_yaw,3364614.2163590067,0.861286277319957,True,ok,1.36239743147809,False,True,ok,True,ok,0.7634044447399133,30.542179241976584,1.342179241976595
000071.jpg,,,,,,,,,,,,,,,,,,,,,,,,,,,,,,,,,,,,,100.401,0.8975826501846313,254511.1847763094,True,refined_freeze_alt_corrected_yaw,3364614.2163590067,0.861286277319957,True,ok,1.3553260082534322,False,True,ok,True,ok,0.7634044447399133,30.542179241976584,1.342179241976595
000071.jpg,,,,,,,,,,,,,,,,,,,,,,,,,,,,,,,,,,,,,100.401,0.7949714660644531,254511.1847763094,True,refined_freeze_alt_init_yaw,3364614.2163590067,0.9038516660695092,True,ok,1.17826664335892,False,True,ok,True,ok,0.7634044447399133,29.87061700000001,0.6706170000000213
000071.jpg,,,,,,,,,,,,,,,,,,,,,,,,,,,,,,,,,,,,,99.34163500000001,0.7201128005981445,254511.57165040774,True,temporal_predicted,3364615.10731573,0.9362414905051952,True,ok,1.0776508800756874,True,True,ok,True,ok,0.5148498044806463,28.778048000000013,0.4219519999999761
000072.jpg,,,,,,,,,,,,,,,,,,,,,,,,,,,,,,,,,,,,,98.462,0.7736610770225525,254510.71496848,True,init,3364616.8691949225,0.9147872816838334,True,disabled,1.185386568793027,False,True,disabled,True,init,1.3297943097600868,29.75713300000001,0.5571330000000216
000072.jpg,,,,,,,,,,,,,,,,,,,,,,,,,,,,,,,,,,,,,98.85401656944305,0.8864362835884094,254509.99754791244,False,raw_refined_full,3364617.7423500246,0.8650067174205105,False,pose_yaw_jump,8.68584980432821,False,False,temporal_xy,False,visual_chamfer_worse,2.459875453502856,-149.6877998228509,178.8877998228509
000072.jpg,,,,,,,,,,,,,,,,,,,,,,,,,,,,,,,,,,,,,98.85401656944305,0.881449282169342,254509.99754791244,False,refined_corrected_yaw,3364617.7423500246,0.8669592476489029,True,ok,1.5141084291465554,False,False,temporal_xy,False,visual_chamfer_worse,2.459875453502856,30.312200177149094,1.1122001771491057
000072.jpg,,,,,,,,,,,,,,,,,,,,,,,,,,,,,,,,,,,,,98.462,0.8814195990562439,254509.9975479137,False,refined_freeze_alt_corrected_yaw,3364617.742350024,0.8669592476489029,True,ok,1.5062297305615986,False,False,temporal_xy,False,visual_chamfer_worse,2.4598754523473008,30.312200177149094,1.1122001771491057
000072.jpg,,,,,,,,,,,,,,,,,,,,,,,,,,,,,,,,,,,,,98.462,0.8457959890365601,254509.9975479137,False,refined_freeze_alt_init_yaw,3364617.742350024,0.8841916703985669,True,ok,1.4207491221508306,False,False,temporal_xy,False,visual_overlap_worse,2.4598754523473008,29.75713300000001,0.5571330000000216
000072.jpg,,,,,,,,,,,,,,,,,,,,,,,,,,,,,,,,,,,,,99.41332100000001,0.7135646343231201,254512.05951040832,True,temporal_predicted,3364615.98023773,0.9390058217644425,True,ok,1.1025164518682258,True,True,ok,True,ok,0.5148439390411659,28.778048000000013,0.4219519999999761
000073.jpg,,,,,,,,,,,,,,,,,,,,,,,,,,,,,,,,,,,,,104.624,0.9718809127807617,254510.0530599298,True,init,3364617.545716725,0.8323553615513972,True,disabled,1.3587540517038579,True,True,disabled,True,init,2.162438500588091,31.86184,2.661840000000012
000073.jpg,,,,,,,,,,,,,,,,,,,,,,,,,,,,,,,,,,,,,104.59645504597574,1.0128599405288696,254509.64645395492,False,raw_refined_full,3364619.665405218,0.8186160506637089,False,pose_yaw_jump,8.595974837532143,False,False,temporal_xy,True,ok,3.803876778245704,-145.47667883500478,174.67667883500476
000073.jpg,,,,,,,,,,,,,,,,,,,,,,,,,,,,,,,,,,,,,104.59645504597574,1.009821891784668,254509.64645395492,False,refined_corrected_yaw,3364619.665405218,0.8199577802425847,True,ok,1.6976987457251207,False,False,temporal_xy,True,ok,3.803876778245704,34.523321164995224,5.323321164995235
000073.jpg,,,,,,,,,,,,,,,,,,,,,,,,,,,,,,,,,,,,,104.624,1.009821891784668,254509.64645395492,False,refined_freeze_alt_corrected_yaw,3364619.665405218,0.8199577802425847,True,ok,1.6971478466446355,False,False,temporal_xy,True,ok,3.803876778245704,34.523321164995224,5.323321164995235
000073.jpg,,,,,,,,,,,,,,,,,,,,,,,,,,,,,,,,,,,,,104.624,0.9897823333740234,254509.64645395492,False,refined_freeze_alt_init_yaw,3364619.665405218,0.8301191455866042,True,ok,1.5599078788238543,False,False,temporal_xy,True,ok,3.803876778245704,31.86184,2.661840000000012
000073.jpg,,,,,,,,,,,,,,,,,,,,,,,,,,,,,,,,,,,,,106.670933,0.7153500318527222,254512.5473704084,False,temporal_predicted,3364616.8531597303,0.9362767898672583,False,pose_alt_jump,1.0318182850787194,False,True,ok,True,ok,0.5148473550717989,28.778048000000013,0.4219519999999761
000074.jpg,,,,,,,,,,,,,,,,,,,,,,,,,,,,,,,,,,,,,106.243,0.9712345600128174,254510.99966365195,True,init,3364612.846860645,0.8283305589861999,True,disabled,1.519277639022265,True,True,disabled,True,init,4.987090912109113,28.458008000000007,0.741991999999982
000074.jpg,,,,,,,,,,,,,,,,,,,,,,,,,,,,,,,,,,,,,106.24199434369802,0.9990888833999634,254515.69670323606,False,raw_refined_full,3364611.2233964805,0.8221196012099733,False,pose_yaw_jump,9.016500264163723,False,False,temporal_xy,True,ok,7.107404202523748,-152.2826193424872,178.51738065751283
000074.jpg,,,,,,,,,,,,,,,,,,,,,,,,,,,,,,,,,,,,,106.24199434369802,0.995367169380188,254515.69670323606,False,refined_corrected_yaw,3364611.2233964805,0.8252340296049687,True,ok,1.9884075413924007,False,False,temporal_xy,True,ok,7.107404202523748,27.71738065751279,1.4826193424871974
000074.jpg,,,,,,,,,,,,,,,,,,,,,,,,,,,,,,,,,,,,,106.243,0.995367169380188,254515.69670323606,False,refined_freeze_alt_corrected_yaw,3364611.2233964805,0.8252340296049687,True,ok,1.9883874282663614,False,False,temporal_xy,True,ok,7.107404202523748,27.71738065751279,1.4826193424871974
000074.jpg,,,,,,,,,,,,,,,,,,,,,,,,,,,,,,,,,,,,,106.243,0.9783435463905334,254515.69670323606,False,refined_freeze_alt_init_yaw,3364611.2233964805,0.8273282142153967,True,ok,1.9391403315585598,False,False,temporal_xy,True,ok,7.107404202523748,28.458008000000007,0.741991999999982
000074.jpg,,,,,,,,,,,,,,,,,,,,,,,,,,,,,,,,,,,,,104.888989,0.9820706248283386,254510.54091993056,True,temporal_predicted,3364618.4186387244,0.8294223988258247,True,ok,1.5564230200366649,False,True,ok,True,ok,2.1624331699186117,31.86184,2.661840000000012
000075.jpg,,,,,,,,,,,,,,,,,,,,,,,,,,,,,,,,,,,,,107.088,1.00564706325531,254513.48358482402,True,init,3364615.0277581275,0.8185524245458446,True,disabled,1.4605517403318509,False,True,disabled,True,init,3.4660361893373532,36.447135,7.247135000000014
000075.jpg,,,,,,,,,,,,,,,,,,,,,,,,,,,,,,,,,,,,,107.46819736529142,1.0201905965805054,254516.21569089746,False,raw_refined_full,3364613.2543508313,0.8162280074381347,False,pose_yaw_jump,8.367268503542448,False,False,temporal_xy,True,ok,6.107943170038105,-136.3158641775657,165.51586417756567
000075.jpg,,,,,,,,,,,,,,,,,,,,,,,,,,,,,,,,,,,,,107.46819736529142,1.0260599851608276,254516.21569089746,False,refined_corrected_yaw,3364613.2543508313,0.8144221141467601,True,ok,2.0631539020497316,False,False,temporal_xy,True,ok,6.107943170038105,43.684135822434314,14.484135822434325
000075.jpg,,,,,,,,,,,,,,,,,,,,,,,,,,,,,,,,,,,,,107.088,1.0260770320892334,254516.2156908974,False,refined_freeze_alt_corrected_yaw,3364613.254350831,0.8144221141467601,True,ok,2.055566905957408,False,False,temporal_xy,True,ok,6.107943170404851,43.684135822434314,14.484135822434325
000075.jpg,,,,,,,,,,,,,,,,,,,,,,,,,,,,,,,,,,,,,107.088,1.0104981660842896,254516.2156908974,False,refined_freeze_alt_init_yaw,3364613.254350831,0.8184093834930625,True,ok,1.7466082185407734,False,False,temporal_xy,True,ok,6.107943170404851,36.447135,7.247135000000014
000075.jpg,,,,,,,,,,,,,,,,,,,,,,,,,,,,,,,,,,,,,106.466855,0.9725593328475952,254511.48752365238,True,temporal_predicted,3364613.7197826444,0.8313188385066514,True,ok,1.4273062952495938,True,True,ok,True,ok,4.987087039384736,28.458008000000007,0.741991999999982
000076.jpg,,,,,,,,,,,,,,,,,,,,,,,,,,,,,,,,,,,,,106.627,0.9408407807350159,254509.6782479821,True,init,3364620.349573616,0.838837304628326,True,disabled,1.4936196560557367,True,True,disabled,True,init,3.967545636953788,29.585217,0.38521700000001147
000076.jpg,,,,,,,,,,,,,,,,,,,,,,,,,,,,,,,,,,,,,106.58971785567701,0.9703361392021179,254510.43185805084,False,raw_refined_full,3364623.930793616,0.8317263994582168,False,pose_yaw_jump,9.040722967753316,False,False,temporal_xy,True,ok,5.532574345504428,-150.02956564591406,179.22956564591405
000076.jpg,,,,,,,,,,,,,,,,,,,,,,,,,,,,,,,,,,,,,106.58971785567701,0.9582756161689758,254510.43185805084,False,refined_corrected_yaw,3364623.930793616,0.8369838356115556,True,ok,1.8764683219703118,False,False,temporal_xy,True,ok,5.532574345504428,29.97043435408594,0.7704343540859497
000076.jpg,,,,,,,,,,,,,,,,,,,,,,,,,,,,,,,,,,,,,106.627,0.9582756161689758,254510.43185805084,False,refined_freeze_alt_corrected_yaw,3364623.930793616,0.8369838356115556,True,ok,1.8757226790838524,False,False,temporal_xy,True,ok,5.532574345504428,29.97043435408594,0.7704343540859497
000076.jpg,,,,,,,,,,,,,,,,,,,,,,,,,,,,,,,,,,,,,106.627,0.9595826864242554,254510.43185805084,False,refined_freeze_alt_init_yaw,3364623.930793616,0.8382313628343818,True,ok,1.860455715351002,False,False,temporal_xy,True,ok,5.532574345504428,29.585217,0.38521700000001147
000076.jpg,,,,,,,,,,,,,,,,,,,,,,,,,,,,,,,,,,,,,106.714379,0.9827092289924622,254511.97538365217,True,temporal_predicted,3364614.5927046435,0.8261481705904368,True,ok,1.552557468594838,False,True,ok,True,ok,4.987085920663921,28.458008000000007,0.741991999999982
000077.jpg,,,,,,,,,,,,,,,,,,,,,,,,,,,,,,,,,,,,,107.643,0.98265141248703,254508.56668620012,True,init,3364616.756323733,0.833261679564345,True,disabled,1.4131757196139334,False,True,disabled,True,init,6.439504465275706,29.123164000000003,0.07683599999998592
000077.jpg,,,,,,,,,,,,,,,,,,,,,,,,,,,,,,,,,,,,,107.66722519416362,0.7386658787727356,254514.15348689986,False,raw_refined_full,3364619.154268845,0.9459372312983663,False,pose_yaw_jump,8.522521264218112,False,False,temporal_xy,True,ok,1.0658805874865587,-150.95354786891565,179.84645213108433
000077.jpg,,,,,,,,,,,,,,,,,,,,,,,,,,,,,,,,,,,,,107.66722519416362,0.7369397282600403,254514.15348689986,False,refined_corrected_yaw,3364619.154268845,0.9458834909716252,True,ok,1.3454374485744791,False,False,temporal_xy,True,ok,1.0658805874865587,29.04645213108435,0.15354786891563776
000077.jpg,,,,,,,,,,,,,,,,,,,,,,,,,,,,,,,,,,,,,107.643,0.7369397282600403,254514.15348689986,False,refined_freeze_alt_corrected_yaw,3364619.154268845,0.9458834909716252,True,ok,1.3449529446912067,False,False,temporal_xy,True,ok,1.0658805874865587,29.04645213108435,0.15354786891563776
000077.jpg,,,,,,,,,,,,,,,,,,,,,,,,,,,,,,,,,,,,,107.643,0.7398718595504761,254514.15348689986,False,refined_freeze_alt_init_yaw,3364619.154268845,0.9518844941243909,True,ok,1.3388673644826437,False,False,temporal_xy,True,ok,1.0658805874865587,29.123164000000003,0.07683599999998592
000077.jpg,,,,,,,,,,,,,,,,,,,,,,,,,,,,,,,,,,,,,106.872306,0.9413488507270813,254510.1661079828,True,temporal_predicted,3364621.222495616,0.8396209515620522,True,ok,1.3801985743056455,True,True,ok,True,ok,3.9675435744232104,29.585217,0.38521700000001147
000078.jpg,,,,,,,,,,,,,,,,,,,,,,,,,,,,,,,,,,,,,107.526,1.0263375043869019,254519.39568650533,True,init,3364618.9678782835,0.8174588927981619,True,disabled,1.7555791004898087,True,True,disabled,True,init,5.341978595359967,35.026242999999994,5.826243000000005
000078.jpg,,,,,,,,,,,,,,,,,,,,,,,,,,,,,,,,,,,,,107.84384526498616,1.0251853466033936,254519.10153803922,False,raw_refined_full,3364613.3160391185,0.8148380842966899,False,pose_yaw_jump,8.95412323692786,False,False,temporal_xy,True,ok,9.032219790961284,-139.1501127498268,168.3501127498268
000078.jpg,,,,,,,,,,,,,,,,,,,,,,,,,,,,,,,,,,,,,107.84384526498616,1.0351053476333618,254519.10153803922,False,refined_corrected_yaw,3364613.3160391185,0.8108350685718388,True,ok,2.437982968138285,False,False,temporal_xy,True,ok,9.032219790961284,40.8498872501732,11.649887250173208
000078.jpg,,,,,,,,,,,,,,,,,,,,,,,,,,,,,,,,,,,,,107.526,1.0351053476333618,254519.1015380404,False,refined_freeze_alt_corrected_yaw,3364613.316039118,0.8108350685718388,True,ok,2.431626062916858,False,False,temporal_xy,True,ok,9.032219791970913,40.8498872501732,11.649887250173208
000078.jpg,,,,,,,,,,,,,,,,,,,,,,,,,,,,,,,,,,,,,107.526,1.0020267963409424,254519.1015380404,False,refined_freeze_alt_init_yaw,3364613.316039118,0.8232749335822503,True,ok,2.1540107265088637,False,False,temporal_xy,True,ok,9.032219791970913,35.026242999999994,5.826243000000005
000078.jpg,,,,,,,,,,,,,,,,,,,,,,,,,,,,,,,,,,,,,107.04080599999999,0.9280316829681396,254510.65396798303,False,temporal_predicted,3364622.0954176164,0.8433079629496661,False,pose_xy_jump,1.6436507775982743,False,True,ok,True,ok,3.967538848154478,29.585217,0.38521700000001147
000079.jpg,,,,,,,,,,,,,,,,,,,,,,,,,,,,,,,,,,,,,107.48,0.9298014044761658,254512.68114691807,True,init,3364619.2436964037,0.8498347463716052,True,disabled,1.62982802336838,True,True,disabled,True,init,3.5534432899799873,29.110874999999993,0.08912499999999568
000079.jpg,,,,,,,,,,,,,,,,,,,,,,,,,,,,,,,,,,,,,107.57648226246238,0.8824454545974731,254515.9830535777,False,raw_refined_full,3364619.3904133444,0.8635220577669205,False,pose_yaw_jump,8.527269048545069,False,False,temporal_xy,True,ok,2.75473854261111,-150.97609117522504,179.823908824775
000079.jpg,,,,,,,,,,,,,,,,,,,,,,,,,,,,,,,,,,,,,107.57648226246238,0.8786633610725403,254515.9830535777,False,refined_corrected_yaw,3364619.3904133444,0.8649590458399196,True,ok,1.5653364386414645,False,False,temporal_xy,True,ok,2.75473854261111,29.023908824774963,0.17609117522502515
000079.jpg,,,,,,,,,,,,,,,,,,,,,,,,,,,,,,,,,,,,,107.48,0.8786633610725403,254515.9830535777,False,refined_freeze_alt_corrected_yaw,3364619.3904133444,0.8649590458399196,True,ok,1.5634067933922169,False,False,temporal_xy,True,ok,2.75473854261111,29.023908824774963,0.17609117522502515
000079.jpg,,,,,,,,,,,,,,,,,,,,,,,,,,,,,,,,,,,,,107.48,0.8742183446884155,254515.9830535777,False,refined_freeze_alt_init_yaw,3364619.3904133444,0.8660906739474062,True,ok,1.5540159098977184,False,False,temporal_xy,True,ok,2.75473854261111,29.110874999999993,0.08912499999999568
000079.jpg,,,,,,,,,,,,,,,,,,,,,,,,,,,,,,,,,,,,,107.689972,1.0145461559295654,254519.88354650547,True,temporal_predicted,3364619.840800283,0.8200711309096135,True,ok,1.754933930460224,False,True,ok,True,ok,5.341980220984605,35.026242999999994,5.826243000000005
000080.jpg,,,,,,,,,,,,,,,,,,,,,,,,,,,,,,,,,,,,,106.869,0.9006134867668152,254517.99818890498,True,init,3364623.2168479743,0.85607691203903,True,disabled,1.4410963343024932,True,True,disabled,True,init,2.562157450642094,29.62284299999999,0.4228430000000003
000080.jpg,,,,,,,,,,,,,,,,,,,,,,,,,,,,,,,,,,,,,107.21521250531077,0.8576589822769165,254515.99269731413,False,raw_refined_full,3364621.1349677453,0.8787666810159277,False,pose_yaw_jump,8.547881278329601,False,False,temporal_xy,True,ok,1.7732669154969982,-149.95307286555143,179.15307286555142
000080.jpg,,,,,,,,,,,,,,,,,,,,,,,,,,,,,,,,,,,,,107.21521250531077,0.8525555729866028,254515.99269731413,False,refined_corrected_yaw,3364621.1349677453,0.8809190701678864,True,ok,1.3944677478101575,False,False,temporal_xy,True,ok,1.7732669154969982,30.046927134448566,0.8469271344485776
000080.jpg,,,,,,,,,,,,,,,,,,,,,,,,,,,,,,,,,,,,,106.869,0.8525555729866028,254515.9926973153,False,refined_freeze_alt_corrected_yaw,3364621.1349677453,0.8809190701678864,True,ok,1.3875434977183152,False,False,temporal_xy,True,ok,1.7732669158429777,30.046927134448566,0.8469271344485776
000080.jpg,,,,,,,,,,,,,,,,,,,,,,,,,,,,,,,,,,,,,106.869,0.7981825470924377,254515.9926973153,False,refined_freeze_alt_init_yaw,3364621.1349677453,0.8990170756206055,True,ok,1.292108807263756,False,False,temporal_xy,True,ok,1.7732669158429777,29.62284299999999,0.4228430000000003
000080.jpg,,,,,,,,,,,,,,,,,,,,,,,,,,,,,,,,,,,,,107.589709,0.9471228122711182,254513.16900691847,True,temporal_predicted,3364620.1166184032,0.8438441670253982,True,ok,1.5193850859017677,False,True,ok,True,ok,3.553444941148261,29.110874999999993,0.08912499999999568
000081.jpg,,,,,,,,,,,,,,,,,,,,,,,,,,,,,,,,,,,,,104.917,0.9718449115753174,254523.86934244988,True,init,3364627.516360666,0.8338935774567301,True,disabled,1.4993104648661426,True,True,disabled,True,init,8.787287317620725,28.915965999999997,0.28403399999999124
000081.jpg,,,,,,,,,,,,,,,,,,,,,,,,,,,,,,,,,,,,,105.20418254192919,0.8001953959465027,254515.95253849597,False,raw_refined_full,3364622.5513135637,0.9035724502932342,False,pose_xy_jump,8.715599164450929,False,False,temporal_xy,True,ok,1.1497302159134504,-151.36553247398118,179.4344675260188
000081.jpg,,,,,,,,,,,,,,,,,,,,,,,,,,,,,,,,,,,,,105.20418254192919,0.7921441197395325,254515.95253849597,False,refined_corrected_yaw,3364622.5513135637,0.9093477327993134,False,pose_xy_jump,1.552334312043036,False,False,temporal_xy,True,ok,1.1497302159134504,28.634467526018824,0.5655324739811647
000081.jpg,,,,,,,,,,,,,,,,,,,,,,,,,,,,,,,,,,,,,104.917,0.7921441197395325,254515.95253849597,False,refined_freeze_alt_corrected_yaw,3364622.551313564,0.9093477327993134,False,pose_xy_jump,1.5465906611799967,False,False,temporal_xy,True,ok,1.1497302154477893,28.634467526018824,0.5655324739811647
000081.jpg,,,,,,,,,,,,,,,,,,,,,,,,,,,,,,,,,,,,,104.917,0.7244662046432495,254515.95253849597,False,refined_freeze_alt_init_yaw,3364622.551313564,0.9346123587469604,False,pose_xy_jump,1.4404275003508582,False,False,temporal_xy,True,ok,1.1497302154477893,28.915965999999997,0.28403399999999124
000081.jpg,,,,,,,,,,,,,,,,,,,,,,,,,,,,,,,,,,,,,106.942506,0.8907498121261597,254518.48604890477,False,temporal_predicted,3364624.0897699744,0.8569410670862537,False,pose_alt_jump,1.4333286088959885,False,True,ok,True,ok,2.56215919257842,29.62284299999999,0.4228430000000003
000082.jpg,,,,,,,,,,,,,,,,,,,,,,,,,,,,,,,,,,,,,107.569,1.0078002214431763,254513.8161415884,True,init,3364626.4407482594,0.8235758075502815,True,disabled,1.7953948526626622,True,True,disabled,True,init,3.2213205333053527,33.065391000000005,3.8653910000000167
000082.jpg,,,,,,,,,,,,,,,,,,,,,,,,,,,,,,,,,,,,,107.95670120418072,1.057157278060913,254512.99982799817,False,raw_refined_full,3364629.1970059327,0.8121571720503352,False,pose_yaw_jump,8.940331186015264,False,False,temporal_xy,True,ok,5.763418726604788,-143.07981913895415,172.27981913895414
000082.jpg,,,,,,,,,,,,,,,,,,,,,,,,,,,,,,,,,,,,,107.95670120418072,1.0522907972335815,254512.99982799817,False,refined_corrected_yaw,3364629.1970059327,0.8125873875165812,True,ok,2.1895259682131765,False,False,temporal_xy,True,ok,5.763418726604788,36.92018086104585,7.720180861045861
000082.jpg,,,,,,,,,,,,,,,,,,,,,,,,,,,,,,,,,,,,,107.569,1.0522907972335815,254512.99982799817,False,refined_freeze_alt_corrected_yaw,3364629.1970059336,0.8125873875165812,True,ok,2.1817719441775143,False,False,temporal_xy,True,ok,5.7634187273518345,36.92018086104585,7.720180861045861
000082.jpg,,,,,,,,,,,,,,,,,,,,,,,,,,,,,,,,,,,,,107.569,1.0251368284225464,254512.99982799817,False,refined_freeze_alt_init_yaw,3364629.1970059336,0.8184669988886101,True,ok,1.99475693716846,False,False,temporal_xy,True,ok,5.7634187273518345,33.065391000000005,3.8653910000000167
000082.jpg,,,,,,,,,,,,,,,,,,,,,,,,,,,,,,,,,,,,,104.960071,0.9738660454750061,254524.3572024503,False,temporal_predicted,3364628.3892826657,0.8351736994944968,False,pose_xy_jump,1.8023040101450796,False,True,ok,True,ok,8.787291626432735,28.915965999999997,0.28403399999999124
000083.jpg,,,,,,,,,,,,,,,,,,,,,,,,,,,,,,,,,,,,,107.911,0.9391739964485168,254519.72297610994,True,init,3364628.1180878044,0.8374711368070596,True,disabled,1.5153663283868124,False,True,disabled,True,init,3.8652456282868726,29.119405,0.0805949999999882
000083.jpg,,,,,,,,,,,,,,,,,,,,,,,,,,,,,,,,,,,,,108.18824307620525,0.8273887634277344,254515.4581750279,False,raw_refined_full,3364627.087537512,0.8753110064975747,False,pose_yaw_jump,8.407457761584098,False,False,temporal_yaw,True,ok,2.2036066272332246,-150.9559577406247,179.84404225937533
000083.jpg,,,,,,,,,,,,,,,,,,,,,,,,,,,,,,,,,,,,,108.18824307620525,0.8160215020179749,254515.4581750279,True,refined_corrected_yaw,3364627.087537512,0.8814326883491148,True,ok,1.3531010720501608,False,True,ok,True,ok,2.2036066272332246,29.04404225937529,0.15595774062470014
000083.jpg,,,,,,,,,,,,,,,,,,,,,,,,,,,,,,,,,,,,,107.911,0.8160215020179749,254515.4581750279,True,refined_freeze_alt_corrected_yaw,3364627.087537512,0.8814326883491148,True,ok,1.347556210526056,True,True,ok,True,ok,2.2036066272332246,29.04404225937529,0.15595774062470014
000083.jpg,,,,,,,,,,,,,,,,,,,,,,,,,,,,,,,,,,,,,107.911,0.8180729746818542,254515.4581750279,True,refined_freeze_alt_init_yaw,3364627.087537512,0.878353947768808,True,ok,1.3498047786453473,False,True,ok,True,ok,2.2036066272332246,29.119405,0.0805949999999882
000083.jpg,,,,,,,,,,,,,,,,,,,,,,,,,,,,,,,,,,,,,107.55169500000001,1.021633267402649,254514.30400158837,True,temporal_predicted,3364627.313670259,0.8189628940161455,True,ok,1.6288604519062724,False,True,ok,True,ok,3.2213274764114863,33.065391000000005,3.8653910000000167
000084.jpg,,,,,,,,,,,,,,,,,,,,,,,,,,,,,,,,,,,,,108.24,0.9338825345039368,254518.4376644952,True,init,3364630.205640848,0.8423102464238922,True,disabled,1.3363139654964484,False,True,disabled,True,init,4.017617534597836,28.497735000000006,0.7022649999999828
000084.jpg,,,,,,,,,,,,,,,,,,,,,,,,,,,,,,,,,,,,,108.28827733080834,0.9661827683448792,254514.30808376215,False,raw_refined_full,3364631.4694354446,0.8324389324622646,False,pose_yaw_jump,8.795921459129323,False,False,temporal_xy,True,ok,6.015389330173804,-152.21621979904813,178.58378020095188
000084.jpg,,,,,,,,,,,,,,,,,,,,,,,,,,,,,,,,,,,,,108.28827733080834,0.9618486166000366,254514.30808376215,False,refined_corrected_yaw,3364631.4694354446,0.8337850207297594,True,ok,1.6461647149978333,False,False,temporal_xy,True,ok,6.015389330173804,27.783780200951867,1.4162197990481218
000084.jpg,,,,,,,,,,,,,,,,,,,,,,,,,,,,,,,,,,,,,108.24,0.9618486166000366,254514.30808376215,False,refined_freeze_alt_corrected_yaw,3364631.4694354446,0.8337850207297594,True,ok,1.6451991683816665,False,False,temporal_xy,True,ok,6.015389330173804,27.783780200951867,1.4162197990481218
000084.jpg,,,,,,,,,,,,,,,,,,,,,,,,,,,,,,,,,,,,,108.24,0.9485909342765808,254514.30808376215,False,refined_freeze_alt_init_yaw,3364631.4694354446,0.8410359495306639,True,ok,1.5951937415164867,False,False,temporal_xy,True,ok,6.015389330173804,28.497735000000006,0.7022649999999828
000084.jpg,,,,,,,,,,,,,,,,,,,,,,,,,,,,,,,,,,,,,107.892328,0.8193588256835938,254515.94603502785,True,temporal_predicted,3364627.9604595117,0.8819929285496347,True,ok,1.1809529098512717,True,True,ok,True,ok,2.203606548553758,29.04404225937529,0.15595774062470014
000085.jpg,,,,,,,,,,,,,,,,,,,,,,,,,,,,,,,,,,,,,107.49,0.9515025615692139,254521.7302468302,True,init,3364627.7690560403,0.8396501457725948,True,disabled,1.4589974744415248,False,True,disabled,True,init,3.868432721461126,27.617245999999994,1.5827539999999942
000085.jpg,,,,,,,,,,,,,,,,,,,,,,,,,,,,,,,,,,,,,107.85291844420135,1.0149414539337158,254518.46400819047,False,raw_refined_full,3364624.700646028,0.8231652449339524,False,pose_yaw_jump,8.845228363889078,False,False,temporal_xy,True,ok,2.5540143190255034,-153.97175703759808,176.82824296240193
000085.jpg,,,,,,,,,,,,,,,,,,,,,,,,,,,,,,,,,,,,,107.85291844420135,1.0158593654632568,254518.46400819047,False,refined_corrected_yaw,3364624.700646028,0.8239031062160314,True,ok,1.7973831438312422,False,False,temporal_xy,True,ok,2.5540143190255034,26.02824296240192,3.17175703759807
000085.jpg,,,,,,,,,,,,,,,,,,,,,,,,,,,,,,,,,,,,,107.49,1.0156748294830322,254518.46400819047,False,refined_freeze_alt_corrected_yaw,3364624.7006460275,0.8239570960659396,True,ok,1.7898768434805157,False,False,temporal_xy,True,ok,2.5540143194798732,26.02824296240192,3.17175703759807
000085.jpg,,,,,,,,,,,,,,,,,,,,,,,,,,,,,,,,,,,,,107.49,0.9345219731330872,254518.46400819047,False,refined_freeze_alt_init_yaw,3364624.7006460275,0.8481805420580931,True,ok,1.616804113739717,False,False,temporal_xy,True,ok,2.5540143194798732,27.617245999999994,1.5827539999999942
000085.jpg,,,,,,,,,,,,,,,,,,,,,,,,,,,,,,,,,,,,,107.754085,0.8178440928459167,254516.43389502855,True,temporal_predicted,3364628.8333815117,0.8809523809523809,True,ok,1.2825059892909176,True,True,ok,True,ok,2.203598320334246,29.04404225937529,0.15595774062470014
000086.jpg,,,,,,,,,,,,,,,,,,,,,,,,,,,,,,,,,,,,,104.627,0.9633691310882568,254516.69486906493,True,init,3364626.157512979,0.8349875930521092,True,disabled,1.386607197859646,True,True,disabled,True,init,2.5542374936715295,31.23369199999999,2.033692000000002
000086.jpg,,,,,,,,,,,,,,,,,,,,,,,,,,,,,,,,,,,,,104.90059345774353,1.0114657878875732,254518.83328772098,False,raw_refined_full,3364626.52426999,0.8195598230661344,False,pose_yaw_jump,8.64049881072263,False,False,temporal_xy,True,ok,1.6030698081078991,-146.730898542119,175.930898542119
000086.jpg,,,,,,,,,,,,,,,,,,,,,,,,,,,,,,,,,,,,,104.90059345774353,1.0215790271759033,254518.83328772098,False,refined_corrected_yaw,3364626.52426999,0.8154241737691948,True,ok,1.6697647662056063,False,False,temporal_xy,True,ok,1.6030698081078991,33.26910145788099,4.069101457881004
000086.jpg,,,,,,,,,,,,,,,,,,,,,,,,,,,,,,,,,,,,,104.627,1.021539568901062,254518.8332877222,False,refined_freeze_alt_corrected_yaw,3364626.52426999,0.8154421548530946,True,ok,1.6642339574336882,False,False,temporal_xy,True,ok,1.6030698084437367,33.26910145788099,4.069101457881004
000086.jpg,,,,,,,,,,,,,,,,,,,,,,,,,,,,,,,,,,,,,104.627,0.9557376503944397,254518.8332877222,False,refined_freeze_alt_init_yaw,3364626.52426999,0.836713777106484,True,ok,1.493242005261077,False,False,temporal_xy,True,ok,1.6030698084437367,31.23369199999999,2.033692000000002
000086.jpg,,,,,,,,,,,,,,,,,,,,,,,,,,,,,,,,,,,,,107.60552200000001,0.8139693737030029,254516.92175502874,False,temporal_predicted,3364629.706303511,0.8800841514726507,False,pose_alt_jump,1.2460005889354422,False,True,ok,True,ok,2.203604695436002,29.04404225937529,0.15595774062470014
000087.jpg,,,,,,,,,,,,,,,,,,,,,,,,,,,,,,,,,,,,,108.323,0.8681350946426392,254520.58013813235,True,init,3364628.2957548373,0.8713724088634739,True,disabled,1.333051204673009,True,True,disabled,True,init,1.8169398444817435,30.075975999999997,0.8759760000000085
000087.jpg,,,,,,,,,,,,,,,,,,,,,,,,,,,,,,,,,,,,,108.74909560289234,0.9330829381942749,254519.8100154711,False,raw_refined_full,3364626.0113905864,0.8433523945675483,False,pose_yaw_jump,8.718793758046619,False,False,temporal_xy,True,ok,3.071152808234709,-149.04875414138354,178.24875414138353
000087.jpg,,,,,,,,,,,,,,,,,,,,,,,,,,,,,,,,,,,,,108.74909560289234,0.9334937930107117,254519.8100154711,False,refined_corrected_yaw,3364626.0113905864,0.8436740528949249,True,ok,1.5247224784860662,False,False,temporal_xy,True,ok,3.071152808234709,30.95124585861646,1.7512458586164712
000087.jpg,,,,,,,,,,,,,,,,,,,,,,,,,,,,,,,,,,,,,108.323,0.9335011839866638,254519.81001547235,False,refined_freeze_alt_corrected_yaw,3364626.011390586,0.8436740528949249,True,ok,1.5162090801212527,False,False,temporal_xy,True,ok,3.071152809057224,30.95124585861646,1.7512458586164712
000087.jpg,,,,,,,,,,,,,,,,,,,,,,,,,,,,,,,,,,,,,108.323,0.8777509927749634,254519.81001547235,False,refined_freeze_alt_init_yaw,3364626.011390586,0.8665296640457469,True,ok,1.4291351329582807,False,False,temporal_xy,True,ok,3.071152809057224,30.075975999999997,0.8759760000000085
000087.jpg,,,,,,,,,,,,,,,,,,,,,,,,,,,,,,,,,,,,,104.48454,0.9624306559562683,254517.18272906542,False,temporal_predicted,3364627.030434979,0.8360257326661902,False,pose_alt_jump,1.5537856148928633,False,True,ok,False,visual_chamfer_worse,2.5542328457709838,31.23369199999999,2.033692000000002
000088.jpg,,,,,,,,,,,,,,,,,,,,,,,,,,,,,,,,,,,,,106.847,0.9828149080276489,254520.48326827053,True,init,3364622.3872068333,0.8265693956588309,True,disabled,1.5175302636040273,False,True,disabled,True,init,7.507507308845879,30.264377999999994,1.064378000000005
000088.jpg,,,,,,,,,,,,,,,,,,,,,,,,,,,,,,,,,,,,,107.30795255862176,0.993071436882019,254525.89493959167,False,raw_refined_full,3364617.316368612,0.8253264883364856,False,pose_yaw_jump,9.373662457793696,False,False,temporal_xy,True,ok,14.096873081731545,-148.6704774321909,177.87047743219088
000088.jpg,,,,,,,,,,,,,,,,,,,,,,,,,,,,,,,,,,,,,107.30795255862176,0.9881216883659363,254525.89493959167,False,refined_corrected_yaw,3364617.316368612,0.8258308565252634,True,ok,2.2458462304647515,False,False,temporal_xy,True,ok,14.096873081731545,31.329522567809107,2.1295225678091185
000088.jpg,,,,,,,,,,,,,,,,,,,,,,,,,,,,,,,,,,,,,106.847,0.9881240129470825,254525.89493959167,False,refined_freeze_alt_corrected_yaw,3364617.316368611,0.8258308565252634,True,ok,2.236629544595086,False,False,temporal_xy,True,ok,14.096873082557046,31.329522567809107,2.1295225678091185
000088.jpg,,,,,,,,,,,,,,,,,,,,,,,,,,,,,,,,,,,,,106.847,0.9968429207801819,254525.89493959167,False,refined_freeze_alt_init_yaw,3364617.316368611,0.8247860938485094,True,ok,2.2039398875820377,False,False,temporal_xy,True,ok,14.096873082557046,30.264377999999994,1.064378000000005
000088.jpg,,,,,,,,,,,,,,,,,,,,,,,,,,,,,,,,,,,,,108.126745,0.8664646744728088,254521.06799813366,True,temporal_predicted,3364629.1686768373,0.8727911375303972,True,ok,1.3785187364733251,True,True,ok,True,ok,1.8169460083942437,30.075975999999997,0.8759760000000085
000089.jpg,,,,,,,,,,,,,,,,,,,,,,,,,,,,,,,,,,,,,108.293,1.0128912925720215,254524.68548927052,True,init,3364636.205301124,0.8224728787987643,True,disabled,1.5871474520451436,False,True,disabled,True,init,7.334846152980117,26.876780999999994,2.3232189999999946
000089.jpg,,,,,,,,,,,,,,,,,,,,,,,,,,,,,,,,,,,,,108.30248698499054,1.0331312417984009,254517.10324932964,False,raw_refined_full,3364635.7152591255,0.8174437818808823,False,pose_yaw_jump,8.99717768057575,False,False,temporal_xy,True,ok,5.734926250150823,-155.44683046814785,175.35316953185213
000089.jpg,,,,,,,,,,,,,,,,,,,,,,,,,,,,,,,,,,,,,108.30248698499054,1.0341616868972778,254517.10324932964,False,refined_corrected_yaw,3364635.7152591255,0.819257848983404,True,ok,2.099373991113023,False,False,temporal_xy,True,ok,5.734926250150823,24.55316953185215,4.64683046814784
000089.jpg,,,,,,,,,,,,,,,,,,,,,,,,,,,,,,,,,,,,,108.293,1.0341616868972778,254517.10324932964,False,refined_freeze_alt_corrected_yaw,3364635.7152591255,0.819257848983404,True,ok,2.099184251413212,False,False,temporal_xy,True,ok,5.734926250150823,24.55316953185215,4.64683046814784
000089.jpg,,,,,,,,,,,,,,,,,,,,,,,,,,,,,,,,,,,,,108.293,0.9630566239356995,254517.10324932964,False,refined_freeze_alt_init_yaw,3364635.7152591255,0.8315791364322149,True,ok,1.9237184122146624,False,False,temporal_xy,True,ok,5.734926250150823,26.876780999999994,2.3232189999999946
000089.jpg,,,,,,,,,,,,,,,,,,,,,,,,,,,,,,,,,,,,,107.913417,0.8637193441390991,254521.5558581331,True,temporal_predicted,3364630.041598838,0.8727997700984266,True,ok,1.3971388168502499,True,True,ok,True,ok,1.8169394888075492,30.075975999999997,0.8759760000000085
000090.jpg,,,,,,,,,,,,,,,,,,,,,,,,,,,,,,,,,,,,,106.638,0.9879341721534729,254513.7512759876,True,init,3364633.2687469604,0.8298901020480982,True,disabled,1.6220999928794713,True,True,disabled,True,init,6.811513605774411,31.125107000000014,1.9251070000000254
000090.jpg,,,,,,,,,,,,,,,,,,,,,,,,,,,,,,,,,,,,,106.96472115255892,1.0532407760620117,254515.073741221,False,raw_refined_full,3364639.772200742,0.8103368300863484,False,pose_yaw_jump,9.284506182660023,False,False,temporal_xy,True,ok,9.760258698237337,-146.95309197502596,176.15309197502594
000090.jpg,,,,,,,,,,,,,,,,,,,,,,,,,,,,,,,,,,,,,106.96472115255892,1.0553722381591797,254515.073741221,False,refined_corrected_yaw,3364639.772200742,0.8103368300863484,True,ok,2.2576996175014665,False,False,temporal_xy,True,ok,9.760258698237337,33.046908024974044,3.8469080249740557
000090.jpg,,,,,,,,,,,,,,,,,,,,,,,,,,,,,,,,,,,,,106.638,1.0553722381591797,254515.073741221,False,refined_freeze_alt_corrected_yaw,3364639.772200742,0.8103368300863484,True,ok,2.251165194450288,False,False,temporal_xy,True,ok,9.760258698237337,33.046908024974044,3.8469080249740557
000090.jpg,,,,,,,,,,,,,,,,,,,,,,,,,,,,,,,,,,,,,106.638,1.0201364755630493,254515.073741221,False,refined_freeze_alt_init_yaw,3364639.772200742,0.812281452936559,True,ok,2.1366824269382336,False,False,temporal_xy,True,ok,9.760258698237337,31.125107000000014,1.9251070000000254
000090.jpg,,,,,,,,,,,,,,,,,,,,,,,,,,,,,,,,,,,,,107.656949,0.8753829002380371,254522.04371813324,False,temporal_predicted,3364630.9145208374,0.8719760222650396,False,pose_xy_jump,1.4864671706676802,False,True,ok,True,ok,1.8169421106950576,30.075975999999997,0.8759760000000085
000091.jpg,,,,,,,,,,,,,,,,,,,,,,,,,,,,,,,,,,,,,104.854,0.85982346534729,254520.45449511916,True,init,3364633.0895229126,0.8797662370256171,True,disabled,1.4560047536177854,True,True,disabled,True,init,0.7597707093780388,30.096019000000013,0.8960190000000239
000091.jpg,,,,,,,,,,,,,,,,,,,,,,,,,,,,,,,,,,,,,104.89794061798602,0.9517691135406494,254519.92308557886,False,raw_refined_full,3364633.6300462107,0.8420845060323038,False,pose_yaw_jump,8.815200622013046,False,False,temporal_xy,False,visual_overlap_worse,1.5052850892556924,-149.0086820731388,178.2086820731388
000091.jpg,,,,,,,,,,,,,,,,,,,,,,,,,,,,,,,,,,,,,104.89794061798602,0.9592357873916626,254519.92308557886,False,refined_corrected_yaw,3364633.6300462107,0.84007672588423,True,ok,1.6202496816125016,False,False,temporal_xy,False,visual_chamfer_worse,1.5052850892556924,30.9913179268612,1.7913179268612112
000091.jpg,,,,,,,,,,,,,,,,,,,,,,,,,,,,,,,,,,,,,104.854,0.9592357873916626,254519.92308557886,False,refined_freeze_alt_corrected_yaw,3364633.6300462107,0.84007672588423,True,ok,1.6193708692527813,False,False,temporal_xy,False,visual_chamfer_worse,1.5052850892556924,30.9913179268612,1.7913179268612112
000091.jpg,,,,,,,,,,,,,,,,,,,,,,,,,,,,,,,,,,,,,104.854,0.8561213612556458,254519.92308557886,False,refined_freeze_alt_init_yaw,3364633.6300462107,0.8796945305917574,True,ok,1.4598279516683124,False,False,temporal_xy,True,ok,1.5052850892556924,30.096019000000013,0.8960190000000239
000091.jpg,,,,,,,,,,,,,,,,,,,,,,,,,,,,,,,,,,,,,106.38118,0.9849734306335449,254514.23913598718,False,temporal_predicted,3364634.1416689605,0.8304680637470196,True,ok,1.6813996204441446,False,True,ok,False,visual_chamfer_worse,6.8115104860898645,31.125107000000014,1.9251070000000254
000092.jpg,,,,,,,,,,,,,,,,,,,,,,,,,,,,,,,,,,,,,106.513,0.8119949698448181,254519.98531239422,True,init,3364634.3531368845,0.9051874181335343,True,disabled,1.1691076957245568,True,True,disabled,True,init,1.6981790925085674,28.965555999999992,0.23444399999999632
000092.jpg,,,,,,,,,,,,,,,,,,,,,,,,,,,,,,,,,,,,,107.10478409565985,0.856736421585083,254519.73191939015,False,raw_refined_full,3364635.690661223,0.87719581561429,False,pose_yaw_jump,8.565453144675386,False,False,temporal_xy,True,ok,2.8674149547308385,-151.26319076965822,179.53680923034176
000092.jpg,,,,,,,,,,,,,,,,,,,,,,,,,,,,,,,,,,,,,107.10478409565985,0.8705137968063354,254519.73191939015,False,refined_corrected_yaw,3364635.690661223,0.8702517449893237,True,ok,1.418974268157791,False,False,temporal_xy,False,visual_overlap_worse,2.8674149547308385,28.736809230341777,0.4631907696582118
000092.jpg,,,,,,,,,,,,,,,,,,,,,,,,,,,,,,,,,,,,,106.513,0.8705137968063354,254519.73191939015,False,refined_freeze_alt_corrected_yaw,3364635.690661223,0.8702517449893237,True,ok,1.4071385862445942,False,False,temporal_xy,False,visual_overlap_worse,2.8674149547308385,28.736809230341777,0.4631907696582118
000092.jpg,,,,,,,,,,,,,,,,,,,,,,,,,,,,,,,,,,,,,106.513,0.8551203012466431,254519.73191939015,False,refined_freeze_alt_init_yaw,3364635.690661223,0.8679011681111052,True,ok,1.3813816680514048,False,False,temporal_xy,False,visual_overlap_worse,2.8674149547308385,28.965555999999992,0.23444399999999632
000092.jpg,,,,,,,,,,,,,,,,,,,,,,,,,,,,,,,,,,,,,104.553851,0.8457962274551392,254520.94235511968,True,temporal_predicted,3364633.962444912,0.882184062729899,True,ok,1.2729214535453297,False,True,ok,True,ok,0.7597666494923337,30.096019000000013,0.8960190000000239
000093.jpg,,,,,,,,,,,,,,,,,,,,,,,,,,,,,,,,,,,,,106.528,0.8850154280662537,254522.75826978098,True,init,3364634.135284934,0.8668826493880489,True,disabled,1.2844802344900814,False,True,disabled,True,init,0.9512814974057557,30.203485999999998,1.0034860000000094
000093.jpg,,,,,,,,,,,,,,,,,,,,,,,,,,,,,,,,,,,,,106.72532342281193,0.970686674118042,254521.9732126511,False,raw_refined_full,3364633.079489809,0.8321634269258459,False,pose_yaw_jump,8.64438901380041,False,False,temporal_xy,False,visual_overlap_worse,1.1090102513877043,-148.79080258191172,177.9908025819117
000093.jpg,,,,,,,,,,,,,,,,,,,,,,,,,,,,,,,,,,,,,106.72532342281193,0.9624587297439575,254521.9732126511,False,refined_corrected_yaw,3364633.079489809,0.8368970482361411,True,ok,1.5162633538747505,False,False,temporal_xy,True,ok,1.1090102513877043,31.20919741808828,2.0091974180882914
000093.jpg,,,,,,,,,,,,,,,,,,,,,,,,,,,,,,,,,,,,,106.528,0.9624587297439575,254521.9732126511,False,refined_freeze_alt_corrected_yaw,3364633.079489809,0.8368970482361411,True,ok,1.512316885418512,False,False,temporal_xy,True,ok,1.1090102513877043,31.20919741808828,2.0091974180882914
000093.jpg,,,,,,,,,,,,,,,,,,,,,,,,,,,,,,,,,,,,,106.528,0.8625898957252502,254521.9732126511,False,refined_freeze_alt_init_yaw,3364633.079489809,0.8712922966162707,True,ok,1.324849007375494,False,False,temporal_xy,True,ok,1.1090102513877043,30.203485999999998,1.0034860000000094
000093.jpg,,,,,,,,,,,,,,,,,,,,,,,,,,,,,,,,,,,,,106.227905,0.8174009323120117,254520.47317239427,True,temporal_predicted,3364635.226058885,0.9043736501079913,True,ok,1.1765919054516243,True,True,ok,True,ok,1.698177614889822,28.965555999999992,0.23444399999999632
000094.jpg,,,,,,,,,,,,,,,,,,,,,,,,,,,,,,,,,,,,,107.742,0.8616557121276855,254520.65407272658,True,init,3364633.28531603,0.8680679062247373,True,disabled,1.274075122141327,False,True,disabled,True,init,2.40950245050013,28.996808999999985,0.2031910000000039
000094.jpg,,,,,,,,,,,,,,,,,,,,,,,,,,,,,,,,,,,,,108.09982442390174,0.8228952884674072,254522.80606093345,False,raw_refined_full,3364633.3023652337,0.8943142010239827,False,pose_yaw_jump,8.535405878513146,False,False,temporal_xy,True,ok,1.8196847609430202,-151.20820774059533,179.59179225940466
000094.jpg,,,,,,,,,,,,,,,,,,,,,,,,,,,,,,,,,,,,,108.09982442390174,0.8101287484169006,254522.80606093345,False,refined_corrected_yaw,3364633.3023652337,0.8993622563549807,True,ok,1.3306927534284703,False,False,temporal_xy,True,ok,1.8196847609430202,28.791792259404673,0.4082077405953157
000094.jpg,,,,,,,,,,,,,,,,,,,,,,,,,,,,,,,,,,,,,107.742,0.8101287484169006,254522.80606093473,False,refined_freeze_alt_corrected_yaw,3364633.302365233,0.8993622563549807,True,ok,1.323536265068972,False,False,temporal_xy,True,ok,1.8196847617491299,28.791792259404673,0.4082077405953157
000094.jpg,,,,,,,,,,,,,,,,,,,,,,,,,,,,,,,,,,,,,107.742,0.8255802989006042,254522.80606093473,False,refined_freeze_alt_init_yaw,3364633.302365233,0.9011227881074284,True,ok,1.3327575785764512,False,False,temporal_xy,True,ok,1.8196847617491299,28.996808999999985,0.2031910000000039
000094.jpg,,,,,,,,,,,,,,,,,,,,,,,,,,,,,,,,,,,,,106.457875,0.8181125521659851,254520.96103239385,True,temporal_predicted,3364636.098980884,0.9038534087846941,True,ok,1.2134378292043249,True,True,ok,True,ok,1.6981837570040164,28.965555999999992,0.23444399999999632
000095.jpg,,,,,,,,,,,,,,,,,,,,,,,,,,,,,,,,,,,,,105.949,0.9362887144088745,254525.75901221222,True,init,3364637.102105765,0.8434593310904414,True,disabled,1.3974150487077184,False,True,disabled,True,init,3.2009292923775057,27.70205200000001,1.4979479999999796
000095.jpg,,,,,,,,,,,,,,,,,,,,,,,,,,,,,,,,,,,,,105.78236959781498,1.0035269260406494,254522.99815937696,False,raw_refined_full,3364635.359220284,0.822643614054657,False,pose_yaw_jump,8.677076313625056,False,False,temporal_xy,True,ok,0.602244406413432,-153.791931415928,177.00806858407202
000095.jpg,,,,,,,,,,,,,,,,,,,,,,,,,,,,,,,,,,,,,105.78236959781498,1.0098012685775757,254522.99815937696,False,refined_corrected_yaw,3364635.359220284,0.8224816940431426,True,ok,1.6194574036154046,False,False,temporal_xy,True,ok,0.602244406413432,26.20806858407201,2.9919314159279793
000095.jpg,,,,,,,,,,,,,,,,,,,,,,,,,,,,,,,,,,,,,105.949,1.009793758392334,254522.99815937702,False,refined_freeze_alt_corrected_yaw,3364635.3592202845,0.8224816940431426,True,ok,1.6161167743140512,False,False,temporal_xy,True,ok,0.6022444059990684,26.20806858407201,2.9919314159279793
000095.jpg,,,,,,,,,,,,,,,,,,,,,,,,,,,,,,,,,,,,,105.949,0.9206146597862244,254522.99815937702,False,refined_freeze_alt_init_yaw,3364635.3592202845,0.8500800604501376,True,ok,1.4335116361212459,False,False,temporal_xy,True,ok,0.6022444059990684,27.70205200000001,1.4979479999999796
000095.jpg,,,,,,,,,,,,,,,,,,,,,,,,,,,,,,,,,,,,,106.972618,0.8140972852706909,254521.4488923941,True,temporal_predicted,3364636.9719028845,0.9062123311084325,True,ok,1.224628265383996,True,True,ok,True,ok,1.698182144502392,28.965555999999992,0.23444399999999632
000096.jpg,,,,,,,,,,,,,,,,,,,,,,,,,,,,,,,,,,,,,107.638,1.0017220973968506,254523.6318235701,True,init,3364637.5648355316,0.8263013008510408,True,disabled,1.3055891429189157,False,True,disabled,True,init,0.8501279967640029,26.666133000000002,2.5338669999999865
000096.jpg,,,,,,,,,,,,,,,,,,,,,,,,,,,,,,,,,,,,,107.43654907215387,1.0426039695739746,254522.62790364126,False,raw_refined_full,3364637.470524181,0.8147141906115619,False,pose_yaw_jump,8.402664314037764,False,False,temporal_yaw,True,ok,0.93308395472663,-155.8715021891629,174.92849781083714
000096.jpg,,,,,,,,,,,,,,,,,,,,,,,,,,,,,,,,,,,,,107.43654907215387,1.032768964767456,254522.62790364126,True,refined_corrected_yaw,3364637.470524181,0.8155958185645658,True,ok,1.4566374114514247,False,True,ok,True,ok,0.93308395472663,24.128497810837104,5.071502189162885
000096.jpg,,,,,,,,,,,,,,,,,,,,,,,,,,,,,,,,,,,,,107.638,1.032768964767456,254522.6279036412,True,refined_freeze_alt_corrected_yaw,3364637.47052418,0.8155958185645658,True,ok,1.4526083929213711,False,True,ok,True,ok,0.9330839540923991,24.128497810837104,5.071502189162885
000096.jpg,,,,,,,,,,,,,,,,,,,,,,,,,,,,,,,,,,,,,107.638,0.990322470664978,254522.6279036412,True,refined_freeze_alt_init_yaw,3364637.47052418,0.826877057881574,True,ok,1.297448223268625,False,True,ok,True,ok,0.9330839540923991,26.666133000000002,2.5338669999999865
000096.jpg,,,,,,,,,,,,,,,,,,,,,,,,,,,,,,,,,,,,,107.482914,0.8207457661628723,254521.93675239504,True,temporal_predicted,3364637.8448248846,0.9025531225822703,True,ok,1.0517738330383637,True,True,ok,True,ok,1.6981738049964328,28.965555999999992,0.23444399999999632
000097.jpg,,,,,,,,,,,,,,,,,,,,,,,,,,,,,,,,,,,,,108.999,1.0459191799163818,254521.9752549637,True,init,3364637.3831933797,0.8161917308837595,True,disabled,1.3439352494131125,False,True,disabled,True,init,1.8066093004164898,24.47964300000001,4.720356999999979
000097.jpg,,,,,,,,,,,,,,,,,,,,,,,,,,,,,,,,,,,,,109.19985124561936,1.067631483078003,254523.13204369924,False,raw_refined_full,3364638.1921702945,0.8095143563552363,False,pose_yaw_jump,8.266042447020471,False,False,temporal_yaw,True,ok,0.8175766687723627,-160.24194331249532,170.5580566875047
000097.jpg,,,,,,,,,,,,,,,,,,,,,,,,,,,,,,,,,,,,,109.19985124561936,1.0759862661361694,254523.13204369924,False,refined_corrected_yaw,3364638.1921702945,0.8079262240349389,True,ok,1.6180643719122678,False,False,temporal_yaw,True,ok,0.8175766687723627,19.758056687504677,9.441943312495312
000097.jpg,,,,,,,,,,,,,,,,,,,,,,,,,,,,,,,,,,,,,108.999,1.0758821964263916,254523.13204369924,False,refined_freeze_alt_corrected_yaw,3364638.1921702935,0.8079262240349389,True,ok,1.6139478462825763,False,False,temporal_yaw,True,ok,0.8175766681750299,19.758056687504677,9.441943312495312
000097.jpg,,,,,,,,,,,,,,,,,,,,,,,,,,,,,,,,,,,,,108.999,1.0484592914581299,254523.13204369924,True,refined_freeze_alt_init_yaw,3364638.1921702935,0.8135749219469058,True,ok,1.393216743685165,False,True,ok,True,ok,0.8175766681750299,24.47964300000001,4.720356999999979
000097.jpg,,,,,,,,,,,,,,,,,,,,,,,,,,,,,,,,,,,,,107.857855,0.8130286335945129,254522.42461239552,True,temporal_predicted,3364638.717746884,0.9040262763711177,True,ok,1.0562576936013182,True,True,ok,True,ok,1.6981797426360155,28.965555999999992,0.23444399999999632
000098.jpg,,,,,,,,,,,,,,,,,,,,,,,,,,,,,,,,,,,,,107.763,0.8665876388549805,254525.56449762746,True,init,3364636.9205742124,0.8732374126564998,True,disabled,1.3299193055481877,False,True,disabled,True,init,2.088113075222963,28.216042000000016,0.9839579999999728
000098.jpg,,,,,,,,,,,,,,,,,,,,,,,,,,,,,,,,,,,,,107.86001301091164,0.9663634896278381,254525.81694986706,False,raw_refined_full,3364634.509126896,0.8364498571967451,False,pose_yaw_jump,8.888688347068742,False,False,temporal_xy,False,visual_chamfer_worse,4.326419413796152,-152.76620251608895,178.03379748391103
000098.jpg,,,,,,,,,,,,,,,,,,,,,,,,,,,,,,,,,,,,,107.86001301091164,0.9657512307167053,254525.81694986706,False,refined_corrected_yaw,3364634.509126896,0.8355696861920928,True,ok,1.748963807730719,False,False,temporal_xy,False,visual_chamfer_worse,4.326419413796152,27.233797483911047,1.9662025160889414
000098.jpg,,,,,,,,,,,,,,,,,,,,,,,,,,,,,,,,,,,,,107.763,0.9657512307167053,254525.81694986706,False,refined_freeze_alt_corrected_yaw,3364634.5091268956,0.8355696861920928,True,ok,1.7470235475558566,False,False,temporal_xy,False,visual_chamfer_worse,4.326419414230078,27.233797483911047,1.9662025160889414
000098.jpg,,,,,,,,,,,,,,,,,,,,,,,,,,,,,,,,,,,,,107.763,0.9349114894866943,254525.81694986706,False,refined_freeze_alt_init_yaw,3364634.5091268956,0.8488979899768282,True,ok,1.658817901238543,False,False,temporal_xy,True,ok,4.326419414230078,28.216042000000016,0.9839579999999728
000098.jpg,,,,,,,,,,,,,,,,,,,,,,,,,,,,,,,,,,,,,107.791209,0.8203673958778381,254522.9124723955,True,temporal_predicted,3364639.590668884,0.9029836000790358,True,ok,1.2474013850514551,True,True,ok,True,ok,1.6981779275892472,28.965555999999992,0.23444399999999632
000099.jpg,,,,,,,,,,,,,,,,,,,,,,,,,,,,,,,,,,,,,107.315,0.9719683527946472,254525.82868009683,True,init,3364644.1075539007,0.8289400391712936,True,disabled,1.4120331167900027,False,True,disabled,True,init,4.81964684200742,30.0668,0.866800000000012
000099.jpg,,,,,,,,,,,,,,,,,,,,,,,,,,,,,,,,,,,,,107.2064544018358,0.9805360436439514,254521.0430436486,False,raw_refined_full,3364645.3263925817,0.8318149964961458,False,pose_yaw_jump,8.855384022478244,False,False,temporal_xy,True,ok,6.970760517569576,-149.06697532746574,178.26697532746573
000099.jpg,,,,,,,,,,,,,,,,,,,,,,,,,,,,,,,,,,,,,107.2064544018358,0.9795472621917725,254521.0430436486,False,refined_corrected_yaw,3364645.3263925817,0.8314017213806982,True,ok,1.752363006218652,False,False,temporal_xy,True,ok,6.970760517569576,30.93302467253426,1.7330246725342704
000099.jpg,,,,,,,,,,,,,,,,,,,,,,,,,,,,,,,,,,,,,107.315,0.9795152544975281,254521.0430436486,False,refined_freeze_alt_corrected_yaw,3364645.3263925808,0.8314196898639786,True,ok,1.7501411949199144,False,False,temporal_xy,True,ok,6.970760516779605,30.93302467253426,1.7330246725342704
000099.jpg,,,,,,,,,,,,,,,,,,,,,,,,,,,,,,,,,,,,,107.315,1.0006142854690552,254521.0430436486,False,refined_freeze_alt_init_yaw,3364645.3263925808,0.8205846944459418,True,ok,1.748034732195992,False,False,temporal_xy,True,ok,6.970760516779605,30.0668,0.866800000000012
000099.jpg,,,,,,,,,,,,,,,,,,,,,,,,,,,,,,,,,,,,,107.42022,0.8101822137832642,254523.40033239606,True,temporal_predicted,3364640.4635908846,0.9061326433435754,True,ok,1.1704928480559396,True,True,ok,True,ok,1.6981837304096687,28.965555999999992,0.23444399999999632
