frame_index,frame_id,init_source,selected_method,yaw_policy,yaw_pred,yaw_obs_corrected,yaw_obs_delta_deg,accepted_yaw_delta_deg,yaw_obs_trusted,selected_yaw_source,refine_success,elapsed_ms,gt_east,gt_north,gt_alt,gt_yaw,init_east,init_north,init_alt,init_yaw,raw_refined_east,raw_refined_north,raw_refined_alt,raw_refined_yaw,selected_east,selected_north,selected_alt,selected_yaw,raw_delta_east_m,raw_delta_north_m,raw_delta_alt_m,applied_delta_east_m,applied_delta_north_m,applied_delta_alt_m,init_xy_error_m,raw_refined_xy_error_m,selected_xy_error_m,init_alt_error_m,raw_refined_alt_error_m,selected_alt_error_m,init_yaw_error_deg,raw_refined_yaw_error_deg,selected_yaw_error_deg,init_chamfer,raw_refined_chamfer,selected_chamfer,init_overlap,raw_refined_overlap,selected_overlap,feature_loss_initial,feature_loss_refined,feature_loss_drop,failure_reason,candidate_source,candidate_yaw,candidate_yaw_delta_deg,chamfer_norm,edge_chamfer,edge_overlap,feature_loss,feature_norm,grid_offset_deg,render_failed,score,selected
0,000000.jpg,,,,29.19999999999999,29.199270744498136,-0.0007292555018523217,,True,,,,,,,,,,,,,,,,,,,,,,,,,,,,,,,,,,,,,,,,,,,,,prediction,29.19999999999999,0.0,1.4768338496796833,0.2589361369609833,0.9389981117405309,7.193638036066356e-05,1.0925636681644306,,False,1.81097665498026,True
0,000000.jpg,,,,29.19999999999999,29.199270744498136,-0.0007292555018523217,,True,,,,,,,,,,,,,,,,,,,,,,,,,,,,,,,,,,,,,,,,,,,,,grid,26.19999999999999,-3.0,7.586812095227338,1.3302104473114014,0.7321559480173275,0.004263307200744748,64.75074962632644,-3.0,False,24.13234355379162,False
0,000000.jpg,,,,29.19999999999999,29.199270744498136,-0.0007292555018523217,,True,,,,,,,,,,,,,,,,,,,,,,,,,,,,,,,,,,,,,,,,,,,,,grid,27.19999999999999,-2.0,6.9605891456186795,1.2204135656356812,0.7607019882261469,0.003091110692669948,46.94752808180658,-2.0,False,18.996769177844175,False
0,000000.jpg,,,,29.19999999999999,29.199270744498136,-0.0007292555018523217,,True,,,,,,,,,,,,,,,,,,,,,,,,,,,,,,,,,,,,,,,,,,,,,grid,28.19999999999999,-1.0,6.091647121484895,1.068060278892517,0.8017105409308009,0.0017378591874148697,26.394458534551323,-1.0,False,12.918551214191924,False
0,000000.jpg,,,,29.19999999999999,29.199270744498136,-0.0007292555018523217,,True,,,,,,,,,,,,,,,,,,,,,,,,,,,,,,,,,,,,,,,,,,,,,grid,28.69999999999999,-0.5,5.532034593293218,0.9699423313140869,0.8446962123736532,0.0009921537906241913,15.068747960807348,-0.5,False,9.469525371121403,False
0,000000.jpg,,,,29.19999999999999,29.199270744498136,-0.0007292555018523217,,True,,,,,,,,,,,,,,,,,,,,,,,,,,,,,,,,,,,,,,,,,,,,,grid,29.69999999999999,0.5,5.480029919277273,0.9608242511749268,0.8482727979562368,0.000985977550347646,14.974943745218859,0.5,False,9.39049305762575,False
0,000000.jpg,,,,29.19999999999999,29.199270744498136,-0.0007292555018523217,,True,,,,,,,,,,,,,,,,,,,,,,,,,,,,,,,,,,,,,,,,,,,,,grid,30.19999999999999,1.0,6.141750097545309,1.0768449306488037,0.8015328223925359,0.001777735344755153,27.00009424373729,1.0,False,13.120240836087094,False
0,000000.jpg,,,,29.19999999999999,29.199270744498136,-0.0007292555018523217,,True,,,,,,,,,,,,,,,,,,,,,,,,,,,,,,,,,,,,,,,,,,,,,grid,31.19999999999999,2.0,7.006524295984635,1.2284674644470215,0.7536598911473953,0.0030977613059803843,47.048537034961626,2.0,False,19.074998663577645,False
0,000000.jpg,,,,29.19999999999999,29.199270744498136,-0.0007292555018523217,,True,,,,,,,,,,,,,,,,,,,,,,,,,,,,,,,,,,,,,,,,,,,,,grid,32.19999999999999,3.0,7.502840946031841,1.3154876232147217,0.7392646895479285,0.004318777238950133,65.59322388081418,3.0,False,24.251882226687457,False
0,000000.jpg,,,,29.19999999999999,29.199270744498136,-0.0007292555018523217,,True,,,,,,,,,,,,,,,,,,,,,,,,,,,,,,,,,,,,,,,,,,,,,clamped_raw_observation,29.199270744498136,-0.0007292555018523217,1.4739688944561884,0.25843381881713867,0.9388648228368321,7.424484162280957e-05,1.1276243828089625,,False,1.8170320449866524,False
1,000001.jpg,,,,29.19999999999999,29.199218081502295,-0.0007819184976938232,,True,,,,,,,,,,,,,,,,,,,,,,,,,,,,,,,,,,,,,,,,,,,,,prediction,29.19999999999999,0.0,0.9771690214924472,0.9455859065055847,0.8547780959198282,0.0008291318760408709,1.0133155869477253,,False,1.3757198223095504,True
1,000001.jpg,,,,29.19999999999999,29.199218081502295,-0.0007819184976938232,,True,,,,,,,,,,,,,,,,,,,,,,,,,,,,,,,,,,,,,,,,,,,,,grid,26.19999999999999,-3.0,1.3397634080874488,1.2964608669281006,0.7416562276306371,0.0042585871027161675,5.204591470011376,-3.0,False,2.989255047959656,False
1,000001.jpg,,,,29.19999999999999,29.199218081502295,-0.0007819184976938232,,True,,,,,,,,,,,,,,,,,,,,,,,,,,,,,,,,,,,,,,,,,,,,,grid,27.19999999999999,-2.0,1.2400407047532427,1.1999613046646118,0.7633097709377237,0.0030987391558786235,3.787094402317086,-2.0,False,2.4835045343947906,False
1,000001.jpg,,,,29.19999999999999,29.199218081502295,-0.0007819184976938232,,True,,,,,,,,,,,,,,,,,,,,,,,,,,,,,,,,,,,,,,,,,,,,,grid,28.19999999999999,-1.0,1.1238096751584035,1.087486982345581,0.7975125268432355,0.0018183681143758197,2.2223011879655856,-1.0,False,1.9118724453065645,False
1,000001.jpg,,,,29.19999999999999,29.199218081502295,-0.0007819184976938232,,True,,,,,,,,,,,,,,,,,,,,,,,,,,,,,,,,,,,,,,,,,,,,,grid,28.69999999999999,-0.5,1.0143760757264617,0.9815903902053833,0.835361488904796,0.001158922348016252,1.4163658559534578,-0.5,False,1.54810605081003,False
1,000001.jpg,,,,29.19999999999999,29.199218081502295,-0.0007819184976938232,,True,,,,,,,,,,,,,,,,,,,,,,,,,,,,,,,,,,,,,,,,,,,,,grid,29.69999999999999,0.5,1.0172663201674854,0.984387218952179,0.8388734788833214,0.0010883626043020438,1.3301319404778458,0.5,False,1.5259258264036253,False
1,000001.jpg,,,,29.19999999999999,29.199218081502295,-0.0007819184976938232,,True,,,,,,,,,,,,,,,,,,,,,,,,,,,,,,,,,,,,,,,,,,,,,grid,30.19999999999999,1.0,1.1211186920767708,1.0848829746246338,0.8010021474588404,0.001791613254075249,2.189602991511442,1.0,False,1.897517292495791,False
1,000001.jpg,,,,29.19999999999999,29.199218081502295,-0.0007819184976938232,,True,,,,,,,,,,,,,,,,,,,,,,,,,,,,,,,,,,,,,,,,,,,,,grid,31.19999999999999,2.0,1.237801709262093,1.1977946758270264,0.764763779527559,0.0031153346256663403,3.807376396888218,2.0,False,2.4848820289565885,False
1,000001.jpg,,,,29.19999999999999,29.199218081502295,-0.0007819184976938232,,True,,,,,,,,,,,,,,,,,,,,,,,,,,,,,,,,,,,,,,,,,,,,,grid,32.19999999999999,3.0,1.3526281156607787,1.3089097738265991,0.7417904438081604,0.004317371252303322,5.276433955825048,3.0,False,3.01994616080888,False
1,000001.jpg,,,,29.19999999999999,29.199218081502295,-0.0007819184976938232,,True,,,,,,,,,,,,,,,,,,,,,,,,,,,,,,,,,,,,,,,,,,,,,clamped_raw_observation,29.199218081502295,-0.0007819184976938232,0.9793504868105919,0.94769686460495,0.8540175375805297,0.0008278464083559811,1.0117445649194368,,False,1.3782925480148522,False
2,000002.jpg,,,,29.19999999999999,29.185043272768013,-0.01495672723197572,,True,,,,,,,,,,,,,,,,,,,,,,,,,,,,,,,,,,,,,,,,,,,,,prediction,29.19999999999999,0.0,0.9217750584636906,0.9182669520378113,0.8617624006270295,0.0007343986071646214,0.69266179501856,,False,1.233178106591301,False
2,000002.jpg,,,,29.19999999999999,29.185043272768013,-0.01495672723197572,,True,,,,,,,,,,,,,,,,,,,,,,,,,,,,,,,,,,,,,,,,,,,,,grid,26.19999999999999,-3.0,1.3101488539261843,1.3051626682281494,0.741081625797783,0.004292147040056686,4.048218834084525,-3.0,False,2.6711219366495325,False
2,000002.jpg,,,,29.19999999999999,29.185043272768013,-0.01495672723197572,,True,,,,,,,,,,,,,,,,,,,,,,,,,,,,,,,,,,,,,,,,,,,,,grid,27.19999999999999,-2.0,1.1993461520166646,1.1947816610336304,0.7628932930242974,0.0031361094831178584,2.9578803700865595,-2.0,False,2.235922951514007,False
2,000002.jpg,,,,29.19999999999999,29.185043272768013,-0.01495672723197572,,True,,,,,,,,,,,,,,,,,,,,,,,,,,,,,,,,,,,,,,,,,,,,,grid,28.19999999999999,-1.0,1.0663775966120528,1.0623191595077515,0.8055089015787705,0.001818639497893552,1.71528388917577,-1.0,False,1.7196896673272248,False
2,000002.jpg,,,,29.19999999999999,29.185043272768013,-0.01495672723197572,,True,,,,,,,,,,,,,,,,,,,,,,,,,,,,,,,,,,,,,,,,,,,,,grid,28.69999999999999,-0.5,0.9754300226196221,0.9717177152633667,0.8408464897547867,0.0011381528747733682,1.073470191194602,-0.5,False,1.4179510806634859,False
2,000002.jpg,,,,29.19999999999999,29.185043272768013,-0.01495672723197572,,True,,,,,,,,,,,,,,,,,,,,,,,,,,,,,,,,,,,,,,,,,,,,,grid,29.69999999999999,0.5,0.9804778989748624,0.9767463803291321,0.8434889709998881,0.0011106866877526045,1.0475649427116713,0.5,False,1.4138801636528922,False
2,000002.jpg,,,,29.19999999999999,29.185043272768013,-0.01495672723197572,,True,,,,,,,,,,,,,,,,,,,,,,,,,,,,,,,,,,,,,,,,,,,,,grid,30.19999999999999,1.0,1.09209737237235,1.08794105052948,0.7963497928563431,0.0017816968805467088,1.680440768022611,1.0,False,1.7458577715216594,False
2,000002.jpg,,,,29.19999999999999,29.185043272768013,-0.01495672723197572,,True,,,,,,,,,,,,,,,,,,,,,,,,,,,,,,,,,,,,,,,,,,,,,grid,31.19999999999999,2.0,1.1978638652359952,1.1933050155639648,0.7648191691859814,0.0030939092005913458,2.9180783835904816,2.0,False,2.2225642919476343,False
2,000002.jpg,,,,29.19999999999999,29.185043272768013,-0.01495672723197572,,True,,,,,,,,,,,,,,,,,,,,,,,,,,,,,,,,,,,,,,,,,,,,,grid,32.19999999999999,3.0,1.2901763349271675,1.2852661609649658,0.7443063486731609,0.004328879023281236,4.0828632917219645,3.0,False,2.656585809184498,False
2,000002.jpg,,,,29.19999999999999,29.185043272768013,-0.01495672723197572,,True,,,,,,,,,,,,,,,,,,,,,,,,,,,,,,,,,,,,,,,,,,,,,clamped_raw_observation,29.185043272768013,-0.01495672723197572,0.915056243910188,0.9115737080574036,0.8641585488747061,0.0007501102227251977,0.7074804993715638,,False,1.2282165216953322,True
3,000003.jpg,,,,29.185043272768013,29.157762814351315,-0.027280458416697684,,True,,,,,,,,,,,,,,,,,,,,,,,,,,,,,,,,,,,,,,,,,,,,,prediction,29.185043272768013,0.0,0.9359286988312222,0.8257900476455688,0.8582885324565691,0.0005980585895789167,0.8575328298989151,,False,1.2920233738493818,True
3,000003.jpg,,,,29.185043272768013,29.157762814351315,-0.027280458416697684,,True,,,,,,,,,,,,,,,,,,,,,,,,,,,,,,,,,,,,,,,,,,,,,grid,26.185043272768013,-3.0,1.4469727855334282,1.2766952514648438,0.7491891411560848,0.004263284616172314,6.112957133756441,-3.0,False,3.3160229278164532,False
3,000003.jpg,,,,29.185043272768013,29.157762814351315,-0.027280458416697684,,True,,,,,,,,,,,,,,,,,,,,,,,,,,,,,,,,,,,,,,,,,,,,,grid,27.185043272768013,-2.0,1.3788043814931117,1.2165488004684448,0.7577642511218732,0.0030970829150949917,4.440786108402741,-2.0,False,2.791236657471924,False
3,000003.jpg,,,,29.185043272768013,29.157762814351315,-0.027280458416697684,,True,,,,,,,,,,,,,,,,,,,,,,,,,,,,,,,,,,,,,,,,,,,,,grid,28.185043272768013,-1.0,1.2190641846573431,1.0756065845489502,0.8003732172213089,0.0018152596506600578,2.60282984369114,-1.0,False,2.099398428358819,False
3,000003.jpg,,,,29.185043272768013,29.157762814351315,-0.027280458416697684,,True,,,,,,,,,,,,,,,,,,,,,,,,,,,,,,,,,,,,,,,,,,,,,grid,28.685043272768013,-0.5,1.106350722247041,0.9761570692062378,0.8376949393522015,0.001039793355933701,1.4909190413128546,-0.5,False,1.656385543223053,False
3,000003.jpg,,,,29.185043272768013,29.157762814351315,-0.027280458416697684,,True,,,,,,,,,,,,,,,,,,,,,,,,,,,,,,,,,,,,,,,,,,,,,grid,29.685043272768013,0.5,1.0833767764003523,0.9558866620063782,0.8482027813569112,0.0010096826881635934,1.4477445320039481,0.5,False,1.612110128044428,False
3,000003.jpg,,,,29.185043272768013,29.157762814351315,-0.027280458416697684,,True,,,,,,,,,,,,,,,,,,,,,,,,,,,,,,,,,,,,,,,,,,,,,grid,30.185043272768013,1.0,1.213147370660301,1.0703860521316528,0.8032834229350868,0.0017593778708639245,2.522703144395497,1.0,False,2.0705397338240883,False
3,000003.jpg,,,,29.185043272768013,29.157762814351315,-0.027280458416697684,,True,,,,,,,,,,,,,,,,,,,,,,,,,,,,,,,,,,,,,,,,,,,,,grid,31.185043272768013,2.0,1.3561965125885138,1.196601390838623,0.7656951170746878,0.003079415997490287,4.415454205955156,2.0,False,2.754364947002615,False
3,000003.jpg,,,,29.185043272768013,29.157762814351315,-0.027280458416697684,,True,,,,,,,,,,,,,,,,,,,,,,,,,,,,,,,,,,,,,,,,,,,,,grid,32.18504327276801,3.0,1.4708040634473019,1.2977221012115479,0.7389923135024659,0.004278549226000905,6.13484446100448,3.0,False,3.355522865195956,False
3,000003.jpg,,,,29.185043272768013,29.157762814351315,-0.027280458416697684,,True,,,,,,,,,,,,,,,,,,,,,,,,,,,,,,,,,,,,,,,,,,,,,clamped_raw_observation,29.157762814351315,-0.027280458416697684,0.9546836737857902,0.842337965965271,0.8544897143111032,0.0006076740683056414,0.8713200889184146,,False,1.3188423954567916,False
4,000004.jpg,,,,29.185043272768013,29.153123267821,-0.031920004947011194,,True,,,,,,,,,,,,,,,,,,,,,,,,,,,,,,,,,,,,,,,,,,,,,prediction,29.185043272768013,0.0,0.8642398080629322,0.7913013696670532,0.8578436813247797,0.000533279322553426,0.7129542694231579,,False,1.1846346940939418,True
4,000004.jpg,,,,29.185043272768013,29.153123267821,-0.031920004947011194,,True,,,,,,,,,,,,,,,,,,,,,,,,,,,,,,,,,,,,,,,,,,,,,grid,26.185043272768013,-3.0,1.436104206125985,1.314902663230896,0.7409931408022375,0.004238882296097775,5.667066212345742,-3.0,False,3.201877618410183,False
4,000004.jpg,,,,29.185043272768013,29.153123267821,-0.031920004947011194,,True,,,,,,,,,,,,,,,,,,,,,,,,,,,,,,,,,,,,,,,,,,,,,grid,27.185043272768013,-2.0,1.3093223646329066,1.19882071018219,0.7644564807209927,0.003082160973766198,4.120616968185374,-2.0,False,2.6350201259582575,False
4,000004.jpg,,,,29.185043272768013,29.153123267821,-0.031920004947011194,,True,,,,,,,,,,,,,,,,,,,,,,,,,,,,,,,,,,,,,,,,,,,,,grid,28.185043272768013,-1.0,1.1817636350083993,1.0820274353027344,0.8001509467468756,0.0017793442530091852,2.378849185230439,-1.0,False,2.0063249845691336,False
4,000004.jpg,,,,29.185043272768013,29.153123267821,-0.031920004947011194,,True,,,,,,,,,,,,,,,,,,,,,,,,,,,,,,,,,,,,,,,,,,,,,grid,28.685043272768013,-0.5,1.0466374395110827,0.9583053588867188,0.846012120135852,0.0010332420157889526,1.3813667159958611,-0.5,False,1.560966998374196,False
4,000004.jpg,,,,29.185043272768013,29.153123267821,-0.031920004947011194,,True,,,,,,,,,,,,,,,,,,,,,,,,,,,,,,,,,,,,,,,,,,,,,grid,29.685043272768013,0.5,1.0582659588699774,0.968952476978302,0.8444138604630513,0.0009942272445186973,1.3292069067339713,0.5,False,1.561153825090419,False
4,000004.jpg,,,,29.185043272768013,29.153123267821,-0.031920004947011194,,True,,,,,,,,,,,,,,,,,,,,,,,,,,,,,,,,,,,,,,,,,,,,,grid,30.185043272768013,1.0,1.180911362558536,1.081247091293335,0.7972430020644188,0.001783025625627488,2.3837709030142626,1.0,False,2.009611086247683,False
4,000004.jpg,,,,29.185043272768013,29.153123267821,-0.031920004947011194,,True,,,,,,,,,,,,,,,,,,,,,,,,,,,,,,,,,,,,,,,,,,,,,grid,31.185043272768013,2.0,1.3166181084460056,1.2055007219314575,0.7627028346911141,0.0031085944889734187,4.155956586141332,2.0,False,2.6529044202902248,False
4,000004.jpg,,,,29.185043272768013,29.153123267821,-0.031920004947011194,,True,,,,,,,,,,,,,,,,,,,,,,,,,,,,,,,,,,,,,,,,,,,,,grid,32.18504327276801,3.0,1.4041701589417812,1.2856637239456177,0.749494994339497,0.004294764405737321,5.741776381982772,3.0,False,3.1801192600979773,False
4,000004.jpg,,,,29.185043272768013,29.153123267821,-0.031920004947011194,,True,,,,,,,,,,,,,,,,,,,,,,,,,,,,,,,,,,,,,,,,,,,,,clamped_raw_observation,29.153123267821,-0.031920004947011194,0.8709548712884372,0.7974497079849243,0.8591311682834247,0.0005338100988107423,0.7136638772829753,,False,1.1911972724741668,False
5,000005.jpg,,,,29.185043272768013,29.18220783794618,-0.002835434821832905,,True,,,,,,,,,,,,,,,,,,,,,,,,,,,,,,,,,,,,,,,,,,,,,prediction,29.185043272768013,0.0,0.9205942473667642,0.918919563293457,0.8589629957899402,0.0007213055602430055,0.7631368154061822,,False,1.2524154554283695,True
5,000005.jpg,,,,29.185043272768013,29.18220783794618,-0.002835434821832905,,True,,,,,,,,,,,,,,,,,,,,,,,,,,,,,,,,,,,,,,,,,,,,,grid,26.185043272768013,-3.0,1.2708038648339948,1.2684921026229858,0.7483270551739419,0.00423571184122314,4.481356894573625,-3.0,False,2.7328160333034592,False
5,000005.jpg,,,,29.185043272768013,29.18220783794618,-0.002835434821832905,,True,,,,,,,,,,,,,,,,,,,,,,,,,,,,,,,,,,,,,,,,,,,,,grid,27.185043272768013,-2.0,1.2171138712973593,1.2148997783660889,0.7579437181475737,0.003078146449600657,3.2566598794978168,-2.0,False,2.33333512302424,False
5,000005.jpg,,,,29.185043272768013,29.18220783794618,-0.002835434821832905,,True,,,,,,,,,,,,,,,,,,,,,,,,,,,,,,,,,,,,,,,,,,,,,grid,28.185043272768013,-1.0,1.0712182271655257,1.0692695379257202,0.8045645911810325,0.0018146841418153297,1.9199245829832492,-1.0,False,1.7766347817303056,False
5,000005.jpg,,,,29.185043272768013,29.18220783794618,-0.002835434821832905,,True,,,,,,,,,,,,,,,,,,,,,,,,,,,,,,,,,,,,,,,,,,,,,grid,28.685043272768013,-0.5,0.9828830713831552,0.9810950756072998,0.8375803235098604,0.0011521409420917432,1.2189579810680482,-0.5,False,1.4650422431403067,False
5,000005.jpg,,,,29.185043272768013,29.18220783794618,-0.002835434821832905,,True,,,,,,,,,,,,,,,,,,,,,,,,,,,,,,,,,,,,,,,,,,,,,grid,29.685043272768013,0.5,0.9772159236663758,0.9754382371902466,0.8438732550409926,0.0010418201563879848,1.1022392730537764,0.5,False,1.4239024868888273,False
5,000005.jpg,,,,29.185043272768013,29.18220783794618,-0.002835434821832905,,True,,,,,,,,,,,,,,,,,,,,,,,,,,,,,,,,,,,,,,,,,,,,,grid,30.185043272768013,1.0,1.0606744160161503,1.0587449073791504,0.8023930866385997,0.0017779812527199586,1.8810931536358704,1.0,False,1.7585546177865183,False
5,000005.jpg,,,,29.185043272768013,29.18220783794618,-0.002835434821832905,,True,,,,,,,,,,,,,,,,,,,,,,,,,,,,,,,,,,,,,,,,,,,,,grid,31.185043272768013,2.0,1.2010349981871051,1.198850154876709,0.7637934854863727,0.003083606172973911,3.2624362330124907,2.0,False,2.312850570953855,False
5,000005.jpg,,,,29.185043272768013,29.18220783794618,-0.002835434821832905,,True,,,,,,,,,,,,,,,,,,,,,,,,,,,,,,,,,,,,,,,,,,,,,grid,32.18504327276801,3.0,1.2992486398511085,1.2968851327896118,0.7459118103257257,0.004208796502401431,4.452880632797606,3.0,False,2.7565569877247844,False
5,000005.jpg,,,,29.185043272768013,29.18220783794618,-0.002835434821832905,,True,,,,,,,,,,,,,,,,,,,,,,,,,,,,,,,,,,,,,,,,,,,,,clamped_raw_observation,29.18220783794618,-0.002835434821832905,0.9258460295690565,0.9241617918014526,0.857722136051407,0.0007211451981371889,0.7629671532914142,,False,1.258950744885158,False
6,000006.jpg,,,,29.185043272768013,29.1693638796514,-0.015679393116613483,,True,,,,,,,,,,,,,,,,,,,,,,,,,,,,,,,,,,,,,,,,,,,,,prediction,29.185043272768013,0.0,0.907780998016081,0.8572807908058167,0.8613645378817929,0.0006806436091816673,0.884671375258032,,False,1.2675843039487962,True
6,000006.jpg,,,,29.185043272768013,29.1693638796514,-0.015679393116613483,,True,,,,,,,,,,,,,,,,,,,,,,,,,,,,,,,,,,,,,,,,,,,,,grid,26.185043272768013,-3.0,1.364854710897126,1.2889273166656494,0.7444576667107409,0.004196935721362631,5.454997073948055,-3.0,False,3.074146312673399,False
6,000006.jpg,,,,29.185043272768013,29.1693638796514,-0.015679393116613483,,True,,,,,,,,,,,,,,,,,,,,,,,,,,,,,,,,,,,,,,,,,,,,,grid,27.185043272768013,-2.0,1.2825445109986542,1.2111960649490356,0.761911058222046,0.0030820137665917477,4.005869328198119,-2.0,False,2.5821007848261384,False
6,000006.jpg,,,,29.185043272768013,29.1693638796514,-0.015679393116613483,,True,,,,,,,,,,,,,,,,,,,,,,,,,,,,,,,,,,,,,,,,,,,,,grid,28.185043272768013,-1.0,1.13568931575087,1.0725104808807373,0.8036273083873242,0.0017858109204098582,2.3211204536383585,-1.0,False,1.9423421207731355,False
6,000006.jpg,,,,29.185043272768013,29.1693638796514,-0.015679393116613483,,True,,,,,,,,,,,,,,,,,,,,,,,,,,,,,,,,,,,,,,,,,,,,,grid,28.685043272768013,-0.5,1.034734645077444,0.9771719574928284,0.8404733571334126,0.0010842289484571666,1.409234292347788,-0.5,False,1.5615698610309783,False
6,000006.jpg,,,,29.185043272768013,29.1693638796514,-0.015679393116613483,,True,,,,,,,,,,,,,,,,,,,,,,,,,,,,,,,,,,,,,,,,,,,,,grid,29.685043272768013,0.5,1.0372583303863514,0.9795552492141724,0.8428092908457843,0.0010253925962994497,1.3327613248852512,0.5,False,1.54263937076188,False
6,000006.jpg,,,,29.185043272768013,29.1693638796514,-0.015679393116613483,,True,,,,,,,,,,,,,,,,,,,,,,,,,,,,,,,,,,,,,,,,,,,,,grid,30.185043272768013,1.0,1.0992668279191231,1.0381141901016235,0.8107673321874036,0.0017229816294275224,2.2394576355202873,1.0,False,1.8783639046117913,False
6,000006.jpg,,,,29.185043272768013,29.1693638796514,-0.015679393116613483,,True,,,,,,,,,,,,,,,,,,,,,,,,,,,,,,,,,,,,,,,,,,,,,grid,31.185043272768013,2.0,1.232712944981388,1.1641366481781006,0.7742077658777381,0.0030495453781137862,3.96366830919238,2.0,False,2.509422256401745,False
6,000006.jpg,,,,29.185043272768013,29.1693638796514,-0.015679393116613483,,True,,,,,,,,,,,,,,,,,,,,,,,,,,,,,,,,,,,,,,,,,,,,,grid,32.18504327276801,3.0,1.3699095291794763,1.293700933456421,0.7427167349817092,0.00420079807129999,5.460017190767957,3.0,False,3.082197091889756,False
6,000006.jpg,,,,29.185043272768013,29.1693638796514,-0.015679393116613483,,True,,,,,,,,,,,,,,,,,,,,,,,,,,,,,,,,,,,,,,,,,,,,,clamped_raw_observation,29.1693638796514,-0.015679393116613483,0.919291552903065,0.8681510090827942,0.859579531931773,0.0006731002261706939,0.874866809502336,,False,1.2788991051403744,False
7,000007.jpg,,,,29.185043272768013,29.174436137252627,-0.010607135515385835,,True,,,,,,,,,,,,,,,,,,,,,,,,,,,,,,,,,,,,,,,,,,,,,prediction,29.185043272768013,0.0,1.155717368286766,0.917151153087616,0.8572682391662095,0.0007107201963663101,1.5177543779862337,,False,1.677887723617115,False
7,000007.jpg,,,,29.185043272768013,29.174436137252627,-0.010607135515385835,,True,,,,,,,,,,,,,,,,,,,,,,,,,,,,,,,,,,,,,,,,,,,,,grid,26.185043272768013,-3.0,1.6148144298126659,1.2814801931381226,0.744092155787164,0.0041689045416812105,8.902762510328577,-3.0,False,4.186412901607646,False
7,000007.jpg,,,,29.185043272768013,29.174436137252627,-0.010607135515385835,,True,,,,,,,,,,,,,,,,,,,,,,,,,,,,,,,,,,,,,,,,,,,,,grid,27.185043272768013,-2.0,1.503017834058972,1.192760944366455,0.7616895227646736,0.003080157097429037,6.577724881619663,-2.0,False,3.4457595316992142,False
7,000007.jpg,,,,29.185043272768013,29.174436137252627,-0.010607135515385835,,True,,,,,,,,,,,,,,,,,,,,,,,,,,,,,,,,,,,,,,,,,,,,,grid,28.185043272768013,-1.0,1.3433465882841236,1.0660494565963745,0.8006582556226001,0.0018299297662451863,3.9078443645274907,-1.0,False,2.549649423793396,False
7,000007.jpg,,,,29.185043272768013,29.174436137252627,-0.010607135515385835,,True,,,,,,,,,,,,,,,,,,,,,,,,,,,,,,,,,,,,,,,,,,,,,grid,28.685043272768013,-0.5,1.2567797897839863,0.9973520040512085,0.8295995611629182,0.001110993422723065,2.372544272518119,-0.5,False,2.035316296750598,False
7,000007.jpg,,,,29.185043272768013,29.174436137252627,-0.010607135515385835,,True,,,,,,,,,,,,,,,,,,,,,,,,,,,,,,,,,,,,,,,,,,,,,grid,29.685043272768013,0.5,1.2304434896780605,0.976452112197876,0.8443883708173341,0.001009830351298054,2.156508911020233,0.5,False,1.9401823466157846,False
7,000007.jpg,,,,29.185043272768013,29.174436137252627,-0.010607135515385835,,True,,,,,,,,,,,,,,,,,,,,,,,,,,,,,,,,,,,,,,,,,,,,,grid,30.185043272768013,1.0,1.341065984658727,1.0642396211624146,0.8049808008776742,0.0017571987894674141,3.7525261971473363,1.0,False,2.5042167330678864,False
7,000007.jpg,,,,29.185043272768013,29.174436137252627,-0.010607135515385835,,True,,,,,,,,,,,,,,,,,,,,,,,,,,,,,,,,,,,,,,,,,,,,,grid,31.185043272768013,2.0,1.5145103818764267,1.2018811702728271,0.7644980800877674,0.003036428398142258,6.484341542964763,2.0,False,3.43109768752985,False
7,000007.jpg,,,,29.185043272768013,29.174436137252627,-0.010607135515385835,,True,,,,,,,,,,,,,,,,,,,,,,,,,,,,,,,,,,,,,,,,,,,,,grid,32.18504327276801,3.0,1.6558376550311367,1.3140352964401245,0.7382556226001097,0.004211833700537682,8.994438417571395,3.0,False,4.256191636823876,False
7,000007.jpg,,,,29.185043272768013,29.174436137252627,-0.010607135515385835,,True,,,,,,,,,,,,,,,,,,,,,,,,,,,,,,,,,,,,,,,,,,,,,clamped_raw_observation,29.174436137252627,-0.010607135515385835,1.1509755243702147,0.9133881330490112,0.8587164015359298,0.0007042078650556505,1.5038471900264923,,False,1.6685391344063698,True
8,000008.jpg,,,,29.174436137252627,29.1446472777576,-0.029788859495027964,,True,,,,,,,,,,,,,,,,,,,,,,,,,,,,,,,,,,,,,,,,,,,,,prediction,29.174436137252627,0.0,0.9759799766758526,0.909950315952301,0.856939205193438,0.0006940758515459796,0.9762664834054074,,False,1.3631073923337662,False
8,000008.jpg,,,,29.174436137252627,29.1446472777576,-0.029788859495027964,,True,,,,,,,,,,,,,,,,,,,,,,,,,,,,,,,,,,,,,,,,,,,,,grid,26.174436137252627,-3.0,1.3676788074893502,1.275148868560791,0.7476971664181069,0.004200976109132171,5.908968254402528,-3.0,False,3.187223704671875,False
8,000008.jpg,,,,29.174436137252627,29.1446472777576,-0.029788859495027964,,True,,,,,,,,,,,,,,,,,,,,,,,,,,,,,,,,,,,,,,,,,,,,,grid,27.174436137252627,-2.0,1.2865183947125454,1.199479341506958,0.7622159838582332,0.003114670127009352,4.3810025159215,-2.0,False,2.6795530398346874,False
8,000008.jpg,,,,29.174436137252627,29.1446472777576,-0.029788859495027964,,True,,,,,,,,,,,,,,,,,,,,,,,,,,,,,,,,,,,,,,,,,,,,,grid,28.174436137252627,-1.0,1.1684823794773074,1.0894290208816528,0.7965172383542416,0.0018426803095887105,2.5918594082701425,-1.0,False,2.049929993190601,False
8,000008.jpg,,,,29.174436137252627,29.1446472777576,-0.029788859495027964,,True,,,,,,,,,,,,,,,,,,,,,,,,,,,,,,,,,,,,,,,,,,,,,grid,28.674436137252627,-0.5,1.062834680483345,0.9909288883209229,0.8352048425300465,0.0011476940029145528,1.6143123057158262,-0.5,False,1.646207914382255,False
8,000008.jpg,,,,29.174436137252627,29.1446472777576,-0.029788859495027964,,True,,,,,,,,,,,,,,,,,,,,,,,,,,,,,,,,,,,,,,,,,,,,,grid,29.674436137252627,0.5,1.0662487874115578,0.9941120147705078,0.8427055004824985,0.0010170289315283298,1.4305226961767399,0.5,False,1.5961739609732444,False
8,000008.jpg,,,,29.174436137252627,29.1446472777576,-0.029788859495027964,,True,,,,,,,,,,,,,,,,,,,,,,,,,,,,,,,,,,,,,,,,,,,,,grid,30.174436137252627,1.0,1.171201569502111,1.0919642448425293,0.7967146240898324,0.0017373859494303663,2.4437554878049026,1.0,False,2.015425817363504,False
8,000008.jpg,,,,29.174436137252627,29.1446472777576,-0.029788859495027964,,True,,,,,,,,,,,,,,,,,,,,,,,,,,,,,,,,,,,,,,,,,,,,,grid,31.174436137252627,2.0,1.293341877763925,1.2058411836624146,0.7637731379945609,0.00304881219441692,4.288368703474123,2.0,False,2.6616609156378948,False
8,000008.jpg,,,,29.174436137252627,29.1446472777576,-0.029788859495027964,,True,,,,,,,,,,,,,,,,,,,,,,,,,,,,,,,,,,,,,,,,,,,,,grid,32.17443613725263,3.0,1.3686515632945275,1.2760558128356934,0.7465786472497588,0.0041722923051565886,5.868622467446308,3.0,False,3.1792285329063454,False
8,000008.jpg,,,,29.174436137252627,29.1446472777576,-0.029788859495027964,,True,,,,,,,,,,,,,,,,,,,,,,,,,,,,,,,,,,,,,,,,,,,,,clamped_raw_observation,29.1446472777576,-0.029788859495027964,0.9494592114464002,0.8852238059043884,0.8650978155978595,0.0006812783152175447,0.9582658488064864,,False,1.3248215238350132,True
9,000009.jpg,,,,29.1446472777576,29.101496622412327,-0.04315065534527207,,True,,,,,,,,,,,,,,,,,,,,,,,,,,,,,,,,,,,,,,,,,,,,,prediction,29.1446472777576,0.0,0.9750568586041829,0.8548991680145264,0.8593219224615924,0.0006282685208134353,0.9570092281824026,,False,1.354987243188191,False
9,000009.jpg,,,,29.1446472777576,29.101496622412327,-0.04315065534527207,,True,,,,,,,,,,,,,,,,,,,,,,,,,,,,,,,,,,,,,,,,,,,,,grid,26.1446472777576,-3.0,1.4439366854671414,1.2659982442855835,0.7521532358806899,0.004240569658577442,6.459442358745866,-3.0,False,3.3966440392729176,False
9,000009.jpg,,,,29.1446472777576,29.101496622412327,-0.04315065534527207,,True,,,,,,,,,,,,,,,,,,,,,,,,,,,,,,,,,,,,,,,,,,,,,grid,27.1446472777576,-2.0,1.3708091954069872,1.2018823623657227,0.7637029082381819,0.003095171026264628,4.714715343533257,-2.0,False,2.8457851230521194,False
9,000009.jpg,,,,29.1446472777576,29.101496622412327,-0.04315065534527207,,True,,,,,,,,,,,,,,,,,,,,,,,,,,,,,,,,,,,,,,,,,,,,,grid,28.1446472777576,-1.0,1.217234300957835,1.0672327280044556,0.8004558504459883,0.0018308817428381492,2.7888882946708984,-1.0,False,2.1440005241795714,False
9,000009.jpg,,,,29.1446472777576,29.101496622412327,-0.04315065534527207,,True,,,,,,,,,,,,,,,,,,,,,,,,,,,,,,,,,,,,,,,,,,,,,grid,28.6446472777576,-0.5,1.1177394426208223,0.979998767375946,0.8376909421639747,0.0011134280163484316,1.6960278149582717,-0.5,False,1.7190554541964154,False
9,000009.jpg,,,,29.1446472777576,29.101496622412327,-0.04315065534527207,,True,,,,,,,,,,,,,,,,,,,,,,,,,,,,,,,,,,,,,,,,,,,,,grid,29.6446472777576,0.5,1.086089178357054,0.9522488117218018,0.8491091192005085,0.0009521958612216016,1.450431138975945,0.5,False,1.6145878439005317,False
9,000009.jpg,,,,29.1446472777576,29.101496622412327,-0.04315065534527207,,True,,,,,,,,,,,,,,,,,,,,,,,,,,,,,,,,,,,,,,,,,,,,,grid,30.1446472777576,1.0,1.1922052980560154,1.0452880859375,0.8097481864603652,0.001680815980459253,2.560300812291724,1.0,False,2.0525323146685808,False
9,000009.jpg,,,,29.1446472777576,29.101496622412327,-0.04315065534527207,,True,,,,,,,,,,,,,,,,,,,,,,,,,,,,,,,,,,,,,,,,,,,,,grid,31.1446472777576,2.0,1.3475096594194254,1.181454062461853,0.768699730434592,0.0029787656773502627,4.537401043309196,2.0,False,2.7731601898121325,False
9,000009.jpg,,,,29.1446472777576,29.101496622412327,-0.04315065534527207,,True,,,,,,,,,,,,,,,,,,,,,,,,,,,,,,,,,,,,,,,,,,,,,grid,32.1446472777576,3.0,1.4790625391959815,1.2967954874038696,0.7428608998663131,0.004125565988942981,6.2842631647087,3.0,False,3.3972674305068433,False
9,000009.jpg,,,,29.1446472777576,29.101496622412327,-0.04315065534527207,,True,,,,,,,,,,,,,,,,,,,,,,,,,,,,,,,,,,,,,,,,,,,,,clamped_raw_observation,29.101496622412327,-0.04315065534527207,0.9058561558043023,0.7942261695861816,0.8744219684849548,0.0005709800170734525,0.8697445874569028,,False,1.2501648538439314,True
10,000010.jpg,,,,29.101496622412327,29.008263482871627,-0.09323313954070045,,True,,,,,,,,,,,,,,,,,,,,,,,,,,,,,,,,,,,,,,,,,,,,,prediction,29.101496622412327,0.0,0.8412126116290122,0.7267088890075684,0.8685395479605509,0.0005107561203961571,0.7504916695078864,,False,1.160295981045433,True
10,000010.jpg,,,,29.101496622412327,29.008263482871627,-0.09323313954070045,,True,,,,,,,,,,,,,,,,,,,,,,,,,,,,,,,,,,,,,,,,,,,,,grid,26.101496622412327,-3.0,1.4672320310339555,1.2675161361694336,0.7475783600940101,0.004281140087793271,6.290595146256979,-3.0,False,3.3823024575041902,False
10,000010.jpg,,,,29.101496622412327,29.008263482871627,-0.09323313954070045,,True,,,,,,,,,,,,,,,,,,,,,,,,,,,,,,,,,,,,,,,,,,,,,grid,27.101496622412327,-2.0,1.4153610738684754,1.2227057218551636,0.7549585959979792,0.0031610961693028608,4.644831940016704,-2.0,False,2.8816104628746726,False
10,000010.jpg,,,,29.101496622412327,29.008263482871627,-0.09323313954070045,,True,,,,,,,,,,,,,,,,,,,,,,,,,,,,,,,,,,,,,,,,,,,,,grid,28.101496622412327,-1.0,1.2503801692670888,1.08018159866333,0.7969776176774221,0.0019110738260981937,2.808081839898102,-1.0,False,2.185423011564192,False
10,000010.jpg,,,,29.101496622412327,29.008263482871627,-0.09323313954070045,,True,,,,,,,,,,,,,,,,,,,,,,,,,,,,,,,,,,,,,,,,,,,,,grid,28.601496622412327,-0.5,1.1647471453496812,1.0062047243118286,0.834669536758407,0.0011565570603124797,1.6994146607617953,-0.5,False,1.7699312737817228,False
10,000010.jpg,,,,29.101496622412327,29.008263482871627,-0.09323313954070045,,True,,,,,,,,,,,,,,,,,,,,,,,,,,,,,,,,,,,,,,,,,,,,,grid,29.601496622412327,0.5,1.0861021293342745,0.9382646679878235,0.8580842137632614,0.0009086866048164666,1.3352003037755353,0.5,False,1.5768179915148968,False
10,000010.jpg,,,,29.101496622412327,29.008263482871627,-0.09323313954070045,,True,,,,,,,,,,,,,,,,,,,,,,,,,,,,,,,,,,,,,,,,,,,,,grid,30.101496622412327,1.0,1.2110085704366027,1.0461691617965698,0.8114964746194566,0.0016346484383878608,2.4019096132076325,1.0,False,2.029989499119054,False
10,000010.jpg,,,,29.101496622412327,29.008263482871627,-0.09323313954070045,,True,,,,,,,,,,,,,,,,,,,,,,,,,,,,,,,,,,,,,,,,,,,,,grid,31.101496622412327,2.0,1.3725414570790968,1.185714602470398,0.7706196323061041,0.0029640515179683766,4.355299688826222,2.0,False,2.7507467469795484,False
10,000010.jpg,,,,29.101496622412327,29.008263482871627,-0.09323313954070045,,True,,,,,,,,,,,,,,,,,,,,,,,,,,,,,,,,,,,,,,,,,,,,,grid,32.10149662241233,3.0,1.4842716177630537,1.2822363376617432,0.7446570167153557,0.004112361115403473,6.042595743590207,3.0,False,3.3402635369452494,False
10,000010.jpg,,,,29.101496622412327,29.008263482871627,-0.09323313954070045,,True,,,,,,,,,,,,,,,,,,,,,,,,,,,,,,,,,,,,,,,,,,,,,clamped_raw_observation,29.008263482871627,-0.09323313954070045,0.9841587399189597,0.8501975536346436,0.8587431633975443,0.0006652618079291036,0.9775182811422738,,False,1.3725921409932047,False
11,000011.jpg,,,,29.101496622412327,28.999676727601923,-0.10181989481040432,,True,,,,,,,,,,,,,,,,,,,,,,,,,,,,,,,,,,,,,,,,,,,,,prediction,29.101496622412327,0.0,0.9745769621090506,0.8899124264717102,0.8521433866817845,0.0006665527859392265,0.8591970303692444,,False,1.3372328330195775,True
11,000011.jpg,,,,29.101496622412327,28.999676727601923,-0.10181989481040432,,True,,,,,,,,,,,,,,,,,,,,,,,,,,,,,,,,,,,,,,,,,,,,,grid,26.101496622412327,-3.0,1.3972190235504849,1.2758382558822632,0.7461296934281104,0.004320559596332411,5.569269310713845,-3.0,False,3.133406657800836,False
11,000011.jpg,,,,29.101496622412327,28.999676727601923,-0.10181989481040432,,True,,,,,,,,,,,,,,,,,,,,,,,,,,,,,,,,,,,,,,,,,,,,,grid,27.101496622412327,-2.0,1.318272969224582,1.203750491142273,0.763856787754568,0.0031779431349908314,4.096418711113755,-2.0,False,2.638520859248453,False
11,000011.jpg,,,,29.101496622412327,28.999676727601923,-0.10181989481040432,,True,,,,,,,,,,,,,,,,,,,,,,,,,,,,,,,,,,,,,,,,,,,,,grid,28.101496622412327,-1.0,1.209134079216947,1.1040928363800049,0.7935545767737997,0.0019457567250356078,2.508111038221671,-1.0,False,2.0726072619985647,False
11,000011.jpg,,,,29.101496622412327,28.999676727601923,-0.10181989481040432,,True,,,,,,,,,,,,,,,,,,,,,,,,,,,,,,,,,,,,,,,,,,,,,grid,28.601496622412327,-0.5,1.0978117299348742,1.00244140625,0.8296847062927915,0.0012053407068985205,1.5537031391911376,-0.5,False,1.671552808439867,False
11,000011.jpg,,,,29.101496622412327,28.999676727601923,-0.10181989481040432,,True,,,,,,,,,,,,,,,,,,,,,,,,,,,,,,,,,,,,,,,,,,,,,grid,29.601496622412327,0.5,1.047126949455431,0.956159770488739,0.8509441367581004,0.0009114787195964406,1.1749104131618262,0.5,False,1.504910415987787,False
11,000011.jpg,,,,29.101496622412327,28.999676727601923,-0.10181989481040432,,True,,,,,,,,,,,,,,,,,,,,,,,,,,,,,,,,,,,,,,,,,,,,,grid,30.101496622412327,1.0,1.152728896539736,1.0525877475738525,0.8106493393223148,0.0016390158561989665,2.1127172312241354,1.0,False,1.9002588650234549,False
11,000011.jpg,,,,29.101496622412327,28.999676727601923,-0.10181989481040432,,True,,,,,,,,,,,,,,,,,,,,,,,,,,,,,,,,,,,,,,,,,,,,,grid,31.101496622412327,2.0,1.3087649668952979,1.1950684785842896,0.762526710566482,0.0029865839751437306,3.84975374272283,2.0,False,2.5686766920095234,False
11,000011.jpg,,,,29.101496622412327,28.999676727601923,-0.10181989481040432,,True,,,,,,,,,,,,,,,,,,,,,,,,,,,,,,,,,,,,,,,,,,,,,grid,32.10149662241233,3.0,1.425004766729851,1.3012101650238037,0.7409402119401683,0.004166246236612399,5.370356961662732,3.0,False,3.116653795205366,False
11,000011.jpg,,,,29.101496622412327,28.999676727601923,-0.10181989481040432,,True,,,,,,,,,,,,,,,,,,,,,,,,,,,,,,,,,,,,,,,,,,,,,clamped_raw_observation,28.999676727601923,-0.10181989481040432,0.9700785790765071,0.8858048319816589,0.8668178448388644,0.000726317084627226,0.9362341518666429,,False,1.3403738690486156,False
12,000012.jpg,,,,29.101496622412327,29.014289089437142,-0.08720753297518513,,True,,,,,,,,,,,,,,,,,,,,,,,,,,,,,,,,,,,,,,,,,,,,,prediction,29.101496622412327,0.0,0.9208101164778303,0.9290308356285095,0.8595103246137912,0.0007283496476399401,0.7204202062498914,,False,1.2414048434265121,False
12,000012.jpg,,,,29.101496622412327,29.014289089437142,-0.08720753297518513,,True,,,,,,,,,,,,,,,,,,,,,,,,,,,,,,,,,,,,,,,,,,,,,grid,26.101496622412327,-3.0,1.2539164948208772,1.2651110887527466,0.7465235692090707,0.0042525821675856905,4.206284896538054,-3.0,False,2.6489641497463197,False
12,000012.jpg,,,,29.101496622412327,29.014289089437142,-0.08720753297518513,,True,,,,,,,,,,,,,,,,,,,,,,,,,,,,,,,,,,,,,,,,,,,,,grid,27.101496622412327,-2.0,1.195769740151207,1.2064452171325684,0.7661811049650704,0.003172149183228612,3.1376144359263978,-2.0,False,2.273992244167736,False
12,000012.jpg,,,,29.101496622412327,29.014289089437142,-0.08720753297518513,,True,,,,,,,,,,,,,,,,,,,,,,,,,,,,,,,,,,,,,,,,,,,,,grid,28.101496622412327,-1.0,1.0575995814497055,1.0670415163040161,0.8039094695550609,0.0019381770592493315,1.9170763949672065,-1.0,False,1.762959210636446,False
12,000012.jpg,,,,29.101496622412327,29.014289089437142,-0.08720753297518513,,True,,,,,,,,,,,,,,,,,,,,,,,,,,,,,,,,,,,,,,,,,,,,,grid,28.601496622412327,-0.5,0.9979737694776121,1.0068833827972412,0.8318972166516077,0.0012568108213599771,1.2431280966155567,-0.5,False,1.4918585769798935,False
12,000012.jpg,,,,29.101496622412327,29.014289089437142,-0.08720753297518513,,True,,,,,,,,,,,,,,,,,,,,,,,,,,,,,,,,,,,,,,,,,,,,,grid,29.601496622412327,0.5,0.9537665213879035,0.9622814655303955,0.8497256319280693,0.0009237703828451534,0.913713423069902,0.5,False,1.3474692452273096,False
12,000012.jpg,,,,29.101496622412327,29.014289089437142,-0.08720753297518513,,True,,,,,,,,,,,,,,,,,,,,,,,,,,,,,,,,,,,,,,,,,,,,,grid,30.101496622412327,1.0,1.039596861770764,1.0488780736923218,0.8069286202261058,0.0016543048162323732,1.6362946296082774,1.0,False,1.6717418989467279,False
12,000012.jpg,,,,29.101496622412327,29.014289089437142,-0.08720753297518513,,True,,,,,,,,,,,,,,,,,,,,,,,,,,,,,,,,,,,,,,,,,,,,,grid,31.101496622412327,2.0,1.1775401639440142,1.1880528926849365,0.7649469995812856,0.002948201921147605,2.916105256564161,2.0,False,2.2016194785037686,False
12,000012.jpg,,,,29.101496622412327,29.014289089437142,-0.08720753297518513,,True,,,,,,,,,,,,,,,,,,,,,,,,,,,,,,,,,,,,,,,,,,,,,grid,32.10149662241233,3.0,1.2680237807081918,1.2793443202972412,0.7416312228662097,0.004126468556933105,4.081544267237759,3.0,False,2.6367786246514218,False
12,000012.jpg,,,,29.101496622412327,29.014289089437142,-0.08720753297518513,,True,,,,,,,,,,,,,,,,,,,,,,,,,,,,,,,,,,,,,,,,,,,,,clamped_raw_observation,29.014289089437142,-0.08720753297518513,0.8888209829055335,0.896756112575531,0.8614055578817462,0.0007936610102963945,0.7850205331778785,,False,1.2262867843075123,True
13,000013.jpg,,,,29.014289089437142,28.83676000497448,-0.17752908446266247,,True,,,,,,,,,,,,,,,,,,,,,,,,,,,,,,,,,,,,,,,,,,,,,prediction,29.014289089437142,0.0,0.8791640869497785,0.8406272530555725,0.866454794520548,0.0006452890714475265,0.6568615660697205,,False,1.1769246839466607,True
13,000013.jpg,,,,29.014289089437142,28.83676000497448,-0.17752908446266247,,True,,,,,,,,,,,,,,,,,,,,,,,,,,,,,,,,,,,,,,,,,,,,,grid,26.014289089437142,-3.0,1.3355552352814009,1.2770131826400757,0.7462575342465754,0.004395069709668557,4.473890075346241,-3.0,False,2.797770219871386,False
13,000013.jpg,,,,29.014289089437142,28.83676000497448,-0.17752908446266247,,True,,,,,,,,,,,,,,,,,,,,,,,,,,,,,,,,,,,,,,,,,,,,,grid,27.014289089437142,-2.0,1.2644425704527642,1.2090176343917847,0.7596054794520548,0.0033270852096999684,3.386752539274393,-2.0,False,2.411525225819308,False
13,000013.jpg,,,,29.014289089437142,28.83676000497448,-0.17752908446266247,,True,,,,,,,,,,,,,,,,,,,,,,,,,,,,,,,,,,,,,,,,,,,,,grid,28.014289089437142,-1.0,1.115237605327877,1.0663528442382812,0.8036164383561644,0.002019475408208867,2.055692305929954,-1.0,False,1.855544243454201,False
13,000013.jpg,,,,29.014289089437142,28.83676000497448,-0.17752908446266247,,True,,,,,,,,,,,,,,,,,,,,,,,,,,,,,,,,,,,,,,,,,,,,,grid,28.514289089437142,-0.5,1.0657600276078538,1.019044041633606,0.8274410958904109,0.0013651327656892438,1.38961480372234,-0.5,False,1.6007226326480277,False
13,000013.jpg,,,,29.014289089437142,28.83676000497448,-0.17752908446266247,,True,,,,,,,,,,,,,,,,,,,,,,,,,,,,,,,,,,,,,,,,,,,,,grid,29.514289089437142,0.5,0.977196715682742,0.9343627691268921,0.8544438356164383,0.0008110164102011671,0.8255610282039335,0.5,False,1.344143137117287,False
13,000013.jpg,,,,29.014289089437142,28.83676000497448,-0.17752908446266247,,True,,,,,,,,,,,,,,,,,,,,,,,,,,,,,,,,,,,,,,,,,,,,,grid,30.014289089437142,1.0,1.0691769732745902,1.0223112106323242,0.8172493150684932,0.001504618926749875,1.5316024837458193,1.0,False,1.664828279142552,False
13,000013.jpg,,,,29.014289089437142,28.83676000497448,-0.17752908446266247,,True,,,,,,,,,,,,,,,,,,,,,,,,,,,,,,,,,,,,,,,,,,,,,grid,31.014289089437142,2.0,1.2399046940582523,1.185555338859558,0.7660712328767123,0.0028497319435700774,2.9008385081329657,2.0,False,2.2590430882147814,False
13,000013.jpg,,,,29.014289089437142,28.83676000497448,-0.17752908446266247,,True,,,,,,,,,,,,,,,,,,,,,,,,,,,,,,,,,,,,,,,,,,,,,grid,32.01428908943714,3.0,1.3020350818224276,1.2449623346328735,0.7551123287671233,0.00402675933825473,4.098974493986857,3.0,False,2.6616663765520183,False
13,000013.jpg,,,,29.014289089437142,28.83676000497448,-0.17752908446266247,,True,,,,,,,,,,,,,,,,,,,,,,,,,,,,,,,,,,,,,,,,,,,,,clamped_raw_observation,28.83676000497448,-0.17752908446266247,0.9923898871274641,0.948889970779419,0.8515287671232876,0.0008892969732793669,0.9052454603934025,,False,1.372498357636407,False
14,000014.jpg,,,,29.014289089437142,28.818217725476217,-0.19607136396092528,,True,,,,,,,,,,,,,,,,,,,,,,,,,,,,,,,,,,,,,,,,,,,,,prediction,29.014289089437142,0.0,0.8785354259956255,0.834171712398529,0.8645107576355111,0.0006588792505984505,0.7499356169617614,,False,1.2015085726005548,True
14,000014.jpg,,,,29.014289089437142,28.818217725476217,-0.19607136396092528,,True,,,,,,,,,,,,,,,,,,,,,,,,,,,,,,,,,,,,,,,,,,,,,grid,26.014289089437142,-3.0,1.3593934115927477,1.2907476425170898,0.7372157223609833,0.0043640918253610534,4.967204374029528,-3.0,False,2.953978782739146,False
14,000014.jpg,,,,29.014289089437142,28.818217725476217,-0.19607136396092528,,True,,,,,,,,,,,,,,,,,,,,,,,,,,,,,,,,,,,,,,,,,,,,,grid,27.014289089437142,-2.0,1.2730562458494221,1.2087702751159668,0.7612725121598528,0.003297940168219308,3.7537117651073557,-2.0,False,2.5102116749664085,False
14,000014.jpg,,,,29.014289089437142,28.818217725476217,-0.19607136396092528,,True,,,,,,,,,,,,,,,,,,,,,,,,,,,,,,,,,,,,,,,,,,,,,grid,28.014289089437142,-1.0,1.1577243731972313,1.0992623567581177,0.7935673283379343,0.002022644776540498,2.3021719943550294,-1.0,False,1.9697000434480543,False
14,000014.jpg,,,,29.014289089437142,28.818217725476217,-0.19607136396092528,,True,,,,,,,,,,,,,,,,,,,,,,,,,,,,,,,,,,,,,,,,,,,,,grid,28.514289089437142,-0.5,1.0485275873318607,0.995579719543457,0.8308794531352701,0.0012942893081344664,1.4731586249547541,-0.5,False,1.600937790435279,False
14,000014.jpg,,,,29.014289089437142,28.818217725476217,-0.19607136396092528,,True,,,,,,,,,,,,,,,,,,,,,,,,,,,,,,,,,,,,,,,,,,,,,grid,29.514289089437142,0.5,0.9476984667493324,0.8998422026634216,0.8642916611892555,0.0008126537237937251,0.9249615482290212,0.5,False,1.329647192617332,False
14,000014.jpg,,,,29.014289089437142,28.818217725476217,-0.19607136396092528,,True,,,,,,,,,,,,,,,,,,,,,,,,,,,,,,,,,,,,,,,,,,,,,grid,30.014289089437142,1.0,1.0797806730955803,1.0252546072006226,0.816857280574909,0.001494384875210623,1.7009071728264238,1.0,False,1.7181501857272774,False
14,000014.jpg,,,,29.014289089437142,28.818217725476217,-0.19607136396092528,,True,,,,,,,,,,,,,,,,,,,,,,,,,,,,,,,,,,,,,,,,,,,,,grid,31.014289089437142,2.0,1.2418448424172464,1.1791349649429321,0.7682616887954078,0.0028069035227720938,3.194814411275348,2.0,False,2.3322867564406757,False
14,000014.jpg,,,,29.014289089437142,28.818217725476217,-0.19607136396092528,,True,,,,,,,,,,,,,,,,,,,,,,,,,,,,,,,,,,,,,,,,,,,,,grid,32.01428908943714,3.0,1.3473246189221086,1.2792882919311523,0.7431970553437623,0.004022706455240647,4.5786399323197156,3.0,False,2.838787546658275,False
14,000014.jpg,,,,29.014289089437142,28.818217725476217,-0.19607136396092528,,True,,,,,,,,,,,,,,,,,,,,,,,,,,,,,,,,,,,,,,,,,,,,,clamped_raw_observation,28.818217725476217,-0.19607136396092528,0.9684080569686989,0.9195060133934021,0.8578502256693397,0.0008325052137176195,0.9475564915819406,,False,1.3533290951136718,False
15,000015.jpg,,,,29.014289089437142,28.833668838582867,-0.18062025085427535,,True,,,,,,,,,,,,,,,,,,,,,,,,,,,,,,,,,,,,,,,,,,,,,prediction,29.014289089437142,0.0,0.9701906199887759,0.8787457942962646,0.8665097141851306,0.0007157575940558066,0.8587207718747694,,False,1.3183610987723375,True
15,000015.jpg,,,,29.014289089437142,28.833668838582867,-0.18062025085427535,,True,,,,,,,,,,,,,,,,,,,,,,,,,,,,,,,,,,,,,,,,,,,,,grid,26.014289089437142,-3.0,1.40548916917524,1.2730154991149902,0.7454289423309644,0.004422335109363,5.305638459359466,-3.0,False,3.0764698416841423,False
15,000015.jpg,,,,29.014289089437142,28.833668838582867,-0.18062025085427535,,True,,,,,,,,,,,,,,,,,,,,,,,,,,,,,,,,,,,,,,,,,,,,,grid,27.014289089437142,-2.0,1.3079589689000077,1.1846779584884644,0.7681357125569319,0.0033647503005340695,4.036814976517312,-2.0,False,2.609027000472404,False
15,000015.jpg,,,,29.014289089437142,28.833668838582867,-0.18062025085427535,,True,,,,,,,,,,,,,,,,,,,,,,,,,,,,,,,,,,,,,,,,,,,,,grid,28.014289089437142,-1.0,1.1888916264715823,1.0768332481384277,0.798301392769918,0.0021061625836106637,2.5268408948950576,-1.0,False,2.0523004574254284,False
15,000015.jpg,,,,29.014289089437142,28.833668838582867,-0.18062025085427535,,True,,,,,,,,,,,,,,,,,,,,,,,,,,,,,,,,,,,,,,,,,,,,,grid,28.514289089437142,-0.5,1.0970205887276874,0.9936214685440063,0.832889612532729,0.0013926804531365633,1.6708500805638518,-0.5,False,1.6968434963359214,False
15,000015.jpg,,,,29.014289089437142,28.833668838582867,-0.18062025085427535,,True,,,,,,,,,,,,,,,,,,,,,,,,,,,,,,,,,,,,,,,,,,,,,grid,29.514289089437142,0.5,1.017837128044113,0.9219014048576355,0.8574886136108605,0.0008780833741184324,1.0534689943290936,0.5,False,1.4387157630155256,False
15,000015.jpg,,,,29.014289089437142,28.833668838582867,-0.18062025085427535,,True,,,,,,,,,,,,,,,,,,,,,,,,,,,,,,,,,,,,,,,,,,,,,grid,30.014289089437142,1.0,1.1099035475912957,1.005290150642395,0.8249466434905058,0.0015093913340630631,1.8108724269388092,1.0,False,1.7676750108354924,False
15,000015.jpg,,,,29.014289089437142,28.833668838582867,-0.18062025085427535,,True,,,,,,,,,,,,,,,,,,,,,,,,,,,,,,,,,,,,,,,,,,,,,grid,31.014289089437142,2.0,1.3077872119089058,1.1845223903656006,0.768861801139739,0.0028618383997430405,3.4334530293737817,2.0,False,2.457288668112612,False
15,000015.jpg,,,,29.014289089437142,28.833668838582867,-0.18062025085427535,,True,,,,,,,,,,,,,,,,,,,,,,,,,,,,,,,,,,,,,,,,,,,,,grid,32.01428908943714,3.0,1.3789951597432148,1.249018669128418,0.7566063059693282,0.004022702807560563,4.826184854507985,3.0,False,2.9189350674008825,False
15,000015.jpg,,,,29.014289089437142,28.833668838582867,-0.18062025085427535,,True,,,,,,,,,,,,,,,,,,,,,,,,,,,,,,,,,,,,,,,,,,,,,clamped_raw_observation,28.833668838582867,-0.18062025085427535,1.0363756958461394,0.9386926293373108,0.8537481572751876,0.0009650216379668564,1.15777203443285,,False,1.4774891547047926,False
16,000016.jpg,,,,29.014289089437142,28.831923822977387,-0.1823652664597546,,True,,,,,,,,,,,,,,,,,,,,,,,,,,,,,,,,,,,,,,,,,,,,,prediction,29.014289089437142,0.0,0.870172862853326,0.8461551666259766,0.8728813559322034,0.0007232700105911741,0.6998036865411797,,False,1.1722424285564175,True
16,000016.jpg,,,,29.014289089437142,28.831923822977387,-0.1823652664597546,,True,,,,,,,,,,,,,,,,,,,,,,,,,,,,,,,,,,,,,,,,,,,,,grid,26.014289089437142,-3.0,1.2941273607501513,1.2584080696105957,0.7540836041099499,0.0044131272394830985,4.269944372283999,-3.0,False,2.6975298497112012,False
16,000016.jpg,,,,29.014289089437142,28.831923822977387,-0.1823652664597546,,True,,,,,,,,,,,,,,,,,,,,,,,,,,,,,,,,,,,,,,,,,,,,,grid,27.014289089437142,-2.0,1.2262622127899179,1.1924160718917847,0.7638754720295073,0.0033542547995845475,3.2454267977032534,-2.0,False,2.333743440186224,False
16,000016.jpg,,,,29.014289089437142,28.831923822977387,-0.1823652664597546,,True,,,,,,,,,,,,,,,,,,,,,,,,,,,,,,,,,,,,,,,,,,,,,grid,28.014289089437142,-1.0,1.1036789113154368,1.073216199874878,0.8001888118029332,0.0020579330157488585,1.991163866864512,-1.0,False,1.8312810662286316,False
16,000016.jpg,,,,29.014289089437142,28.831923822977387,-0.1823652664597546,,True,,,,,,,,,,,,,,,,,,,,,,,,,,,,,,,,,,,,,,,,,,,,,grid,28.514289089437142,-0.5,1.0328082737025723,1.00430166721344,0.8284666725212962,0.0013698421341056626,1.32539793077144,-0.5,False,1.5506910838741361,False
16,000016.jpg,,,,29.014289089437142,28.831923822977387,-0.1823652664597546,,True,,,,,,,,,,,,,,,,,,,,,,,,,,,,,,,,,,,,,,,,,,,,,grid,29.514289089437142,0.5,0.9574664246926302,0.9310393333435059,0.8535391235619566,0.0008308707328978926,0.8039133289182893,0.5,False,1.319905633360246,False
16,000016.jpg,,,,29.014289089437142,28.831923822977387,-0.1823652664597546,,True,,,,,,,,,,,,,,,,,,,,,,,,,,,,,,,,,,,,,,,,,,,,,grid,30.014289089437142,1.0,1.042740634861265,1.0139598846435547,0.8233292350926495,0.0015293722196171682,1.479752100473473,1.0,False,1.6193494248869837,False
16,000016.jpg,,,,29.014289089437142,28.831923822977387,-0.1823652664597546,,True,,,,,,,,,,,,,,,,,,,,,,,,,,,,,,,,,,,,,,,,,,,,,grid,31.014289089437142,2.0,1.2128637801289888,1.1793874502182007,0.7716914024765082,0.002794184624993553,2.7035279671680517,2.0,False,2.1770543694444933,False
16,000016.jpg,,,,29.014289089437142,28.831923822977387,-0.1823652664597546,,True,,,,,,,,,,,,,,,,,,,,,,,,,,,,,,,,,,,,,,,,,,,,,grid,32.01428908943714,3.0,1.3105030866768579,1.27433180809021,0.7487046632124352,0.003976504745272298,3.8474879914010454,3.0,False,2.613670421314684,False
16,000016.jpg,,,,29.014289089437142,28.831923822977387,-0.1823652664597546,,True,,,,,,,,,,,,,,,,,,,,,,,,,,,,,,,,,,,,,,,,,,,,,clamped_raw_observation,28.831923822977387,-0.1823652664597546,0.9694682780533974,0.9427099227905273,0.8550979186791956,0.0009347897333403429,0.9044607020243028,,False,1.3459564928740702,False
17,000017.jpg,,,,29.014289089437142,28.82022249523874,-0.19406659419840366,,True,,,,,,,,,,,,,,,,,,,,,,,,,,,,,,,,,,,,,,,,,,,,,prediction,29.014289089437142,0.0,0.9368728019692393,0.8191353678703308,0.8729788077719522,0.0006606943982963761,0.8511471501021781,,False,1.2766807817228314,True
17,000017.jpg,,,,29.014289089437142,28.82022249523874,-0.19406659419840366,,True,,,,,,,,,,,,,,,,,,,,,,,,,,,,,,,,,,,,,,,,,,,,,grid,26.014289089437142,-3.0,1.4701167347430726,1.285366177558899,0.7413975415253117,0.0044546606950461864,5.7387678252418235,-3.0,False,3.2534111495282163,False
17,000017.jpg,,,,29.014289089437142,28.82022249523874,-0.19406659419840366,,True,,,,,,,,,,,,,,,,,,,,,,,,,,,,,,,,,,,,,,,,,,,,,grid,27.014289089437142,-2.0,1.3817169379497127,1.2080756425857544,0.7641318235890205,0.003329012387742599,4.288638459457485,-2.0,False,2.7497447292250636,False
17,000017.jpg,,,,29.014289089437142,28.82022249523874,-0.19406659419840366,,True,,,,,,,,,,,,,,,,,,,,,,,,,,,,,,,,,,,,,,,,,,,,,grid,28.014289089437142,-1.0,1.2605377995164162,1.1021251678466797,0.791734590474512,0.002050149991797904,2.641129283523942,-1.0,False,2.1590855299228893,False
17,000017.jpg,,,,29.014289089437142,28.82022249523874,-0.19406659419840366,,True,,,,,,,,,,,,,,,,,,,,,,,,,,,,,,,,,,,,,,,,,,,,,grid,28.514289089437142,-0.5,1.1410753645216805,0.9976756572723389,0.828567652112614,0.001346591937666138,1.7347625362807466,-0.5,False,1.761198346479253,False
17,000017.jpg,,,,29.014289089437142,28.82022249523874,-0.19406659419840366,,True,,,,,,,,,,,,,,,,,,,,,,,,,,,,,,,,,,,,,,,,,,,,,grid,29.514289089437142,0.5,1.0150609333598386,0.8874975442886353,0.8649601268890161,0.0008260786028889319,1.0642052519626453,0.5,False,1.4311521194614836,False
17,000017.jpg,,,,29.014289089437142,28.82022249523874,-0.19406659419840366,,True,,,,,,,,,,,,,,,,,,,,,,,,,,,,,,,,,,,,,,,,,,,,,grid,30.014289089437142,1.0,1.1815093137740125,1.033028244972229,0.8173326871392695,0.0014981986799587805,1.9300716640278432,1.0,False,1.8766945426417037,False
17,000017.jpg,,,,29.014289089437142,28.82022249523874,-0.19406659419840366,,True,,,,,,,,,,,,,,,,,,,,,,,,,,,,,,,,,,,,,,,,,,,,,grid,31.014289089437142,2.0,1.3474765372955901,1.178138256072998,0.771357448120897,0.0028337358186642327,3.650592728525868,2.0,False,2.5487672713061604,False
17,000017.jpg,,,,29.014289089437142,28.82022249523874,-0.19406659419840366,,True,,,,,,,,,,,,,,,,,,,,,,,,,,,,,,,,,,,,,,,,,,,,,grid,32.01428908943714,3.0,1.4340215144893806,1.2538070678710938,0.7520817729215314,0.003979371627792716,5.126471223196102,3.0,False,3.0535575473668746,False
17,000017.jpg,,,,29.014289089437142,28.82022249523874,-0.19406659419840366,,True,,,,,,,,,,,,,,,,,,,,,,,,,,,,,,,,,,,,,,,,,,,,,clamped_raw_observation,28.82022249523874,-0.19406659419840366,1.056308513600147,0.9235615134239197,0.8625809578358373,0.0009551056233855585,1.2304257936609801,,False,1.5071560020055068,False
18,000018.jpg,,,,29.014289089437142,28.82711192959826,-0.18717715983888183,,True,,,,,,,,,,,,,,,,,,,,,,,,,,,,,,,,,,,,,,,,,,,,,prediction,29.014289089437142,0.0,0.9814153786013795,0.8427882194519043,0.8612083195774183,0.0007238966160609076,0.996332718458982,,False,1.3692902386387067,True
18,000018.jpg,,,,29.014289089437142,28.82711192959826,-0.18717715983888183,,True,,,,,,,,,,,,,,,,,,,,,,,,,,,,,,,,,,,,,,,,,,,,,grid,26.014289089437142,-3.0,1.4810985968595574,1.2718900442123413,0.7440519423352041,0.004421286207313339,6.0852226799842715,-3.0,False,3.348352324520421,False
18,000018.jpg,,,,29.014289089437142,28.82711192959826,-0.18717715983888183,,True,,,,,,,,,,,,,,,,,,,,,,,,,,,,,,,,,,,,,,,,,,,,,grid,27.014289089437142,-2.0,1.4041142479876307,1.2057799100875854,0.7635963464289645,0.003326884238049388,4.578946141413089,-2.0,False,2.845254436911939,False
18,000018.jpg,,,,29.014289089437142,28.82711192959826,-0.18717715983888183,,True,,,,,,,,,,,,,,,,,,,,,,,,,,,,,,,,,,,,,,,,,,,,,grid,28.014289089437142,-1.0,1.2756814624932917,1.0954885482788086,0.7954880598657422,0.0020588998838017383,2.8337600601388506,-1.0,False,2.2186334176622617,False
18,000018.jpg,,,,29.014289089437142,28.82711192959826,-0.18717715983888183,,True,,,,,,,,,,,,,,,,,,,,,,,,,,,,,,,,,,,,,,,,,,,,,grid,28.514289089437142,-0.5,1.13067253791039,0.9709624648094177,0.8402333003191372,0.0012989481425999354,1.787802989183953,-0.5,False,1.7523899848872408,False
18,000018.jpg,,,,29.014289089437142,28.82711192959826,-0.18717715983888183,,True,,,,,,,,,,,,,,,,,,,,,,,,,,,,,,,,,,,,,,,,,,,,,grid,29.514289089437142,0.5,1.0599184613236146,0.9102025628089905,0.8613843952899747,0.0007556772131162385,1.0400738383314405,0.5,False,1.4735525256164999,False
18,000018.jpg,,,,29.014289089437142,28.82711192959826,-0.18717715983888183,,True,,,,,,,,,,,,,,,,,,,,,,,,,,,,,,,,,,,,,,,,,,,,,grid,30.014289089437142,1.0,1.187027968135255,1.0193575620651245,0.8213491801474634,0.0015166072989813983,2.087377450734945,1.0,False,1.9175231506715276,False
18,000018.jpg,,,,29.014289089437142,28.82711192959826,-0.18717715983888183,,True,,,,,,,,,,,,,,,,,,,,,,,,,,,,,,,,,,,,,,,,,,,,,grid,31.014289089437142,2.0,1.348515026587733,1.1580342054367065,0.7784307252118411,0.0028739696135744452,3.9555785927589033,2.0,False,2.618978949565618,False
18,000018.jpg,,,,29.014289089437142,28.82711192959826,-0.18717715983888183,,True,,,,,,,,,,,,,,,,,,,,,,,,,,,,,,,,,,,,,,,,,,,,,grid,32.01428908943714,3.0,1.4993125752911907,1.2875312566757202,0.7427974028832398,0.00399347604252398,5.496407571566768,3.0,False,3.220617065299643,False
18,000018.jpg,,,,29.014289089437142,28.82711192959826,-0.18717715983888183,,True,,,,,,,,,,,,,,,,,,,,,,,,,,,,,,,,,,,,,,,,,,,,,clamped_raw_observation,28.82711192959826,-0.18717715983888183,1.065506841069684,0.9150015711784363,0.8649059095411027,0.0008757178244801859,1.2052913376154224,,False,1.5075390807276035,False
19,000019.jpg,,,,29.014289089437142,28.830144881940498,-0.18414420749664373,,True,,,,,,,,,,,,,,,,,,,,,,,,,,,,,,,,,,,,,,,,,,,,,prediction,29.014289089437142,0.0,0.9349290871003634,0.8862494826316833,0.8670652672005587,0.0006803023376657317,0.7550716593106119,,False,1.2566317347274576,True
19,000019.jpg,,,,29.014289089437142,28.830144881940498,-0.18414420749664373,,True,,,,,,,,,,,,,,,,,,,,,,,,,,,,,,,,,,,,,,,,,,,,,grid,26.014289089437142,-3.0,1.3193931084438713,1.2506953477859497,0.7537914329980143,0.004336986069877942,4.8136469432489255,-3.0,False,2.859013411258088,False
19,000019.jpg,,,,29.014289089437142,28.830144881940498,-0.18414420749664373,,True,,,,,,,,,,,,,,,,,,,,,,,,,,,,,,,,,,,,,,,,,,,,,grid,27.014289089437142,-2.0,1.2907266343952792,1.2235214710235596,0.7574355729155301,0.0032816538587212563,3.642327370048295,-2.0,False,2.5038729039918226,False
19,000019.jpg,,,,29.014289089437142,28.830144881940498,-0.18414420749664373,,True,,,,,,,,,,,,,,,,,,,,,,,,,,,,,,,,,,,,,,,,,,,,,grid,28.014289089437142,-1.0,1.1542651332255804,1.0941652059555054,0.7947934623693456,0.0020475428318604827,2.27258011322915,-1.0,False,1.9576166991635224,False
19,000019.jpg,,,,29.014289089437142,28.830144881940498,-0.18414420749664373,,True,,,,,,,,,,,,,,,,,,,,,,,,,,,,,,,,,,,,,,,,,,,,,grid,28.514289089437142,-0.5,1.0645962424384567,1.0091651678085327,0.8286163178911995,0.0013394303969107568,1.4866418595542354,-0.5,False,1.6226403894358161,False
19,000019.jpg,,,,29.014289089437142,28.830144881940498,-0.18414420749664373,,True,,,,,,,,,,,,,,,,,,,,,,,,,,,,,,,,,,,,,,,,,,,,,grid,29.514289089437142,0.5,0.9961258615545536,0.9442598819732666,0.8527287406987147,0.0008414214535150677,0.9338987357667171,0.5,False,1.391871804797518,False
19,000019.jpg,,,,29.014289089437142,28.830144881940498,-0.18414420749664373,,True,,,,,,,,,,,,,,,,,,,,,,,,,,,,,,,,,,,,,,,,,,,,,grid,30.014289089437142,1.0,1.0940703290719467,1.037104606628418,0.816287341523556,0.0015226724984434743,1.690023370978435,1.0,False,1.7302888302929995,False
19,000019.jpg,,,,29.014289089437142,28.830144881940498,-0.18414420749664373,,True,,,,,,,,,,,,,,,,,,,,,,,,,,,,,,,,,,,,,,,,,,,,,grid,31.014289089437142,2.0,1.2345044994345642,1.1702266931533813,0.7720121325855936,0.002827713052586963,3.1384957370530358,2.0,False,2.3071163011122295,False
19,000019.jpg,,,,29.014289089437142,28.830144881940498,-0.18414420749664373,,True,,,,,,,,,,,,,,,,,,,,,,,,,,,,,,,,,,,,,,,,,,,,,grid,32.01428908943714,3.0,1.3602048332884276,1.2893821001052856,0.7437536823270124,0.003994206936719517,4.433194320170981,3.0,False,2.8147497310041603,False
19,000019.jpg,,,,29.014289089437142,28.830144881940498,-0.18414420749664373,,True,,,,,,,,,,,,,,,,,,,,,,,,,,,,,,,,,,,,,,,,,,,,,clamped_raw_observation,28.830144881940498,-0.18414420749664373,0.9808105238635245,0.9297419786453247,0.8551945359722435,0.0009109692376417419,1.0110902399765804,,False,1.3839128741103255,False
20,000020.jpg,,,,29.014289089437142,28.834027238760115,-0.18026185067702727,,True,,,,,,,,,,,,,,,,,,,,,,,,,,,,,,,,,,,,,,,,,,,,,prediction,29.014289089437142,0.0,0.8949733472424496,0.8776525259017944,0.8707223501041325,0.0007097505149431527,0.6837868362390995,,False,1.195197706198092,True
20,000020.jpg,,,,29.014289089437142,28.834027238760115,-0.18026185067702727,,True,,,,,,,,,,,,,,,,,,,,,,,,,,,,,,,,,,,,,,,,,,,,,grid,26.014289089437142,-3.0,1.2929141124225414,1.267891764640808,0.7493149183382659,0.0043861660330245895,4.225713869586282,-3.0,False,2.690027661480846,False
20,000020.jpg,,,,29.014289089437142,28.834027238760115,-0.18026185067702727,,True,,,,,,,,,,,,,,,,,,,,,,,,,,,,,,,,,,,,,,,,,,,,,grid,27.014289089437142,-2.0,1.2258147217456488,1.2020909786224365,0.764331908363477,0.003315913879002134,3.194613054624969,-2.0,False,2.320136077038414,False
20,000020.jpg,,,,29.014289089437142,28.834027238760115,-0.18026185067702727,,True,,,,,,,,,,,,,,,,,,,,,,,,,,,,,,,,,,,,,,,,,,,,,grid,28.014289089437142,-1.0,1.1223486202933424,1.1006273031234741,0.7925901567466842,0.0020718793384730816,1.9960870588972228,-1.0,False,1.858780228270964,False
20,000020.jpg,,,,29.014289089437142,28.834027238760115,-0.18026185067702727,,True,,,,,,,,,,,,,,,,,,,,,,,,,,,,,,,,,,,,,,,,,,,,,grid,28.514289089437142,-0.5,1.026894787357486,1.0070208311080933,0.8304505097007563,0.001384897109043474,1.3342356120521592,-0.5,False,1.5450031806697695,False
20,000020.jpg,,,,29.014289089437142,28.834027238760115,-0.18026185067702727,,True,,,,,,,,,,,,,,,,,,,,,,,,,,,,,,,,,,,,,,,,,,,,,grid,29.514289089437142,0.5,0.9229882062436762,0.9051252007484436,0.8607914063356352,0.0008634288484851519,0.8318433987617733,0.5,False,1.285157649598484,False
20,000020.jpg,,,,29.014289089437142,28.834027238760115,-0.18026185067702727,,True,,,,,,,,,,,,,,,,,,,,,,,,,,,,,,,,,,,,,,,,,,,,,grid,30.014289089437142,1.0,1.049661270714837,1.0293467044830322,0.8195549709525375,0.0015187018046466012,1.4631455424489357,1.0,False,1.6258926853745335,False
20,000020.jpg,,,,29.014289089437142,28.834027238760115,-0.18026185067702727,,True,,,,,,,,,,,,,,,,,,,,,,,,,,,,,,,,,,,,,,,,,,,,,grid,31.014289089437142,2.0,1.168725348379783,1.146106481552124,0.7821549928751507,0.0028611635013173022,2.7564980895931335,2.0,False,2.1356948779029157,False
20,000020.jpg,,,,29.014289089437142,28.834027238760115,-0.18026185067702727,,True,,,,,,,,,,,,,,,,,,,,,,,,,,,,,,,,,,,,,,,,,,,,,grid,32.01428908943714,3.0,1.2936219675540261,1.2685859203338623,0.7524060067960101,0.003994653932750225,3.848523836244249,3.0,False,2.593346919819078,False
20,000020.jpg,,,,29.014289089437142,28.834027238760115,-0.18026185067702727,,True,,,,,,,,,,,,,,,,,,,,,,,,,,,,,,,,,,,,,,,,,,,,,clamped_raw_observation,28.834027238760115,-0.18026185067702727,0.956108666399352,0.9376046657562256,0.8545653841937959,0.0009739090552708755,0.9382820831649853,,False,1.3415216585171132,False
21,000021.jpg,,,,29.014289089437142,28.818993961677904,-0.19529512775923763,,True,,,,,,,,,,,,,,,,,,,,,,,,,,,,,,,,,,,,,,,,,,,,,prediction,29.014289089437142,0.0,0.8995663746189357,0.8869630098342896,0.8590751944684529,0.0006903837493155152,0.6558043448611429,,False,1.2044422663657686,True
21,000021.jpg,,,,29.014289089437142,28.818993961677904,-0.19529512775923763,,True,,,,,,,,,,,,,,,,,,,,,,,,,,,,,,,,,,,,,,,,,,,,,grid,26.014289089437142,-3.0,1.2759799975323656,1.2581028938293457,0.748638720829732,0.004471945731590192,4.247958390775787,-3.0,False,2.6793308743965802,False
21,000021.jpg,,,,29.014289089437142,28.818993961677904,-0.19529512775923763,,True,,,,,,,,,,,,,,,,,,,,,,,,,,,,,,,,,,,,,,,,,,,,,grid,27.014289089437142,-2.0,1.2201415788592045,1.2030467987060547,0.7643690579083837,0.003304502034249405,3.13898870564644,-2.0,False,2.300519697362431,False
21,000021.jpg,,,,29.014289089437142,28.818993961677904,-0.19529512775923763,,True,,,,,,,,,,,,,,,,,,,,,,,,,,,,,,,,,,,,,,,,,,,,,grid,28.014289089437142,-1.0,1.102672510885671,1.0872235298156738,0.7959377700950735,0.0020647220662795007,1.9613058727689598,-1.0,False,1.8270612089828373,False
21,000021.jpg,,,,29.014289089437142,28.818993961677904,-0.19529512775923763,,True,,,,,,,,,,,,,,,,,,,,,,,,,,,,,,,,,,,,,,,,,,,,,grid,28.514289089437142,-0.5,1.0446598899212611,1.0300236940383911,0.8221694036300777,0.0013710152027973284,1.3023448592997795,-0.5,False,1.5630767011161282,False
21,000021.jpg,,,,29.014289089437142,28.818993961677904,-0.19529512775923763,,True,,,,,,,,,,,,,,,,,,,,,,,,,,,,,,,,,,,,,,,,,,,,,grid,29.514289089437142,0.5,0.9334111708151276,0.9203336238861084,0.854343128781331,0.0008107922233951589,0.7701818929100654,0.5,False,1.286613515261313,False
21,000021.jpg,,,,29.014289089437142,28.818993961677904,-0.19529512775923763,,True,,,,,,,,,,,,,,,,,,,,,,,,,,,,,,,,,,,,,,,,,,,,,grid,30.014289089437142,1.0,1.0479699778003584,1.0332874059677124,0.8155574762316335,0.001523288859364887,1.44699155135171,1.0,False,1.6241603894066523,False
21,000021.jpg,,,,29.014289089437142,28.818993961677904,-0.19529512775923763,,True,,,,,,,,,,,,,,,,,,,,,,,,,,,,,,,,,,,,,,,,,,,,,grid,31.014289089437142,2.0,1.2042944333928842,1.1874216794967651,0.7667675021607606,0.0028020491202672324,2.661702262556859,2.0,False,2.162952496871338,False
21,000021.jpg,,,,29.014289089437142,28.818993961677904,-0.19529512775923763,,True,,,,,,,,,,,,,,,,,,,,,,,,,,,,,,,,,,,,,,,,,,,,,grid,32.01428908943714,3.0,1.3029597889852225,1.2847046852111816,0.7455920484010372,0.003946553450077772,3.748881549361191,3.0,False,2.5845881279244827,False
21,000021.jpg,,,,29.014289089437142,28.818993961677904,-0.19529512775923763,,True,,,,,,,,,,,,,,,,,,,,,,,,,,,,,,,,,,,,,,,,,,,,,clamped_raw_observation,28.818993961677904,-0.19529512775923763,0.9537019925875455,0.9403401613235474,0.8532411408815903,0.0008939916151575744,0.8492140582263737,,False,1.3186232200953256,False
22,000022.jpg,,,,29.014289089437142,28.824138892828955,-0.19015019660818666,,True,,,,,,,,,,,,,,,,,,,,,,,,,,,,,,,,,,,,,,,,,,,,,prediction,29.014289089437142,0.0,0.8582365571666232,0.8251505494117737,0.8726613581925293,0.0006754672601042936,0.7295175635781499,,False,1.1679545898686312,True
22,000022.jpg,,,,29.014289089437142,28.824138892828955,-0.19015019660818666,,True,,,,,,,,,,,,,,,,,,,,,,,,,,,,,,,,,,,,,,,,,,,,,grid,26.014289089437142,-3.0,1.3090800093115902,1.2586134672164917,0.7511490904382728,0.004513514422190686,4.874681926024056,-3.0,False,2.866601400379331,False
22,000022.jpg,,,,29.014289089437142,28.824138892828955,-0.19015019660818666,,True,,,,,,,,,,,,,,,,,,,,,,,,,,,,,,,,,,,,,,,,,,,,,grid,27.014289089437142,-2.0,1.2816013951266658,1.232194185256958,0.7584644267495306,0.00331958100044479,3.5852109888655237,-2.0,False,2.479439715593516,False
22,000022.jpg,,,,29.014289089437142,28.824138892828955,-0.19015019660818666,,True,,,,,,,,,,,,,,,,,,,,,,,,,,,,,,,,,,,,,,,,,,,,,grid,28.014289089437142,-1.0,1.1393490628120073,1.0954258441925049,0.7925810837055739,0.002093978381405274,2.261536712752339,-1.0,False,1.9421521572945182,False
22,000022.jpg,,,,29.014289089437142,28.824138892828955,-0.19015019660818666,,True,,,,,,,,,,,,,,,,,,,,,,,,,,,,,,,,,,,,,,,,,,,,,grid,28.514289089437142,-0.5,1.039086670632255,0.9990286827087402,0.8304740942146264,0.0013822957407683134,1.4929058453463064,-0.5,False,1.5968390377542052,False
22,000022.jpg,,,,29.014289089437142,28.824138892828955,-0.19015019660818666,,True,,,,,,,,,,,,,,,,,,,,,,,,,,,,,,,,,,,,,,,,,,,,,grid,29.514289089437142,0.5,0.9614506366381316,0.9243856072425842,0.8591959603806565,0.0008002748169625798,0.8643121127341522,0.5,False,1.3333327044410133,False
22,000022.jpg,,,,29.014289089437142,28.824138892828955,-0.19015019660818666,,True,,,,,,,,,,,,,,,,,,,,,,,,,,,,,,,,,,,,,,,,,,,,,grid,30.014289089437142,1.0,1.0577283253675427,1.0169516801834106,0.8240866619192507,0.0014842552094099422,1.6030240221113492,1.0,False,1.664397668976129,False
22,000022.jpg,,,,29.014289089437142,28.824138892828955,-0.19015019660818666,,True,,,,,,,,,,,,,,,,,,,,,,,,,,,,,,,,,,,,,,,,,,,,,grid,31.014289089437142,2.0,1.2177041722681379,1.1707602739334106,0.7726419369456853,0.0028346948868905506,3.0615247096543747,2.0,False,2.2704434127360464,False
22,000022.jpg,,,,29.014289089437142,28.824138892828955,-0.19015019660818666,,True,,,,,,,,,,,,,,,,,,,,,,,,,,,,,,,,,,,,,,,,,,,,,grid,32.01428908943714,3.0,1.3048437937352588,1.2545405626296997,0.7517317278435942,0.004030329563344519,4.352833034445088,3.0,False,2.7313203245029367,False
22,000022.jpg,,,,29.014289089437142,28.824138892828955,-0.19015019660818666,,True,,,,,,,,,,,,,,,,,,,,,,,,,,,,,,,,,,,,,,,,,,,,,clamped_raw_observation,28.824138892828955,-0.19015019660818666,0.9695596553967701,0.9321820139884949,0.8604691310070995,0.0008968150068540126,0.9685773647703437,,False,1.356939371480502,False
23,000023.jpg,,,,29.014289089437142,28.837288257955578,-0.1770008314815641,,True,,,,,,,,,,,,,,,,,,,,,,,,,,,,,,,,,,,,,,,,,,,,,prediction,29.014289089437142,0.0,0.9835385551216437,0.9121808409690857,0.8590630301448519,0.0007604156659605602,0.8595095415772932,,False,1.339352910371115,True
23,000023.jpg,,,,29.014289089437142,28.837288257955578,-0.1770008314815641,,True,,,,,,,,,,,,,,,,,,,,,,,,,,,,,,,,,,,,,,,,,,,,,grid,26.014289089437142,-3.0,1.3814940171895942,1.281263828277588,0.7466396972465092,0.004457040612275402,5.037861665578706,-3.0,False,2.9843197363377616,False
23,000023.jpg,,,,29.014289089437142,28.837288257955578,-0.1770008314815641,,True,,,,,,,,,,,,,,,,,,,,,,,,,,,,,,,,,,,,,,,,,,,,,grid,27.014289089437142,-2.0,1.2802007969796905,1.1873196363449097,0.7714341641654704,0.003328391700051725,3.7621324130498692,-2.0,False,2.5092997360766875,False
23,000023.jpg,,,,29.014289089437142,28.837288257955578,-0.1770008314815641,,True,,,,,,,,,,,,,,,,,,,,,,,,,,,,,,,,,,,,,,,,,,,,,grid,28.014289089437142,-1.0,1.1748190150446707,1.0895835161209106,0.7976423506894602,0.0020749049338822565,2.3452970110561875,-1.0,False,1.9935009171192573,False
23,000023.jpg,,,,29.014289089437142,28.837288257955578,-0.1770008314815641,,True,,,,,,,,,,,,,,,,,,,,,,,,,,,,,,,,,,,,,,,,,,,,,grid,28.514289089437142,-0.5,1.0853518911799136,1.0066074132919312,0.8318761146635347,0.0013821912289131433,1.5623120389485883,-0.5,False,1.6590537862535257,False
23,000023.jpg,,,,29.014289089437142,28.837288257955578,-0.1770008314815641,,True,,,,,,,,,,,,,,,,,,,,,,,,,,,,,,,,,,,,,,,,,,,,,grid,29.514289089437142,0.5,1.0259393399548007,0.9515053629875183,0.8503414676584453,0.0008413386919225255,0.950978084456082,0.5,False,1.4283423934103758,False
23,000023.jpg,,,,29.014289089437142,28.837288257955578,-0.1770008314815641,,True,,,,,,,,,,,,,,,,,,,,,,,,,,,,,,,,,,,,,,,,,,,,,grid,30.014289089437142,1.0,1.0999214331367073,1.0201199054718018,0.8191961372830484,0.0015347090278131266,1.7347052566097583,1.0,False,1.7444016100060984,False
23,000023.jpg,,,,29.014289089437142,28.837288257955578,-0.1770008314815641,,True,,,,,,,,,,,,,,,,,,,,,,,,,,,,,,,,,,,,,,,,,,,,,grid,31.014289089437142,2.0,1.2597186567219334,1.1683235168457031,0.7714341641654704,0.002855613944120705,3.2277444322934494,2.0,False,2.3552206006298255,False
23,000023.jpg,,,,29.014289089437142,28.837288257955578,-0.1770008314815641,,True,,,,,,,,,,,,,,,,,,,,,,,,,,,,,,,,,,,,,,,,,,,,,grid,32.01428908943714,3.0,1.371911366295426,1.2723764181137085,0.7491191439384053,0.004022580416252215,4.546784613075111,3.0,False,2.8494883756257985,False
23,000023.jpg,,,,29.014289089437142,28.837288257955578,-0.1770008314815641,,True,,,,,,,,,,,,,,,,,,,,,,,,,,,,,,,,,,,,,,,,,,,,,clamped_raw_observation,28.837288257955578,-0.1770008314815641,1.020431818904826,0.9463974237442017,0.8492322415068077,0.0009585217630956322,1.0834319150296359,,False,1.4473675810998743,False
24,000024.jpg,,,,29.014289089437142,28.826535861955904,-0.18775322748123813,,True,,,,,,,,,,,,,,,,,,,,,,,,,,,,,,,,,,,,,,,,,,,,,prediction,29.014289089437142,0.0,0.9170971203941392,0.9196603894233704,0.8553542655576362,0.0008235142740886658,0.7666874627741517,,False,1.253414720530041,True
24,000024.jpg,,,,29.014289089437142,28.826535861955904,-0.18775322748123813,,True,,,,,,,,,,,,,,,,,,,,,,,,,,,,,,,,,,,,,,,,,,,,,grid,26.014289089437142,-3.0,1.2690186011644717,1.272565484046936,0.745656055393459,0.004456463231084247,4.148943855730192,-3.0,False,2.6505985097035607,False
24,000024.jpg,,,,29.014289089437142,28.826535861955904,-0.18775322748123813,,True,,,,,,,,,,,,,,,,,,,,,,,,,,,,,,,,,,,,,,,,,,,,,grid,27.014289089437142,-2.0,1.1864456647567883,1.189761757850647,0.7671471497626616,0.0033399345508466163,3.1094615202074993,-2.0,False,2.2566638950460014,False
24,000024.jpg,,,,29.014289089437142,28.826535861955904,-0.18775322748123813,,True,,,,,,,,,,,,,,,,,,,,,,,,,,,,,,,,,,,,,,,,,,,,,grid,28.014289089437142,-1.0,1.0732352645382448,1.0762349367141724,0.8001132256238297,0.002099211288926502,1.95435468160523,-1.0,False,1.7917107093157225,False
24,000024.jpg,,,,29.014289089437142,28.826535861955904,-0.18775322748123813,,True,,,,,,,,,,,,,,,,,,,,,,,,,,,,,,,,,,,,,,,,,,,,,grid,28.514289089437142,-0.5,1.0194280730960594,1.0222773551940918,0.8208422244480251,0.0013862061702335875,1.2905506619352602,-0.5,False,1.5362235141318492,False
24,000024.jpg,,,,29.014289089437142,28.826535861955904,-0.18775322748123813,,True,,,,,,,,,,,,,,,,,,,,,,,,,,,,,,,,,,,,,,,,,,,,,grid,29.514289089437142,0.5,0.957786231519674,0.9604632258415222,0.8490179854548622,0.0009091475124781331,0.8464115578332325,0.5,False,1.33537113552312,False
24,000024.jpg,,,,29.014289089437142,28.826535861955904,-0.18775322748123813,,True,,,,,,,,,,,,,,,,,,,,,,,,,,,,,,,,,,,,,,,,,,,,,grid,30.014289089437142,1.0,1.0267346120222243,1.0296043157577515,0.8185777119714323,0.0015195658973728616,1.4147078672852367,1.0,False,1.591833866872101,False
24,000024.jpg,,,,29.014289089437142,28.826535861955904,-0.18775322748123813,,True,,,,,,,,,,,,,,,,,,,,,,,,,,,,,,,,,,,,,,,,,,,,,grid,31.014289089437142,2.0,1.1656298212065686,1.168887734413147,0.7752035883813091,0.0028172748473783336,2.622868082115807,2.0,False,2.1061432533542113,False
24,000024.jpg,,,,29.014289089437142,28.826535861955904,-0.18775322748123813,,True,,,,,,,,,,,,,,,,,,,,,,,,,,,,,,,,,,,,,,,,,,,,,grid,32.01428908943714,3.0,1.2454178254205215,1.2488987445831299,0.7569568436179942,0.003996090381406248,3.7203391512879604,3.0,False,2.5085457696245173,False
24,000024.jpg,,,,29.014289089437142,28.826535861955904,-0.18775322748123813,,True,,,,,,,,,,,,,,,,,,,,,,,,,,,,,,,,,,,,,,,,,,,,,clamped_raw_observation,28.826535861955904,-0.18775322748123813,0.9461073359728789,0.94875168800354,0.8522623350607499,0.000950424000620842,0.8848397514445475,,False,1.320687535597703,False
25,000025.jpg,,,,29.014289089437142,28.82832252974933,-0.18596655968781306,,True,,,,,,,,,,,,,,,,,,,,,,,,,,,,,,,,,,,,,,,,,,,,,prediction,29.014289089437142,0.0,0.8718480517829855,0.8283443450927734,0.8642611311933158,0.0006742420567510029,0.7267747107989428,,False,1.1892805982894055,True
25,000025.jpg,,,,29.014289089437142,28.82832252974933,-0.18596655968781306,,True,,,,,,,,,,,,,,,,,,,,,,,,,,,,,,,,,,,,,,,,,,,,,grid,26.014289089437142,-3.0,1.3326014666693267,1.2661069631576538,0.7468127015736271,0.004505610791966319,4.856659336979347,-3.0,False,2.8899535993405365,False
25,000025.jpg,,,,29.014289089437142,28.82832252974933,-0.18596655968781306,,True,,,,,,,,,,,,,,,,,,,,,,,,,,,,,,,,,,,,,,,,,,,,,grid,27.014289089437142,-2.0,1.2468140964570904,1.1846002340316772,0.768306673304617,0.0033333999260018268,3.5931172535739204,-2.0,False,2.4367867365459537,False
25,000025.jpg,,,,29.014289089437142,28.82832252974933,-0.18596655968781306,,True,,,,,,,,,,,,,,,,,,,,,,,,,,,,,,,,,,,,,,,,,,,,,grid,28.014289089437142,-1.0,1.1305483002512788,1.0741358995437622,0.7984588411004567,0.002056071961609026,2.2162680157937094,-1.0,False,1.9161564630992494,False
25,000025.jpg,,,,29.014289089437142,28.82832252974933,-0.18596655968781306,,True,,,,,,,,,,,,,,,,,,,,,,,,,,,,,,,,,,,,,,,,,,,,,grid,28.514289089437142,-0.5,1.056839553070747,1.0041050910949707,0.8299530292863482,0.0013445628186066945,1.4493226043369896,-0.5,False,1.6042171748686462,False
25,000025.jpg,,,,29.014289089437142,28.82832252974933,-0.18596655968781306,,True,,,,,,,,,,,,,,,,,,,,,,,,,,,,,,,,,,,,,,,,,,,,,grid,29.514289089437142,0.5,0.9641528997816947,0.9160433411598206,0.8566852096365722,0.0007697115555250397,0.829682585896453,0.5,False,1.3298883366192358,False
25,000025.jpg,,,,29.014289089437142,28.82832252974933,-0.18596655968781306,,True,,,,,,,,,,,,,,,,,,,,,,,,,,,,,,,,,,,,,,,,,,,,,grid,30.014289089437142,1.0,1.0896022863650092,1.0352330207824707,0.8128098010779454,0.0015155605118100841,1.6336433505450167,1.0,False,1.715203322923318,False
25,000025.jpg,,,,29.014289089437142,28.82832252974933,-0.18596655968781306,,True,,,,,,,,,,,,,,,,,,,,,,,,,,,,,,,,,,,,,,,,,,,,,grid,31.014289089437142,2.0,1.2369180245346598,1.175197958946228,0.7738912097664452,0.002835214758912722,3.0561166658618157,2.0,False,2.2870559812336686,False
25,000025.jpg,,,,29.014289089437142,28.82832252974933,-0.18596655968781306,,True,,,,,,,,,,,,,,,,,,,,,,,,,,,,,,,,,,,,,,,,,,,,,grid,32.01428908943714,3.0,1.3228248422120314,1.256818175315857,0.7488473776488669,0.004006457204620044,4.318614875861112,3.0,False,2.7436311835284424,False
25,000025.jpg,,,,29.014289089437142,28.82832252974933,-0.18596655968781306,,True,,,,,,,,,,,,,,,,,,,,,,,,,,,,,,,,,,,,,,,,,,,,,clamped_raw_observation,28.82832252974933,-0.18596655968781306,0.9592282639804036,0.9113644361495972,0.8615770904132124,0.0008427038167913755,0.9083619400560424,,False,1.330320655371836,False
26,000026.jpg,,,,29.014289089437142,28.838005513871792,-0.1762835755653498,,True,,,,,,,,,,,,,,,,,,,,,,,,,,,,,,,,,,,,,,,,,,,,,prediction,29.014289089437142,0.0,0.9389138230131051,0.8658624887466431,0.8666738614288798,0.0006633521988987923,0.8286969507393187,,False,1.279414199269055,True
26,000026.jpg,,,,29.014289089437142,28.838005513871792,-0.1762835755653498,,True,,,,,,,,,,,,,,,,,,,,,,,,,,,,,,,,,,,,,,,,,,,,,grid,26.014289089437142,-3.0,1.37684379661683,1.2697197198867798,0.7466868120008634,0.004435219724352161,5.540726430892983,-3.0,False,3.105338592339212,False
26,000026.jpg,,,,29.014289089437142,28.838005513871792,-0.1762835755653498,,True,,,,,,,,,,,,,,,,,,,,,,,,,,,,,,,,,,,,,,,,,,,,,grid,27.014289089437142,-2.0,1.2796567708643034,1.1800942420959473,0.7717030002158428,0.0032937629924466214,4.114754353463708,-2.0,False,2.5966423590143877,False
26,000026.jpg,,,,29.014289089437142,28.838005513871792,-0.1762835755653498,,True,,,,,,,,,,,,,,,,,,,,,,,,,,,,,,,,,,,,,,,,,,,,,grid,28.014289089437142,-1.0,1.182471813380145,1.0904706716537476,0.7961579969781999,0.0020071982871741056,2.5075052179998027,-1.0,False,2.0431901209018957,False
26,000026.jpg,,,,29.014289089437142,28.838005513871792,-0.1762835755653498,,True,,,,,,,,,,,,,,,,,,,,,,,,,,,,,,,,,,,,,,,,,,,,,grid,28.514289089437142,-0.5,1.0761321830314092,0.9924046993255615,0.8329592056982517,0.001354655095686515,1.6923114884709534,-0.5,False,1.6812508494508958,False
26,000026.jpg,,,,29.014289089437142,28.838005513871792,-0.1762835755653498,,True,,,,,,,,,,,,,,,,,,,,,,,,,,,,,,,,,,,,,,,,,,,,,grid,29.514289089437142,0.5,0.9885228556581359,0.9116117358207703,0.8623354198143751,0.0007606552098877728,0.9502533556750096,0.5,False,1.3787507747625132,False
26,000026.jpg,,,,29.014289089437142,28.838005513871792,-0.1762835755653498,,True,,,,,,,,,,,,,,,,,,,,,,,,,,,,,,,,,,,,,,,,,,,,,grid,30.014289089437142,1.0,1.1059619128380003,1.0199135541915894,0.820159723721131,0.0015099008257190387,1.8862532034555752,1.0,False,1.787365489980763,False
26,000026.jpg,,,,29.014289089437142,28.838005513871792,-0.1762835755653498,,True,,,,,,,,,,,,,,,,,,,,,,,,,,,,,,,,,,,,,,,,,,,,,grid,31.014289089437142,2.0,1.2703324999935366,1.1714954376220703,0.7703863587308439,0.0028649793045284846,3.579093605983872,2.0,False,2.4547195427586606,False
26,000026.jpg,,,,29.014289089437142,28.838005513871792,-0.1762835755653498,,True,,,,,,,,,,,,,,,,,,,,,,,,,,,,,,,,,,,,,,,,,,,,,grid,32.01428908943714,3.0,1.3567070065176308,1.2511496543884277,0.7547593352039715,0.004007753062372406,5.006710986437684,3.0,False,2.94362541792308,False
26,000026.jpg,,,,29.014289089437142,28.838005513871792,-0.1762835755653498,,True,,,,,,,,,,,,,,,,,,,,,,,,,,,,,,,,,,,,,,,,,,,,,clamped_raw_observation,28.838005513871792,-0.1762835755653498,1.0161369529753332,0.9370773434638977,0.8518670407943018,0.0008971208396057287,1.1207339109753849,,False,1.4497418971918383,False
27,000027.jpg,,,,29.014289089437142,28.82156407489228,-0.19272501454486246,,True,,,,,,,,,,,,,,,,,,,,,,,,,,,,,,,,,,,,,,,,,,,,,prediction,29.014289089437142,0.0,0.8972848992586054,0.8706130385398865,0.8668327977790894,0.0007129589891216407,0.7504225790411048,,False,1.2180577462397921,True
27,000027.jpg,,,,29.014289089437142,28.82156407489228,-0.19272501454486246,,True,,,,,,,,,,,,,,,,,,,,,,,,,,,,,,,,,,,,,,,,,,,,,grid,26.014289089437142,-3.0,1.309547825992941,1.270621418952942,0.7474151310468446,0.004475199617445469,4.710356261563627,-3.0,False,2.829721760337003,False
27,000027.jpg,,,,29.014289089437142,28.82156407489228,-0.19272501454486246,,True,,,,,,,,,,,,,,,,,,,,,,,,,,,,,,,,,,,,,,,,,,,,,grid,27.014289089437142,-2.0,1.2372240165440183,1.2004474401474,0.7639845235753164,0.0033297759170333543,3.5047444094471047,-2.0,False,2.409425595330478,False
27,000027.jpg,,,,29.014289089437142,28.82156407489228,-0.19272501454486246,,True,,,,,,,,,,,,,,,,,,,,,,,,,,,,,,,,,,,,,,,,,,,,,grid,28.014289089437142,-1.0,1.1072142220370018,1.0743021965026855,0.8042494589809168,0.0020637360867112875,2.1721784566571416,-1.0,False,1.8760093772203705,False
27,000027.jpg,,,,29.014289089437142,28.82156407489228,-0.19272501454486246,,True,,,,,,,,,,,,,,,,,,,,,,,,,,,,,,,,,,,,,,,,,,,,,grid,28.514289089437142,-0.5,1.0362643710923947,1.00546133518219,0.8309834524668285,0.0013489080204938848,1.4197885868236781,-0.5,False,1.5752280653314856,False
27,000027.jpg,,,,29.014289089437142,28.82156407489228,-0.19272501454486246,,True,,,,,,,,,,,,,,,,,,,,,,,,,,,,,,,,,,,,,,,,,,,,,grid,29.514289089437142,0.5,0.9324688276176594,0.9047511219978333,0.8649966117996809,0.0008429202231733749,0.8872128375559991,0.5,False,1.3042754252069784,False
27,000027.jpg,,,,29.014289089437142,28.82156407489228,-0.19272501454486246,,True,,,,,,,,,,,,,,,,,,,,,,,,,,,,,,,,,,,,,,,,,,,,,grid,30.014289089437142,1.0,1.0537283751733573,1.0224062204360962,0.8193105558834459,0.0015148657257668674,1.5944668096989172,1.0,False,1.6630345217146407,False
27,000027.jpg,,,,29.014289089437142,28.82156407489228,-0.19272501454486246,,True,,,,,,,,,,,,,,,,,,,,,,,,,,,,,,,,,,,,,,,,,,,,,grid,31.014289089437142,2.0,1.1668620571708275,1.1321769952774048,0.7823245240125035,0.0028390783506135144,2.9882623411367986,2.0,False,2.1916031184425235,False
27,000027.jpg,,,,29.014289089437142,28.82156407489228,-0.19272501454486246,,True,,,,,,,,,,,,,,,,,,,,,,,,,,,,,,,,,,,,,,,,,,,,,grid,32.01428908943714,3.0,1.2926445611245057,1.2542206048965454,0.7518525804970818,0.004033298115245998,4.245234326049202,3.0,False,2.692100562139724,False
27,000027.jpg,,,,29.014289089437142,28.82156407489228,-0.19272501454486246,,True,,,,,,,,,,,,,,,,,,,,,,,,,,,,,,,,,,,,,,,,,,,,,clamped_raw_observation,28.82156407489228,-0.19272501454486246,0.9665654330076361,0.9378342032432556,0.8555752289767635,0.0009515580895822495,1.0015592573865535,,False,1.3671617688138566,False
28,000028.jpg,,,,29.014289089437142,28.82944356665908,-0.18484552277806188,,True,,,,,,,,,,,,,,,,,,,,,,,,,,,,,,,,,,,,,,,,,,,,,prediction,29.014289089437142,0.0,0.9068979273043085,0.8852527141571045,0.8687738419618528,0.0007247423442701498,0.6920640573054404,,False,1.2111400996688158,True
28,000028.jpg,,,,29.014289089437142,28.82944356665908,-0.18484552277806188,,True,,,,,,,,,,,,,,,,,,,,,,,,,,,,,,,,,,,,,,,,,,,,,grid,26.014289089437142,-3.0,1.2699820459309819,1.239670991897583,0.7492970027247956,0.004440781893208623,4.24054915366848,-3.0,False,2.670822331623306,False
28,000028.jpg,,,,29.014289089437142,28.82944356665908,-0.18484552277806188,,True,,,,,,,,,,,,,,,,,,,,,,,,,,,,,,,,,,,,,,,,,,,,,grid,27.014289089437142,-2.0,1.2138995013002853,1.184926986694336,0.7664305177111717,0.003352436819113791,3.201277040370102,-2.0,False,2.3077882436816393,False
28,000028.jpg,,,,29.014289089437142,28.82944356665908,-0.18484552277806188,,True,,,,,,,,,,,,,,,,,,,,,,,,,,,,,,,,,,,,,,,,,,,,,grid,28.014289089437142,-1.0,1.129700455931868,1.102737545967102,0.7936348773841961,0.0020803870478024087,1.9865833871177079,-1.0,False,1.8627114253270989,False
28,000028.jpg,,,,29.014289089437142,28.82944356665908,-0.18484552277806188,,True,,,,,,,,,,,,,,,,,,,,,,,,,,,,,,,,,,,,,,,,,,,,,grid,28.514289089437142,-0.5,1.0356310996007825,1.010913372039795,0.828991825613079,0.0013987710505413513,1.3357011303843471,-0.5,False,1.5555645565837901,False
28,000028.jpg,,,,29.014289089437142,28.82944356665908,-0.18484552277806188,,True,,,,,,,,,,,,,,,,,,,,,,,,,,,,,,,,,,,,,,,,,,,,,grid,29.514289089437142,0.5,0.9478910059841401,0.9252673983573914,0.857591280653951,0.0008570782374590635,0.8184329881282826,0.5,False,1.3099079723622598,False
28,000028.jpg,,,,29.014289089437142,28.82944356665908,-0.18484552277806188,,True,,,,,,,,,,,,,,,,,,,,,,,,,,,,,,,,,,,,,,,,,,,,,grid,30.014289089437142,1.0,1.0484466765737777,1.0234230756759644,0.8176130790190735,0.0015104061846310894,1.4423026894719209,1.0,False,1.6214092699226843,False
28,000028.jpg,,,,29.014289089437142,28.82944356665908,-0.18484552277806188,,True,,,,,,,,,,,,,,,,,,,,,,,,,,,,,,,,,,,,,,,,,,,,,grid,31.014289089437142,2.0,1.1637425382961215,1.1359671354293823,0.7803378746594005,0.002873958340690782,2.744372928545047,2.0,False,2.1294978957729827,False
28,000028.jpg,,,,29.014289089437142,28.82944356665908,-0.18484552277806188,,True,,,,,,,,,,,,,,,,,,,,,,,,,,,,,,,,,,,,,,,,,,,,,grid,32.01428908943714,3.0,1.2805667826580656,1.2500030994415283,0.7516512261580381,0.0040597332796702785,3.8766818405455967,3.0,False,2.5880860166364266,False
28,000028.jpg,,,,29.014289089437142,28.82944356665908,-0.18484552277806188,,True,,,,,,,,,,,,,,,,,,,,,,,,,,,,,,,,,,,,,,,,,,,,,clamped_raw_observation,28.82944356665908,-0.18484552277806188,0.9579924977967292,0.9351277947425842,0.8536239782016348,0.0009507160672607521,0.9078487328024715,,False,1.3368760684790544,False
29,000029.jpg,,,,29.014289089437142,28.829916754855674,-0.18437233458146807,,True,,,,,,,,,,,,,,,,,,,,,,,,,,,,,,,,,,,,,,,,,,,,,prediction,29.014289089437142,0.0,0.9137185675717525,0.8919586539268494,0.8677027641290938,0.0007316088886000216,0.6671492566464727,,False,1.212803117604277,True
29,000029.jpg,,,,29.014289089437142,28.829916754855674,-0.18437233458146807,,True,,,,,,,,,,,,,,,,,,,,,,,,,,,,,,,,,,,,,,,,,,,,,grid,26.014289089437142,-3.0,1.2455254934889404,1.2158637046813965,0.7613801164527371,0.004499344853684306,4.10292250587007,-3.0,False,2.599876003503721,False
29,000029.jpg,,,,29.014289089437142,28.829916754855674,-0.18437233458146807,,True,,,,,,,,,,,,,,,,,,,,,,,,,,,,,,,,,,,,,,,,,,,,,grid,27.014289089437142,-2.0,1.2010253960391928,1.1724233627319336,0.7680685729128336,0.0034192076806599894,3.11795263564565,-2.0,False,2.2724449820377717,False
29,000029.jpg,,,,29.014289089437142,28.829916754855674,-0.18437233458146807,,True,,,,,,,,,,,,,,,,,,,,,,,,,,,,,,,,,,,,,,,,,,,,,grid,28.014289089437142,-1.0,1.1140107092143499,1.087480902671814,0.7977661854152688,0.0020960678618090847,1.9113902765211035,-1.0,False,1.8240920929293571,False
29,000029.jpg,,,,29.014289089437142,28.829916754855674,-0.18437233458146807,,True,,,,,,,,,,,,,,,,,,,,,,,,,,,,,,,,,,,,,,,,,,,,,grid,28.514289089437142,-0.5,1.0095509911298748,0.9855088591575623,0.8348882010433126,0.0013984815450385213,1.2752659757751235,-0.5,False,1.508479284030343,False
29,000029.jpg,,,,29.014289089437142,28.829916754855674,-0.18437233458146807,,True,,,,,,,,,,,,,,,,,,,,,,,,,,,,,,,,,,,,,,,,,,,,,grid,29.514289089437142,0.5,0.951791072626195,0.9291244745254517,0.8529188943483625,0.0008828139786298076,0.805032167839047,0.5,False,1.3151302202375943,False
29,000029.jpg,,,,29.014289089437142,28.829916754855674,-0.18437233458146807,,True,,,,,,,,,,,,,,,,,,,,,,,,,,,,,,,,,,,,,,,,,,,,,grid,30.014289089437142,1.0,1.0474610799385895,1.022516131401062,0.8206238230264724,0.001521426175410549,1.3873783626521181,1.0,False,1.6036818475751466,False
29,000029.jpg,,,,29.014289089437142,28.829916754855674,-0.18437233458146807,,True,,,,,,,,,,,,,,,,,,,,,,,,,,,,,,,,,,,,,,,,,,,,,grid,31.014289089437142,2.0,1.1819745810027213,1.1538262367248535,0.7770081603497911,0.002839314033432553,2.5891514937922397,2.0,False,2.1122542941009903,False
29,000029.jpg,,,,29.014289089437142,28.829916754855674,-0.18437233458146807,,True,,,,,,,,,,,,,,,,,,,,,,,,,,,,,,,,,,,,,,,,,,,,,grid,32.01428908943714,3.0,1.2890608628625606,1.2583622932434082,0.7494534513734064,0.0040245921506236,3.6699986884135356,3.0,False,2.547107083592538,False
29,000029.jpg,,,,29.014289089437142,28.829916754855674,-0.18437233458146807,,True,,,,,,,,,,,,,,,,,,,,,,,,,,,,,,,,,,,,,,,,,,,,,clamped_raw_observation,28.829916754855674,-0.18437233458146807,0.9531012710475579,0.930403470993042,0.8551483798350613,0.0009943856081614892,0.9067735912481213,,False,1.3301774590619708,False
30,000030.jpg,,,,29.014289089437142,28.832842688116727,-0.18144640132041445,,True,,,,,,,,,,,,,,,,,,,,,,,,,,,,,,,,,,,,,,,,,,,,,prediction,29.014289089437142,0.0,0.8634229722049328,0.8470944166183472,0.8637204745836509,0.0006741226243320853,0.637812952770306,,False,1.1591557358138584,True
30,000030.jpg,,,,29.014289089437142,28.832842688116727,-0.18144640132041445,,True,,,,,,,,,,,,,,,,,,,,,,,,,,,,,,,,,,,,,,,,,,,,,grid,26.014289089437142,-3.0,1.2771340834578022,1.2529816627502441,0.7487972134537934,0.004460067410642902,4.219838738620076,-3.0,False,2.6732965546590277,False
30,000030.jpg,,,,29.014289089437142,28.832842688116727,-0.18144640132041445,,True,,,,,,,,,,,,,,,,,,,,,,,,,,,,,,,,,,,,,,,,,,,,,grid,27.014289089437142,-2.0,1.1939681414294772,1.1713885068893433,0.7703494067704365,0.0033374030608683825,3.1576434672344025,-2.0,False,2.273029601467641,False
30,000030.jpg,,,,29.014289089437142,28.832842688116727,-0.18144640132041445,,True,,,,,,,,,,,,,,,,,,,,,,,,,,,,,,,,,,,,,,,,,,,,,grid,28.014289089437142,-1.0,1.0947754046416345,1.0740716457366943,0.8009361053662785,0.00205791568926846,1.947071993949371,-1.0,False,1.8106072977626988,False
30,000030.jpg,,,,29.014289089437142,28.832842688116727,-0.18144640132041445,,True,,,,,,,,,,,,,,,,,,,,,,,,,,,,,,,,,,,,,,,,,,,,,grid,28.514289089437142,-0.5,1.0170424123789068,0.9978086948394775,0.8316969631000326,0.0013569244183599949,1.2838375967841347,-0.5,False,1.5213048484749077,False
30,000030.jpg,,,,29.014289089437142,28.832842688116727,-0.18144640132041445,,True,,,,,,,,,,,,,,,,,,,,,,,,,,,,,,,,,,,,,,,,,,,,,grid,29.514289089437142,0.5,0.9041422703066567,0.8870436549186707,0.865832154130837,0.0007558396901004016,0.7151285643937185,0.5,False,1.2320922572742492,False
30,000030.jpg,,,,29.014289089437142,28.832842688116727,-0.18144640132041445,,True,,,,,,,,,,,,,,,,,,,,,,,,,,,,,,,,,,,,,,,,,,,,,grid,30.014289089437142,1.0,1.0467424081565329,1.026947021484375,0.816980515946446,0.001489872675544272,1.4096249794051898,1.0,False,1.6121681370613843,False
30,000030.jpg,,,,29.014289089437142,28.832842688116727,-0.18144640132041445,,True,,,,,,,,,,,,,,,,,,,,,,,,,,,,,,,,,,,,,,,,,,,,,grid,31.014289089437142,2.0,1.1687552836630277,1.1466524600982666,0.7769456841188637,0.0028576121355096498,2.70369509676004,2.0,False,2.127733373734174,False
30,000030.jpg,,,,29.014289089437142,28.832842688116727,-0.18144640132041445,,True,,,,,,,,,,,,,,,,,,,,,,,,,,,,,,,,,,,,,,,,,,,,,grid,32.01428908943714,3.0,1.2653088848771274,1.2413800954818726,0.7538913682377272,0.003999567319018145,3.7841421567390117,3.0,False,2.5474530558241533,False
30,000030.jpg,,,,29.014289089437142,28.832842688116727,-0.18144640132041445,,True,,,,,,,,,,,,,,,,,,,,,,,,,,,,,,,,,,,,,,,,,,,,,clamped_raw_observation,28.832842688116727,-0.18144640132041445,0.9219216843808922,0.9044868350028992,0.8645477304887341,0.0008699200310123464,0.8230642966533834,,False,1.2685834200951163,False
31,000031.jpg,,,,29.014289089437142,28.830687768530765,-0.1836013209063765,,True,,,,,,,,,,,,,,,,,,,,,,,,,,,,,,,,,,,,,,,,,,,,,prediction,29.014289089437142,0.0,0.9276817563021166,0.8673768043518066,0.8650079177422504,0.0006662589827707658,0.7577429293331731,,False,1.2521095708931596,True
31,000031.jpg,,,,29.014289089437142,28.830687768530765,-0.1836013209063765,,True,,,,,,,,,,,,,,,,,,,,,,,,,,,,,,,,,,,,,,,,,,,,,grid,26.014289089437142,-3.0,1.326571636483252,1.2403364181518555,0.7528145946766741,0.004441483334327738,5.051342915245781,-3.0,False,2.926592770618023,False
31,000031.jpg,,,,29.014289089437142,28.830687768530765,-0.1836013209063765,,True,,,,,,,,,,,,,,,,,,,,,,,,,,,,,,,,,,,,,,,,,,,,,grid,27.014289089437142,-2.0,1.2564836409686104,1.1748045682907104,0.7688453111781166,0.0033417517552152276,3.800607315747499,-2.0,False,2.4977901587273688,False
31,000031.jpg,,,,29.014289089437142,28.830687768530765,-0.1836013209063765,,True,,,,,,,,,,,,,,,,,,,,,,,,,,,,,,,,,,,,,,,,,,,,,grid,28.014289089437142,-1.0,1.1482437074457523,1.0736008882522583,0.8021432135187314,0.0020775962620973587,2.362870772963303,-1.0,False,1.9668181871678467,False
31,000031.jpg,,,,29.014289089437142,28.830687768530765,-0.1836013209063765,,True,,,,,,,,,,,,,,,,,,,,,,,,,,,,,,,,,,,,,,,,,,,,,grid,28.514289089437142,-0.5,1.060670017935696,0.9917200207710266,0.8338575674092713,0.0013648657089409728,1.5522752671016,-0.5,False,1.6298812673018248,False
31,000031.jpg,,,,29.014289089437142,28.830687768530765,-0.1836013209063765,,True,,,,,,,,,,,,,,,,,,,,,,,,,,,,,,,,,,,,,,,,,,,,,grid,29.514289089437142,0.5,0.9762560963676311,0.9127935171127319,0.8610382003948025,0.0008325621602125466,0.9468811775082171,0.5,False,1.366938190349883,False
31,000031.jpg,,,,29.014289089437142,28.830687768530765,-0.1836013209063765,,True,,,,,,,,,,,,,,,,,,,,,,,,,,,,,,,,,,,,,,,,,,,,,grid,30.014289089437142,1.0,1.100186241819847,1.0286674499511719,0.8161348402351462,0.0014796373531377565,1.6828061929532634,1.0,False,1.7347529498230168,False
31,000031.jpg,,,,29.014289089437142,28.830687768530765,-0.1836013209063765,,True,,,,,,,,,,,,,,,,,,,,,,,,,,,,,,,,,,,,,,,,,,,,,grid,31.014289089437142,2.0,1.2393754030112971,1.1588084697723389,0.7773921343196165,0.002812960922407607,3.19920827270595,2.0,False,2.321785336868168,False
31,000031.jpg,,,,29.014289089437142,28.830687768530765,-0.1836013209063765,,True,,,,,,,,,,,,,,,,,,,,,,,,,,,,,,,,,,,,,,,,,,,,,grid,32.01428908943714,3.0,1.3261246306161407,1.2399184703826904,0.7555912275754355,0.003982923459261656,4.529818234914713,3.0,False,2.7929879617693834,False
31,000031.jpg,,,,29.014289089437142,28.830687768530765,-0.1836013209063765,,True,,,,,,,,,,,,,,,,,,,,,,,,,,,,,,,,,,,,,,,,,,,,,clamped_raw_observation,28.830687768530765,-0.1836013209063765,0.9735881496271179,0.9102990031242371,0.8608429683941083,0.0009172967596290013,1.0432506753132298,,False,1.3790658896885084,False
32,000032.jpg,,,,29.014289089437142,28.826254527713957,-0.18803456172318533,,True,,,,,,,,,,,,,,,,,,,,,,,,,,,,,,,,,,,,,,,,,,,,,prediction,29.014289089437142,0.0,0.9774003817376098,0.9330370426177979,0.8563909114834635,0.0009141867146051178,0.9686071997630534,,False,1.3631612701949096,True
32,000032.jpg,,,,29.014289089437142,28.826254527713957,-0.18803456172318533,,True,,,,,,,,,,,,,,,,,,,,,,,,,,,,,,,,,,,,,,,,,,,,,grid,26.014289089437142,-3.0,1.3049317254873385,1.2457020282745361,0.7505702254583736,0.00438286045876642,4.643767108070144,-3.0,False,2.8053032770465007,False
32,000032.jpg,,,,29.014289089437142,28.826254527713957,-0.18803456172318533,,True,,,,,,,,,,,,,,,,,,,,,,,,,,,,,,,,,,,,,,,,,,,,,grid,27.014289089437142,-2.0,1.2273344308804734,1.1716268062591553,0.7670629002544083,0.003312127839308232,3.5092950055343533,-2.0,False,2.3975952820096533,False
32,000032.jpg,,,,29.014289089437142,28.826254527713957,-0.18803456172318533,,True,,,,,,,,,,,,,,,,,,,,,,,,,,,,,,,,,,,,,,,,,,,,,grid,28.014289089437142,-1.0,1.101632877662081,1.0516307353973389,0.8075269760505307,0.002098994814635565,2.223945565211501,-1.0,False,1.8800922929144257,False
32,000032.jpg,,,,29.014289089437142,28.826254527713957,-0.18803456172318533,,True,,,,,,,,,,,,,,,,,,,,,,,,,,,,,,,,,,,,,,,,,,,,,grid,28.514289089437142,-0.5,1.0277939545994612,0.9811432957649231,0.8386261952802877,0.0014090460608713329,1.4929249545562169,-0.5,False,1.5773989979582277,False
32,000032.jpg,,,,29.014289089437142,28.826254527713957,-0.18803456172318533,,True,,,,,,,,,,,,,,,,,,,,,,,,,,,,,,,,,,,,,,,,,,,,,grid,29.514289089437142,0.5,0.9714583421918213,0.927364706993103,0.8571365909290288,0.0009212487299616138,0.9760896087828497,0.5,False,1.3733441534585047,False
32,000032.jpg,,,,29.014289089437142,28.826254527713957,-0.18803456172318533,,True,,,,,,,,,,,,,,,,,,,,,,,,,,,,,,,,,,,,,,,,,,,,,grid,30.014289089437142,1.0,1.0963691719500719,1.0466059446334839,0.8132292306342661,0.0015266830062804122,1.6175646922170135,1.0,False,1.7175311143700591,False
32,000032.jpg,,,,29.014289089437142,28.826254527713957,-0.18803456172318533,,True,,,,,,,,,,,,,,,,,,,,,,,,,,,,,,,,,,,,,,,,,,,,,grid,31.014289089437142,2.0,1.2033349998217375,1.148716688156128,0.7814720589525397,0.002857174181068937,3.0272584785438377,2.0,False,2.2386775605051574,False
32,000032.jpg,,,,29.014289089437142,28.826254527713957,-0.18803456172318533,,True,,,,,,,,,,,,,,,,,,,,,,,,,,,,,,,,,,,,,,,,,,,,,grid,32.01428908943714,3.0,1.3323293193378278,1.2718560695648193,0.7451750153522239,0.0040142271512498455,4.253189483140149,3.0,False,2.7404516747706413,False
32,000032.jpg,,,,29.014289089437142,28.826254527713957,-0.18803456172318533,,True,,,,,,,,,,,,,,,,,,,,,,,,,,,,,,,,,,,,,,,,,,,,,clamped_raw_observation,28.826254527713957,-0.18803456172318533,0.9961748815054315,0.9509593844413757,0.8484296868146328,0.0010114282194990665,1.0716373797594425,,False,1.4212955764823547,False
33,000033.jpg,,,,29.014289089437142,28.826473031202596,-0.18781605823454584,,True,,,,,,,,,,,,,,,,,,,,,,,,,,,,,,,,,,,,,,,,,,,,,prediction,29.014289089437142,0.0,0.9498848461919014,0.8785877823829651,0.8635095671882491,0.000693893952605625,0.8035833192401688,,False,1.2872711088136946,True
33,000033.jpg,,,,29.014289089437142,28.826473031202596,-0.18781605823454584,,True,,,,,,,,,,,,,,,,,,,,,,,,,,,,,,,,,,,,,,,,,,,,,grid,26.014289089437142,-3.0,1.3704740854472897,1.2676081657409668,0.7481584797105871,0.0043956192675977945,5.090469960011064,-3.0,False,2.9849330957394686,False
33,000033.jpg,,,,29.014289089437142,28.826473031202596,-0.18781605823454584,,True,,,,,,,,,,,,,,,,,,,,,,,,,,,,,,,,,,,,,,,,,,,,,grid,27.014289089437142,-2.0,1.2770643992008992,1.181209683418274,0.7732205901582182,0.0033266806664566198,3.8525556851518763,-2.0,False,2.52698273033065,False
33,000033.jpg,,,,29.014289089437142,28.826473031202596,-0.18781605823454584,,True,,,,,,,,,,,,,,,,,,,,,,,,,,,,,,,,,,,,,,,,,,,,,grid,28.014289089437142,-1.0,1.1691687705218108,1.0814125537872314,0.8001787037440614,0.002042989964441707,2.3659417273138987,-1.0,False,1.990475498606224,False
33,000033.jpg,,,,29.014289089437142,28.826473031202596,-0.18781605823454584,,True,,,,,,,,,,,,,,,,,,,,,,,,,,,,,,,,,,,,,,,,,,,,,grid,28.514289089437142,-0.5,1.1069609041560347,1.0238739252090454,0.8236281218672362,0.001362781486629198,1.5782072553195288,-0.5,False,1.6928845961186805,False
33,000033.jpg,,,,29.014289089437142,28.826473031202596,-0.18781605823454584,,True,,,,,,,,,,,,,,,,,,,,,,,,,,,,,,,,,,,,,,,,,,,,,grid,29.514289089437142,0.5,1.0073328027217012,0.9317237734794617,0.8554678987054876,0.0008445054603119692,0.9780031925132496,0.5,False,1.411365702144526,False
33,000033.jpg,,,,29.014289089437142,28.826473031202596,-0.18781605823454584,,True,,,,,,,,,,,,,,,,,,,,,,,,,,,,,,,,,,,,,,,,,,,,,grid,30.014289089437142,1.0,1.1131403322128883,1.0295895338058472,0.8197053567536939,0.0015138306771405041,1.7531339994190016,1.0,False,1.7617184753139448,False
33,000033.jpg,,,,29.014289089437142,28.826473031202596,-0.18781605823454584,,True,,,,,,,,,,,,,,,,,,,,,,,,,,,,,,,,,,,,,,,,,,,,,grid,31.014289089437142,2.0,1.2471887861927042,1.1535764932632446,0.7754434903892254,0.0028561110763500133,3.307599396469145,2.0,False,2.3586451449207653,False
33,000033.jpg,,,,29.014289089437142,28.826473031202596,-0.18781605823454584,,True,,,,,,,,,,,,,,,,,,,,,,,,,,,,,,,,,,,,,,,,,,,,,grid,32.01428908943714,3.0,1.3570863557220638,1.2552253007888794,0.7489648258728152,0.004001283397277196,4.633798264894293,3.0,False,2.8565710960728214,False
33,000033.jpg,,,,29.014289089437142,28.826473031202596,-0.18781605823454584,,True,,,,,,,,,,,,,,,,,,,,,,,,,,,,,,,,,,,,,,,,,,,,,clamped_raw_observation,28.826473031202596,-0.18781605823454584,1.0040435776885606,0.9286814332008362,0.857603626378416,0.0009343284861339877,1.0820252624033395,,False,1.4225807486580158,False
34,000034.jpg,,,,29.014289089437142,28.822840424107568,-0.19144866532957394,,True,,,,,,,,,,,,,,,,,,,,,,,,,,,,,,,,,,,,,,,,,,,,,prediction,29.014289089437142,0.0,0.9860690048823303,0.8686498403549194,0.8584566434938,0.0007141931176496049,0.9922319236935377,,False,1.3756703423119148,True
34,000034.jpg,,,,29.014289089437142,28.822840424107568,-0.19144866532957394,,True,,,,,,,,,,,,,,,,,,,,,,,,,,,,,,,,,,,,,,,,,,,,,grid,26.014289089437142,-3.0,1.4211137407440537,1.2518903017044067,0.7535249634972868,0.00443981250282377,6.168252803966078,-3.0,False,3.299651978238286,False
34,000034.jpg,,,,29.014289089437142,28.822840424107568,-0.19144866532957394,,True,,,,,,,,,,,,,,,,,,,,,,,,,,,,,,,,,,,,,,,,,,,,,grid,27.014289089437142,-2.0,1.3314654203568774,1.172917127609253,0.7720269357334322,0.0033049243114267788,4.591547196618869,-2.0,False,2.767325283778163,False
34,000034.jpg,,,,29.014289089437142,28.822840424107568,-0.19144866532957394,,True,,,,,,,,,,,,,,,,,,,,,,,,,,,,,,,,,,,,,,,,,,,,,grid,28.014289089437142,-1.0,1.2152381101881007,1.0705299377441406,0.8009240089785779,0.0020294794036696353,2.819565469108172,-1.0,False,2.149205468486566,False
34,000034.jpg,,,,29.014289089437142,28.822840424107568,-0.19144866532957394,,True,,,,,,,,,,,,,,,,,,,,,,,,,,,,,,,,,,,,,,,,,,,,,grid,28.514289089437142,-0.5,1.125294243656956,0.9912964105606079,0.8367729422276462,0.0013289312191773206,1.8462905164925467,-0.5,False,1.7650939305524462,False
34,000034.jpg,,,,29.014289089437142,28.822840424107568,-0.19144866532957394,,True,,,,,,,,,,,,,,,,,,,,,,,,,,,,,,,,,,,,,,,,,,,,,grid,29.514289089437142,0.5,1.0595834017279977,0.9334102869033813,0.8552967071283806,0.0007902942985917131,1.0979596593654244,0.5,False,1.493776609440973,False
34,000034.jpg,,,,29.014289089437142,28.822840424107568,-0.19144866532957394,,True,,,,,,,,,,,,,,,,,,,,,,,,,,,,,,,,,,,,,,,,,,,,,grid,30.014289089437142,1.0,1.1658334583946404,1.027008295059204,0.8173556780787586,0.0015079591927739482,2.095014938846739,1.0,False,1.9022315150275664,False
34,000034.jpg,,,,29.014289089437142,28.822840424107568,-0.19144866532957394,,True,,,,,,,,,,,,,,,,,,,,,,,,,,,,,,,,,,,,,,,,,,,,,grid,31.014289089437142,2.0,1.3183793840867075,1.1613893508911133,0.7769738705951577,0.002851646781588594,3.9618065504494737,2.0,False,2.5918571511039183,False
34,000034.jpg,,,,29.014289089437142,28.822840424107568,-0.19144866532957394,,True,,,,,,,,,,,,,,,,,,,,,,,,,,,,,,,,,,,,,,,,,,,,,grid,32.01428908943714,3.0,1.4079235055128694,1.240270733833313,0.7575783991108593,0.004041867369475464,5.615385721619881,3.0,False,3.1441915368069804,False
34,000034.jpg,,,,29.014289089437142,28.822840424107568,-0.19144866532957394,,True,,,,,,,,,,,,,,,,,,,,,,,,,,,,,,,,,,,,,,,,,,,,,clamped_raw_observation,28.822840424107568,-0.19144866532957394,1.050022876408259,0.9249882102012634,0.8585002288229782,0.0009198493013779322,1.2779510460953087,,False,1.5167538690689952,False
35,000035.jpg,,,,29.014289089437142,28.8399863878451,-0.17430270159204042,,True,,,,,,,,,,,,,,,,,,,,,,,,,,,,,,,,,,,,,,,,,,,,,prediction,29.014289089437142,0.0,0.9095590292614993,0.8717381358146667,0.8638635822639631,0.0007190903997980058,0.8114492711975875,,False,1.248557764796933,True
35,000035.jpg,,,,29.014289089437142,28.8399863878451,-0.17430270159204042,,True,,,,,,,,,,,,,,,,,,,,,,,,,,,,,,,,,,,,,,,,,,,,,grid,26.014289089437142,-3.0,1.2847719466531273,1.2313491106033325,0.7546904416697323,0.004406367855456968,4.972315005100071,-3.0,False,2.8631602562584124,False
35,000035.jpg,,,,29.014289089437142,28.8399863878451,-0.17430270159204042,,True,,,,,,,,,,,,,,,,,,,,,,,,,,,,,,,,,,,,,,,,,,,,,grid,27.014289089437142,-2.0,1.2441245247936312,1.1923918724060059,0.7674579645538941,0.003300103358924389,3.723963588205495,-2.0,False,2.4676574572911107,False
35,000035.jpg,,,,29.014289089437142,28.8399863878451,-0.17430270159204042,,True,,,,,,,,,,,,,,,,,,,,,,,,,,,,,,,,,,,,,,,,,,,,,grid,28.014289089437142,-1.0,1.112983270161129,1.0667036771774292,0.8018004371253598,0.002041980430173377,2.3042492742628298,-1.0,False,1.9172451516014768,False
35,000035.jpg,,,,29.014289089437142,28.8399863878451,-0.17430270159204042,,True,,,,,,,,,,,,,,,,,,,,,,,,,,,,,,,,,,,,,,,,,,,,,grid,28.514289089437142,-0.5,1.0415906671269601,0.9982796907424927,0.8300188266862868,0.00132920114750353,1.4999217104271059,-0.5,False,1.6015522680474497,False
35,000035.jpg,,,,29.014289089437142,28.8399863878451,-0.17430270159204042,,True,,,,,,,,,,,,,,,,,,,,,,,,,,,,,,,,,,,,,,,,,,,,,grid,29.514289089437142,0.5,0.9498584945526918,0.9103618860244751,0.8610503992555885,0.0008163288681923101,0.9211768997865551,0.5,False,1.334102320243742,False
35,000035.jpg,,,,29.014289089437142,28.8399863878451,-0.17430270159204042,,True,,,,,,,,,,,,,,,,,,,,,,,,,,,,,,,,,,,,,,,,,,,,,grid,30.014289089437142,1.0,1.0875053864858395,1.0422852039337158,0.8126420116422497,0.0015182535474499066,1.713255711545372,1.0,False,1.7331773027299329,False
35,000035.jpg,,,,29.014289089437142,28.8399863878451,-0.17430270159204042,,True,,,,,,,,,,,,,,,,,,,,,,,,,,,,,,,,,,,,,,,,,,,,,grid,31.014289089437142,2.0,1.233472513887634,1.182182788848877,0.7695353920062323,0.00283422670327127,3.1982504472653797,2.0,False,2.3234997336977465,False
35,000035.jpg,,,,29.014289089437142,28.8399863878451,-0.17430270159204042,,True,,,,,,,,,,,,,,,,,,,,,,,,,,,,,,,,,,,,,,,,,,,,,grid,32.01428908943714,3.0,1.3334650945456143,1.278017520904541,0.7492588344766398,0.004020466391618053,4.536848947321896,3.0,False,2.8084184968994483,False
35,000035.jpg,,,,29.014289089437142,28.8399863878451,-0.17430270159204042,,True,,,,,,,,,,,,,,,,,,,,,,,,,,,,,,,,,,,,,,,,,,,,,clamped_raw_observation,28.8399863878451,-0.17430270159204042,0.968404113213562,0.9281363487243652,0.853563004479453,0.0009113001190902045,1.0283461129306426,,False,1.377156718014531,False
36,000036.jpg,,,,29.014289089437142,28.83175121174409,-0.18253787769305063,,True,,,,,,,,,,,,,,,,,,,,,,,,,,,,,,,,,,,,,,,,,,,,,prediction,29.014289089437142,0.0,0.9311904666171427,0.842046320438385,0.8652807013736681,0.0006229880770357946,0.74765901337047,,False,1.252824518586092,True
36,000036.jpg,,,,29.014289089437142,28.83175121174409,-0.18253787769305063,,True,,,,,,,,,,,,,,,,,,,,,,,,,,,,,,,,,,,,,,,,,,,,,grid,26.014289089437142,-3.0,1.375807966589129,1.2440999746322632,0.757275232742345,0.004387051487962405,5.264978107930895,-3.0,False,3.0247772608295076,False
36,000036.jpg,,,,29.014289089437142,28.83175121174409,-0.18253787769305063,,True,,,,,,,,,,,,,,,,,,,,,,,,,,,,,,,,,,,,,,,,,,,,,grid,27.014289089437142,-2.0,1.3178816843329195,1.1917190551757812,0.765282871465463,0.003308697370812297,3.970826253326283,-2.0,False,2.6053053761990275,False
36,000036.jpg,,,,29.014289089437142,28.83175121174409,-0.18253787769305063,,True,,,,,,,,,,,,,,,,,,,,,,,,,,,,,,,,,,,,,,,,,,,,,grid,28.014289089437142,-1.0,1.1993015672551317,1.0844907760620117,0.7990712007117902,0.0020503911655396223,2.4607107139914044,-1.0,False,2.0454080450411927,False
36,000036.jpg,,,,29.014289089437142,28.83175121174409,-0.18253787769305063,,True,,,,,,,,,,,,,,,,,,,,,,,,,,,,,,,,,,,,,,,,,,,,,grid,28.514289089437142,-0.5,1.0728933479488316,0.970183789730072,0.8410624769427747,0.001324960185835759,1.5901081606738372,-0.5,False,1.6443579111745164,False
36,000036.jpg,,,,29.014289089437142,28.83175121174409,-0.18253787769305063,,True,,,,,,,,,,,,,,,,,,,,,,,,,,,,,,,,,,,,,,,,,,,,,grid,29.514289089437142,0.5,0.9894688654950099,0.8947456479072571,0.8653241032095658,0.0007761907860791931,0.9315202950085925,0.5,False,1.3720248360375922,False
36,000036.jpg,,,,29.014289089437142,28.83175121174409,-0.18253787769305063,,True,,,,,,,,,,,,,,,,,,,,,,,,,,,,,,,,,,,,,,,,,,,,,grid,30.014289089437142,1.0,1.1498930533098766,1.0398122072219849,0.8149345717323843,0.0014886241891266157,1.7865242266231582,1.0,False,1.811589538233282,False
36,000036.jpg,,,,29.014289089437142,28.83175121174409,-0.18253787769305063,,True,,,,,,,,,,,,,,,,,,,,,,,,,,,,,,,,,,,,,,,,,,,,,grid,31.014289089437142,2.0,1.2802788985117108,1.1577160358428955,0.7794535708860485,0.002809736644849181,3.3720146583127844,2.0,False,2.4038289922038585,False
36,000036.jpg,,,,29.014289089437142,28.83175121174409,-0.18253787769305063,,True,,,,,,,,,,,,,,,,,,,,,,,,,,,,,,,,,,,,,,,,,,,,,grid,32.01428908943714,3.0,1.3863892622227378,1.2536683082580566,0.7530869555782209,0.004024917492642999,4.830374693148596,3.0,False,2.930895979931666,False
36,000036.jpg,,,,29.014289089437142,28.83175121174409,-0.18253787769305063,,True,,,,,,,,,,,,,,,,,,,,,,,,,,,,,,,,,,,,,,,,,,,,,clamped_raw_observation,28.83175121174409,-0.18253787769305063,1.0195141950720812,0.9219146966934204,0.8620472645992926,0.0009072832278131197,1.0888466536661465,,False,1.4351547302201166,False
37,000037.jpg,,,,29.014289089437142,28.828895473354237,-0.18539361608290506,,True,,,,,,,,,,,,,,,,,,,,,,,,,,,,,,,,,,,,,,,,,,,,,prediction,29.014289089437142,0.0,1.0156593015992292,0.943545937538147,0.8544324219674317,0.0008918898723398646,1.0344943610259687,,False,1.4198504698882897,True
37,000037.jpg,,,,29.014289089437142,28.828895473354237,-0.18539361608290506,,True,,,,,,,,,,,,,,,,,,,,,,,,,,,,,,,,,,,,,,,,,,,,,grid,26.014289089437142,-3.0,1.3581820309600765,1.261749029159546,0.7479940628562824,0.004377324832603335,5.07721636509572,-3.0,False,2.969492059377724,False
37,000037.jpg,,,,29.014289089437142,28.828895473354237,-0.18539361608290506,,True,,,,,,,,,,,,,,,,,,,,,,,,,,,,,,,,,,,,,,,,,,,,,grid,27.014289089437142,-2.0,1.2620605609852118,1.1724523305892944,0.7704734657000882,0.0032729085069149733,3.7962146443874674,-2.0,False,2.5006407563819906,False
37,000037.jpg,,,,29.014289089437142,28.828895473354237,-0.18539361608290506,,True,,,,,,,,,,,,,,,,,,,,,,,,,,,,,,,,,,,,,,,,,,,,,grid,28.014289089437142,-1.0,1.1489342235677025,1.067358136177063,0.802891130853787,0.002061223533625404,2.390793065914483,-1.0,False,1.9737413591925363,False
37,000037.jpg,,,,29.014289089437142,28.828895473354237,-0.18539361608290506,,True,,,,,,,,,,,,,,,,,,,,,,,,,,,,,,,,,,,,,,,,,,,,,grid,28.514289089437142,-0.5,1.0960855403128242,1.0182617902755737,0.8251339084045002,0.0013957632472738624,1.6189321724710513,-0.5,False,1.6906846750260869,False
37,000037.jpg,,,,29.014289089437142,28.828895473354237,-0.18539361608290506,,True,,,,,,,,,,,,,,,,,,,,,,,,,,,,,,,,,,,,,,,,,,,,,grid,29.514289089437142,0.5,1.0089718290918368,0.9373332858085632,0.8482586529567406,0.0009483797766733915,1.1000164499074325,0.5,False,1.4507172886119541,False
37,000037.jpg,,,,29.014289089437142,28.828895473354237,-0.18539361608290506,,True,,,,,,,,,,,,,,,,,,,,,,,,,,,,,,,,,,,,,,,,,,,,,grid,30.014289089437142,1.0,1.1124597138664372,1.0334733724594116,0.8180351496117194,0.0015647648833692074,1.8149555212799453,1.0,False,1.778163444574704,False
37,000037.jpg,,,,29.014289089437142,28.828895473354237,-0.18539361608290506,,True,,,,,,,,,,,,,,,,,,,,,,,,,,,,,,,,,,,,,,,,,,,,,grid,31.014289089437142,2.0,1.2567241079306517,1.167494773864746,0.7770774625164024,0.002849762599604825,3.305411835005684,2.0,False,2.3659996041656703,False
37,000037.jpg,,,,29.014289089437142,28.828895473354237,-0.18539361608290506,,True,,,,,,,,,,,,,,,,,,,,,,,,,,,,,,,,,,,,,,,,,,,,,grid,32.01428908943714,3.0,1.3496293598720084,1.2538036108016968,0.7539957407447243,0.004037128606190284,4.682626081271409,3.0,False,2.856290139445136,False
37,000037.jpg,,,,29.014289089437142,28.828895473354237,-0.18539361608290506,,True,,,,,,,,,,,,,,,,,,,,,,,,,,,,,,,,,,,,,,,,,,,,,clamped_raw_observation,28.828895473354237,-0.18539361608290506,1.0258621065766167,0.9530243277549744,0.8495493363736099,0.0010313483944628388,1.1962509401815808,,False,1.4809373137308892,False
38,000038.jpg,,,,29.014289089437142,28.839445530066428,-0.17484355937071427,,True,,,,,,,,,,,,,,,,,,,,,,,,,,,,,,,,,,,,,,,,,,,,,prediction,29.014289089437142,0.0,0.9099999043867125,0.8622769713401794,0.8672131856722617,0.0007953867025207728,0.8810135002251968,,False,1.26304009377075,True
38,000038.jpg,,,,29.014289089437142,28.839445530066428,-0.17484355937071427,,True,,,,,,,,,,,,,,,,,,,,,,,,,,,,,,,,,,,,,,,,,,,,,grid,26.014289089437142,-3.0,1.3314310063323673,1.261607050895691,0.752141373940128,0.0044008427842830615,4.874612428186478,-3.0,False,2.8879427394388584,False
38,000038.jpg,,,,29.014289089437142,28.839445530066428,-0.17484355937071427,,True,,,,,,,,,,,,,,,,,,,,,,,,,,,,,,,,,,,,,,,,,,,,,grid,27.014289089437142,-2.0,1.2470999609243592,1.1816985607147217,0.76726077175982,0.003257669974118471,3.608372150779934,-2.0,False,2.4419322268595227,False
38,000038.jpg,,,,29.014289089437142,28.839445530066428,-0.17484355937071427,,True,,,,,,,,,,,,,,,,,,,,,,,,,,,,,,,,,,,,,,,,,,,,,grid,28.014289089437142,-1.0,1.1285690490226938,1.0693837404251099,0.8042048797369787,0.0020206433449250958,2.238174287270933,-1.0,False,1.9139077411034484,False
38,000038.jpg,,,,29.014289089437142,28.839445530066428,-0.17484355937071427,,True,,,,,,,,,,,,,,,,,,,,,,,,,,,,,,,,,,,,,,,,,,,,,grid,28.514289089437142,-0.5,1.0660974656691684,1.010188341140747,0.8275220626405952,0.0013924283751597006,1.542329275463708,-0.5,False,1.6391577218945,False
38,000038.jpg,,,,29.014289089437142,28.839445530066428,-0.17484355937071427,,True,,,,,,,,,,,,,,,,,,,,,,,,,,,,,,,,,,,,,,,,,,,,,grid,29.514289089437142,0.5,0.9685763785360247,0.9177815318107605,0.8567442464094134,0.0008223184559028596,0.9108445726320609,0.5,False,1.3545432752846265,False
38,000038.jpg,,,,29.014289089437142,28.839445530066428,-0.17484355937071427,,True,,,,,,,,,,,,,,,,,,,,,,,,,,,,,,,,,,,,,,,,,,,,,grid,30.014289089437142,1.0,1.0808617927541735,1.024178385734558,0.8200164388302474,0.0014815741354444374,1.6410719600594956,1.0,False,1.7011133439387998,False
38,000038.jpg,,,,29.014289089437142,28.839445530066428,-0.17484355937071427,,True,,,,,,,,,,,,,,,,,,,,,,,,,,,,,,,,,,,,,,,,,,,,,grid,31.014289089437142,2.0,1.2170341110467817,1.1532094478607178,0.7778162311818654,0.0028082611582552395,3.1105825439875243,2.0,False,2.2768635158617974,False
38,000038.jpg,,,,29.014289089437142,28.839445530066428,-0.17484355937071427,,True,,,,,,,,,,,,,,,,,,,,,,,,,,,,,,,,,,,,,,,,,,,,,grid,32.01428908943714,3.0,1.3383946730314922,1.2682055234909058,0.7499134798408029,0.004018930291446547,4.451585413745235,3.0,False,2.7913775466269977,False
38,000038.jpg,,,,29.014289089437142,28.839445530066428,-0.17484355937071427,,True,,,,,,,,,,,,,,,,,,,,,,,,,,,,,,,,,,,,,,,,,,,,,clamped_raw_observation,28.839445530066428,-0.17484355937071427,0.9810402625037647,0.9295917749404907,0.8549273230662744,0.0009296688658650964,1.0297517157005862,,False,1.3887961751437583,False
39,000039.jpg,,,,29.014289089437142,28.826646979221522,-0.18764211021562005,,True,,,,,,,,,,,,,,,,,,,,,,,,,,,,,,,,,,,,,,,,,,,,,prediction,29.014289089437142,0.0,0.9427704316927774,0.8436363935470581,0.8615259531858445,0.0006312482291832566,0.8011737409796101,,False,1.2815379137518357,True
39,000039.jpg,,,,29.014289089437142,28.826646979221522,-0.18764211021562005,,True,,,,,,,,,,,,,,,,,,,,,,,,,,,,,,,,,,,,,,,,,,,,,grid,26.014289089437142,-3.0,1.4263540260044238,1.2763702869415283,0.7509093243185416,0.004367679629164438,5.543413931514161,-3.0,False,3.151298184564422,False
39,000039.jpg,,,,29.014289089437142,28.826646979221522,-0.18764211021562005,,True,,,,,,,,,,,,,,,,,,,,,,,,,,,,,,,,,,,,,,,,,,,,,grid,27.014289089437142,-2.0,1.3096533744850567,1.1719409227371216,0.7712567931875561,0.0032222361381476126,4.089628868281487,-2.0,False,2.6208037983678723,False
39,000039.jpg,,,,29.014289089437142,28.826646979221522,-0.18764211021562005,,True,,,,,,,,,,,,,,,,,,,,,,,,,,,,,,,,,,,,,,,,,,,,,grid,28.014289089437142,-1.0,1.1929250137596856,1.0674867630004883,0.8017459026916,0.0019776351982727647,2.5099941937946744,-1.0,False,2.048677659516754,False
39,000039.jpg,,,,29.014289089437142,28.826646979221522,-0.18764211021562005,,True,,,,,,,,,,,,,,,,,,,,,,,,,,,,,,,,,,,,,,,,,,,,,grid,28.514289089437142,-0.5,1.1164346831069294,0.9990395307540894,0.8313791775428987,0.0012900320677241932,1.6372953933185743,-0.5,False,1.7093793538936741,False
39,000039.jpg,,,,29.014289089437142,28.826646979221522,-0.18764211021562005,,True,,,,,,,,,,,,,,,,,,,,,,,,,,,,,,,,,,,,,,,,,,,,,grid,29.514289089437142,0.5,1.0090166155989109,0.902916669845581,0.8619110787795797,0.0007716401208502551,0.9793576817022382,0.5,False,1.4069449572448904,False
39,000039.jpg,,,,29.014289089437142,28.826646979221522,-0.18764211021562005,,True,,,,,,,,,,,,,,,,,,,,,,,,,,,,,,,,,,,,,,,,,,,,,grid,30.014289089437142,1.0,1.144001879430184,1.0237079858779907,0.8195686593350164,0.0014690083044115454,1.8644501867328627,1.0,False,1.8205457667783833,False
39,000039.jpg,,,,29.014289089437142,28.826646979221522,-0.18764211021562005,,True,,,,,,,,,,,,,,,,,,,,,,,,,,,,,,,,,,,,,,,,,,,,,grid,31.014289089437142,2.0,1.3030817632726597,1.1660603284835815,0.7731396294235954,0.0028239173310187957,3.5840867470420688,2.0,False,2.4859638206095815,False
39,000039.jpg,,,,29.014289089437142,28.826646979221522,-0.18764211021562005,,True,,,,,,,,,,,,,,,,,,,,,,,,,,,,,,,,,,,,,,,,,,,,,grid,32.01428908943714,3.0,1.400570609817678,1.253298044204712,0.750203260730027,0.004007997612158458,5.08690922574949,3.0,False,3.012094655525023,False
39,000039.jpg,,,,29.014289089437142,28.826646979221522,-0.18764211021562005,,True,,,,,,,,,,,,,,,,,,,,,,,,,,,,,,,,,,,,,,,,,,,,,clamped_raw_observation,28.826646979221522,-0.18764211021562005,1.0286807600395416,0.9205130934715271,0.8593435748213445,0.0008200643351301551,1.0408171949571465,,False,1.4351707472639523,False
40,000040.jpg,,,,29.014289089437142,28.83149151956303,-0.18279756987411133,,True,,,,,,,,,,,,,,,,,,,,,,,,,,,,,,,,,,,,,,,,,,,,,prediction,29.014289089437142,0.0,0.9441152825499204,0.8560748100280762,0.8632555935999311,0.0006546535005327314,0.8629179481803476,,False,1.2965891759950763,True
40,000040.jpg,,,,29.014289089437142,28.83149151956303,-0.18279756987411133,,True,,,,,,,,,,,,,,,,,,,,,,,,,,,,,,,,,,,,,,,,,,,,,grid,26.014289089437142,-3.0,1.3547066893406894,1.2283778190612793,0.7565518875034993,0.004376834452462693,5.769233651344887,-3.0,False,3.1304632146734117,False
40,000040.jpg,,,,29.014289089437142,28.83149151956303,-0.18279756987411133,,True,,,,,,,,,,,,,,,,,,,,,,,,,,,,,,,,,,,,,,,,,,,,,grid,27.014289089437142,-2.0,1.289861438231584,1.1695795059204102,0.7732842345543425,0.0032382105904010436,4.268380198335211,-2.0,False,2.643672253261044,False
40,000040.jpg,,,,29.014289089437142,28.83149151956303,-0.18279756987411133,,True,,,,,,,,,,,,,,,,,,,,,,,,,,,,,,,,,,,,,,,,,,,,,grid,28.014289089437142,-1.0,1.1722274335079024,1.0629150867462158,0.8034972112754916,0.0020171267678961158,2.6588338569275627,-1.0,False,2.0634386864643015,False
40,000040.jpg,,,,29.014289089437142,28.83149151956303,-0.18279756987411133,,True,,,,,,,,,,,,,,,,,,,,,,,,,,,,,,,,,,,,,,,,,,,,,grid,28.514289089437142,-0.5,1.0889736937074328,0.987424910068512,0.8357129013502165,0.0013214297747860353,1.7418152793727746,-0.5,False,1.7037146122004099,False
40,000040.jpg,,,,29.014289089437142,28.83149151956303,-0.18279756987411133,,True,,,,,,,,,,,,,,,,,,,,,,,,,,,,,,,,,,,,,,,,,,,,,grid,29.514289089437142,0.5,0.9984568167012978,0.9053488969802856,0.8636216809871439,0.0007828884214783708,1.0319481523684142,0.5,False,1.4078221738062575,False
40,000040.jpg,,,,29.014289089437142,28.83149151956303,-0.18279756987411133,,True,,,,,,,,,,,,,,,,,,,,,,,,,,,,,,,,,,,,,,,,,,,,,grid,30.014289089437142,1.0,1.111002181728305,1.0073992013931274,0.8261946292826841,0.0014952856678670894,1.9709798227754782,1.0,False,1.8075525081394905,False
40,000040.jpg,,,,29.014289089437142,28.83149151956303,-0.18279756987411133,,True,,,,,,,,,,,,,,,,,,,,,,,,,,,,,,,,,,,,,,,,,,,,,grid,31.014289089437142,2.0,1.2805234570303385,1.1611123085021973,0.77397334022439,0.002792699340110024,3.681138774162659,2.0,False,2.4868348103466134,False
40,000040.jpg,,,,29.014289089437142,28.83149151956303,-0.18279756987411133,,True,,,,,,,,,,,,,,,,,,,,,,,,,,,,,,,,,,,,,,,,,,,,,grid,32.01428908943714,3.0,1.3722056096514033,1.244244933128357,0.7533863083317183,0.004036046486968796,5.320031055300958,3.0,False,3.0388270651449245,False
40,000040.jpg,,,,29.014289089437142,28.83149151956303,-0.18279756987411133,,True,,,,,,,,,,,,,,,,,,,,,,,,,,,,,,,,,,,,,,,,,,,,,clamped_raw_observation,28.83149151956303,-0.18279756987411133,1.0192164315233776,0.9241726398468018,0.8572689880913926,0.0008626014847929279,1.1370202752282057,,False,1.4516864393352598,False
41,000041.jpg,,,,29.014289089437142,28.83355566962888,-0.18073341980826285,,True,,,,,,,,,,,,,,,,,,,,,,,,,,,,,,,,,,,,,,,,,,,,,prediction,29.014289089437142,0.0,0.9411736322648661,0.8998705148696899,0.861629279811098,0.0007764993254871418,0.8396300493348187,,False,1.2894518647874726,True
41,000041.jpg,,,,29.014289089437142,28.83355566962888,-0.18073341980826285,,True,,,,,,,,,,,,,,,,,,,,,,,,,,,,,,,,,,,,,,,,,,,,,grid,26.014289089437142,-3.0,1.2562464337374468,1.2011164426803589,0.764452076848771,0.004387786611914635,4.744521171504285,-3.0,False,2.7679246497647467,False
41,000041.jpg,,,,29.014289089437142,28.83355566962888,-0.18073341980826285,,True,,,,,,,,,,,,,,,,,,,,,,,,,,,,,,,,,,,,,,,,,,,,,grid,27.014289089437142,-2.0,1.2283833759752305,1.174476146697998,0.7710421809595364,0.003322159949069222,3.592257237551637,-2.0,False,2.4154055044036036,False
41,000041.jpg,,,,29.014289089437142,28.83355566962888,-0.18073341980826285,,True,,,,,,,,,,,,,,,,,,,,,,,,,,,,,,,,,,,,,,,,,,,,,grid,28.014289089437142,-1.0,1.1301045517682147,1.0805102586746216,0.7991413545132553,0.0020453304362793765,2.211619300560096,-1.0,False,1.9138680223949833,False
41,000041.jpg,,,,29.014289089437142,28.83355566962888,-0.18073341980826285,,True,,,,,,,,,,,,,,,,,,,,,,,,,,,,,,,,,,,,,,,,,,,,,grid,28.514289089437142,-0.5,1.0613036519713013,1.0147286653518677,0.8293656756466674,0.0013604845638231684,1.4710942868179242,-0.5,False,1.6147115480291148,False
41,000041.jpg,,,,29.014289089437142,28.83355566962888,-0.18073341980826285,,True,,,,,,,,,,,,,,,,,,,,,,,,,,,,,,,,,,,,,,,,,,,,,grid,29.514289089437142,0.5,0.9704457085560939,0.9278579950332642,0.8533648170011806,0.0008868464889625708,0.9589486260183292,0.5,False,1.3718180480594955,False
41,000041.jpg,,,,29.014289089437142,28.83355566962888,-0.18073341980826285,,True,,,,,,,,,,,,,,,,,,,,,,,,,,,,,,,,,,,,,,,,,,,,,grid,30.014289089437142,1.0,1.0704019892084966,1.0234277248382568,0.8189116668455512,0.0014910121584155907,1.6122339981994322,1.0,False,1.6845488219128035,False
41,000041.jpg,,,,29.014289089437142,28.83355566962888,-0.18073341980826285,,True,,,,,,,,,,,,,,,,,,,,,,,,,,,,,,,,,,,,,,,,,,,,,grid,31.014289089437142,2.0,1.2089180736331564,1.1558650732040405,0.7732317269507352,0.0027827866530666747,3.009031969650227,2.0,False,2.247944339094978,False
41,000041.jpg,,,,29.014289089437142,28.83355566962888,-0.18073341980826285,,True,,,,,,,,,,,,,,,,,,,,,,,,,,,,,,,,,,,,,,,,,,,,,grid,32.01428908943714,3.0,1.2973795260169392,1.2404444217681885,0.7554792315122894,0.0039468256291002035,4.267709306248722,3.0,False,2.6988276210668305,False
41,000041.jpg,,,,29.014289089437142,28.83355566962888,-0.18073341980826285,,True,,,,,,,,,,,,,,,,,,,,,,,,,,,,,,,,,,,,,,,,,,,,,clamped_raw_observation,28.83355566962888,-0.18073341980826285,0.9883559910686105,0.9449822902679443,0.8521412471825695,0.0009220437301943699,0.9970074631890697,,False,1.3908886122775563,False
42,000042.jpg,,,,29.014289089437142,28.82677789333846,-0.18751119609868283,,True,,,,,,,,,,,,,,,,,,,,,,,,,,,,,,,,,,,,,,,,,,,,,prediction,29.014289089437142,0.0,0.885423388147905,0.8442260026931763,0.8689794688589506,0.0006551207625307143,0.6969837675802807,,False,1.1906898611840246,True
42,000042.jpg,,,,29.014289089437142,28.82677789333846,-0.18751119609868283,,True,,,,,,,,,,,,,,,,,,,,,,,,,,,,,,,,,,,,,,,,,,,,,grid,26.014289089437142,-3.0,1.3080775049794964,1.247214674949646,0.7539276029785219,0.0044176259931797785,4.69991760998823,-3.0,False,2.819129304498032,False
42,000042.jpg,,,,29.014289089437142,28.82677789333846,-0.18751119609868283,,True,,,,,,,,,,,,,,,,,,,,,,,,,,,,,,,,,,,,,,,,,,,,,grid,27.014289089437142,-2.0,1.236316496795131,1.1787925958633423,0.7683467481599449,0.0033028789330273867,3.5139368712879673,-2.0,False,2.406453966457178,False
42,000042.jpg,,,,29.014289089437142,28.82677789333846,-0.18751119609868283,,True,,,,,,,,,,,,,,,,,,,,,,,,,,,,,,,,,,,,,,,,,,,,,grid,28.014289089437142,-1.0,1.1273432013481866,1.0748896598815918,0.8007575431498299,0.00202026703239729,2.149364526807346,-1.0,False,1.893926789900193,False
42,000042.jpg,,,,29.014289089437142,28.82677789333846,-0.18751119609868283,,True,,,,,,,,,,,,,,,,,,,,,,,,,,,,,,,,,,,,,,,,,,,,,grid,28.514289089437142,-0.5,1.045316948016072,0.996679961681366,0.8325011836611717,0.0013527465246928234,1.439188655415774,-0.5,False,1.5876129282088436,False
42,000042.jpg,,,,29.014289089437142,28.82677789333846,-0.18751119609868283,,True,,,,,,,,,,,,,,,,,,,,,,,,,,,,,,,,,,,,,,,,,,,,,grid,29.514289089437142,0.5,0.9340283477774461,0.8905694484710693,0.8664830198424655,0.0007729404314886779,0.8223322551601304,0.5,False,1.2881283917250133,False
42,000042.jpg,,,,29.014289089437142,28.82677789333846,-0.18751119609868283,,True,,,,,,,,,,,,,,,,,,,,,,,,,,,,,,,,,,,,,,,,,,,,,grid,30.014289089437142,1.0,1.085683218394311,1.0351680517196655,0.8175870528988938,0.0015149683458730578,1.6117766461751624,1.0,False,1.7010403270392078,False
42,000042.jpg,,,,29.014289089437142,28.82677789333846,-0.18751119609868283,,True,,,,,,,,,,,,,,,,,,,,,,,,,,,,,,,,,,,,,,,,,,,,,grid,31.014289089437142,2.0,1.211485717150609,1.155117154121399,0.7764386863513106,0.002810828387737274,2.990443704056597,2.0,False,2.242657956813448,False
42,000042.jpg,,,,29.014289089437142,28.82677789333846,-0.18751119609868283,,True,,,,,,,,,,,,,,,,,,,,,,,,,,,,,,,,,,,,,,,,,,,,,grid,32.01428908943714,3.0,1.2911052712583013,1.231032133102417,0.7590711487969698,0.0039831409230828285,4.237668421084899,3.0,False,2.6814512277325564,False
42,000042.jpg,,,,29.014289089437142,28.82677789333846,-0.18751119609868283,,True,,,,,,,,,,,,,,,,,,,,,,,,,,,,,,,,,,,,,,,,,,,,,clamped_raw_observation,28.82677789333846,-0.18751119609868283,0.9778742955220854,0.9323753118515015,0.8601773339646193,0.0009006123097303013,0.9581625200522855,,False,1.362862927453498,False
43,000043.jpg,,,,29.014289089437142,28.83631077180931,-0.1779783176278329,,True,,,,,,,,,,,,,,,,,,,,,,,,,,,,,,,,,,,,,,,,,,,,,prediction,29.014289089437142,0.0,0.9031973234879603,0.8532745242118835,0.8711755929857943,0.0006585311105785271,0.7197244216023344,,False,1.2119528359027498,True
43,000043.jpg,,,,29.014289089437142,28.83631077180931,-0.1779783176278329,,True,,,,,,,,,,,,,,,,,,,,,,,,,,,,,,,,,,,,,,,,,,,,,grid,26.014289089437142,-3.0,1.302511400400331,1.2305171489715576,0.7543082012584056,0.004369443709341188,4.775469671686135,-3.0,False,2.8320706170634593,False
43,000043.jpg,,,,29.014289089437142,28.83631077180931,-0.1779783176278329,,True,,,,,,,,,,,,,,,,,,,,,,,,,,,,,,,,,,,,,,,,,,,,,grid,27.014289089437142,-2.0,1.2714000015899172,1.2011253833770752,0.7631732578001686,0.0032919690323372683,3.597871793255554,-2.0,False,2.467694692103637,False
43,000043.jpg,,,,29.014289089437142,28.83631077180931,-0.1779783176278329,,True,,,,,,,,,,,,,,,,,,,,,,,,,,,,,,,,,,,,,,,,,,,,,grid,28.014289089437142,-1.0,1.1245036398378234,1.062348484992981,0.8069796103699539,0.002044880820903927,2.2348992210524963,-1.0,False,1.9062488347309936,False
43,000043.jpg,,,,29.014289089437142,28.83631077180931,-0.1779783176278329,,True,,,,,,,,,,,,,,,,,,,,,,,,,,,,,,,,,,,,,,,,,,,,,grid,28.514289089437142,-0.5,1.0291467154140328,0.9722622632980347,0.8402343834461286,0.001362512450820456,1.4891224876699205,-0.5,False,1.5761929538853843,False
43,000043.jpg,,,,29.014289089437142,28.83631077180931,-0.1779783176278329,,True,,,,,,,,,,,,,,,,,,,,,,,,,,,,,,,,,,,,,,,,,,,,,grid,29.514289089437142,0.5,0.9559109020496178,0.9030744433403015,0.8641484140197626,0.0008125776657834649,0.8880855909741268,0.5,False,1.328783885773387,False
43,000043.jpg,,,,29.014289089437142,28.83631077180931,-0.1779783176278329,,True,,,,,,,,,,,,,,,,,,,,,,,,,,,,,,,,,,,,,,,,,,,,,grid,30.014289089437142,1.0,1.061287143967381,1.0026261806488037,0.8284071006940691,0.0014945325092412531,1.6334103712041397,1.0,False,1.6712326360743468,False
43,000043.jpg,,,,29.014289089437142,28.83631077180931,-0.1779783176278329,,True,,,,,,,,,,,,,,,,,,,,,,,,,,,,,,,,,,,,,,,,,,,,,grid,31.014289089437142,2.0,1.216886031075815,1.1496245861053467,0.7767735518605807,0.0027524868103985987,3.008258753093421,2.0,False,2.2521771674885893,False
43,000043.jpg,,,,29.014289089437142,28.83631077180931,-0.1779783176278329,,True,,,,,,,,,,,,,,,,,,,,,,,,,,,,,,,,,,,,,,,,,,,,,grid,32.01428908943714,3.0,1.3055139464129764,1.2333537340164185,0.7577461134294795,0.003985747384528319,4.356118769335786,3.0,False,2.7267975253174432,False
43,000043.jpg,,,,29.014289089437142,28.83631077180931,-0.1779783176278329,,True,,,,,,,,,,,,,,,,,,,,,,,,,,,,,,,,,,,,,,,,,,,,,clamped_raw_observation,28.83631077180931,-0.1779783176278329,0.9812958228963471,0.9270562529563904,0.8571644792319834,0.0009302163768249253,1.0166557555453615,,False,1.3836346320795392,False
44,000044.jpg,,,,29.014289089437142,28.823575215885626,-0.19071387355151614,,True,,,,,,,,,,,,,,,,,,,,,,,,,,,,,,,,,,,,,,,,,,,,,prediction,29.014289089437142,0.0,0.8707070220638399,0.8535318374633789,0.8666234887737478,0.0006654636720971515,0.6676556571321062,,False,1.1709974475731186,True
44,000044.jpg,,,,29.014289089437142,28.823575215885626,-0.19071387355151614,,True,,,,,,,,,,,,,,,,,,,,,,,,,,,,,,,,,,,,,,,,,,,,,grid,26.014289089437142,-3.0,1.2967904709856506,1.2712105512619019,0.7503238341968912,0.0043973332503810525,4.411817720507225,-3.0,False,2.7394210669155656,False
44,000044.jpg,,,,29.014289089437142,28.823575215885626,-0.19071387355151614,,True,,,,,,,,,,,,,,,,,,,,,,,,,,,,,,,,,,,,,,,,,,,,,grid,27.014289089437142,-2.0,1.1876073343290603,1.164181113243103,0.7738557858376511,0.0032902289337168136,3.3010666892347875,-2.0,False,2.299018220800106,False
44,000044.jpg,,,,29.014289089437142,28.823575215885626,-0.19071387355151614,,True,,,,,,,,,,,,,,,,,,,,,,,,,,,,,,,,,,,,,,,,,,,,,grid,28.014289089437142,-1.0,1.0998604182490919,1.078165054321289,0.8014248704663213,0.0019981153115319708,2.004696946329839,-1.0,False,1.8296097843652304,False
44,000044.jpg,,,,29.014289089437142,28.823575215885626,-0.19071387355151614,,True,,,,,,,,,,,,,,,,,,,,,,,,,,,,,,,,,,,,,,,,,,,,,grid,28.514289089437142,-0.5,1.0174303289085018,0.9973609447479248,0.8348661485319516,0.0013190183672122657,1.323363110047961,-0.5,False,1.5284049578885404,False
44,000044.jpg,,,,29.014289089437142,28.823575215885626,-0.19071387355151614,,True,,,,,,,,,,,,,,,,,,,,,,,,,,,,,,,,,,,,,,,,,,,,,grid,29.514289089437142,0.5,0.9151783662149413,0.8971259593963623,0.8636873920552677,0.0007969277115383496,0.7995527287870413,0.5,False,1.266379156356434,False
44,000044.jpg,,,,29.014289089437142,28.823575215885626,-0.19071387355151614,,True,,,,,,,,,,,,,,,,,,,,,,,,,,,,,,,,,,,,,,,,,,,,,grid,30.014289089437142,1.0,1.0389605525287304,1.0184664726257324,0.8221070811744386,0.0015229795826599002,1.5279961577093113,1.0,False,1.6288525107816196,False
44,000044.jpg,,,,29.014289089437142,28.823575215885626,-0.19071387355151614,,True,,,,,,,,,,,,,,,,,,,,,,,,,,,,,,,,,,,,,,,,,,,,,grid,31.014289089437142,2.0,1.1723308060742748,1.1492059230804443,0.7790371329879102,0.002825853453638653,2.835161592822014,2.0,False,2.162084071291868,False
44,000044.jpg,,,,29.014289089437142,28.823575215885626,-0.19071387355151614,,True,,,,,,,,,,,,,,,,,,,,,,,,,,,,,,,,,,,,,,,,,,,,,grid,32.01428908943714,3.0,1.2682649859457544,1.2432477474212646,0.757059585492228,0.003986719180829823,3.9998511204823752,3.0,False,2.60116818057412,False
44,000044.jpg,,,,29.014289089437142,28.823575215885626,-0.19071387355151614,,True,,,,,,,,,,,,,,,,,,,,,,,,,,,,,,,,,,,,,,,,,,,,,clamped_raw_observation,28.823575215885626,-0.19071387355151614,0.9476953931698581,0.9290015697479248,0.8602331606217617,0.0008803071104921401,0.88320677292793,,False,1.3139853419866243,False
45,000045.jpg,,,,29.014289089437142,28.835243841996657,-0.17904524744048445,,True,,,,,,,,,,,,,,,,,,,,,,,,,,,,,,,,,,,,,,,,,,,,,prediction,29.014289089437142,0.0,0.9314640343522756,0.8839101791381836,0.8629389041155017,0.0007233527139760554,0.7609164830035613,,False,1.2587542509876644,True
45,000045.jpg,,,,29.014289089437142,28.835243841996657,-0.17904524744048445,,True,,,,,,,,,,,,,,,,,,,,,,,,,,,,,,,,,,,,,,,,,,,,,grid,26.014289089437142,-3.0,1.3057654780332413,1.2391024827957153,0.7536094265921401,0.004417746444232762,4.647160399343377,-3.0,False,2.8039461512769455,False
45,000045.jpg,,,,29.014289089437142,28.835243841996657,-0.17904524744048445,,True,,,,,,,,,,,,,,,,,,,,,,,,,,,,,,,,,,,,,,,,,,,,,grid,27.014289089437142,-2.0,1.2437968148620675,1.1802974939346313,0.76716231089626,0.003332391808119913,3.505443203062924,-2.0,False,2.4129953047315387,False
45,000045.jpg,,,,29.014289089437142,28.835243841996657,-0.17904524744048445,,True,,,,,,,,,,,,,,,,,,,,,,,,,,,,,,,,,,,,,,,,,,,,,grid,28.014289089437142,-1.0,1.1275991018480855,1.070032000541687,0.8021667350065822,0.002068059577140957,2.1754540899282775,-1.0,False,1.8992958893235727,False
45,000045.jpg,,,,29.014289089437142,28.835243841996657,-0.17904524744048445,,True,,,,,,,,,,,,,,,,,,,,,,,,,,,,,,,,,,,,,,,,,,,,,grid,28.514289089437142,-0.5,1.0517874474300488,0.9980907440185547,0.8336318708591406,0.0013778239760237436,1.4493744943198967,-0.5,False,1.5954992001508823,False
45,000045.jpg,,,,29.014289089437142,28.835243841996657,-0.17904524744048445,,True,,,,,,,,,,,,,,,,,,,,,,,,,,,,,,,,,,,,,,,,,,,,,grid,29.514289089437142,0.5,0.9488750237740923,0.900432288646698,0.8636079159203228,0.0008572728450720509,0.9017910980952991,0.5,False,1.3257148823775942,False
45,000045.jpg,,,,29.014289089437142,28.835243841996657,-0.17904524744048445,,True,,,,,,,,,,,,,,,,,,,,,,,,,,,,,,,,,,,,,,,,,,,,,grid,30.014289089437142,1.0,1.0742061965648226,1.0193649530410767,0.8218702117098647,0.001504735080137228,1.5828761030514398,1.0,False,1.678055010617818,False
45,000045.jpg,,,,29.014289089437142,28.835243841996657,-0.17904524744048445,,True,,,,,,,,,,,,,,,,,,,,,,,,,,,,,,,,,,,,,,,,,,,,,grid,31.014289089437142,2.0,1.2117955676800982,1.1499300003051758,0.7783844443964866,0.0027953191505124173,2.9404803158737023,2.0,False,2.228531202252037,False
45,000045.jpg,,,,29.014289089437142,28.835243841996657,-0.17904524744048445,,True,,,,,,,,,,,,,,,,,,,,,,,,,,,,,,,,,,,,,,,,,,,,,grid,32.01428908943714,3.0,1.315613919294463,1.248448133468628,0.7506096639834258,0.003969823902783294,4.175977201558309,3.0,False,2.6989985557006144,False
45,000045.jpg,,,,29.014289089437142,28.835243841996657,-0.17904524744048445,,True,,,,,,,,,,,,,,,,,,,,,,,,,,,,,,,,,,,,,,,,,,,,,clamped_raw_observation,28.835243841996657,-0.17904524744048445,0.9739123776780557,0.924191415309906,0.859270129701966,0.0009294535460261008,0.9777201490955909,,False,1.364443642673202,False
46,000046.jpg,,,,29.014289089437142,28.82918697139121,-0.18510211804593268,,True,,,,,,,,,,,,,,,,,,,,,,,,,,,,,,,,,,,,,,,,,,,,,prediction,29.014289089437142,0.0,0.8988247562167594,0.8385598063468933,0.8644603394896979,0.0006294040843689194,0.724596835278168,,False,1.2155136255466035,True
46,000046.jpg,,,,29.014289089437142,28.82918697139121,-0.18510211804593268,,True,,,,,,,,,,,,,,,,,,,,,,,,,,,,,,,,,,,,,,,,,,,,,grid,26.014289089437142,-3.0,1.3121034335661401,1.2241287231445312,0.7597736735347497,0.004437283729203045,5.1083903445520855,-3.0,False,2.919427346169412,False
46,000046.jpg,,,,29.014289089437142,28.82918697139121,-0.18510211804593268,,True,,,,,,,,,,,,,,,,,,,,,,,,,,,,,,,,,,,,,,,,,,,,,grid,27.014289089437142,-2.0,1.2654667896984264,1.1806190013885498,0.7701932315575958,0.0032884757189701,3.785833549593182,-2.0,False,2.501731945539126,False
46,000046.jpg,,,,29.014289089437142,28.82918697139121,-0.18510211804593268,,True,,,,,,,,,,,,,,,,,,,,,,,,,,,,,,,,,,,,,,,,,,,,,grid,28.014289089437142,-1.0,1.1599508494807194,1.082177758216858,0.7982705241806342,0.0020093113416805863,2.313204943260102,-1.0,False,1.9699815611151108,False
46,000046.jpg,,,,29.014289089437142,28.82918697139121,-0.18510211804593268,,True,,,,,,,,,,,,,,,,,,,,,,,,,,,,,,,,,,,,,,,,,,,,,grid,28.514289089437142,-0.5,1.0713514354766547,0.9995188117027283,0.8308102914487029,0.0013285132978732388,1.5294411891672288,-0.5,False,1.6379014413197588,False
46,000046.jpg,,,,29.014289089437142,28.82918697139121,-0.18510211804593268,,True,,,,,,,,,,,,,,,,,,,,,,,,,,,,,,,,,,,,,,,,,,,,,grid,29.514289089437142,0.5,0.9594524826883568,0.8951225280761719,0.8635849258033522,0.0007943781674839556,0.9145220383342155,0.5,False,1.3394980664685583,False
46,000046.jpg,,,,29.014289089437142,28.82918697139121,-0.18510211804593268,,True,,,,,,,,,,,,,,,,,,,,,,,,,,,,,,,,,,,,,,,,,,,,,grid,30.014289089437142,1.0,1.0936398147061457,1.020312786102295,0.8223337247784777,0.0014951511790665488,1.721281827556474,1.0,False,1.7316265468167866,False
46,000046.jpg,,,,29.014289089437142,28.82918697139121,-0.18510211804593268,,True,,,,,,,,,,,,,,,,,,,,,,,,,,,,,,,,,,,,,,,,,,,,,grid,31.014289089437142,2.0,1.2306291582075943,1.148117184638977,0.7797160243407708,0.002795694842158506,3.2185231798466933,2.0,False,2.315543928828497,False
46,000046.jpg,,,,29.014289089437142,28.82918697139121,-0.18510211804593268,,True,,,,,,,,,,,,,,,,,,,,,,,,,,,,,,,,,,,,,,,,,,,,,grid,32.01428908943714,3.0,1.36492625026298,1.2734098434448242,0.7514679192911284,0.003987136452148358,4.590161593796591,3.0,False,2.850998729420999,False
46,000046.jpg,,,,29.014289089437142,28.82918697139121,-0.18510211804593268,,True,,,,,,,,,,,,,,,,,,,,,,,,,,,,,,,,,,,,,,,,,,,,,clamped_raw_observation,28.82918697139121,-0.18510211804593268,1.0021730954125863,0.9349787831306458,0.8553859293263585,0.0008415980846621096,0.9688836216145245,,False,1.3945611350312368,False
47,000047.jpg,,,,29.014289089437142,28.816868263025412,-0.19742082641172942,,True,,,,,,,,,,,,,,,,,,,,,,,,,,,,,,,,,,,,,,,,,,,,,prediction,29.014289089437142,0.0,0.9292107816590689,0.839651346206665,0.8720325766764859,0.0006387058335045973,0.7903406419236508,,False,1.2547633654634955,True
47,000047.jpg,,,,29.014289089437142,28.816868263025412,-0.19742082641172942,,True,,,,,,,,,,,,,,,,,,,,,,,,,,,,,,,,,,,,,,,,,,,,,grid,26.014289089437142,-3.0,1.4017634343632897,1.2666583061218262,0.7545486050944377,0.004472813103348017,5.534701256614002,-3.0,False,3.1208901434223524,False
47,000047.jpg,,,,29.014289089437142,28.816868263025412,-0.19742082641172942,,True,,,,,,,,,,,,,,,,,,,,,,,,,,,,,,,,,,,,,,,,,,,,,grid,27.014289089437142,-2.0,1.308190332706912,1.1821039915084839,0.76877924103275,0.0032645571045577526,4.039593850983699,-2.0,False,2.609309554420087,False
47,000047.jpg,,,,29.014289089437142,28.816868263025412,-0.19742082641172942,,True,,,,,,,,,,,,,,,,,,,,,,,,,,,,,,,,,,,,,,,,,,,,,grid,28.014289089437142,-1.0,1.1775827347810284,1.0640846490859985,0.8066842834863975,0.00200398867794623,2.4797545521781297,-1.0,False,2.0208370893391634,False
47,000047.jpg,,,,29.014289089437142,28.816868263025412,-0.19742082641172942,,True,,,,,,,,,,,,,,,,,,,,,,,,,,,,,,,,,,,,,,,,,,,,,grid,28.514289089437142,-0.5,1.0745305962524216,0.9709649085998535,0.8397158204817189,0.0013335051868731778,1.650091936093581,-0.5,False,1.662337759794098,False
47,000047.jpg,,,,29.014289089437142,28.816868263025412,-0.19742082641172942,,True,,,,,,,,,,,,,,,,,,,,,,,,,,,,,,,,,,,,,,,,,,,,,grid,29.514289089437142,0.5,0.9918050499367093,0.896212637424469,0.8648847686709409,0.0007694202358834445,0.9520878802695191,0.5,False,1.379942251333148,False
47,000047.jpg,,,,29.014289089437142,28.816868263025412,-0.19742082641172942,,True,,,,,,,,,,,,,,,,,,,,,,,,,,,,,,,,,,,,,,,,,,,,,grid,30.014289089437142,1.0,1.100687458402566,0.9946007132530212,0.8275428868480332,0.0014573962544091046,1.803395915341245,1.0,False,1.753993550389844,False
47,000047.jpg,,,,29.014289089437142,28.816868263025412,-0.19742082641172942,,True,,,,,,,,,,,,,,,,,,,,,,,,,,,,,,,,,,,,,,,,,,,,,grid,31.014289089437142,2.0,1.2701759014893612,1.1477534770965576,0.7751906082134812,0.0027618047315627337,3.4174833075097566,2.0,False,2.409356120153319,False
47,000047.jpg,,,,29.014289089437142,28.816868263025412,-0.19742082641172942,,True,,,,,,,,,,,,,,,,,,,,,,,,,,,,,,,,,,,,,,,,,,,,,grid,32.01428908943714,3.0,1.3551649418641851,1.2245510816574097,0.7605051117657252,0.003955713007599115,4.8948367052437725,3.0,False,2.9083690064094028,False
47,000047.jpg,,,,29.014289089437142,28.816868263025412,-0.19742082641172942,,True,,,,,,,,,,,,,,,,,,,,,,,,,,,,,,,,,,,,,,,,,,,,,clamped_raw_observation,28.816868263025412,-0.19742082641172942,1.0324630496055789,0.9329519271850586,0.8568272396465084,0.000888321636011824,1.0992175978539882,,False,1.4563628342149193,False
48,000048.jpg,,,,29.014289089437142,28.834165731259958,-0.18012335817718395,,True,,,,,,,,,,,,,,,,,,,,,,,,,,,,,,,,,,,,,,,,,,,,,prediction,29.014289089437142,0.0,0.8818834098844729,0.8244113922119141,0.874435236932828,0.0006505744725776216,0.7076681356306733,,False,1.1843652068593133,True
48,000048.jpg,,,,29.014289089437142,28.834165731259958,-0.18012335817718395,,True,,,,,,,,,,,,,,,,,,,,,,,,,,,,,,,,,,,,,,,,,,,,,grid,26.014289089437142,-3.0,1.2980530100674892,1.2134593725204468,0.7586775443780647,0.004494459911560019,4.888888513683568,-3.0,False,2.8515975941103164,False
48,000048.jpg,,,,29.014289089437142,28.834165731259958,-0.18012335817718395,,True,,,,,,,,,,,,,,,,,,,,,,,,,,,,,,,,,,,,,,,,,,,,,grid,27.014289089437142,-2.0,1.2514267063618496,1.1698716878890991,0.7691484122395666,0.003304429934360087,3.59442288244992,-2.0,False,2.440884014734763,False
48,000048.jpg,,,,29.014289089437142,28.834165731259958,-0.18012335817718395,,True,,,,,,,,,,,,,,,,,,,,,,,,,,,,,,,,,,,,,,,,,,,,,grid,28.014289089437142,-1.0,1.1373042245810674,1.063186526298523,0.8077128969401084,0.0020352250430732965,2.2138340382679176,-1.0,False,1.9130498372079383,False
48,000048.jpg,,,,29.014289089437142,28.834165731259958,-0.18012335817718395,,True,,,,,,,,,,,,,,,,,,,,,,,,,,,,,,,,,,,,,,,,,,,,,grid,28.514289089437142,-0.5,1.0409827917901031,0.9731423258781433,0.8419305796449755,0.0013307843085688849,1.4475723998825278,-0.5,False,1.5759453121157596,False
48,000048.jpg,,,,29.014289089437142,28.834165731259958,-0.18012335817718395,,True,,,,,,,,,,,,,,,,,,,,,,,,,,,,,,,,,,,,,,,,,,,,,grid,29.514289089437142,0.5,0.9577030539247026,0.8952898979187012,0.8662127149311578,0.0007891143613960594,0.8583661248127301,0.5,False,1.321081870196727,False
48,000048.jpg,,,,29.014289089437142,28.834165731259958,-0.18012335817718395,,True,,,,,,,,,,,,,,,,,,,,,,,,,,,,,,,,,,,,,,,,,,,,,grid,30.014289089437142,1.0,1.1043215087927065,1.0323532819747925,0.8183764801610244,0.0015035977315468092,1.6355517289302894,1.0,False,1.7248329608642547,False
48,000048.jpg,,,,29.014289089437142,28.834165731259958,-0.18012335817718395,,True,,,,,,,,,,,,,,,,,,,,,,,,,,,,,,,,,,,,,,,,,,,,,grid,31.014289089437142,2.0,1.2476236863000036,1.1663165092468262,0.7755508447356587,0.0028159257490187883,3.0630481349616354,2.0,False,2.297834875304754,False
48,000048.jpg,,,,29.014289089437142,28.834165731259958,-0.18012335817718395,,True,,,,,,,,,,,,,,,,,,,,,,,,,,,,,,,,,,,,,,,,,,,,,grid,32.01428908943714,3.0,1.3123913253192727,1.2268632650375366,0.7613541465921501,0.003992101177573204,4.342443358389193,3.0,False,2.726648018324421,False
48,000048.jpg,,,,29.014289089437142,28.834165731259958,-0.18012335817718395,,True,,,,,,,,,,,,,,,,,,,,,,,,,,,,,,,,,,,,,,,,,,,,,clamped_raw_observation,28.834165731259958,-0.18012335817718395,0.9851944525614277,0.9209896922111511,0.8633862229930837,0.0008931675304969152,0.9715508796530459,,False,1.3700996502269212,False
49,000049.jpg,,,,29.014289089437142,28.83500006348845,-0.179289025948691,,True,,,,,,,,,,,,,,,,,,,,,,,,,,,,,,,,,,,,,,,,,,,,,prediction,29.014289089437142,0.0,0.9671555936646982,0.9052553772926331,0.8645382664478591,0.0007544976348678271,0.8107306669702228,,False,1.3052999939593946,True
49,000049.jpg,,,,29.014289089437142,28.83500006348845,-0.179289025948691,,True,,,,,,,,,,,,,,,,,,,,,,,,,,,,,,,,,,,,,,,,,,,,,grid,26.014289089437142,-3.0,1.2995485382656724,1.216374397277832,0.7614714093902517,0.004418341132501761,4.747641990796475,-3.0,False,2.8149876265745393,False
49,000049.jpg,,,,29.014289089437142,28.83500006348845,-0.179289025948691,,True,,,,,,,,,,,,,,,,,,,,,,,,,,,,,,,,,,,,,,,,,,,,,grid,27.014289089437142,-2.0,1.2583952491922945,1.1778550148010254,0.7718079324822574,0.003255118460704883,3.497723834716406,-2.0,False,2.4210182753891387,False
49,000049.jpg,,,,29.014289089437142,28.83500006348845,-0.179289025948691,,True,,,,,,,,,,,,,,,,,,,,,,,,,,,,,,,,,,,,,,,,,,,,,grid,28.014289089437142,-1.0,1.1605367870150702,1.0862597227096558,0.7962319643656358,0.002029999547327558,2.1812962836423333,-1.0,False,1.9396288935600179,False
49,000049.jpg,,,,29.014289089437142,28.83500006348845,-0.179289025948691,,True,,,,,,,,,,,,,,,,,,,,,,,,,,,,,,,,,,,,,,,,,,,,,grid,28.514289089437142,-0.5,1.0809957184526824,1.0118094682693481,0.8266874107542465,0.0013657948972346883,1.4675881763016807,-0.5,False,1.6362053517738562,False
49,000049.jpg,,,,29.014289089437142,28.83500006348845,-0.179289025948691,,True,,,,,,,,,,,,,,,,,,,,,,,,,,,,,,,,,,,,,,,,,,,,,grid,29.514289089437142,0.5,0.9984386218684002,0.9345362186431885,0.8539886191683894,0.0008620052734234681,0.9262508959049061,0.5,False,1.3910127266762373,False
49,000049.jpg,,,,29.014289089437142,28.83500006348845,-0.179289025948691,,True,,,,,,,,,,,,,,,,,,,,,,,,,,,,,,,,,,,,,,,,,,,,,grid,30.014289089437142,1.0,1.0956796395183601,1.025553584098816,0.8211035570426888,0.001509636650249983,1.6221505168194013,1.0,False,1.7101137116805216,False
49,000049.jpg,,,,29.014289089437142,28.83500006348845,-0.179289025948691,,True,,,,,,,,,,,,,,,,,,,,,,,,,,,,,,,,,,,,,,,,,,,,,grid,31.014289089437142,2.0,1.234261548508336,1.1552659273147583,0.7773704737750687,0.0027887975835862258,2.9966478627621966,2.0,False,2.2660530404238166,False
49,000049.jpg,,,,29.014289089437142,28.83500006348845,-0.179289025948691,,True,,,,,,,,,,,,,,,,,,,,,,,,,,,,,,,,,,,,,,,,,,,,,grid,32.01428908943714,3.0,1.3215294615477442,1.2369484901428223,0.757997485134588,0.0040047507888327045,4.303226581550033,3.0,False,2.7293386218006646,False
49,000049.jpg,,,,29.014289089437142,28.83500006348845,-0.179289025948691,,True,,,,,,,,,,,,,,,,,,,,,,,,,,,,,,,,,,,,,,,,,,,,,clamped_raw_observation,28.83500006348845,-0.179289025948691,1.0225953111532604,0.9571468234062195,0.8455062765073208,0.0009374362804616491,1.0073038082271732,,False,1.4342936574811935,False
50,000050.jpg,,,,29.014289089437142,28.837402063907632,-0.17688702552950986,,True,,,,,,,,,,,,,,,,,,,,,,,,,,,,,,,,,,,,,,,,,,,,,prediction,29.014289089437142,0.0,0.8587568296781408,0.854612410068512,0.8684682737001406,0.0006431057893981537,0.5752666820624558,,False,1.1341052264936142,True
50,000050.jpg,,,,29.014289089437142,28.837402063907632,-0.17688702552950986,,True,,,,,,,,,,,,,,,,,,,,,,,,,,,,,,,,,,,,,,,,,,,,,grid,26.014289089437142,-3.0,1.2534974324770451,1.2474479675292969,0.7554642741325263,0.0044855996966362,4.012428588085221,-3.0,False,2.591140305365824,False
50,000050.jpg,,,,29.014289089437142,28.837402063907632,-0.17688702552950986,,True,,,,,,,,,,,,,,,,,,,,,,,,,,,,,,,,,,,,,,,,,,,,,grid,27.014289089437142,-2.0,1.1896392530824889,1.1838979721069336,0.7724786509566534,0.00330526529190441,2.956603764350288,-2.0,False,2.2163115432134073,False
50,000050.jpg,,,,29.014289089437142,28.837402063907632,-0.17688702552950986,,True,,,,,,,,,,,,,,,,,,,,,,,,,,,,,,,,,,,,,,,,,,,,,grid,28.014289089437142,-1.0,1.0600136030562075,1.0548979043960571,0.8065290238893092,0.0020381531600529947,1.8231551095443488,-1.0,False,1.7392733565529854,False
50,000050.jpg,,,,29.014289089437142,28.837402063907632,-0.17688702552950986,,True,,,,,,,,,,,,,,,,,,,,,,,,,,,,,,,,,,,,,,,,,,,,,grid,28.514289089437142,-0.5,1.0017546457144144,0.996920108795166,0.8315857745108637,0.0013198090988832216,1.1805867926969253,-0.5,False,1.480315569377782,False
50,000050.jpg,,,,29.014289089437142,28.837402063907632,-0.17688702552950986,,True,,,,,,,,,,,,,,,,,,,,,,,,,,,,,,,,,,,,,,,,,,,,,grid,29.514289089437142,0.5,0.9211144324161932,0.9166690707206726,0.858653118581775,0.0007959223876241595,0.7119631616693585,0.5,False,1.255452104251758,False
50,000050.jpg,,,,29.014289089437142,28.837402063907632,-0.17688702552950986,,True,,,,,,,,,,,,,,,,,,,,,,,,,,,,,,,,,,,,,,,,,,,,,grid,30.014289089437142,1.0,1.0331735609102117,1.0281873941421509,0.81833315317263,0.0015100417270635564,1.3507524087392495,1.0,False,1.582528509922394,False
50,000050.jpg,,,,29.014289089437142,28.837402063907632,-0.17688702552950986,,True,,,,,,,,,,,,,,,,,,,,,,,,,,,,,,,,,,,,,,,,,,,,,grid,31.014289089437142,2.0,1.1854038104848466,1.179682970046997,0.7698627175440493,0.0027487686408373215,2.458810108445203,2.0,False,2.090243620052098,False
50,000050.jpg,,,,29.014289089437142,28.837402063907632,-0.17688702552950986,,True,,,,,,,,,,,,,,,,,,,,,,,,,,,,,,,,,,,,,,,,,,,,,grid,32.01428908943714,3.0,1.2574161572108895,1.2513477802276611,0.7520700464814615,0.003963156060005228,3.545095806505685,3.0,False,2.4816200623558493,False
50,000050.jpg,,,,29.014289089437142,28.837402063907632,-0.17688702552950986,,True,,,,,,,,,,,,,,,,,,,,,,,,,,,,,,,,,,,,,,,,,,,,,clamped_raw_observation,28.837402063907632,-0.17688702552950986,0.9334480417396771,0.9289431571960449,0.8578532050589126,0.000880347293180724,0.7874823625591717,,False,1.2777720380864426,False
51,000051.jpg,,,,29.014289089437142,28.84429683428931,-0.16999225514783234,,True,,,,,,,,,,,,,,,,,,,,,,,,,,,,,,,,,,,,,,,,,,,,,prediction,29.014289089437142,0.0,0.9421602332934503,0.8850977420806885,0.8632234185733513,0.0006843974891429146,0.7688950692645985,,False,1.2711605820362486,True
51,000051.jpg,,,,29.014289089437142,28.84429683428931,-0.16999225514783234,,True,,,,,,,,,,,,,,,,,,,,,,,,,,,,,,,,,,,,,,,,,,,,,grid,26.014289089437142,-3.0,1.3205462768003287,1.240566611289978,0.753932537012113,0.004426839916656415,4.973389643207843,-3.0,False,2.899961150590176,False
51,000051.jpg,,,,29.014289089437142,28.84429683428931,-0.16999225514783234,,True,,,,,,,,,,,,,,,,,,,,,,,,,,,,,,,,,,,,,,,,,,,,,grid,27.014289089437142,-2.0,1.266392421744328,1.1896926164627075,0.7657511776581427,0.00327574733334283,3.680180030932299,-2.0,False,2.48068625181926,False
51,000051.jpg,,,,29.014289089437142,28.84429683428931,-0.16999225514783234,,True,,,,,,,,,,,,,,,,,,,,,,,,,,,,,,,,,,,,,,,,,,,,,grid,28.014289089437142,-1.0,1.165737099214052,1.0951335430145264,0.7975058882907133,0.0020109664959212146,2.2592459027085208,-1.0,False,1.9630426866004689,False
51,000051.jpg,,,,29.014289089437142,28.84429683428931,-0.16999225514783234,,True,,,,,,,,,,,,,,,,,,,,,,,,,,,,,,,,,,,,,,,,,,,,,grid,28.514289089437142,-0.5,1.0711778002212282,1.0063012838363647,0.8291975100942126,0.0013435838821654518,1.509466411739974,-0.5,False,1.634346893062009,False
51,000051.jpg,,,,29.014289089437142,28.84429683428931,-0.16999225514783234,,True,,,,,,,,,,,,,,,,,,,,,,,,,,,,,,,,,,,,,,,,,,,,,grid,29.514289089437142,0.5,0.9795758467020119,0.9202472567558289,0.8581342530282638,0.00085873010296685,0.9647512629351784,0.5,False,1.3776294094075425,False
51,000051.jpg,,,,29.014289089437142,28.84429683428931,-0.16999225514783234,,True,,,,,,,,,,,,,,,,,,,,,,,,,,,,,,,,,,,,,,,,,,,,,grid,30.014289089437142,1.0,1.0775312931957641,1.0122699737548828,0.8267370457604307,0.0015157127830510337,1.7028468160640786,1.0,False,1.7065059514513532,False
51,000051.jpg,,,,29.014289089437142,28.84429683428931,-0.16999225514783234,,True,,,,,,,,,,,,,,,,,,,,,,,,,,,,,,,,,,,,,,,,,,,,,grid,31.014289089437142,2.0,1.2160276437663529,1.1423782110214233,0.7808083781965006,0.002845463032523791,3.19677165709965,2.0,False,2.2944121798447648,False
51,000051.jpg,,,,29.014289089437142,28.84429683428931,-0.16999225514783234,,True,,,,,,,,,,,,,,,,,,,,,,,,,,,,,,,,,,,,,,,,,,,,,grid,32.01428908943714,3.0,1.3104332732232928,1.231066107749939,0.7613349596231493,0.004049441660754383,4.5493967695993645,3.0,False,2.7764475059999842,False
51,000051.jpg,,,,29.014289089437142,28.84429683428931,-0.16999225514783234,,True,,,,,,,,,,,,,,,,,,,,,,,,,,,,,,,,,,,,,,,,,,,,,clamped_raw_observation,28.84429683428931,-0.16999225514783234,1.0140912172721006,0.9526721835136414,0.8470937079407806,0.0008949651867927363,1.0054600290105833,,False,1.4234622842384008,False
52,000052.jpg,,,,29.014289089437142,28.837943859086607,-0.17634523035053462,,True,,,,,,,,,,,,,,,,,,,,,,,,,,,,,,,,,,,,,,,,,,,,,prediction,29.014289089437142,0.0,0.9198719706347679,0.909843921661377,0.8620476271765107,0.0008313850072833399,0.7921915697005523,,False,1.2558722358833951,True
52,000052.jpg,,,,29.014289089437142,28.837943859086607,-0.17634523035053462,,True,,,,,,,,,,,,,,,,,,,,,,,,,,,,,,,,,,,,,,,,,,,,,grid,26.014289089437142,-3.0,1.2776478069180066,1.2637194395065308,0.7518350973028337,0.004443366507378717,4.23389579725194,-3.0,False,2.6742866589281578,False
52,000052.jpg,,,,29.014289089437142,28.837943859086607,-0.17634523035053462,,True,,,,,,,,,,,,,,,,,,,,,,,,,,,,,,,,,,,,,,,,,,,,,grid,27.014289089437142,-2.0,1.1732038641178264,1.1604140996932983,0.7732161147149198,0.0033333645357439914,3.176221919834591,-2.0,False,2.2540432293615544,False
52,000052.jpg,,,,29.014289089437142,28.837943859086607,-0.17634523035053462,,True,,,,,,,,,,,,,,,,,,,,,,,,,,,,,,,,,,,,,,,,,,,,,grid,28.014289089437142,-1.0,1.0814158195594419,1.0696266889572144,0.8029831000341413,0.0020594872379054627,1.962398183130283,-1.0,False,1.7990322653078714,False
52,000052.jpg,,,,29.014289089437142,28.837943859086607,-0.17634523035053462,,True,,,,,,,,,,,,,,,,,,,,,,,,,,,,,,,,,,,,,,,,,,,,,grid,28.514289089437142,-0.5,1.0122297282720507,1.0011948347091675,0.8326433936497099,0.00140251568518579,1.3363978090097093,-0.5,False,1.528685786874768,False
52,000052.jpg,,,,29.014289089437142,28.837943859086607,-0.17634523035053462,,True,,,,,,,,,,,,,,,,,,,,,,,,,,,,,,,,,,,,,,,,,,,,,grid,29.514289089437142,0.5,0.9511662968011099,0.9407970905303955,0.8511223967224308,0.0008859725882454464,0.844205764170852,0.5,False,1.3260953411213918,False
52,000052.jpg,,,,29.014289089437142,28.837943859086607,-0.17634523035053462,,True,,,,,,,,,,,,,,,,,,,,,,,,,,,,,,,,,,,,,,,,,,,,,grid,30.014289089437142,1.0,1.0357006536815794,1.0244098901748657,0.8200964493001024,0.0014932832370201747,1.4228863657380986,1.0,False,1.6013257958160017,False
52,000052.jpg,,,,29.014289089437142,28.837943859086607,-0.17634523035053462,,True,,,,,,,,,,,,,,,,,,,,,,,,,,,,,,,,,,,,,,,,,,,,,grid,31.014289089437142,2.0,1.1555883164345773,1.1429905891418457,0.7798310003414135,0.0028102349024266005,2.6777538433789587,2.0,False,2.1051957769379035,False
52,000052.jpg,,,,29.014289089437142,28.837943859086607,-0.17634523035053462,,True,,,,,,,,,,,,,,,,,,,,,,,,,,,,,,,,,,,,,,,,,,,,,grid,32.01428908943714,3.0,1.2430675367315487,1.2295161485671997,0.7586633663366337,0.003987464588135481,3.799486162881774,3.0,False,2.5242757111153584,False
52,000052.jpg,,,,29.014289089437142,28.837943859086607,-0.17634523035053462,,True,,,,,,,,,,,,,,,,,,,,,,,,,,,,,,,,,,,,,,,,,,,,,clamped_raw_observation,28.837943859086607,-0.17634523035053462,0.9539467665980609,0.943547248840332,0.8531068624103789,0.001034019534320881,0.985273430262287,,False,1.3524486186637696,False
53,000053.jpg,,,,29.014289089437142,28.834583688557956,-0.17970540087918607,,True,,,,,,,,,,,,,,,,,,,,,,,,,,,,,,,,,,,,,,,,,,,,,prediction,29.014289089437142,0.0,0.884032342816767,0.8312036991119385,0.8687547876415014,0.0006470216515784463,0.6930449761768688,,False,1.1885387992194827,True
53,000053.jpg,,,,29.014289089437142,28.834583688557956,-0.17970540087918607,,True,,,,,,,,,,,,,,,,,,,,,,,,,,,,,,,,,,,,,,,,,,,,,grid,26.014289089437142,-3.0,1.3032652237633957,1.2253837585449219,0.758128351349051,0.004465547467892368,4.783186514627664,-3.0,False,2.8309335010712604,False
53,000053.jpg,,,,29.014289089437142,28.834583688557956,-0.17970540087918607,,True,,,,,,,,,,,,,,,,,,,,,,,,,,,,,,,,,,,,,,,,,,,,,grid,27.014289089437142,-2.0,1.2400761704029717,1.165970802307129,0.7695761341390757,0.0033069176909824214,3.542142193811748,-2.0,False,2.416035584716833,False
53,000053.jpg,,,,29.014289089437142,28.834583688557956,-0.17970540087918607,,True,,,,,,,,,,,,,,,,,,,,,,,,,,,,,,,,,,,,,,,,,,,,,grid,28.014289089437142,-1.0,1.154698832574911,1.085695505142212,0.7963869265469402,0.0020284177347396812,2.1727012028421435,-1.0,False,1.9314872067385067,False
53,000053.jpg,,,,29.014289089437142,28.834583688557956,-0.17970540087918607,,True,,,,,,,,,,,,,,,,,,,,,,,,,,,,,,,,,,,,,,,,,,,,,grid,28.514289089437142,-0.5,1.0731032630810826,1.0089759826660156,0.8285173206230317,0.0013116807870877285,1.4049820089036937,-0.5,False,1.6108314446839744,False
53,000053.jpg,,,,29.014289089437142,28.834583688557956,-0.17970540087918607,,True,,,,,,,,,,,,,,,,,,,,,,,,,,,,,,,,,,,,,,,,,,,,,grid,29.514289089437142,0.5,0.9593924574210325,0.9020603895187378,0.8662013788407524,0.000805974006652832,0.8633037779759128,0.5,False,1.3240170230742583,False
53,000053.jpg,,,,29.014289089437142,28.834583688557956,-0.17970540087918607,,True,,,,,,,,,,,,,,,,,,,,,,,,,,,,,,,,,,,,,,,,,,,,,grid,30.014289089437142,1.0,1.1126809875933072,1.0461885929107666,0.8133032598519023,0.0014977773729090889,1.6043158388806715,1.0,False,1.7304566874615728,False
53,000053.jpg,,,,29.014289089437142,28.834583688557956,-0.17970540087918607,,True,,,,,,,,,,,,,,,,,,,,,,,,,,,,,,,,,,,,,,,,,,,,,grid,31.014289089437142,2.0,1.2246462056703578,1.1514629125595093,0.7760234913609669,0.002848980715498328,3.051631683861059,2.0,False,2.271530635274656,False
53,000053.jpg,,,,29.014289089437142,28.834583688557956,-0.17970540087918607,,True,,,,,,,,,,,,,,,,,,,,,,,,,,,,,,,,,,,,,,,,,,,,,grid,32.01428908943714,3.0,1.2945911698346542,1.2172280550003052,0.7592561069027152,0.004019677250956495,4.305601084340355,3.0,False,2.7017353340170276,False
53,000053.jpg,,,,29.014289089437142,28.834583688557956,-0.17970540087918607,,True,,,,,,,,,,,,,,,,,,,,,,,,,,,,,,,,,,,,,,,,,,,,,clamped_raw_observation,28.834583688557956,-0.17970540087918607,0.9937564308160362,0.9343708157539368,0.8580730274917014,0.0008557269175071269,0.9165956652468046,,False,1.3702234816624113,False
54,000054.jpg,,,,29.014289089437142,28.82622129281117,-0.1880677966259725,,True,,,,,,,,,,,,,,,,,,,,,,,,,,,,,,,,,,,,,,,,,,,,,prediction,29.014289089437142,0.0,0.9967918711416139,0.877109169960022,0.8613566180385476,0.0006500647965973864,0.9265980824302384,,False,1.367084773710626,True
54,000054.jpg,,,,29.014289089437142,28.82622129281117,-0.1880677966259725,,True,,,,,,,,,,,,,,,,,,,,,,,,,,,,,,,,,,,,,,,,,,,,,grid,26.014289089437142,-3.0,1.4013562864145588,1.2330983877182007,0.7574912149930785,0.004408946881691615,6.284483866063661,-3.0,False,3.304986037937395,False
54,000054.jpg,,,,29.014289089437142,28.82622129281117,-0.1880677966259725,,True,,,,,,,,,,,,,,,,,,,,,,,,,,,,,,,,,,,,,,,,,,,,,grid,27.014289089437142,-2.0,1.3510429687137497,1.188826084136963,0.7684378660419551,0.0032585967176904282,4.6447823137475215,-2.0,False,2.803800681108675,False
54,000054.jpg,,,,29.014289089437142,28.82622129281117,-0.1880677966259725,,True,,,,,,,,,,,,,,,,,,,,,,,,,,,,,,,,,,,,,,,,,,,,,grid,28.014289089437142,-1.0,1.2077159288972812,1.0627080202102661,0.8063677989564476,0.002027356007602066,2.889779909449493,-1.0,False,2.1537931073032066,False
54,000054.jpg,,,,29.014289089437142,28.82622129281117,-0.1880677966259725,,True,,,,,,,,,,,,,,,,,,,,,,,,,,,,,,,,,,,,,,,,,,,,,grid,28.514289089437142,-0.5,1.1242566879708749,0.9892695546150208,0.8325204983494835,0.0013209826914438356,1.8829200338523835,-0.5,False,1.777466198084487,False
54,000054.jpg,,,,29.014289089437142,28.82622129281117,-0.1880677966259725,,True,,,,,,,,,,,,,,,,,,,,,,,,,,,,,,,,,,,,,,,,,,,,,grid,29.514289089437142,0.5,0.9931928953097077,0.8739423155784607,0.871472686614844,0.0007812662321763734,1.1136117451541994,0.5,False,1.4151231449834134,False
54,000054.jpg,,,,29.014289089437142,28.82622129281117,-0.1880677966259725,,True,,,,,,,,,,,,,,,,,,,,,,,,,,,,,,,,,,,,,,,,,,,,,grid,30.014289089437142,1.0,1.125915924819467,0.990729570388794,0.8321371525929081,0.0014956209730977814,2.1318482910760705,1.0,False,1.8567408449955765,False
54,000054.jpg,,,,29.014289089437142,28.82622129281117,-0.1880677966259725,,True,,,,,,,,,,,,,,,,,,,,,,,,,,,,,,,,,,,,,,,,,,,,,grid,31.014289089437142,2.0,1.3022155468900876,1.145861268043518,0.7767010967948035,0.0028556293109431863,4.070395224447658,2.0,False,2.6031132562071986,False
54,000054.jpg,,,,29.014289089437142,28.82622129281117,-0.1880677966259725,,True,,,,,,,,,,,,,,,,,,,,,,,,,,,,,,,,,,,,,,,,,,,,,grid,32.01428908943714,3.0,1.4036715636337822,1.2351356744766235,0.7573847300606964,0.00405599952985843,5.781395033812973,3.0,False,3.181635592026329,False
54,000054.jpg,,,,29.014289089437142,28.82622129281117,-0.1880677966259725,,True,,,,,,,,,,,,,,,,,,,,,,,,,,,,,,,,,,,,,,,,,,,,,clamped_raw_observation,28.82622129281117,-0.1880677966259725,1.0556688018291367,0.928916871547699,0.8578213182834629,0.000891865095278869,1.2712586366735499,,False,1.5213041766128406,False
55,000055.jpg,,,,29.014289089437142,28.8391314228179,-0.17515766661924204,,True,,,,,,,,,,,,,,,,,,,,,,,,,,,,,,,,,,,,,,,,,,,,,prediction,29.014289089437142,0.0,0.9618081778298805,0.9393081068992615,0.860377519099402,0.0008634541688176492,0.9211273407049729,,False,1.3317124939067218,True
55,000055.jpg,,,,29.014289089437142,28.8391314228179,-0.17515766661924204,,True,,,,,,,,,,,,,,,,,,,,,,,,,,,,,,,,,,,,,,,,,,,,,grid,26.014289089437142,-3.0,1.236266457235996,1.2073458433151245,0.761762890766317,0.0044949587900191545,4.795193058710211,-3.0,False,2.7633018311472317,False
55,000055.jpg,,,,29.014289089437142,28.8391314228179,-0.17515766661924204,,True,,,,,,,,,,,,,,,,,,,,,,,,,,,,,,,,,,,,,,,,,,,,,grid,27.014289089437142,-2.0,1.2138812350859685,1.1854842901229858,0.7689131961439425,0.00330631605659922,3.5271566537407866,-2.0,False,2.3867572023772223,False
55,000055.jpg,,,,29.014289089437142,28.8391314228179,-0.17515766661924204,,True,,,,,,,,,,,,,,,,,,,,,,,,,,,,,,,,,,,,,,,,,,,,,grid,28.014289089437142,-1.0,1.1187298814299014,1.0925588607788086,0.7957906833223383,0.0020716951306288442,2.21007100937467,-1.0,False,1.9054569504512306,False
55,000055.jpg,,,,29.014289089437142,28.8391314228179,-0.17515766661924204,,True,,,,,,,,,,,,,,,,,,,,,,,,,,,,,,,,,,,,,,,,,,,,,grid,28.514289089437142,-0.5,1.03316928229185,1.0089998245239258,0.828222425570854,0.0014236723266852398,1.5187644598561019,-0.5,False,1.5996379716850213,False
55,000055.jpg,,,,29.014289089437142,28.8391314228179,-0.17515766661924204,,True,,,,,,,,,,,,,,,,,,,,,,,,,,,,,,,,,,,,,,,,,,,,,grid,29.514289089437142,0.5,0.9446057666591923,0.9225081205368042,0.8567598050690558,0.0009017975923294822,0.9620318577117559,0.5,False,1.3433539260180754,False
55,000055.jpg,,,,29.014289089437142,28.8391314228179,-0.17515766661924204,,True,,,,,,,,,,,,,,,,,,,,,,,,,,,,,,,,,,,,,,,,,,,,,grid,30.014289089437142,1.0,1.0439618869706675,1.0195399522781372,0.8234768359898704,0.0015516271038601797,1.6552657912365991,1.0,False,1.6643014987899467,False
55,000055.jpg,,,,29.014289089437142,28.8391314228179,-0.17515766661924204,,True,,,,,,,,,,,,,,,,,,,,,,,,,,,,,,,,,,,,,,,,,,,,,grid,31.014289089437142,2.0,1.1744438025191493,1.1469694375991821,0.776723202315337,0.0028113340958952904,2.9991130891535933,2.0,False,2.2074988724922107,False
55,000055.jpg,,,,29.014289089437142,28.8391314228179,-0.17515766661924204,,True,,,,,,,,,,,,,,,,,,,,,,,,,,,,,,,,,,,,,,,,,,,,,grid,32.01428908943714,3.0,1.283194152997747,1.2531757354736328,0.7524632376412504,0.004024162073619664,4.292950156827505,3.0,False,2.6939684545633726,False
55,000055.jpg,,,,29.014289089437142,28.8391314228179,-0.17515766661924204,,True,,,,,,,,,,,,,,,,,,,,,,,,,,,,,,,,,,,,,,,,,,,,,clamped_raw_observation,28.8391314228179,-0.17515766661924204,0.9884471146258182,0.9653238654136658,0.8432040177906408,0.0010027622144358854,1.069740265667563,,False,1.4179328932506454,False
56,000056.jpg,,,,29.014289089437142,28.833603092715236,-0.18068599672190544,,True,,,,,,,,,,,,,,,,,,,,,,,,,,,,,,,,,,,,,,,,,,,,,prediction,29.014289089437142,0.0,0.9565247426316003,0.9515902400016785,0.8510755770741756,0.0008861505969737967,0.7978338998911955,,False,1.3049076405302236,False
56,000056.jpg,,,,29.014289089437142,28.833603092715236,-0.18068599672190544,,True,,,,,,,,,,,,,,,,,,,,,,,,,,,,,,,,,,,,,,,,,,,,,grid,26.014289089437142,-3.0,1.2463934033549051,1.2399635314941406,0.7534560744091228,0.004529395839199424,4.077981280924744,-3.0,False,2.6024326491769685,False
56,000056.jpg,,,,29.014289089437142,28.833603092715236,-0.18068599672190544,,True,,,,,,,,,,,,,,,,,,,,,,,,,,,,,,,,,,,,,,,,,,,,,grid,27.014289089437142,-2.0,1.194931226830613,1.1887668371200562,0.7668344269605657,0.003367895958945155,3.0322403173108343,-2.0,False,2.246156879197756,False
56,000056.jpg,,,,29.014289089437142,28.833603092715236,-0.18068599672190544,,True,,,,,,,,,,,,,,,,,,,,,,,,,,,,,,,,,,,,,,,,,,,,,grid,28.014289089437142,-1.0,1.0762167309560924,1.0706647634506226,0.8022127370410482,0.0020544808163928487,1.849724468495531,-1.0,False,1.7664351110389267,False
56,000056.jpg,,,,29.014289089437142,28.833603092715236,-0.18068599672190544,,True,,,,,,,,,,,,,,,,,,,,,,,,,,,,,,,,,,,,,,,,,,,,,grid,28.514289089437142,-0.5,1.0088653143020176,1.003660798072815,0.8289057357032129,0.0014060665562283248,1.265933316406036,-0.5,False,1.5114429077003135,False
56,000056.jpg,,,,29.014289089437142,28.833603092715236,-0.18068599672190544,,True,,,,,,,,,,,,,,,,,,,,,,,,,,,,,,,,,,,,,,,,,,,,,grid,29.514289089437142,0.5,0.935172029684136,0.9303476810455322,0.8524983542502814,0.0008862844745938977,0.7979544348252327,0.5,False,1.2971622841401627,True
56,000056.jpg,,,,29.014289089437142,28.833603092715236,-0.18068599672190544,,True,,,,,,,,,,,,,,,,,,,,,,,,,,,,,,,,,,,,,,,,,,,,,grid,30.014289089437142,1.0,1.0213488185552333,1.0160799026489258,0.8232783334395107,0.0015521202003583312,1.3974307716777494,1.0,False,1.57742817803516,False
56,000056.jpg,,,,29.014289089437142,28.833603092715236,-0.18068599672190544,,True,,,,,,,,,,,,,,,,,,,,,,,,,,,,,,,,,,,,,,,,,,,,,grid,31.014289089437142,2.0,1.1762031545056382,1.1701353788375854,0.7723981227835468,0.0028347844102730355,2.5522604274291045,2.0,False,2.1018701385793674,False
56,000056.jpg,,,,29.014289089437142,28.833603092715236,-0.18068599672190544,,True,,,,,,,,,,,,,,,,,,,,,,,,,,,,,,,,,,,,,,,,,,,,,grid,32.01428908943714,3.0,1.22221054570261,1.2159054279327393,0.7599328958824404,0.004065580976506074,3.660391740282504,3.0,False,2.4673755848907954,False
56,000056.jpg,,,,29.014289089437142,28.833603092715236,-0.18068599672190544,,True,,,,,,,,,,,,,,,,,,,,,,,,,,,,,,,,,,,,,,,,,,,,,clamped_raw_observation,28.833603092715236,-0.18068599672190544,0.9442940743047641,0.9394226670265198,0.8489945000106177,0.0009831807304484148,0.88519368959442,,False,1.3220185765944084,False
57,000057.jpg,,,,29.514289089437142,29.819914435189816,0.30562534575267364,,True,,,,,,,,,,,,,,,,,,,,,,,,,,,,,,,,,,,,,,,,,,,,,prediction,29.514289089437142,0.0,0.9619371437930052,0.8937737345695496,0.863152929067673,0.0008179027451357493,0.8800659172806584,,False,1.3188006940454968,False
57,000057.jpg,,,,29.514289089437142,29.819914435189816,0.30562534575267364,,True,,,,,,,,,,,,,,,,,,,,,,,,,,,,,,,,,,,,,,,,,,,,,grid,26.514289089437142,-3.0,1.308967266821239,1.2162131071090698,0.7604854618749464,0.003975306637585163,4.277442401660624,-3.0,False,2.7078424053614487,False
57,000057.jpg,,,,29.514289089437142,29.819914435189816,0.30562534575267364,,True,,,,,,,,,,,,,,,,,,,,,,,,,,,,,,,,,,,,,,,,,,,,,grid,27.514289089437142,-2.0,1.2016363734688669,1.116487741470337,0.787567544386311,0.002716915487932662,2.9234095805175895,-2.0,False,2.204921224211953,False
57,000057.jpg,,,,29.514289089437142,29.819914435189816,0.30562534575267364,,True,,,,,,,,,,,,,,,,,,,,,,,,,,,,,,,,,,,,,,,,,,,,,grid,28.514289089437142,-1.0,1.0590427878522024,0.9839984178543091,0.8354918946736427,0.0013557783677242696,1.4588217730244921,-1.0,False,1.6182563364346827,False
57,000057.jpg,,,,29.514289089437142,29.819914435189816,0.30562534575267364,,True,,,,,,,,,,,,,,,,,,,,,,,,,,,,,,,,,,,,,,,,,,,,,grid,29.014289089437142,-0.5,0.8966664449201979,0.8331281542778015,0.8712582554249936,0.0007045021435866753,0.7580465145876154,-0.5,False,1.229919818142108,True
57,000057.jpg,,,,29.514289089437142,29.819914435189816,0.30562534575267364,,True,,,,,,,,,,,,,,,,,,,,,,,,,,,,,,,,,,,,,,,,,,,,,grid,30.014289089437142,0.5,1.0901694487295115,1.0129194259643555,0.8248134488378077,0.0014929068565834314,1.6063724568324047,0.5,False,1.6819491140998049,False
57,000057.jpg,,,,29.514289089437142,29.819914435189816,0.30562534575267364,,True,,,,,,,,,,,,,,,,,,,,,,,,,,,,,,,,,,,,,,,,,,,,,grid,30.514289089437142,1.0,1.1547591272033328,1.072932243347168,0.8030277039197187,0.0021694801204527416,2.3343674093079447,1.0,False,1.9653232756106005,False
57,000057.jpg,,,,29.514289089437142,29.819914435189816,0.30562534575267364,,True,,,,,,,,,,,,,,,,,,,,,,,,,,,,,,,,,,,,,,,,,,,,,grid,31.514289089437142,2.0,1.246616436494046,1.1582804918289185,0.7724290247877177,0.003439945944895347,3.7013926183702237,2.0,False,2.4595355662988845,False
57,000057.jpg,,,,29.514289089437142,29.819914435189816,0.30562534575267364,,True,,,,,,,,,,,,,,,,,,,,,,,,,,,,,,,,,,,,,,,,,,,,,grid,32.51428908943714,3.0,1.352985459098265,1.2571121454238892,0.75,0.004583116387948394,4.931447598081335,3.0,False,2.925847358618599,False
57,000057.jpg,,,,29.514289089437142,29.819914435189816,0.30562534575267364,,True,,,,,,,,,,,,,,,,,,,,,,,,,,,,,,,,,,,,,,,,,,,,,clamped_raw_observation,29.819914435189816,0.30562534575267364,1.0448351473242268,0.9707975387573242,0.8403379363581782,0.001170997148922955,1.2599966024430844,,False,1.5286651219494,False
58,000058.jpg,,,,29.014289089437142,28.82260452499824,-0.19168456443890136,,True,,,,,,,,,,,,,,,,,,,,,,,,,,,,,,,,,,,,,,,,,,,,,prediction,29.014289089437142,0.0,0.9104061649031948,0.8447252511978149,0.8610263581659463,0.0006832926107260088,0.8126942845525564,,False,1.2525533778753877,True
58,000058.jpg,,,,29.014289089437142,28.82260452499824,-0.19168456443890136,,True,,,,,,,,,,,,,,,,,,,,,,,,,,,,,,,,,,,,,,,,,,,,,grid,26.014289089437142,-3.0,1.3330669121458898,1.2368932962417603,0.7552758708365116,0.004501556007501979,5.354058834330127,-3.0,False,3.0063057498919097,False
58,000058.jpg,,,,29.014289089437142,28.82260452499824,-0.19168456443890136,,True,,,,,,,,,,,,,,,,,,,,,,,,,,,,,,,,,,,,,,,,,,,,,grid,27.014289089437142,-2.0,1.2426327004277686,1.1529834270477295,0.7781591660310195,0.003340305721697708,3.972891446605248,-2.0,False,2.517696396048061,False
58,000058.jpg,,,,29.014289089437142,28.82260452499824,-0.19168456443890136,,True,,,,,,,,,,,,,,,,,,,,,,,,,,,,,,,,,,,,,,,,,,,,,grid,28.014289089437142,-1.0,1.1428364027872084,1.0603868961334229,0.8062547673531655,0.0020445948466658592,2.4317993785202017,-1.0,False,1.9745314800640934,False
58,000058.jpg,,,,29.014289089437142,28.82260452499824,-0.19168456443890136,,True,,,,,,,,,,,,,,,,,,,,,,,,,,,,,,,,,,,,,,,,,,,,,grid,28.514289089437142,-0.5,1.0771700468239198,0.9994580149650574,0.8305364861428934,0.0013110071886330843,1.5592851912702057,-0.5,False,1.6514548584985778,False
58,000058.jpg,,,,29.014289089437142,28.82260452499824,-0.19168456443890136,,True,,,,,,,,,,,,,,,,,,,,,,,,,,,,,,,,,,,,,,,,,,,,,grid,29.514289089437142,0.5,0.9658084529734057,0.8961305618286133,0.8634418171031444,0.0007867394888307899,0.9357318899222885,0.5,False,1.3512996083508333,False
58,000058.jpg,,,,29.014289089437142,28.82260452499824,-0.19168456443890136,,True,,,,,,,,,,,,,,,,,,,,,,,,,,,,,,,,,,,,,,,,,,,,,grid,30.014289089437142,1.0,1.1002359504150814,1.0208598375320435,0.8214891092465463,0.0015187767179061968,1.8064020286161047,1.0,False,1.7603473483225613,False
58,000058.jpg,,,,29.014289089437142,28.82260452499824,-0.19168456443890136,,True,,,,,,,,,,,,,,,,,,,,,,,,,,,,,,,,,,,,,,,,,,,,,grid,31.014289089437142,2.0,1.2410391839571704,1.1515048742294312,0.7748326129332994,0.002839773311279714,3.3775684139914337,2.0,False,2.3705986745217293,False
58,000058.jpg,,,,29.014289089437142,28.82260452499824,-0.19168456443890136,,True,,,,,,,,,,,,,,,,,,,,,,,,,,,,,,,,,,,,,,,,,,,,,grid,32.01428908943714,3.0,1.2777947726030283,1.1856087446212769,0.7666751419611831,0.00404571423617502,4.8118899356732046,3.0,False,2.804092114560146,False
58,000058.jpg,,,,29.014289089437142,28.82260452499824,-0.19168456443890136,,True,,,,,,,,,,,,,,,,,,,,,,,,,,,,,,,,,,,,,,,,,,,,,clamped_raw_observation,28.82260452499824,-0.19168456443890136,0.978578233333312,0.9079790711402893,0.8637596406475125,0.0008947288927932581,1.0641722828299276,,False,1.3866122003264483,False
59,000059.jpg,,,,29.014289089437142,28.813462066332875,-0.20082702310426725,,True,,,,,,,,,,,,,,,,,,,,,,,,,,,,,,,,,,,,,,,,,,,,,prediction,29.014289089437142,0.0,0.9337724168671706,0.8222342729568481,0.8751791252272484,0.0007049856067169458,0.8991868455990345,,False,1.2833900030396808,True
59,000059.jpg,,,,29.014289089437142,28.813462066332875,-0.20082702310426725,,True,,,,,,,,,,,,,,,,,,,,,,,,,,,,,,,,,,,,,,,,,,,,,grid,26.014289089437142,-3.0,1.382602206225532,1.217451810836792,0.7653299112394396,0.004502901496986548,5.743308451322997,-3.0,False,3.1430994078168415,False
59,000059.jpg,,,,29.014289089437142,28.813462066332875,-0.20082702310426725,,True,,,,,,,,,,,,,,,,,,,,,,,,,,,,,,,,,,,,,,,,,,,,,grid,27.014289089437142,-2.0,1.306494498989555,1.1504350900650024,0.7749973264891455,0.003379398607648909,4.310316047705702,-2.0,False,2.6690761844268347,False
59,000059.jpg,,,,29.014289089437142,28.813462066332875,-0.20082702310426725,,True,,,,,,,,,,,,,,,,,,,,,,,,,,,,,,,,,,,,,,,,,,,,,grid,28.014289089437142,-1.0,1.199513849238435,1.0562331676483154,0.8070152924820875,0.002059543078454832,2.626882061770483,-1.0,False,2.0792190721989683,False
59,000059.jpg,,,,29.014289089437142,28.813462066332875,-0.20082702310426725,,True,,,,,,,,,,,,,,,,,,,,,,,,,,,,,,,,,,,,,,,,,,,,,grid,28.514289089437142,-0.5,1.0919026656048336,0.9614760279655457,0.843717249492033,0.0013485789628854643,1.720069817205603,-0.5,False,1.6932028704142013,False
59,000059.jpg,,,,29.014289089437142,28.813462066332875,-0.20082702310426725,,True,,,,,,,,,,,,,,,,,,,,,,,,,,,,,,,,,,,,,,,,,,,,,grid,29.514289089437142,0.5,1.018054997581769,0.8964493870735168,0.8667094428403379,0.0007959459520255526,1.015203889342006,0.5,False,1.4201465270769325,False
59,000059.jpg,,,,29.014289089437142,28.813462066332875,-0.20082702310426725,,True,,,,,,,,,,,,,,,,,,,,,,,,,,,,,,,,,,,,,,,,,,,,,grid,30.014289089437142,1.0,1.1446341837361518,1.007908821105957,0.8254732114212384,0.0015153240140837927,1.9327478565552403,1.0,False,1.8323479364537234,False
59,000059.jpg,,,,29.014289089437142,28.813462066332875,-0.20082702310426725,,True,,,,,,,,,,,,,,,,,,,,,,,,,,,,,,,,,,,,,,,,,,,,,grid,31.014289089437142,2.0,1.276423143402629,1.1239557266235352,0.7810715431504652,0.0028290560779472194,3.6083715561210052,2.0,False,2.457444489282415,False
59,000059.jpg,,,,29.014289089437142,28.813462066332875,-0.20082702310426725,,True,,,,,,,,,,,,,,,,,,,,,,,,,,,,,,,,,,,,,,,,,,,,,grid,32.01428908943714,3.0,1.3690269437315354,1.2054980993270874,0.7615228317826971,0.004097146952214341,5.225781361798059,3.0,False,3.003949452398353,False
59,000059.jpg,,,,29.014289089437142,28.813462066332875,-0.20082702310426725,,True,,,,,,,,,,,,,,,,,,,,,,,,,,,,,,,,,,,,,,,,,,,,,clamped_raw_observation,28.813462066332875,-0.20082702310426725,1.037157500459447,0.913270115852356,0.8639289915517057,0.0009136712954690059,1.1653588417401812,,False,1.4705930300359147,False
60,000060.jpg,,,,29.014289089437142,28.82798847906699,-0.18630061037015366,,True,,,,,,,,,,,,,,,,,,,,,,,,,,,,,,,,,,,,,,,,,,,,,prediction,29.014289089437142,0.0,0.9481287836226955,0.8966750502586365,0.8731415985429285,0.0007995920411000649,0.8124229605306761,,False,1.278092925212436,True
60,000060.jpg,,,,29.014289089437142,28.82798847906699,-0.18630061037015366,,True,,,,,,,,,,,,,,,,,,,,,,,,,,,,,,,,,,,,,,,,,,,,,grid,26.014289089437142,-3.0,1.3191991951968955,1.247607946395874,0.7539074081917913,0.004511313629336655,4.583705922817466,-3.0,False,2.801218267709471,False
60,000060.jpg,,,,29.014289089437142,28.82798847906699,-0.18630061037015366,,True,,,,,,,,,,,,,,,,,,,,,,,,,,,,,,,,,,,,,,,,,,,,,grid,27.014289089437142,-2.0,1.246612252625587,1.1789602041244507,0.7706806726248464,0.0033658675383776426,3.419879050472757,-2.0,False,2.3909013426189296,False
60,000060.jpg,,,,29.014289089437142,28.82798847906699,-0.18630061037015366,,True,,,,,,,,,,,,,,,,,,,,,,,,,,,,,,,,,,,,,,,,,,,,,grid,28.014289089437142,-1.0,1.127629006037662,1.0664340257644653,0.8068956753780337,0.002092482871375978,2.1260605932047514,-1.0,False,1.8822484789608163,False
60,000060.jpg,,,,29.014289089437142,28.82798847906699,-0.18630061037015366,,True,,,,,,,,,,,,,,,,,,,,,,,,,,,,,,,,,,,,,,,,,,,,,grid,28.514289089437142,-0.5,1.0514128991100755,0.9943540692329407,0.8354229319327375,0.0014017444530812402,1.4242380113150706,-0.5,False,1.5870494700061055,False
60,000060.jpg,,,,29.014289089437142,28.82798847906699,-0.18630061037015366,,True,,,,,,,,,,,,,,,,,,,,,,,,,,,,,,,,,,,,,,,,,,,,,grid,29.514289089437142,0.5,0.9622575226237429,0.9100370407104492,0.8611334660510822,0.0009143750260894498,0.9290478488366293,0.5,False,1.348386018781818,False
60,000060.jpg,,,,29.014289089437142,28.82798847906699,-0.18630061037015366,,True,,,,,,,,,,,,,,,,,,,,,,,,,,,,,,,,,,,,,,,,,,,,,grid,30.014289089437142,1.0,1.0689549420933275,1.010944128036499,0.822821805243763,0.0015691725032714505,1.594352751357095,1.0,False,1.6747213246888382,False
60,000060.jpg,,,,29.014289089437142,28.82798847906699,-0.18630061037015366,,True,,,,,,,,,,,,,,,,,,,,,,,,,,,,,,,,,,,,,,,,,,,,,grid,31.014289089437142,2.0,1.1994457840042483,1.1343533992767334,0.781312211444788,0.002860274282284081,2.9061726241622035,2.0,False,2.204676728600011,False
60,000060.jpg,,,,29.014289089437142,28.82798847906699,-0.18630061037015366,,True,,,,,,,,,,,,,,,,,,,,,,,,,,,,,,,,,,,,,,,,,,,,,grid,32.01428908943714,3.0,1.2775087103599996,1.2081799507141113,0.7639459528146046,0.004113337102656563,4.179343133535158,3.0,False,2.6483985409291844,False
60,000060.jpg,,,,29.014289089437142,28.82798847906699,-0.18630061037015366,,True,,,,,,,,,,,,,,,,,,,,,,,,,,,,,,,,,,,,,,,,,,,,,clamped_raw_observation,28.82798847906699,-0.18630061037015366,0.9940984088853045,0.9401499629020691,0.849993646490745,0.0010067830444313586,1.0229387231565144,,False,1.4054284614947927,False
61,000061.jpg,,,,29.014289089437142,28.81070800636971,-0.2035810830674336,,True,,,,,,,,,,,,,,,,,,,,,,,,,,,,,,,,,,,,,,,,,,,,,prediction,29.014289089437142,0.0,0.9500363318944167,0.9175427556037903,0.8687429531771864,0.0008949758678985139,0.7880487904530321,,False,1.2783055763304882,True
61,000061.jpg,,,,29.014289089437142,28.81070800636971,-0.2035810830674336,,True,,,,,,,,,,,,,,,,,,,,,,,,,,,,,,,,,,,,,,,,,,,,,grid,26.014289089437142,-3.0,1.2754031655343319,1.231781244277954,0.7593762631097496,0.004540567868389189,3.9980843562362427,-3.0,False,2.605547991483643,False
61,000061.jpg,,,,29.014289089437142,28.81070800636971,-0.2035810830674336,,True,,,,,,,,,,,,,,,,,,,,,,,,,,,,,,,,,,,,,,,,,,,,,grid,27.014289089437142,-2.0,1.2099204648112611,1.168538212776184,0.7719701321079839,0.0033742444356903434,2.971107201451576,-2.0,False,2.240727133066171,False
61,000061.jpg,,,,29.014289089437142,28.81070800636971,-0.2035810830674336,,True,,,,,,,,,,,,,,,,,,,,,,,,,,,,,,,,,,,,,,,,,,,,,grid,28.014289089437142,-1.0,1.092253018102257,1.054895281791687,0.8063692641521476,0.002087714383378625,1.8382850908550792,-1.0,False,1.775455026663879,False
61,000061.jpg,,,,29.014289089437142,28.81070800636971,-0.2035810830674336,,True,,,,,,,,,,,,,,,,,,,,,,,,,,,,,,,,,,,,,,,,,,,,,grid,28.514289089437142,-0.5,1.0311537200169298,0.9958857297897339,0.8348118365349841,0.0014110161767651637,1.242435278194047,-0.5,False,1.5219507030304573,False
61,000061.jpg,,,,29.014289089437142,28.81070800636971,-0.2035810830674336,,True,,,,,,,,,,,,,,,,,,,,,,,,,,,,,,,,,,,,,,,,,,,,,grid,29.514289089437142,0.5,0.9551011349844359,0.9224343299865723,0.8590209968728062,0.0009238869048810253,0.8135056866018727,0.5,False,1.3144565597620979,False
61,000061.jpg,,,,29.014289089437142,28.81070800636971,-0.2035810830674336,,True,,,,,,,,,,,,,,,,,,,,,,,,,,,,,,,,,,,,,,,,,,,,,grid,30.014289089437142,1.0,1.0440538568648026,1.0083446502685547,0.8235369200331866,0.0015625007605801027,1.375821269179427,1.0,False,1.5944722541264726,False
61,000061.jpg,,,,29.014289089437142,28.81070800636971,-0.2035810830674336,,True,,,,,,,,,,,,,,,,,,,,,,,,,,,,,,,,,,,,,,,,,,,,,grid,31.014289089437142,2.0,1.1690635924794521,1.12907874584198,0.7808836981726126,0.0028597669831166663,2.5180968480349653,2.0,False,2.077704106315581,False
61,000061.jpg,,,,29.014289089437142,28.81070800636971,-0.2035810830674336,,True,,,,,,,,,,,,,,,,,,,,,,,,,,,,,,,,,,,,,,,,,,,,,grid,32.01428908943714,3.0,1.2496365884826353,1.2068959474563599,0.7626949177782032,0.004084617636787395,3.596608694815037,3.0,False,2.476093844408191,False
61,000061.jpg,,,,29.014289089437142,28.81070800636971,-0.2035810830674336,,True,,,,,,,,,,,,,,,,,,,,,,,,,,,,,,,,,,,,,,,,,,,,,clamped_raw_observation,28.81070800636971,-0.2035810830674336,0.9648494013044427,0.9318491816520691,0.8539366477333163,0.0010916418783987563,0.9612181654685309,,False,1.357324727430282,False
62,000062.jpg,,,,29.014289089437142,28.839932855604047,-0.17435623383309462,,True,,,,,,,,,,,,,,,,,,,,,,,,,,,,,,,,,,,,,,,,,,,,,prediction,29.014289089437142,0.0,0.9005657043154892,0.8554428815841675,0.8706161949214234,0.0007103221917835375,0.6815355906273172,,False,1.200333407050895,True
62,000062.jpg,,,,29.014289089437142,28.839932855604047,-0.17435623383309462,,True,,,,,,,,,,,,,,,,,,,,,,,,,,,,,,,,,,,,,,,,,,,,,grid,26.014289089437142,-3.0,1.3039230339933363,1.2385900020599365,0.7542713998201516,0.004574893973767757,4.389491279499998,-3.0,False,2.737024454048184,False
62,000062.jpg,,,,29.014289089437142,28.839932855604047,-0.17435623383309462,,True,,,,,,,,,,,,,,,,,,,,,,,,,,,,,,,,,,,,,,,,,,,,,grid,27.014289089437142,-2.0,1.211934243916862,1.1512103080749512,0.7755534620819595,0.003368124831467867,3.231627806189268,-2.0,False,2.30428773338222,False
62,000062.jpg,,,,29.014289089437142,28.839932855604047,-0.17435623383309462,,True,,,,,,,,,,,,,,,,,,,,,,,,,,,,,,,,,,,,,,,,,,,,,grid,28.014289089437142,-1.0,1.1000133403662038,1.044897198677063,0.812550849997859,0.0020872754200051227,2.002686249465481,-1.0,False,1.818134052734715,False
62,000062.jpg,,,,29.014289089437142,28.839932855604047,-0.17435623383309462,,True,,,,,,,,,,,,,,,,,,,,,,,,,,,,,,,,,,,,,,,,,,,,,grid,28.514289089437142,-0.5,1.0241975167341277,0.9728801250457764,0.8401061962060549,0.0014052230981178582,1.3482748606434556,-0.5,False,1.5361600356889367,False
62,000062.jpg,,,,29.014289089437142,28.839932855604047,-0.17435623383309462,,True,,,,,,,,,,,,,,,,,,,,,,,,,,,,,,,,,,,,,,,,,,,,,grid,29.514289089437142,0.5,0.9603204423730691,0.9122036099433899,0.859868111163448,0.0008373087427268425,0.803375869588002,0.5,False,1.3162962986066218,False
62,000062.jpg,,,,29.014289089437142,28.839932855604047,-0.17435623383309462,,True,,,,,,,,,,,,,,,,,,,,,,,,,,,,,,,,,,,,,,,,,,,,,grid,30.014289089437142,1.0,1.0621053658015007,1.008888602256775,0.8243908705519634,0.0015190148842521012,1.457455107394316,1.0,False,1.6320782720981164,False
62,000062.jpg,,,,29.014289089437142,28.839932855604047,-0.17435623383309462,,True,,,,,,,,,,,,,,,,,,,,,,,,,,,,,,,,,,,,,,,,,,,,,grid,31.014289089437142,2.0,1.179363043320298,1.12027108669281,0.7827902196719908,0.0028440026799216866,2.728746290946195,2.0,False,2.138759396384856,False
62,000062.jpg,,,,29.014289089437142,28.839932855604047,-0.17435623383309462,,True,,,,,,,,,,,,,,,,,,,,,,,,,,,,,,,,,,,,,,,,,,,,,grid,32.01428908943714,3.0,1.280639388817962,1.2164729833602905,0.758382220699696,0.0040257869598766165,3.8626374413983924,3.0,False,2.577916528467864,False
62,000062.jpg,,,,29.014289089437142,28.839932855604047,-0.17435623383309462,,True,,,,,,,,,,,,,,,,,,,,,,,,,,,,,,,,,,,,,,,,,,,,,clamped_raw_observation,28.839932855604047,-0.17435623383309462,0.9782603484784766,0.9292446374893188,0.856228321843018,0.0009486244525760412,0.9101803858141991,,False,1.354807810104001,False
63,000063.jpg,,,,29.014289089437142,28.821921603447862,-0.19236748598927988,,True,,,,,,,,,,,,,,,,,,,,,,,,,,,,,,,,,,,,,,,,,,,,,prediction,29.014289089437142,0.0,0.9034426985769992,0.8384643197059631,0.8652055609880532,0.0006572569448811313,0.6927776139186871,,False,1.2114315410686178,True
63,000063.jpg,,,,29.014289089437142,28.821921603447862,-0.19236748598927988,,True,,,,,,,,,,,,,,,,,,,,,,,,,,,,,,,,,,,,,,,,,,,,,grid,26.014289089437142,-3.0,1.3102065071959257,1.2159724235534668,0.7605969133965392,0.0045059315937881666,4.749449301885967,-3.0,False,2.826971919270878,False
63,000063.jpg,,,,29.014289089437142,28.821921603447862,-0.19236748598927988,,True,,,,,,,,,,,,,,,,,,,,,,,,,,,,,,,,,,,,,,,,,,,,,grid,27.014289089437142,-2.0,1.2334221784244317,1.144710659980774,0.7788146762467583,0.0033473588215808072,3.5282628436338848,-2.0,False,2.3966732130861446,False
63,000063.jpg,,,,29.014289089437142,28.821921603447862,-0.19236748598927988,,True,,,,,,,,,,,,,,,,,,,,,,,,,,,,,,,,,,,,,,,,,,,,,grid,28.014289089437142,-1.0,1.1111194744796056,1.031204342842102,0.8135070787806641,0.002028437991005679,2.1380625071144412,-1.0,False,1.8621280224775518,False
63,000063.jpg,,,,29.014289089437142,28.821921603447862,-0.19236748598927988,,True,,,,,,,,,,,,,,,,,,,,,,,,,,,,,,,,,,,,,,,,,,,,,grid,28.514289089437142,-0.5,1.058552727787919,0.9824183583259583,0.837124271927214,0.0013309025089256465,1.4028295504106938,-0.5,False,1.5871358434633784,False
63,000063.jpg,,,,29.014289089437142,28.821921603447862,-0.19236748598927988,,True,,,,,,,,,,,,,,,,,,,,,,,,,,,,,,,,,,,,,,,,,,,,,grid,29.514289089437142,0.5,0.9551924540608625,0.8864920735359192,0.8685855193231581,0.0007751659140922129,0.8170588329850572,0.5,False,1.3058716429839685,False
63,000063.jpg,,,,29.014289089437142,28.821921603447862,-0.19236748598927988,,True,,,,,,,,,,,,,,,,,,,,,,,,,,,,,,,,,,,,,,,,,,,,,grid,30.014289089437142,1.0,1.081881195310608,1.0040689706802368,0.8255601377492453,0.0014941382008449484,1.5748871209467832,1.0,False,1.6800428377980585,False
63,000063.jpg,,,,29.014289089437142,28.821921603447862,-0.19236748598927988,,True,,,,,,,,,,,,,,,,,,,,,,,,,,,,,,,,,,,,,,,,,,,,,grid,31.014289089437142,2.0,1.1875548110159522,1.1021422147750854,0.7879979592704391,0.0028367199120111763,2.990027062177565,2.0,False,2.2070636172899043,False
63,000063.jpg,,,,29.014289089437142,28.821921603447862,-0.19236748598927988,,True,,,,,,,,,,,,,,,,,,,,,,,,,,,,,,,,,,,,,,,,,,,,,grid,32.01428908943714,3.0,1.2814610816177492,1.189294457435608,0.7649122061136856,0.004034186014905572,4.252208794866174,3.0,False,2.669601074220607,False
63,000063.jpg,,,,29.014289089437142,28.821921603447862,-0.19236748598927988,,True,,,,,,,,,,,,,,,,,,,,,,,,,,,,,,,,,,,,,,,,,,,,,clamped_raw_observation,28.821921603447862,-0.19236748598927988,0.9593539648928198,0.8903542757034302,0.870201096892139,0.0008699982427060604,0.917016261888811,,False,1.324177958052562,False
64,000064.jpg,,,,29.014289089437142,28.823947029855105,-0.19034205958203643,,True,,,,,,,,,,,,,,,,,,,,,,,,,,,,,,,,,,,,,,,,,,,,,prediction,29.014289089437142,0.0,0.9370847871997279,0.8957631587982178,0.8692421039144084,0.0007974290832256278,0.8706334533094348,,False,1.2855010466126784,True
64,000064.jpg,,,,29.014289089437142,28.823947029855105,-0.19034205958203643,,True,,,,,,,,,,,,,,,,,,,,,,,,,,,,,,,,,,,,,,,,,,,,,grid,26.014289089437142,-3.0,1.2752172124562016,1.2189853191375732,0.7596472120785017,0.00452631339430809,4.941831122219288,-3.0,False,2.8410277809325217,False
64,000064.jpg,,,,29.014289089437142,28.823947029855105,-0.19034205958203643,,True,,,,,,,,,,,,,,,,,,,,,,,,,,,,,,,,,,,,,,,,,,,,,grid,27.014289089437142,-2.0,1.233520701504838,1.1791274547576904,0.7672496636555833,0.0033800549960384765,3.690345656410104,-2.0,False,2.4488574519517807,False
64,000064.jpg,,,,29.014289089437142,28.823947029855105,-0.19034205958203643,,True,,,,,,,,,,,,,,,,,,,,,,,,,,,,,,,,,,,,,,,,,,,,,grid,28.014289089437142,-1.0,1.1078669877409748,1.0590145587921143,0.807781835265979,0.002077864909855028,2.2686138993825966,-1.0,False,1.8972386273206452,False
64,000064.jpg,,,,29.014289089437142,28.823947029855105,-0.19034205958203643,,True,,,,,,,,,,,,,,,,,,,,,,,,,,,,,,,,,,,,,,,,,,,,,grid,28.514289089437142,-0.5,1.041161823583847,0.9952508211135864,0.8359066350609691,0.0014321096629525225,1.563578012894444,-0.5,False,1.611149691746489,False
64,000064.jpg,,,,29.014289089437142,28.823947029855105,-0.19034205958203643,,True,,,,,,,,,,,,,,,,,,,,,,,,,,,,,,,,,,,,,,,,,,,,,grid,29.514289089437142,0.5,0.9556350405480087,0.9134954214096069,0.8594614218292865,0.000883596270189931,0.9647108291247642,0.5,False,1.3523513259999134,False
64,000064.jpg,,,,29.014289089437142,28.823947029855105,-0.19034205958203643,,True,,,,,,,,,,,,,,,,,,,,,,,,,,,,,,,,,,,,,,,,,,,,,grid,30.014289089437142,1.0,1.0597382657011492,1.0130081176757812,0.8227304760074317,0.0015571869832153122,1.7001374907988525,1.0,False,1.6920421623934307,False
64,000064.jpg,,,,29.014289089437142,28.823947029855105,-0.19034205958203643,,True,,,,,,,,,,,,,,,,,,,,,,,,,,,,,,,,,,,,,,,,,,,,,grid,31.014289089437142,2.0,1.1909451208733282,1.1384292840957642,0.7813868067567856,0.0028730155900120735,3.136759791135326,2.0,False,2.253748261900374,False
64,000064.jpg,,,,29.014289089437142,28.823947029855105,-0.19034205958203643,,True,,,,,,,,,,,,,,,,,,,,,,,,,,,,,,,,,,,,,,,,,,,,,grid,32.01428908943714,3.0,1.261499659951305,1.205872654914856,0.763106754650095,0.004088409012183547,4.463726909006698,3.0,False,2.7043246325528845,False
64,000064.jpg,,,,29.014289089437142,28.823947029855105,-0.19034205958203643,,True,,,,,,,,,,,,,,,,,,,,,,,,,,,,,,,,,,,,,,,,,,,,,clamped_raw_observation,28.823947029855105,-0.19034205958203643,0.9748606523659775,0.9318732619285583,0.8527772438977513,0.0010267655403974156,1.1210231066057017,,False,1.4080494469071128,False
65,000065.jpg,,,,29.014289089437142,28.83400697523834,-0.18028211419880336,,True,,,,,,,,,,,,,,,,,,,,,,,,,,,,,,,,,,,,,,,,,,,,,prediction,29.014289089437142,0.0,0.8960170239004105,0.8782805800437927,0.870772027735498,0.0007748836360406131,0.701628225465301,,False,1.2006520525312379,True
65,000065.jpg,,,,29.014289089437142,28.83400697523834,-0.18028211419880336,,True,,,,,,,,,,,,,,,,,,,,,,,,,,,,,,,,,,,,,,,,,,,,,grid,26.014289089437142,-3.0,1.2217822739457889,1.1975973844528198,0.7673135464231354,0.004520884482190013,4.093492247404158,-3.0,False,2.567841789373693,False
65,000065.jpg,,,,29.014289089437142,28.83400697523834,-0.18028211419880336,,True,,,,,,,,,,,,,,,,,,,,,,,,,,,,,,,,,,,,,,,,,,,,,grid,27.014289089437142,-2.0,1.1708216087269685,1.1476454734802246,0.7803357009978015,0.0033429310812304416,3.0268993862887346,-2.0,False,2.2072107543013506,False
65,000065.jpg,,,,29.014289089437142,28.83400697523834,-0.18028211419880336,,True,,,,,,,,,,,,,,,,,,,,,,,,,,,,,,,,,,,,,,,,,,,,,grid,28.014289089437142,-1.0,1.065920791675826,1.0448211431503296,0.8113690174192457,0.0020604159023302295,1.8656297359164737,-1.0,False,1.7509592082356988,False
65,000065.jpg,,,,29.014289089437142,28.83400697523834,-0.18028211419880336,,True,,,,,,,,,,,,,,,,,,,,,,,,,,,,,,,,,,,,,,,,,,,,,grid,28.514289089437142,-0.5,1.0133435369713133,0.9932846426963806,0.8347074243192965,0.0013949401715459924,1.263066287208032,-0.5,False,1.5094026844540247,False
65,000065.jpg,,,,29.014289089437142,28.83400697523834,-0.18028211419880336,,True,,,,,,,,,,,,,,,,,,,,,,,,,,,,,,,,,,,,,,,,,,,,,grid,29.514289089437142,0.5,0.937644522400725,0.9190840721130371,0.8583206494165398,0.0008917914043801526,0.8074838484621977,0.5,False,1.2961948350997345,False
65,000065.jpg,,,,29.014289089437142,28.83400697523834,-0.18028211419880336,,True,,,,,,,,,,,,,,,,,,,,,,,,,,,,,,,,,,,,,,,,,,,,,grid,30.014289089437142,1.0,1.018221824535736,0.9980663657188416,0.8285768645357686,0.001524213779096802,1.3801187163041324,1.0,False,1.5646746390760005,False
65,000065.jpg,,,,29.014289089437142,28.83400697523834,-0.18028211419880336,,True,,,,,,,,,,,,,,,,,,,,,,,,,,,,,,,,,,,,,,,,,,,,,grid,31.014289089437142,2.0,1.1379671105978888,1.1154413223266602,0.7871850160662947,0.00286047007345284,2.5900489419138095,2.0,False,2.0582943300100465,False
65,000065.jpg,,,,29.014289089437142,28.83400697523834,-0.18028211419880336,,True,,,,,,,,,,,,,,,,,,,,,,,,,,,,,,,,,,,,,,,,,,,,,grid,32.01428908943714,3.0,1.237029719767846,1.21254301071167,0.7594706578724844,0.00415647984482348,3.7635374423533947,3.0,False,2.50844342248371,False
65,000065.jpg,,,,29.014289089437142,28.83400697523834,-0.18028211419880336,,True,,,,,,,,,,,,,,,,,,,,,,,,,,,,,,,,,,,,,,,,,,,,,clamped_raw_observation,28.83400697523834,-0.18028211419880336,0.955171368518858,0.9362639784812927,0.8515558937933367,0.0009782112902030349,0.8857338311881781,,False,1.3304573959485297,False
66,000066.jpg,,,,29.014289089437142,28.82572556354313,-0.18856352589401126,,True,,,,,,,,,,,,,,,,,,,,,,,,,,,,,,,,,,,,,,,,,,,,,prediction,29.014289089437142,0.0,0.8912760736120873,0.8639635443687439,0.8736744460607594,0.0008078292012214661,0.7644697678033615,,False,1.2087190695021681,True
66,000066.jpg,,,,29.014289089437142,28.82572556354313,-0.18856352589401126,,True,,,,,,,,,,,,,,,,,,,,,,,,,,,,,,,,,,,,,,,,,,,,,grid,26.014289089437142,-3.0,1.2529883312457841,1.214591383934021,0.7601037252545696,0.004533115929613511,4.28980541542384,-3.0,False,2.655335959847174,False
66,000066.jpg,,,,29.014289089437142,28.82572556354313,-0.18856352589401126,,True,,,,,,,,,,,,,,,,,,,,,,,,,,,,,,,,,,,,,,,,,,,,,grid,27.014289089437142,-2.0,1.1929159833709337,1.1563599109649658,0.7708557333501992,0.0033722882314274707,3.1912839958586816,-2.0,False,2.279881248985405,False
66,000066.jpg,,,,29.014289089437142,28.82572556354313,-0.18856352589401126,,True,,,,,,,,,,,,,,,,,,,,,,,,,,,,,,,,,,,,,,,,,,,,,grid,28.014289089437142,-1.0,1.086492296359425,1.0531975030899048,0.8055362300508085,0.00206905254162848,1.9579981927863597,-1.0,False,1.8004556145052064,False
66,000066.jpg,,,,29.014289089437142,28.82572556354313,-0.18856352589401126,,True,,,,,,,,,,,,,,,,,,,,,,,,,,,,,,,,,,,,,,,,,,,,,grid,28.514289089437142,-0.5,1.0102500816265543,0.9792916774749756,0.83907827883541,0.0013709585861458133,1.2973737399368785,-0.5,False,1.510515237775364,False
66,000066.jpg,,,,29.014289089437142,28.82572556354313,-0.18856352589401126,,True,,,,,,,,,,,,,,,,,,,,,,,,,,,,,,,,,,,,,,,,,,,,,grid,29.514289089437142,0.5,0.9500251182278399,0.9209122657775879,0.8555436088798938,0.0008597658209813138,0.8136187408638407,0.5,False,1.312886194563906,False
66,000066.jpg,,,,29.014289089437142,28.82572556354313,-0.18856352589401126,,True,,,,,,,,,,,,,,,,,,,,,,,,,,,,,,,,,,,,,,,,,,,,,grid,30.014289089437142,1.0,1.0342661818879437,1.0025718212127686,0.829506883393418,0.001493776828283444,1.4135998343971994,1.0,False,1.5881592570938257,False
66,000066.jpg,,,,29.014289089437142,28.82572556354313,-0.18856352589401126,,True,,,,,,,,,,,,,,,,,,,,,,,,,,,,,,,,,,,,,,,,,,,,,grid,31.014289089437142,2.0,1.1746230267433801,1.138627529144287,0.7796049164084077,0.0028085786616429687,2.657830979713565,2.0,False,2.119475855263364,False
66,000066.jpg,,,,29.014289089437142,28.82572556354313,-0.18856352589401126,,True,,,,,,,,,,,,,,,,,,,,,,,,,,,,,,,,,,,,,,,,,,,,,grid,32.01428908943714,3.0,1.2462776753987095,1.208086371421814,0.75989290156642,0.004080292729971309,3.8612870531722296,3.0,False,2.541706537125347,False
66,000066.jpg,,,,29.014289089437142,28.82572556354313,-0.18856352589401126,,True,,,,,,,,,,,,,,,,,,,,,,,,,,,,,,,,,,,,,,,,,,,,,clamped_raw_observation,28.82572556354313,-0.18856352589401126,0.9464754237970767,0.9174713492393494,0.8611304366158582,0.0009460979975604763,0.8953171232491758,,False,1.3148311737703329,False
67,000067.jpg,,,,29.014289089437142,28.83477173538509,-0.17951735405205227,,True,,,,,,,,,,,,,,,,,,,,,,,,,,,,,,,,,,,,,,,,,,,,,prediction,29.014289089437142,0.0,0.9213764005819304,0.8185506463050842,0.8743986946110323,0.0006401658174581826,0.7644078798345321,,False,1.2380796759295312,True
67,000067.jpg,,,,29.014289089437142,28.83477173538509,-0.17951735405205227,,True,,,,,,,,,,,,,,,,,,,,,,,,,,,,,,,,,,,,,,,,,,,,,grid,26.014289089437142,-3.0,1.3637078228628001,1.2115178108215332,0.7634618237301066,0.0044512580304096145,5.315149014253818,-3.0,False,3.019033252696148,False
67,000067.jpg,,,,29.014289089437142,28.83477173538509,-0.17951735405205227,,True,,,,,,,,,,,,,,,,,,,,,,,,,,,,,,,,,,,,,,,,,,,,,grid,27.014289089437142,-2.0,1.31902419047297,1.171820878982544,0.7738244082307317,0.0033620462442437806,4.014545249654661,-2.0,False,2.6088360946559037,False
67,000067.jpg,,,,29.014289089437142,28.83477173538509,-0.17951735405205227,,True,,,,,,,,,,,,,,,,,,,,,,,,,,,,,,,,,,,,,,,,,,,,,grid,28.014289089437142,-1.0,1.1863251998876072,1.0539311170578003,0.8080061031172519,0.0020512707997113466,2.449377208548412,-1.0,False,2.020663398907458,False
67,000067.jpg,,,,29.014289089437142,28.83477173538509,-0.17951735405205227,,True,,,,,,,,,,,,,,,,,,,,,,,,,,,,,,,,,,,,,,,,,,,,,grid,28.514289089437142,-0.5,1.1147619745377284,0.9903543591499329,0.8340291169552226,0.0013317555810014408,1.5902199592180126,-0.5,False,1.693287847387009,False
67,000067.jpg,,,,29.014289089437142,28.83477173538509,-0.17951735405205227,,True,,,,,,,,,,,,,,,,,,,,,,,,,,,,,,,,,,,,,,,,,,,,,grid,29.514289089437142,0.5,1.016732242522514,0.9032647609710693,0.8622348428659221,0.0007636356943597397,0.9118405359555615,0.5,False,1.3974575336454822,False
67,000067.jpg,,,,29.014289089437142,28.83477173538509,-0.17951735405205227,,True,,,,,,,,,,,,,,,,,,,,,,,,,,,,,,,,,,,,,,,,,,,,,grid,30.014289089437142,1.0,1.1309947160915663,1.0047755241394043,0.8299391807412745,0.0015029834855037432,1.7946794225002187,1.0,False,1.7797253909753465,False
67,000067.jpg,,,,29.014289089437142,28.83477173538509,-0.17951735405205227,,True,,,,,,,,,,,,,,,,,,,,,,,,,,,,,,,,,,,,,,,,,,,,,grid,31.014289089437142,2.0,1.2592454979162524,1.1187134981155396,0.7819830892792812,0.002853565073261658,3.4073791010628325,2.0,False,2.3891071839026794,False
67,000067.jpg,,,,29.014289089437142,28.83477173538509,-0.17951735405205227,,True,,,,,,,,,,,,,,,,,,,,,,,,,,,,,,,,,,,,,,,,,,,,,grid,32.01428908943714,3.0,1.339622013628292,1.190119981765747,0.7661107461484669,0.00409747000473241,4.892698537762354,3.0,False,2.8866859019204134,False
67,000067.jpg,,,,29.014289089437142,28.83477173538509,-0.17951735405205227,,True,,,,,,,,,,,,,,,,,,,,,,,,,,,,,,,,,,,,,,,,,,,,,clamped_raw_observation,28.83477173538509,-0.17951735405205227,1.0086976906080936,0.8961268663406372,0.871029265294878,0.0008585425093770027,1.025166670014466,,False,1.3993456134383935,False
68,000068.jpg,,,,29.014289089437142,28.83596385089001,-0.17832523854713145,,True,,,,,,,,,,,,,,,,,,,,,,,,,,,,,,,,,,,,,,,,,,,,,prediction,29.014289089437142,0.0,0.9109211178254609,0.8398388028144836,0.8712967051451881,0.0007090591243468225,0.8112335127795494,,False,1.2424327908751602,True
68,000068.jpg,,,,29.014289089437142,28.83596385089001,-0.17832523854713145,,True,,,,,,,,,,,,,,,,,,,,,,,,,,,,,,,,,,,,,,,,,,,,,grid,26.014289089437142,-3.0,1.3246116894508622,1.221247673034668,0.7608233983052629,0.004453298791001241,5.095012669089908,-3.0,False,2.927541458418076,False
68,000068.jpg,,,,29.014289089437142,28.83596385089001,-0.17832523854713145,,True,,,,,,,,,,,,,,,,,,,,,,,,,,,,,,,,,,,,,,,,,,,,,grid,27.014289089437142,-2.0,1.264076903900897,1.1654366254806519,0.7716310267246999,0.003360273859774073,3.844484435168854,-2.0,False,2.5135669859684104,False
68,000068.jpg,,,,29.014289089437142,28.83596385089001,-0.17832523854713145,,True,,,,,,,,,,,,,,,,,,,,,,,,,,,,,,,,,,,,,,,,,,,,,grid,28.014289089437142,-1.0,1.1464773282082685,1.057013750076294,0.8053785823923968,0.0020391750149428844,2.333017168445975,-1.0,False,1.9543530379273657,False
68,000068.jpg,,,,29.014289089437142,28.83596385089001,-0.17832523854713145,,True,,,,,,,,,,,,,,,,,,,,,,,,,,,,,,,,,,,,,,,,,,,,,grid,28.514289089437142,-0.5,1.0639582979916256,0.9809339642524719,0.8359721608948885,0.0013407270695703726,1.5339238900960892,-0.5,False,1.6264671096207592,False
68,000068.jpg,,,,29.014289089437142,28.83596385089001,-0.17832523854713145,,True,,,,,,,,,,,,,,,,,,,,,,,,,,,,,,,,,,,,,,,,,,,,,grid,29.514289089437142,0.5,0.975833706576247,0.8996860384941101,0.8636430538909565,0.0008404713977749149,0.9615821036585149,0.5,False,1.367586178599919,False
68,000068.jpg,,,,29.014289089437142,28.83596385089001,-0.17832523854713145,,True,,,,,,,,,,,,,,,,,,,,,,,,,,,,,,,,,,,,,,,,,,,,,grid,30.014289089437142,1.0,1.0929734306212968,1.0076849460601807,0.8225782711999832,0.0015106096398085356,1.7282862915972004,1.0,False,1.7324667323206138,False
68,000068.jpg,,,,29.014289089437142,28.83596385089001,-0.17832523854713145,,True,,,,,,,,,,,,,,,,,,,,,,,,,,,,,,,,,,,,,,,,,,,,,grid,31.014289089437142,2.0,1.219865203278607,1.124674916267395,0.7821442839420509,0.0028699409837524095,3.2834953049425435,2.0,False,2.318594745572192,False
68,000068.jpg,,,,29.014289089437142,28.83596385089001,-0.17832523854713145,,True,,,,,,,,,,,,,,,,,,,,,,,,,,,,,,,,,,,,,,,,,,,,,grid,32.01428908943714,3.0,1.3016258306163317,1.200055480003357,0.7616854853970857,0.004079739718387525,4.66762427748539,3.0,False,2.7968464145905934,False
68,000068.jpg,,,,29.014289089437142,28.83596385089001,-0.17832523854713145,,True,,,,,,,,,,,,,,,,,,,,,,,,,,,,,,,,,,,,,,,,,,,,,clamped_raw_observation,28.83596385089001,-0.17832523854713145,0.9869296882757936,0.9099161624908447,0.8622973569671356,0.0009129499764336894,1.0445047400758796,,False,1.3911082734840416,False
69,000069.jpg,,,,29.014289089437142,28.82988183810076,-0.18440725133638125,,True,,,,,,,,,,,,,,,,,,,,,,,,,,,,,,,,,,,,,,,,,,,,,prediction,29.014289089437142,0.0,0.9536350311453035,0.8907327055931091,0.8582179219629419,0.0007484836096409708,0.7965468136822677,,False,1.2945538126029286,True
69,000069.jpg,,,,29.014289089437142,28.82988183810076,-0.18440725133638125,,True,,,,,,,,,,,,,,,,,,,,,,,,,,,,,,,,,,,,,,,,,,,,,grid,26.014289089437142,-3.0,1.308561309883788,1.222247838973999,0.7600497480975569,0.0045354612326870365,4.826701810089382,-3.0,False,2.8451870143085767,False
69,000069.jpg,,,,29.014289089437142,28.82988183810076,-0.18440725133638125,,True,,,,,,,,,,,,,,,,,,,,,,,,,,,,,,,,,,,,,,,,,,,,,grid,27.014289089437142,-2.0,1.2376759993774322,1.1560381650924683,0.7738991125445309,0.003366680544180175,3.58286891738238,-2.0,False,2.4194941161784964,False
69,000069.jpg,,,,29.014289089437142,28.82988183810076,-0.18440725133638125,,True,,,,,,,,,,,,,,,,,,,,,,,,,,,,,,,,,,,,,,,,,,,,,grid,28.014289089437142,-1.0,1.1499114168134545,1.0740625858306885,0.8014713632243513,0.0020632862967128554,2.1957783766958627,-1.0,False,1.927384647763069,False
69,000069.jpg,,,,29.014289089437142,28.82988183810076,-0.18440725133638125,,True,,,,,,,,,,,,,,,,,,,,,,,,,,,,,,,,,,,,,,,,,,,,,grid,28.514289089437142,-0.5,1.054705310543368,0.9851363301277161,0.8345243365163684,0.0013756635307800025,1.4640005312438678,-0.5,False,1.6011811068379664,False
69,000069.jpg,,,,29.014289089437142,28.82988183810076,-0.18440725133638125,,True,,,,,,,,,,,,,,,,,,,,,,,,,,,,,,,,,,,,,,,,,,,,,grid,29.514289089437142,0.5,0.9662427959754651,0.9025088548660278,0.8612112396972955,0.0008497622426754484,0.9043289633493868,0.5,False,1.3461137971155162,False
69,000069.jpg,,,,29.014289089437142,28.82988183810076,-0.18440725133638125,,True,,,,,,,,,,,,,,,,,,,,,,,,,,,,,,,,,,,,,,,,,,,,,grid,30.014289089437142,1.0,1.0955753331672897,1.0233105421066284,0.8213706022470962,0.0015118955440508823,1.608980561126542,1.0,False,1.7064498712018288,False
69,000069.jpg,,,,29.014289089437142,28.82988183810076,-0.18440725133638125,,True,,,,,,,,,,,,,,,,,,,,,,,,,,,,,,,,,,,,,,,,,,,,,grid,31.014289089437142,2.0,1.2029333181711641,1.1235871315002441,0.7826893484264003,0.0028391970166315636,3.0215135079562847,2.0,False,2.235622346733835,False
69,000069.jpg,,,,29.014289089437142,28.82988183810076,-0.18440725133638125,,True,,,,,,,,,,,,,,,,,,,,,,,,,,,,,,,,,,,,,,,,,,,,,grid,32.01428908943714,3.0,1.3052378849259003,1.2191436290740967,0.7566137566137566,0.004051690339110792,4.311866002241536,3.0,False,2.7165906288725274,False
69,000069.jpg,,,,29.014289089437142,28.82988183810076,-0.18440725133638125,,True,,,,,,,,,,,,,,,,,,,,,,,,,,,,,,,,,,,,,,,,,,,,,clamped_raw_observation,28.82988183810076,-0.18440725133638125,1.0055331707228978,0.9392076134681702,0.8524842429224899,0.0009501609407986203,1.0111746738736576,,False,1.4113748138089137,False
70,000070.jpg,,,,29.014289089437142,28.83474522550887,-0.1795438639282736,,True,,,,,,,,,,,,,,,,,,,,,,,,,,,,,,,,,,,,,,,,,,,,,prediction,29.014289089437142,0.0,0.8626365763762467,0.8188683986663818,0.8737080917569953,0.000642309207857276,0.7338874391473317,,False,1.1724003444060844,True
70,000070.jpg,,,,29.014289089437142,28.83474522550887,-0.1795438639282736,,True,,,,,,,,,,,,,,,,,,,,,,,,,,,,,,,,,,,,,,,,,,,,,grid,26.014289089437142,-3.0,1.2839664048282369,1.2188209295272827,0.7595580203344257,0.0044587142765522,5.094422378319132,-3.0,False,2.888013979073594,False
70,000070.jpg,,,,29.014289089437142,28.83474522550887,-0.1795438639282736,,True,,,,,,,,,,,,,,,,,,,,,,,,,,,,,,,,,,,,,,,,,,,,,grid,27.014289089437142,-2.0,1.2352407346512262,1.1725674867630005,0.7684438282497269,0.0033195643918588758,3.7928564324229828,-2.0,False,2.475011014507245,False
70,000070.jpg,,,,29.014289089437142,28.83474522550887,-0.1795438639282736,,True,,,,,,,,,,,,,,,,,,,,,,,,,,,,,,,,,,,,,,,,,,,,,grid,28.014289089437142,-1.0,1.111987526795056,1.0555678606033325,0.8055625577682548,0.0020504321049277983,2.342775641736254,-1.0,False,1.9221188794608648,False
70,000070.jpg,,,,29.014289089437142,28.83474522550887,-0.1795438639282736,,True,,,,,,,,,,,,,,,,,,,,,,,,,,,,,,,,,,,,,,,,,,,,,grid,28.514289089437142,-0.5,1.0364066158821383,0.9838217496871948,0.8361062095622217,0.0013365574025859435,1.5271191467570613,-0.5,False,1.597080193009182,False
70,000070.jpg,,,,29.014289089437142,28.83474522550887,-0.1795438639282736,,True,,,,,,,,,,,,,,,,,,,,,,,,,,,,,,,,,,,,,,,,,,,,,grid,29.514289089437142,0.5,0.9396730336012624,0.8919962048530579,0.8645702041845224,0.0008178514544852078,0.9344578937881881,0.5,False,1.323717302863787,False
70,000070.jpg,,,,29.014289089437142,28.83474522550887,-0.1795438639282736,,True,,,,,,,,,,,,,,,,,,,,,,,,,,,,,,,,,,,,,,,,,,,,,grid,30.014289089437142,1.0,1.0509634603938633,0.9976400136947632,0.8277875808755567,0.0015159845158147316,1.732128358878357,1.0,False,1.6862079692378957,False
70,000070.jpg,,,,29.014289089437142,28.83474522550887,-0.1795438639282736,,True,,,,,,,,,,,,,,,,,,,,,,,,,,,,,,,,,,,,,,,,,,,,,grid,31.014289089437142,2.0,1.1583922093580559,1.0996180772781372,0.7903957650617596,0.0028777095722034574,3.2880034767046897,2.0,False,2.249997313472469,False
70,000070.jpg,,,,29.014289089437142,28.83474522550887,-0.1795438639282736,,True,,,,,,,,,,,,,,,,,,,,,,,,,,,,,,,,,,,,,,,,,,,,,grid,32.01428908943714,3.0,1.25041418175925,1.1869710683822632,0.7651667927064952,0.0040726034591595335,4.653261212424168,3.0,False,2.7385626921587964,False
70,000070.jpg,,,,29.014289089437142,28.83474522550887,-0.1795438639282736,,True,,,,,,,,,,,,,,,,,,,,,,,,,,,,,,,,,,,,,,,,,,,,,clamped_raw_observation,28.83474522550887,-0.1795438639282736,0.9633978545369173,0.9145172834396362,0.8629316864129065,0.000858104913883532,0.9804505525781918,,False,1.3509651221864067,False
71,000071.jpg,,,,29.014289089437142,28.848578631331918,-0.16571045810522378,,True,,,,,,,,,,,,,,,,,,,,,,,,,,,,,,,,,,,,,,,,,,,,,prediction,29.014289089437142,0.0,0.9108733195043491,0.8220996856689453,0.8721735804148248,0.0006611208470227817,0.7346670297249006,,False,1.2223664965207495,True
71,000071.jpg,,,,29.014289089437142,28.848578631331918,-0.16571045810522378,,True,,,,,,,,,,,,,,,,,,,,,,,,,,,,,,,,,,,,,,,,,,,,,grid,26.014289089437142,-3.0,1.348177367619176,1.216784119606018,0.7609656579394763,0.004602506523951888,5.114510928627082,-3.0,False,2.9558394418364697,False
71,000071.jpg,,,,29.014289089437142,28.848578631331918,-0.16571045810522378,,True,,,,,,,,,,,,,,,,,,,,,,,,,,,,,,,,,,,,,,,,,,,,,grid,27.014289089437142,-2.0,1.2548791416784055,1.132578730583191,0.7832369942196532,0.0034281615323076644,3.809526294170615,-2.0,False,2.4840237210014062,False
71,000071.jpg,,,,29.014289089437142,28.848578631331918,-0.16571045810522378,,True,,,,,,,,,,,,,,,,,,,,,,,,,,,,,,,,,,,,,,,,,,,,,grid,28.014289089437142,-1.0,1.1666387313260833,1.0529382228851318,0.8088660319619178,0.0020850241417065263,2.3169720029104743,-1.0,False,1.967015700091784,False
71,000071.jpg,,,,29.014289089437142,28.848578631331918,-0.16571045810522378,,True,,,,,,,,,,,,,,,,,,,,,,,,,,,,,,,,,,,,,,,,,,,,,grid,28.514289089437142,-0.5,1.0904884457978445,0.9842095375061035,0.837725263515811,0.0013826654564278822,1.536479644457638,-0.5,False,1.651883093396443,False
71,000071.jpg,,,,29.014289089437142,28.848578631331918,-0.16571045810522378,,True,,,,,,,,,,,,,,,,,,,,,,,,,,,,,,,,,,,,,,,,,,,,,grid,29.514289089437142,0.5,0.9858666988946719,0.8897842168807983,0.8678170690241415,0.0008244234680508574,0.9161361999639889,0.5,False,1.3620836798615277,False
71,000071.jpg,,,,29.014289089437142,28.848578631331918,-0.16571045810522378,,True,,,,,,,,,,,,,,,,,,,,,,,,,,,,,,,,,,,,,,,,,,,,,grid,30.014289089437142,1.0,1.1148888761209634,1.0062319040298462,0.8279496769806188,0.0014975198428146541,1.6641109712833342,1.0,False,1.732966941961178,False
71,000071.jpg,,,,29.014289089437142,28.848578631331918,-0.16571045810522378,,True,,,,,,,,,,,,,,,,,,,,,,,,,,,,,,,,,,,,,,,,,,,,,grid,31.014289089437142,2.0,1.2588163736757956,1.1361322402954102,0.7822381842910575,0.002840816023914764,3.156841717642045,2.0,False,2.3257886187952495,False
71,000071.jpg,,,,29.014289089437142,28.848578631331918,-0.16571045810522378,,True,,,,,,,,,,,,,,,,,,,,,,,,,,,,,,,,,,,,,,,,,,,,,grid,32.01428908943714,3.0,1.311552617171583,1.183728814125061,0.768573614416865,0.0040918551773453755,4.547052332024244,3.0,False,2.769742085760779,False
71,000071.jpg,,,,29.014289089437142,28.848578631331918,-0.16571045810522378,,True,,,,,,,,,,,,,,,,,,,,,,,,,,,,,,,,,,,,,,,,,,,,,clamped_raw_observation,28.848578631331918,-0.16571045810522378,0.9889203023885046,0.8925402164459229,0.8677320639238354,0.0008814364167240759,0.9794915363540518,,False,1.3710324362963389,False
72,000072.jpg,,,,29.014289089437142,28.836117439849573,-0.17817164958756848,,True,,,,,,,,,,,,,,,,,,,,,,,,,,,,,,,,,,,,,,,,,,,,,prediction,29.014289089437142,0.0,0.8993514840783671,0.8408958911895752,0.8715093225343795,0.0006822934762264291,0.7722559831101812,,False,1.220906157321533,True
72,000072.jpg,,,,29.014289089437142,28.836117439849573,-0.17817164958756848,,True,,,,,,,,,,,,,,,,,,,,,,,,,,,,,,,,,,,,,,,,,,,,,grid,26.014289089437142,-3.0,1.33194145704853,1.2453685998916626,0.7543448915886274,0.004549387337950368,5.149238141113245,-3.0,False,2.9549061007382136,False
72,000072.jpg,,,,29.014289089437142,28.836117439849573,-0.17817164958756848,,True,,,,,,,,,,,,,,,,,,,,,,,,,,,,,,,,,,,,,,,,,,,,,grid,27.014289089437142,-2.0,1.248927772687491,1.167750597000122,0.7707753311397958,0.0033500630718966327,3.7917792580653056,-2.0,False,2.4860972560640215,False
72,000072.jpg,,,,29.014289089437142,28.836117439849573,-0.17817164958756848,,True,,,,,,,,,,,,,,,,,,,,,,,,,,,,,,,,,,,,,,,,,,,,,grid,28.014289089437142,-1.0,1.1385912648894077,1.0645856857299805,0.8085294862060238,0.002079503998781244,2.353693038136888,-1.0,False,1.9484850382176058,False
72,000072.jpg,,,,29.014289089437142,28.836117439849573,-0.17817164958756848,,True,,,,,,,,,,,,,,,,,,,,,,,,,,,,,,,,,,,,,,,,,,,,,grid,28.514289089437142,-0.5,1.0617515214602602,0.9927403330802917,0.8375516746815153,0.0013593959350449343,1.5386364970983801,-0.5,False,1.62385897105334,False
72,000072.jpg,,,,29.014289089437142,28.836117439849573,-0.17817164958756848,,True,,,,,,,,,,,,,,,,,,,,,,,,,,,,,,,,,,,,,,,,,,,,,grid,29.514289089437142,0.5,0.9548042458027765,0.8927443623542786,0.8623344301020839,0.0008330003377826264,0.9428340108765015,0.5,False,1.343178318419818,False
72,000072.jpg,,,,29.014289089437142,28.836117439849573,-0.17817164958756848,,True,,,,,,,,,,,,,,,,,,,,,,,,,,,,,,,,,,,,,,,,,,,,,grid,30.014289089437142,1.0,1.0942024342981673,1.0230820178985596,0.8224289209482831,0.001506136090029031,1.704724795752106,1.0,False,1.7279547122879106,False
72,000072.jpg,,,,29.014289089437142,28.836117439849573,-0.17817164958756848,,True,,,,,,,,,,,,,,,,,,,,,,,,,,,,,,,,,,,,,,,,,,,,,grid,31.014289089437142,2.0,1.2136950834714595,1.1348079442977905,0.7776723192440732,0.002843790571205318,3.2187531609884648,2.0,False,2.3007110544745024,False
72,000072.jpg,,,,29.014289089437142,28.836117439849573,-0.17817164958756848,,True,,,,,,,,,,,,,,,,,,,,,,,,,,,,,,,,,,,,,,,,,,,,,grid,32.01428908943714,3.0,1.312309333380252,1.2270125150680542,0.7540917911077364,0.004087966827986141,4.626977908580447,3.0,False,2.8049620194176272,False
72,000072.jpg,,,,29.014289089437142,28.836117439849573,-0.17817164958756848,,True,,,,,,,,,,,,,,,,,,,,,,,,,,,,,,,,,,,,,,,,,,,,,clamped_raw_observation,28.836117439849573,-0.17817164958756848,0.980114350088951,0.9164093732833862,0.8621867881548975,0.0008814442553557456,0.9976654089400562,,False,1.3726890636566946,False
73,000073.jpg,,,,29.014289089437142,28.82772509869119,-0.18656399074595242,,True,,,,,,,,,,,,,,,,,,,,,,,,,,,,,,,,,,,,,,,,,,,,,prediction,29.014289089437142,0.0,0.9496668060033323,0.862589418888092,0.8693546331308153,0.0007231178266617159,0.8417728917424449,,False,1.2907553958081281,True
73,000073.jpg,,,,29.014289089437142,28.82772509869119,-0.18656399074595242,,True,,,,,,,,,,,,,,,,,,,,,,,,,,,,,,,,,,,,,,,,,,,,,grid,26.014289089437142,-3.0,1.3343204581442063,1.2119731903076172,0.7661129285805328,0.0045884304369489355,5.341337490323614,-3.0,False,2.993541902144577,False
73,000073.jpg,,,,29.014289089437142,28.82772509869119,-0.18656399074595242,,True,,,,,,,,,,,,,,,,,,,,,,,,,,,,,,,,,,,,,,,,,,,,,grid,27.014289089437142,-2.0,1.3255034001864967,1.2039645910263062,0.7657942813442665,0.003403951491539677,3.9624995882238334,-2.0,False,2.6103340158981885,False
73,000073.jpg,,,,29.014289089437142,28.82772509869119,-0.18656399074595242,,True,,,,,,,,,,,,,,,,,,,,,,,,,,,,,,,,,,,,,,,,,,,,,grid,28.014289089437142,-1.0,1.1575563017467831,1.0514169931411743,0.8071122063134639,0.002081217826344073,2.4227210053931416,-1.0,False,1.9861243467816048,False
73,000073.jpg,,,,29.014289089437142,28.82772509869119,-0.18656399074595242,,True,,,,,,,,,,,,,,,,,,,,,,,,,,,,,,,,,,,,,,,,,,,,,grid,28.514289089437142,-0.5,1.0895078834585503,0.989608108997345,0.83693758762799,0.0013873674324713647,1.615017985287544,-0.5,False,1.6713247921524463,False
73,000073.jpg,,,,29.014289089437142,28.82772509869119,-0.18656399074595242,,True,,,,,,,,,,,,,,,,,,,,,,,,,,,,,,,,,,,,,,,,,,,,,grid,29.514289089437142,0.5,0.9839446756878955,0.893724262714386,0.8627055274673918,0.0008503055238785843,0.9898305826647728,0.5,False,1.3836967938866966,False
73,000073.jpg,,,,29.014289089437142,28.82772509869119,-0.18656399074595242,,True,,,,,,,,,,,,,,,,,,,,,,,,,,,,,,,,,,,,,,,,,,,,,grid,30.014289089437142,1.0,1.085883795845755,0.9863163232803345,0.8331775502400476,0.0015089197549968958,1.756515603321227,1.0,False,1.7218351464360142,False
73,000073.jpg,,,,29.014289089437142,28.82772509869119,-0.18656399074595242,,True,,,,,,,,,,,,,,,,,,,,,,,,,,,,,,,,,,,,,,,,,,,,,grid,31.014289089437142,2.0,1.228954246607524,1.116268277168274,0.785635382589115,0.002828838497710725,3.2930173682528863,2.0,False,2.3265732060816307,False
73,000073.jpg,,,,29.014289089437142,28.82772509869119,-0.18656399074595242,,True,,,,,,,,,,,,,,,,,,,,,,,,,,,,,,,,,,,,,,,,,,,,,grid,32.01428908943714,3.0,1.3350113230180454,1.2126007080078125,0.7583166928665506,0.004050476864601175,4.715112112491524,3.0,False,2.8454726582743755,False
73,000073.jpg,,,,29.014289089437142,28.82772509869119,-0.18656399074595242,,True,,,,,,,,,,,,,,,,,,,,,,,,,,,,,,,,,,,,,,,,,,,,,clamped_raw_observation,28.82772509869119,-0.18656399074595242,1.0176805104315478,0.9243667721748352,0.8605174831116965,0.000952861737459898,1.1092150554152753,,False,1.4400637108960488,False
74,000074.jpg,,,,29.014289089437142,28.83136297901177,-0.18292611042537033,,True,,,,,,,,,,,,,,,,,,,,,,,,,,,,,,,,,,,,,,,,,,,,,prediction,29.014289089437142,0.0,0.9626617136980453,0.8413648009300232,0.8724922920978164,0.0006934833848693719,0.8783956832762542,,False,1.3097683424192925,True
74,000074.jpg,,,,29.014289089437142,28.83136297901177,-0.18292611042537033,,True,,,,,,,,,,,,,,,,,,,,,,,,,,,,,,,,,,,,,,,,,,,,,grid,26.014289089437142,-3.0,1.3936528439105629,1.2180503606796265,0.7578029311145837,0.004588189302012324,5.811596593191736,-3.0,False,3.178749061093913,False
74,000074.jpg,,,,29.014289089437142,28.83136297901177,-0.18292611042537033,,True,,,,,,,,,,,,,,,,,,,,,,,,,,,,,,,,,,,,,,,,,,,,,grid,27.014289089437142,-2.0,1.325066049432391,1.1581056118011475,0.775203784263209,0.003378003758067886,4.278723879933644,-2.0,False,2.6795432351525927,False
74,000074.jpg,,,,29.014289089437142,28.83136297901177,-0.18292611042537033,,True,,,,,,,,,,,,,,,,,,,,,,,,,,,,,,,,,,,,,,,,,,,,,grid,28.014289089437142,-1.0,1.1952846774864525,1.0446768999099731,0.8095197871351945,0.002108413629078617,2.6706067812891217,-1.0,False,2.0834165856735383,False
74,000074.jpg,,,,29.014289089437142,28.83136297901177,-0.18292611042537033,,True,,,,,,,,,,,,,,,,,,,,,,,,,,,,,,,,,,,,,,,,,,,,,grid,28.514289089437142,-0.5,1.1219970183983643,0.9806236028671265,0.8380707015246864,0.0013729073107242584,1.7389830550962078,-0.5,False,1.7336720806477297,False
74,000074.jpg,,,,29.014289089437142,28.83136297901177,-0.18292611042537033,,True,,,,,,,,,,,,,,,,,,,,,,,,,,,,,,,,,,,,,,,,,,,,,grid,29.514289089437142,0.5,1.0156517036457104,0.8876779675483704,0.863263927017781,0.0008618648862466216,1.0916748867588453,0.5,False,1.4403064983176408,False
74,000074.jpg,,,,29.014289089437142,28.83136297901177,-0.18292611042537033,,True,,,,,,,,,,,,,,,,,,,,,,,,,,,,,,,,,,,,,,,,,,,,,grid,30.014289089437142,1.0,1.1698794128999963,1.0224727392196655,0.8242387126747477,0.0015339705278165638,1.942992607041157,1.0,False,1.861388851985538,False
74,000074.jpg,,,,29.014289089437142,28.83136297901177,-0.18292611042537033,,True,,,,,,,,,,,,,,,,,,,,,,,,,,,,,,,,,,,,,,,,,,,,,grid,31.014289089437142,2.0,1.2873752494329365,1.1251639127731323,0.7815812814123411,0.0028797831231107316,3.64765633799397,2.0,False,2.477708052519088,False
74,000074.jpg,,,,29.014289089437142,28.83136297901177,-0.18292611042537033,,True,,,,,,,,,,,,,,,,,,,,,,,,,,,,,,,,,,,,,,,,,,,,,grid,32.01428908943714,3.0,1.3706580937663249,1.1979529857635498,0.7661654770452337,0.004142480902373791,5.247043292010336,3.0,False,3.006253439723675,False
74,000074.jpg,,,,29.014289089437142,28.83136297901177,-0.18292611042537033,,True,,,,,,,,,,,,,,,,,,,,,,,,,,,,,,,,,,,,,,,,,,,,,clamped_raw_observation,28.83136297901177,-0.18292611042537033,1.0546761088598307,0.9217852354049683,0.8599484732018414,0.0009207490171926717,1.1662600427481657,,False,1.4917804296577917,False
75,000075.jpg,,,,29.014289089437142,28.820289420927736,-0.19399966850940586,,True,,,,,,,,,,,,,,,,,,,,,,,,,,,,,,,,,,,,,,,,,,,,,prediction,29.014289089437142,0.0,0.9694128853435834,0.8396602272987366,0.8667491143857295,0.0006912171180980901,0.8714501064757381,,False,1.3205262975767882,True
75,000075.jpg,,,,29.014289089437142,28.820289420927736,-0.19399966850940586,,True,,,,,,,,,,,,,,,,,,,,,,,,,,,,,,,,,,,,,,,,,,,,,grid,26.014289089437142,-3.0,1.4438943651378144,1.250633955001831,0.7528664556564026,0.004581145942211151,5.7756673186937295,-3.0,False,3.224944739154844,False
75,000075.jpg,,,,29.014289089437142,28.820289420927736,-0.19399966850940586,,True,,,,,,,,,,,,,,,,,,,,,,,,,,,,,,,,,,,,,,,,,,,,,grid,27.014289089437142,-2.0,1.3299150914948221,1.151910424232483,0.7818139895612803,0.0033541109102467694,4.228686230903196,-2.0,False,2.665272659659341,False
75,000075.jpg,,,,29.014289089437142,28.820289420927736,-0.19399966850940586,,True,,,,,,,,,,,,,,,,,,,,,,,,,,,,,,,,,,,,,,,,,,,,,grid,28.014289089437142,-1.0,1.2497337878265924,1.0824611186981201,0.8004276102039533,0.0020453565133114657,2.578677675417724,-1.0,False,2.12397559647707,False
75,000075.jpg,,,,29.014289089437142,28.820289420927736,-0.19399966850940586,,True,,,,,,,,,,,,,,,,,,,,,,,,,,,,,,,,,,,,,,,,,,,,,grid,28.514289089437142,-0.5,1.124573878161876,0.9740534424781799,0.8391640639738404,0.0013268297673979153,1.6727970297604915,-0.5,False,1.7186090716281586,False
75,000075.jpg,,,,29.014289089437142,28.820289420927736,-0.19399966850940586,,True,,,,,,,,,,,,,,,,,,,,,,,,,,,,,,,,,,,,,,,,,,,,,grid,29.514289089437142,0.5,0.9988979222031481,0.8651987910270691,0.8740855639633597,0.0008323461418816199,1.0493781403493452,0.5,False,1.4021568933271247,False
75,000075.jpg,,,,29.014289089437142,28.820289420927736,-0.19399966850940586,,True,,,,,,,,,,,,,,,,,,,,,,,,,,,,,,,,,,,,,,,,,,,,,grid,30.014289089437142,1.0,1.1660141365992913,1.0099470615386963,0.8274886285031546,0.0015453735056022804,1.9483254548258748,1.0,False,1.8556068718026053,False
75,000075.jpg,,,,29.014289089437142,28.820289420927736,-0.19399966850940586,,True,,,,,,,,,,,,,,,,,,,,,,,,,,,,,,,,,,,,,,,,,,,,,grid,31.014289089437142,2.0,1.2878416630412448,1.1154683828353882,0.7876412266543694,0.002894800117549797,3.64961139505049,2.0,False,2.472603285149498,False
75,000075.jpg,,,,29.014289089437142,28.820289420927736,-0.19399966850940586,,True,,,,,,,,,,,,,,,,,,,,,,,,,,,,,,,,,,,,,,,,,,,,,grid,32.01428908943714,3.0,1.381705247073937,1.1967686414718628,0.7615653887270212,0.004102132632397115,5.171752587835604,3.0,False,3.0030780053058166,False
75,000075.jpg,,,,29.014289089437142,28.820289420927736,-0.19399966850940586,,True,,,,,,,,,,,,,,,,,,,,,,,,,,,,,,,,,,,,,,,,,,,,,clamped_raw_observation,28.820289420927736,-0.19399966850940586,1.0641491168031803,0.9217163324356079,0.8621585930785839,0.0008869587909430265,1.118230889497741,,False,1.487368236154314,False
76,000076.jpg,,,,29.014289089437142,28.84223442767714,-0.17205466176000073,,True,,,,,,,,,,,,,,,,,,,,,,,,,,,,,,,,,,,,,,,,,,,,,prediction,29.014289089437142,0.0,0.9584073086014794,0.8721634149551392,0.8696064585485129,0.0007854899449739605,0.9181275151921447,,False,1.3183327288510027,True
76,000076.jpg,,,,29.014289089437142,28.84223442767714,-0.17205466176000073,,True,,,,,,,,,,,,,,,,,,,,,,,,,,,,,,,,,,,,,,,,,,,,,grid,26.014289089437142,-3.0,1.3295539738359088,1.209911823272705,0.7589637655192766,0.00454963914429148,5.317889693301837,-3.0,False,2.9900626316420915,False
76,000076.jpg,,,,29.014289089437142,28.84223442767714,-0.17205466176000073,,True,,,,,,,,,,,,,,,,,,,,,,,,,,,,,,,,,,,,,,,,,,,,,grid,27.014289089437142,-2.0,1.2855422862566146,1.169860601425171,0.7740561961172825,0.0033990568093334637,3.973020408878344,-2.0,False,2.5647411923589183,False
76,000076.jpg,,,,29.014289089437142,28.84223442767714,-0.17205466176000073,,True,,,,,,,,,,,,,,,,,,,,,,,,,,,,,,,,,,,,,,,,,,,,,grid,28.014289089437142,-1.0,1.1750632225729312,1.069323182106018,0.8038194810396071,0.0020922040178750954,2.4454928907719653,-1.0,False,2.012616964226315,False
76,000076.jpg,,,,29.014289089437142,28.84223442767714,-0.17205466176000073,,True,,,,,,,,,,,,,,,,,,,,,,,,,,,,,,,,,,,,,,,,,,,,,grid,28.514289089437142,-0.5,1.0839595768525148,0.9864176511764526,0.8387049176872325,0.001403502799803391,1.640497814636473,-0.5,False,1.6703791128244003,False
76,000076.jpg,,,,29.014289089437142,28.84223442767714,-0.17205466176000073,,True,,,,,,,,,,,,,,,,,,,,,,,,,,,,,,,,,,,,,,,,,,,,,grid,29.514289089437142,0.5,1.0142765444745665,0.9230051636695862,0.8574861406800025,0.0008748618323200693,1.022590709638046,0.5,False,1.4274380812040754,False
76,000076.jpg,,,,29.014289089437142,28.84223442767714,-0.17205466176000073,,True,,,,,,,,,,,,,,,,,,,,,,,,,,,,,,,,,,,,,,,,,,,,,grid,30.014289089437142,1.0,1.1088480162751049,1.0090664625167847,0.8267321515145127,0.0015635006323767204,1.8275128278732744,1.0,False,1.7689940717289108,False
76,000076.jpg,,,,29.014289089437142,28.84223442767714,-0.17205466176000073,,True,,,,,,,,,,,,,,,,,,,,,,,,,,,,,,,,,,,,,,,,,,,,,grid,31.014289089437142,2.0,1.2491579165927078,1.136750340461731,0.7804430766636453,0.0028764492793319127,3.362165545603252,2.0,False,2.3692562263298758,False
76,000076.jpg,,,,29.014289089437142,28.84223442767714,-0.17205466176000073,,True,,,,,,,,,,,,,,,,,,,,,,,,,,,,,,,,,,,,,,,,,,,,,grid,32.01428908943714,3.0,1.336722277204701,1.2164350748062134,0.7610927257013975,0.004141218417013685,4.840503178187426,3.0,False,2.87575534605016,False
76,000076.jpg,,,,29.014289089437142,28.84223442767714,-0.17205466176000073,,True,,,,,,,,,,,,,,,,,,,,,,,,,,,,,,,,,,,,,,,,,,,,,clamped_raw_observation,28.84223442767714,-0.17205466176000073,1.0232917788058156,0.931209146976471,0.8548512889694568,0.0009625138676104447,1.1250436383834983,,False,1.4548630392850332,False
77,000077.jpg,,,,29.014289089437142,28.81997265926441,-0.1943164301727336,,True,,,,,,,,,,,,,,,,,,,,,,,,,,,,,,,,,,,,,,,,,,,,,prediction,29.014289089437142,0.0,0.903845954915038,0.8645229935646057,0.8656851785450633,0.0007479173170092205,0.732398890599182,,False,1.2212604990197702,True
77,000077.jpg,,,,29.014289089437142,28.81997265926441,-0.1943164301727336,,True,,,,,,,,,,,,,,,,,,,,,,,,,,,,,,,,,,,,,,,,,,,,,grid,26.014289089437142,-3.0,1.3032745317561794,1.2465739250183105,0.7595283794899917,0.004612567136064172,4.516861658955274,-3.0,False,2.7629615670050063,False
77,000077.jpg,,,,29.014289089437142,28.81997265926441,-0.1943164301727336,,True,,,,,,,,,,,,,,,,,,,,,,,,,,,,,,,,,,,,,,,,,,,,,grid,27.014289089437142,-2.0,1.2041812386904664,1.1517918109893799,0.7752420324397292,0.0033806731225922704,3.3105280331870244,-2.0,False,2.3165712145474933,False
77,000077.jpg,,,,29.014289089437142,28.81997265926441,-0.1943164301727336,,True,,,,,,,,,,,,,,,,,,,,,,,,,,,,,,,,,,,,,,,,,,,,,grid,28.014289089437142,-1.0,1.1030535849577705,1.0550638437271118,0.8082723418615932,0.0020878857855374613,2.044564550450951,-1.0,False,1.8359223807089151,False
77,000077.jpg,,,,29.014289089437142,28.81997265926441,-0.1943164301727336,,True,,,,,,,,,,,,,,,,,,,,,,,,,,,,,,,,,,,,,,,,,,,,,grid,28.514289089437142,-0.5,1.0130160820803398,0.9689435362815857,0.8407120710383666,0.001411558361724019,1.3822701448827732,-0.5,False,1.5328715472626664,False
77,000077.jpg,,,,29.014289089437142,28.81997265926441,-0.1943164301727336,,True,,,,,,,,,,,,,,,,,,,,,,,,,,,,,,,,,,,,,,,,,,,,,grid,29.514289089437142,0.5,0.917823507029406,0.8778924345970154,0.8696505030478159,0.0008701108066209903,0.8520570054667101,0.5,False,1.2761872553482674,False
77,000077.jpg,,,,29.014289089437142,28.81997265926441,-0.1943164301727336,,True,,,,,,,,,,,,,,,,,,,,,,,,,,,,,,,,,,,,,,,,,,,,,grid,30.014289089437142,1.0,1.0621026512743388,1.0158945322036743,0.8215603973761363,0.0015338494364793103,1.5020238201140326,1.0,False,1.6460482089267108,False
77,000077.jpg,,,,29.014289089437142,28.81997265926441,-0.1943164301727336,,True,,,,,,,,,,,,,,,,,,,,,,,,,,,,,,,,,,,,,,,,,,,,,grid,31.014289089437142,2.0,1.1952758164581185,1.1432738304138184,0.7799455822488452,0.002890536872049173,2.830561547619233,2.0,False,2.1829706211140816,False
77,000077.jpg,,,,29.014289089437142,28.81997265926441,-0.1943164301727336,,True,,,,,,,,,,,,,,,,,,,,,,,,,,,,,,,,,,,,,,,,,,,,,grid,32.01428908943714,3.0,1.2686177402282328,1.2134249210357666,0.7606040792221215,0.004118445484588544,4.032992464952745,3.0,False,2.6062617772442973,False
77,000077.jpg,,,,29.014289089437142,28.81997265926441,-0.1943164301727336,,True,,,,,,,,,,,,,,,,,,,,,,,,,,,,,,,,,,,,,,,,,,,,,clamped_raw_observation,28.81997265926441,-0.1943164301727336,0.9610346960504638,0.9192236661911011,0.8601590348231423,0.0009720138526366403,0.95184568016806,,False,1.3446665741745187,False
78,000078.jpg,,,,29.014289089437142,28.825471833673134,-0.18881725576400754,,True,,,,,,,,,,,,,,,,,,,,,,,,,,,,,,,,,,,,,,,,,,,,,prediction,29.014289089437142,0.0,0.9142320703251585,0.8483527898788452,0.8658204895738894,0.0006787728246611854,0.7609855774271512,,False,1.2386579751080569,True
78,000078.jpg,,,,29.014289089437142,28.825471833673134,-0.18881725576400754,,True,,,,,,,,,,,,,,,,,,,,,,,,,,,,,,,,,,,,,,,,,,,,,grid,26.014289089437142,-3.0,1.3074388876595353,1.213225245475769,0.7606949334795168,0.004593797881777088,5.150197248089188,-3.0,False,2.9242932662023153,False
78,000078.jpg,,,,29.014289089437142,28.825471833673134,-0.18881725576400754,,True,,,,,,,,,,,,,,,,,,,,,,,,,,,,,,,,,,,,,,,,,,,,,grid,27.014289089437142,-2.0,1.245588538985262,1.1558318138122559,0.7766345484829956,0.0034206523948038616,3.8349607457203745,-2.0,False,2.48769417693236,False
78,000078.jpg,,,,29.014289089437142,28.825471833673134,-0.18881725576400754,,True,,,,,,,,,,,,,,,,,,,,,,,,,,,,,,,,,,,,,,,,,,,,,grid,28.014289089437142,-1.0,1.1472375034966988,1.0645679235458374,0.8055830820805836,0.00205442311319833,2.3032541997498104,-1.0,False,1.9474679713535679,False
78,000078.jpg,,,,29.014289089437142,28.825471833673134,-0.18881725576400754,,True,,,,,,,,,,,,,,,,,,,,,,,,,,,,,,,,,,,,,,,,,,,,,grid,28.514289089437142,-0.5,1.0633828903753182,0.9867558479309082,0.8365135254801914,0.0013899645806911092,1.558316657076677,-0.5,False,1.631448529164296,False
78,000078.jpg,,,,29.014289089437142,28.825471833673134,-0.18881725576400754,,True,,,,,,,,,,,,,,,,,,,,,,,,,,,,,,,,,,,,,,,,,,,,,grid,29.514289089437142,0.5,0.9682376733937105,0.8984667658805847,0.8666216871534294,0.0008321373315993696,0.9329255456005092,0.5,False,1.3498473726404085,False
78,000078.jpg,,,,29.014289089437142,28.825471833673134,-0.18881725576400754,,True,,,,,,,,,,,,,,,,,,,,,,,,,,,,,,,,,,,,,,,,,,,,,grid,30.014289089437142,1.0,1.0883697626998017,1.0099421739578247,0.8303569546058319,0.0015066933313695092,1.6891835576213357,1.0,False,1.7103086974993038,False
78,000078.jpg,,,,29.014289089437142,28.825471833673134,-0.18881725576400754,,True,,,,,,,,,,,,,,,,,,,,,,,,,,,,,,,,,,,,,,,,,,,,,grid,31.014289089437142,2.0,1.253175131059968,1.1628717184066772,0.7757068460224757,0.0028756295990509293,3.2239249589768004,2.0,False,2.3434495247816924,False
78,000078.jpg,,,,29.014289089437142,28.825471833673134,-0.18881725576400754,,True,,,,,,,,,,,,,,,,,,,,,,,,,,,,,,,,,,,,,,,,,,,,,grid,32.01428908943714,3.0,1.2945326242408028,1.2012490034103394,0.7629720213371566,0.00409856877134492,4.594986142298275,3.0,False,2.770307138478215,False
78,000078.jpg,,,,29.014289089437142,28.825471833673134,-0.18881725576400754,,True,,,,,,,,,,,,,,,,,,,,,,,,,,,,,,,,,,,,,,,,,,,,,clamped_raw_observation,28.825471833673134,-0.18881725576400754,0.9854367107938559,0.9144264459609985,0.8630373821923296,0.0009178177764018377,1.0289835791476938,,False,1.3853097410613697,False
79,000079.jpg,,,,29.014289089437142,28.822125334542136,-0.19216375489500592,,True,,,,,,,,,,,,,,,,,,,,,,,,,,,,,,,,,,,,,,,,,,,,,prediction,29.014289089437142,0.0,0.9306601315375393,0.8362149596214294,0.8686025484671349,0.0006799580490527054,0.8818920077992527,,False,1.2825305850202176,True
79,000079.jpg,,,,29.014289089437142,28.822125334542136,-0.19216375489500592,,True,,,,,,,,,,,,,,,,,,,,,,,,,,,,,,,,,,,,,,,,,,,,,grid,26.014289089437142,-3.0,1.3501371045077584,1.2131226062774658,0.7669792674208336,0.004565141784648101,5.920897708263638,-3.0,False,3.1533822641528344,False
79,000079.jpg,,,,29.014289089437142,28.822125334542136,-0.19216375489500592,,True,,,,,,,,,,,,,,,,,,,,,,,,,,,,,,,,,,,,,,,,,,,,,grid,27.014289089437142,-2.0,1.2606710399298637,1.1327357292175293,0.7822658648387233,0.003346503401796023,4.34034806739697,-2.0,False,2.623492191940383,False
79,000079.jpg,,,,29.014289089437142,28.822125334542136,-0.19216375489500592,,True,,,,,,,,,,,,,,,,,,,,,,,,,,,,,,,,,,,,,,,,,,,,,grid,28.014289089437142,-1.0,1.18578655850438,1.065450668334961,0.805479624879095,0.002065311884507537,2.67866826063387,-1.0,False,2.0799739987837524,False
79,000079.jpg,,,,29.014289089437142,28.822125334542136,-0.19216375489500592,,True,,,,,,,,,,,,,,,,,,,,,,,,,,,,,,,,,,,,,,,,,,,,,grid,28.514289089437142,-0.5,1.0945631707626429,0.9834848046302795,0.8370621136296732,0.0013536316885923345,1.755633261987984,-0.5,False,1.7114093726299655,False
79,000079.jpg,,,,29.014289089437142,28.822125334542136,-0.19216375489500592,,True,,,,,,,,,,,,,,,,,,,,,,,,,,,,,,,,,,,,,,,,,,,,,grid,29.514289089437142,0.5,0.9987021242044251,0.8973519206047058,0.8667101223768872,0.0008349266621128967,1.0828832035177467,0.5,False,1.4177128027069745,False
79,000079.jpg,,,,29.014289089437142,28.822125334542136,-0.19216375489500592,,True,,,,,,,,,,,,,,,,,,,,,,,,,,,,,,,,,,,,,,,,,,,,,grid,30.014289089437142,1.0,1.1182187399334194,1.004739761352539,0.826864039698894,0.001552922612366577,2.0141096093866033,1.0,False,1.8248821025811763,False
79,000079.jpg,,,,29.014289089437142,28.822125334542136,-0.19216375489500592,,True,,,,,,,,,,,,,,,,,,,,,,,,,,,,,,,,,,,,,,,,,,,,,grid,31.014289089437142,2.0,1.2709540106849706,1.1419751644134521,0.7800580344001009,0.0029173133661970496,3.7836971640815027,2.0,False,2.4968202673052455,False
79,000079.jpg,,,,29.014289089437142,28.822125334542136,-0.19216375489500592,,True,,,,,,,,,,,,,,,,,,,,,,,,,,,,,,,,,,,,,,,,,,,,,grid,32.01428908943714,3.0,1.3395459338576226,1.2036062479019165,0.7653391648092855,0.00418576489513119,5.428853460423915,3.0,False,3.0214201341543157,False
79,000079.jpg,,,,29.014289089437142,28.822125334542136,-0.19216375489500592,,True,,,,,,,,,,,,,,,,,,,,,,,,,,,,,,,,,,,,,,,,,,,,,clamped_raw_observation,28.822125334542136,-0.19216375489500592,1.0201646050132434,0.9166363477706909,0.8634299171537911,0.0009226306671431909,1.1966335461983826,,False,1.4616579870558981,False
80,000080.jpg,,,,29.014289089437142,28.827684069326835,-0.18660502011030644,,True,,,,,,,,,,,,,,,,,,,,,,,,,,,,,,,,,,,,,,,,,,,,,prediction,29.014289089437142,0.0,0.9278218096069071,0.8755619525909424,0.8665330326568111,0.0007975768530741334,0.8288192100054155,,False,1.2684935794514498,True
80,000080.jpg,,,,29.014289089437142,28.827684069326835,-0.18660502011030644,,True,,,,,,,,,,,,,,,,,,,,,,,,,,,,,,,,,,,,,,,,,,,,,grid,26.014289089437142,-3.0,1.2796604698995733,1.2075831890106201,0.7653052701912637,0.004567810411875446,4.746738828280949,-3.0,False,2.791039906778547,False
80,000080.jpg,,,,29.014289089437142,28.827684069326835,-0.18660502011030644,,True,,,,,,,,,,,,,,,,,,,,,,,,,,,,,,,,,,,,,,,,,,,,,grid,27.014289089437142,-2.0,1.2226067401479792,1.153743028640747,0.7741167627161113,0.003396041148031751,3.5290694941919765,-2.0,False,2.390757350979862,False
80,000080.jpg,,,,29.014289089437142,28.827684069326835,-0.18660502011030644,,True,,,,,,,,,,,,,,,,,,,,,,,,,,,,,,,,,,,,,,,,,,,,,grid,28.014289089437142,-1.0,1.1153491036072358,1.0525267124176025,0.8080055124029065,0.002131257982303699,2.214742755387488,-1.0,False,1.8910292800512014,False
80,000080.jpg,,,,29.014289089437142,28.827684069326835,-0.18660502011030644,,True,,,,,,,,,,,,,,,,,,,,,,,,,,,,,,,,,,,,,,,,,,,,,grid,28.514289089437142,-0.5,1.0684988612472504,1.0083153247833252,0.8290946295832289,0.0014089718364023913,1.4641635095926813,-0.5,False,1.6204451090621916,False
80,000080.jpg,,,,29.014289089437142,28.827684069326835,-0.18660502011030644,,True,,,,,,,,,,,,,,,,,,,,,,,,,,,,,,,,,,,,,,,,,,,,,grid,29.514289089437142,0.5,0.9533842160240936,0.8996845483779907,0.8637559508895014,0.0008951679434782515,0.9302330990125355,0.5,False,1.337186539887726,False
80,000080.jpg,,,,29.014289089437142,28.827684069326835,-0.18660502011030644,,True,,,,,,,,,,,,,,,,,,,,,,,,,,,,,,,,,,,,,,,,,,,,,grid,30.014289089437142,1.0,1.0798203209982875,1.0189990997314453,0.8200116929758624,0.0015615253165985148,1.6226927528278476,1.0,False,1.6954818162293872,False
80,000080.jpg,,,,29.014289089437142,28.827684069326835,-0.18660502011030644,,True,,,,,,,,,,,,,,,,,,,,,,,,,,,,,,,,,,,,,,,,,,,,,grid,31.014289089437142,2.0,1.1987974659798484,1.1312748193740845,0.7838052284306356,0.0028723898188521466,2.98490590757823,2.0,False,2.2212187144437703,False
80,000080.jpg,,,,29.014289089437142,28.827684069326835,-0.18660502011030644,,True,,,,,,,,,,,,,,,,,,,,,,,,,,,,,,,,,,,,,,,,,,,,,grid,32.01428908943714,3.0,1.2756769512123178,1.2038240432739258,0.7654514323895432,0.004181728349067271,4.345533315532461,3.0,False,2.68660884770589,False
80,000080.jpg,,,,29.014289089437142,28.827684069326835,-0.18660502011030644,,True,,,,,,,,,,,,,,,,,,,,,,,,,,,,,,,,,,,,,,,,,,,,,clamped_raw_observation,28.827684069326835,-0.18660502011030644,0.9849553133183858,0.9294773936271667,0.8562181575210891,0.0009903047951714445,1.0290966128655705,,False,1.3916094596169986,False
81,000081.jpg,,,,29.014289089437142,28.840497410776834,-0.17379167866030798,,True,,,,,,,,,,,,,,,,,,,,,,,,,,,,,,,,,,,,,,,,,,,,,prediction,29.014289089437142,0.0,0.9559885374222287,0.8865219950675964,0.8656801606595498,0.0008394431497436017,0.8837849819367183,,False,1.3112546222468584,True
81,000081.jpg,,,,29.014289089437142,28.840497410776834,-0.17379167866030798,,True,,,,,,,,,,,,,,,,,,,,,,,,,,,,,,,,,,,,,,,,,,,,,grid,26.014289089437142,-3.0,1.299109673118309,1.2047103643417358,0.7643166684282845,0.004636166462053855,4.881062278217866,-3.0,False,2.845058574244491,False
81,000081.jpg,,,,29.014289089437142,28.840497410776834,-0.17379167866030798,,True,,,,,,,,,,,,,,,,,,,,,,,,,,,,,,,,,,,,,,,,,,,,,grid,27.014289089437142,-2.0,1.236323367381608,1.1464864015579224,0.7794524891660501,0.0034511551105727753,3.633455175600617,-2.0,False,2.425234672115712,False
81,000081.jpg,,,,29.014289089437142,28.840497410776834,-0.17379167866030798,,True,,,,,,,,,,,,,,,,,,,,,,,,,,,,,,,,,,,,,,,,,,,,,grid,28.014289089437142,-1.0,1.1484755278052483,1.0650219917297363,0.802874960363598,0.0021482419688254595,2.2617183667458716,-1.0,False,1.941030159128118,False
81,000081.jpg,,,,29.014289089437142,28.840497410776834,-0.17379167866030798,,True,,,,,,,,,,,,,,,,,,,,,,,,,,,,,,,,,,,,,,,,,,,,,grid,28.514289089437142,-0.5,1.0747189921446736,0.9966249465942383,0.8327872317936793,0.0014062128611840308,1.4804931203504437,-0.5,False,1.627055040438605,False
81,000081.jpg,,,,29.014289089437142,28.840497410776834,-0.17379167866030798,,True,,,,,,,,,,,,,,,,,,,,,,,,,,,,,,,,,,,,,,,,,,,,,grid,29.514289089437142,0.5,0.9455327017311748,0.8768259286880493,0.8695275340873058,0.000901934215410923,0.9495770077086467,0.5,False,1.3283994195710305,False
81,000081.jpg,,,,29.014289089437142,28.840497410776834,-0.17379167866030798,,True,,,,,,,,,,,,,,,,,,,,,,,,,,,,,,,,,,,,,,,,,,,,,grid,30.014289089437142,1.0,1.0601375900125631,0.9831030964851379,0.8324912799915443,0.001559864031150937,1.6422605926506642,1.0,False,1.6682114581836849,False
81,000081.jpg,,,,29.014289089437142,28.840497410776834,-0.17379167866030798,,True,,,,,,,,,,,,,,,,,,,,,,,,,,,,,,,,,,,,,,,,,,,,,grid,31.014289089437142,2.0,1.2161137094708057,1.127745270729065,0.7843356939012789,0.0028987418627366424,3.051861851014455,2.0,False,2.2547434783231406,False
81,000081.jpg,,,,29.014289089437142,28.840497410776834,-0.17379167866030798,,True,,,,,,,,,,,,,,,,,,,,,,,,,,,,,,,,,,,,,,,,,,,,,grid,32.01428908943714,3.0,1.3006293953775607,1.2061196565628052,0.7628157700031709,0.004183086256186168,4.4040490562016235,3.0,False,2.7288258894247956,False
81,000081.jpg,,,,29.014289089437142,28.840497410776834,-0.17379167866030798,,True,,,,,,,,,,,,,,,,,,,,,,,,,,,,,,,,,,,,,,,,,,,,,clamped_raw_observation,28.840497410776834,-0.17379167866030798,0.9831597753608312,0.9117188453674316,0.8625726667371314,0.0009828635569040973,1.0347812727402237,,False,1.384496177168565,False
82,000082.jpg,,,,29.014289089437142,28.826453962860057,-0.18783512657708457,,True,,,,,,,,,,,,,,,,,,,,,,,,,,,,,,,,,,,,,,,,,,,,,prediction,29.014289089437142,0.0,0.9107958465421327,0.8578518033027649,0.8670436996535749,0.0007469904376193881,0.8086212366843357,,False,1.2459074560596417,True
82,000082.jpg,,,,29.014289089437142,28.826453962860057,-0.18783512657708457,,True,,,,,,,,,,,,,,,,,,,,,,,,,,,,,,,,,,,,,,,,,,,,,grid,26.014289089437142,-3.0,1.2995761413484879,1.2240325212478638,0.7608414374556534,0.004575727352251609,4.953249899824424,-3.0,False,2.8670471788489404,False
82,000082.jpg,,,,29.014289089437142,28.826453962860057,-0.18783512657708457,,True,,,,,,,,,,,,,,,,,,,,,,,,,,,,,,,,,,,,,,,,,,,,,grid,27.014289089437142,-2.0,1.241774346306023,1.169590711593628,0.7728202345673859,0.0033640819989765682,3.6416371740838738,-2.0,False,2.4393634052596056,False
82,000082.jpg,,,,29.014289089437142,28.826453962860057,-0.18783512657708457,,True,,,,,,,,,,,,,,,,,,,,,,,,,,,,,,,,,,,,,,,,,,,,,grid,28.014289089437142,-1.0,1.1352850651621451,1.069291591644287,0.8062523477607579,0.002077875930505494,2.249312066104496,-1.0,False,1.9213607339275112,False
82,000082.jpg,,,,29.014289089437142,28.826453962860057,-0.18783512657708457,,True,,,,,,,,,,,,,,,,,,,,,,,,,,,,,,,,,,,,,,,,,,,,,grid,28.514289089437142,-0.5,1.0573618497850203,0.9958980083465576,0.8347385116240243,0.0013704488713604708,1.4835184031322242,-0.5,False,1.6085029389440522,False
82,000082.jpg,,,,29.014289089437142,28.826453962860057,-0.18783512657708457,,True,,,,,,,,,,,,,,,,,,,,,,,,,,,,,,,,,,,,,,,,,,,,,grid,29.514289089437142,0.5,0.9370032184602852,0.8825357556343079,0.8688593013063984,0.0008782029811603328,0.9506595331379208,0.5,False,1.320808800438367,False
82,000082.jpg,,,,29.014289089437142,28.826453962860057,-0.18783512657708457,,True,,,,,,,,,,,,,,,,,,,,,,,,,,,,,,,,,,,,,,,,,,,,,grid,30.014289089437142,1.0,1.0509060708015698,0.9898175001144409,0.8317959848073793,0.0015584412418926756,1.6870211730357219,1.0,False,1.6708653792531212,False
82,000082.jpg,,,,29.014289089437142,28.826453962860057,-0.18783512657708457,,True,,,,,,,,,,,,,,,,,,,,,,,,,,,,,,,,,,,,,,,,,,,,,grid,31.014289089437142,2.0,1.2071428327335978,1.1369723081588745,0.7792896197671021,0.002937585270653168,3.1799521316383723,2.0,False,2.282841245876089,False
82,000082.jpg,,,,29.014289089437142,28.826453962860057,-0.18783512657708457,,True,,,,,,,,,,,,,,,,,,,,,,,,,,,,,,,,,,,,,,,,,,,,,grid,32.01428908943714,3.0,1.2732940951777771,1.1992782354354858,0.7652865311573939,0.004185984066377084,4.531350659965808,3.0,False,2.7308452290118352,False
82,000082.jpg,,,,29.014289089437142,28.826453962860057,-0.18783512657708457,,True,,,,,,,,,,,,,,,,,,,,,,,,,,,,,,,,,,,,,,,,,,,,,clamped_raw_observation,28.826453962860057,-0.18783512657708457,0.9829659803090325,0.9258267283439636,0.8572770149004549,0.00093392866741245,1.0109828934688465,,False,1.3840697425731017,False
83,000083.jpg,,,,29.014289089437142,28.83864738138223,-0.1756417080549113,,True,,,,,,,,,,,,,,,,,,,,,,,,,,,,,,,,,,,,,,,,,,,,,prediction,29.014289089437142,0.0,0.94090934801781,0.8814347386360168,0.8613462228507504,0.000724471795062224,0.7272479314043726,,False,1.2613751080181528,True
83,000083.jpg,,,,29.014289089437142,28.83864738138223,-0.1756417080549113,,True,,,,,,,,,,,,,,,,,,,,,,,,,,,,,,,,,,,,,,,,,,,,,grid,26.014289089437142,-3.0,1.2980945849242334,1.216042399406433,0.7608333157439264,0.004616960029428204,4.63465196804514,-3.0,False,2.7859242611915915,False
83,000083.jpg,,,,29.014289089437142,28.83864738138223,-0.1756417080549113,,True,,,,,,,,,,,,,,,,,,,,,,,,,,,,,,,,,,,,,,,,,,,,,grid,27.014289089437142,-2.0,1.241050032471761,1.1626036167144775,0.7732444012917661,0.0034285718575119972,3.441709957573559,-2.0,False,2.3882331205733847,False
83,000083.jpg,,,,29.014289089437142,28.83864738138223,-0.1756417080549113,,True,,,,,,,,,,,,,,,,,,,,,,,,,,,,,,,,,,,,,,,,,,,,,grid,28.014289089437142,-1.0,1.1335339220943692,1.061883568763733,0.8081558562171518,0.0021119844362450144,2.1200774452309727,-1.0,False,1.8853974271849607,False
83,000083.jpg,,,,29.014289089437142,28.83864738138223,-0.1756417080549113,,True,,,,,,,,,,,,,,,,,,,,,,,,,,,,,,,,,,,,,,,,,,,,,grid,28.514289089437142,-0.5,1.049315974254955,0.9829890131950378,0.8373894505772843,0.001409773074556142,1.415175247964593,-0.5,False,1.5807203356688186,False
83,000083.jpg,,,,29.014289089437142,28.83864738138223,-0.1756417080549113,,True,,,,,,,,,,,,,,,,,,,,,,,,,,,,,,,,,,,,,,,,,,,,,grid,29.514289089437142,0.5,0.9820532676861025,0.9199779629707336,0.8578213056968571,0.0008787087475260099,0.8820759114443254,0.5,False,1.3597509398503267,False
83,000083.jpg,,,,29.014289089437142,28.83864738138223,-0.1756417080549113,,True,,,,,,,,,,,,,,,,,,,,,,,,,,,,,,,,,,,,,,,,,,,,,grid,30.014289089437142,1.0,1.071611383867118,1.0038751363754272,0.8268146991156046,0.0015362440414416294,1.5421308446863147,1.0,False,1.660329395923092,False
83,000083.jpg,,,,29.014289089437142,28.83864738138223,-0.1756417080549113,,True,,,,,,,,,,,,,,,,,,,,,,,,,,,,,,,,,,,,,,,,,,,,,grid,31.014289089437142,2.0,1.2098105884982586,1.1333388090133667,0.7824893935876058,0.0029366243009765944,2.9478772848756813,2.0,False,2.224290516129573,False
83,000083.jpg,,,,29.014289089437142,28.83864738138223,-0.1756417080549113,,True,,,,,,,,,,,,,,,,,,,,,,,,,,,,,,,,,,,,,,,,,,,,,grid,32.01428908943714,3.0,1.2728491347406614,1.1923927068710327,0.764970344259873,0.004146953113377094,4.162844011167316,3.0,False,2.638589793272617,False
83,000083.jpg,,,,29.014289089437142,28.83864738138223,-0.1756417080549113,,True,,,,,,,,,,,,,,,,,,,,,,,,,,,,,,,,,,,,,,,,,,,,,clamped_raw_observation,28.83864738138223,-0.1756417080549113,0.9849651323847011,0.9227057695388794,0.8601220001266437,0.0009733365635232379,0.9770663360631154,,False,1.3743789675154834,False
84,000084.jpg,,,,29.014289089437142,28.83680476521897,-0.1774843242181703,,True,,,,,,,,,,,,,,,,,,,,,,,,,,,,,,,,,,,,,,,,,,,,,prediction,29.014289089437142,0.0,0.8797481632831908,0.8580436706542969,0.8683779699437495,0.0007115566598561903,0.6702868720117718,,False,1.1789419113423842,True
84,000084.jpg,,,,29.014289089437142,28.83680476521897,-0.1774843242181703,,True,,,,,,,,,,,,,,,,,,,,,,,,,,,,,,,,,,,,,,,,,,,,,grid,26.014289089437142,-3.0,1.271386011905544,1.2400193214416504,0.7548694484090337,0.004585876556423803,4.319898928440455,-3.0,False,2.686491295606624,False
84,000084.jpg,,,,29.014289089437142,28.83680476521897,-0.1774843242181703,,True,,,,,,,,,,,,,,,,,,,,,,,,,,,,,,,,,,,,,,,,,,,,,grid,27.014289089437142,-2.0,1.1757330626626008,1.1467262506484985,0.7782721853748635,0.0033946246840059757,3.197738830181395,-2.0,False,2.256895584833086,False
84,000084.jpg,,,,29.014289089437142,28.83680476521897,-0.1774843242181703,,True,,,,,,,,,,,,,,,,,,,,,,,,,,,,,,,,,,,,,,,,,,,,,grid,28.014289089437142,-1.0,1.0873654405061668,1.0605387687683105,0.8040886575434473,0.002130787509183089,2.00720332621262,-1.0,False,1.8150776145158745,False
84,000084.jpg,,,,29.014289089437142,28.83680476521897,-0.1774843242181703,,True,,,,,,,,,,,,,,,,,,,,,,,,,,,,,,,,,,,,,,,,,,,,,grid,28.514289089437142,-0.5,1.0025982532497568,0.9778628945350647,0.839581059524809,0.0014268665302855272,1.3441092710124758,-0.5,False,1.5140445114780667,False
84,000084.jpg,,,,29.014289089437142,28.83680476521897,-0.1774843242181703,,True,,,,,,,,,,,,,,,,,,,,,,,,,,,,,,,,,,,,,,,,,,,,,grid,29.514289089437142,0.5,0.9130850798381085,0.890558123588562,0.866614893795651,0.0009281679037182281,0.8743348154604474,0.5,False,1.2800538899075693,False
84,000084.jpg,,,,29.014289089437142,28.83680476521897,-0.1774843242181703,,True,,,,,,,,,,,,,,,,,,,,,,,,,,,,,,,,,,,,,,,,,,,,,grid,30.014289089437142,1.0,1.0226993318768627,0.9974680542945862,0.8272185374863571,0.0015836691794296105,1.4918174763424472,1.0,False,1.5984351634761176,False
84,000084.jpg,,,,29.014289089437142,28.83680476521897,-0.1774843242181703,,True,,,,,,,,,,,,,,,,,,,,,,,,,,,,,,,,,,,,,,,,,,,,,grid,31.014289089437142,2.0,1.1316815598515237,1.1037615537643433,0.7906347074133154,0.0029526251213004193,2.7813749325033723,2.0,False,2.0963905855640514,False
84,000084.jpg,,,,29.014289089437142,28.83680476521897,-0.1774843242181703,,True,,,,,,,,,,,,,,,,,,,,,,,,,,,,,,,,,,,,,,,,,,,,,grid,32.01428908943714,3.0,1.2297818148061934,1.1994415521621704,0.7624254890437411,0.004214163209932546,3.96974469567,3.0,False,2.549792499679952,False
84,000084.jpg,,,,29.014289089437142,28.83680476521897,-0.1774843242181703,,True,,,,,,,,,,,,,,,,,,,,,,,,,,,,,,,,,,,,,,,,,,,,,clamped_raw_observation,28.83680476521897,-0.1774843242181703,0.9465567491547091,0.9232040047645569,0.8580723700780791,0.0009732552959273258,0.9168071705039825,,False,1.3230107014291708,False
85,000085.jpg,,,,29.014289089437142,28.82268290752529,-0.19160618191185108,,True,,,,,,,,,,,,,,,,,,,,,,,,,,,,,,,,,,,,,,,,,,,,,prediction,29.014289089437142,0.0,0.9042346120260121,0.8726038932800293,0.8694562446898896,0.0008280036757544925,0.804328165407551,,False,1.2358604086880103,True
85,000085.jpg,,,,29.014289089437142,28.82268290752529,-0.19160618191185108,,True,,,,,,,,,,,,,,,,,,,,,,,,,,,,,,,,,,,,,,,,,,,,,grid,26.014289089437142,-3.0,1.2463393908144476,1.2027416229248047,0.7654630416312659,0.004617489563922088,4.485459447210449,-3.0,False,2.692241210985794,False
85,000085.jpg,,,,29.014289089437142,28.82268290752529,-0.19160618191185108,,True,,,,,,,,,,,,,,,,,,,,,,,,,,,,,,,,,,,,,,,,,,,,,grid,27.014289089437142,-2.0,1.2114811932894791,1.1691027879714966,0.7717289719626168,0.003421793303762873,3.323952309645893,-2.0,False,2.3307402987383354,False
85,000085.jpg,,,,29.014289089437142,28.82268290752529,-0.19160618191185108,,True,,,,,,,,,,,,,,,,,,,,,,,,,,,,,,,,,,,,,,,,,,,,,grid,28.014289089437142,-1.0,1.099255000111795,1.0608023405075073,0.8101954120645709,0.002124034430986891,2.0633008852061105,-1.0,False,1.834884809348752,False
85,000085.jpg,,,,29.014289089437142,28.82268290752529,-0.19160618191185108,,True,,,,,,,,,,,,,,,,,,,,,,,,,,,,,,,,,,,,,,,,,,,,,grid,28.514289089437142,-0.5,0.99360371599407,0.9588468074798584,0.848428207306712,0.0014044849085621536,1.364325790965862,-0.5,False,1.5012569564288234,False
85,000085.jpg,,,,29.014289089437142,28.82268290752529,-0.19160618191185108,,True,,,,,,,,,,,,,,,,,,,,,,,,,,,,,,,,,,,,,,,,,,,,,grid,29.514289089437142,0.5,0.9459332473478935,0.9128438830375671,0.8567757009345794,0.000901367525026823,0.8755942865859141,0.5,False,1.3230561180597926,False
85,000085.jpg,,,,29.014289089437142,28.82268290752529,-0.19160618191185108,,True,,,,,,,,,,,,,,,,,,,,,,,,,,,,,,,,,,,,,,,,,,,,,grid,30.014289089437142,1.0,1.0406874766913452,1.0042835474014282,0.8280586236193713,0.0015815334821430345,1.5363119288855656,1.0,False,1.6267068352933653,False
85,000085.jpg,,,,29.014289089437142,28.82268290752529,-0.19160618191185108,,True,,,,,,,,,,,,,,,,,,,,,,,,,,,,,,,,,,,,,,,,,,,,,grid,31.014289089437142,2.0,1.1507281688621942,1.110474944114685,0.7870220900594732,0.0029391074009860554,2.855068078794145,2.0,False,2.1374730985012573,False
85,000085.jpg,,,,29.014289089437142,28.82268290752529,-0.19160618191185108,,True,,,,,,,,,,,,,,,,,,,,,,,,,,,,,,,,,,,,,,,,,,,,,grid,32.01428908943714,3.0,1.2412847712011943,1.1978638172149658,0.7634239592183517,0.00421617622487247,4.095621054938546,3.0,False,2.5917660757174787,False
85,000085.jpg,,,,29.014289089437142,28.82268290752529,-0.19160618191185108,,True,,,,,,,,,,,,,,,,,,,,,,,,,,,,,,,,,,,,,,,,,,,,,clamped_raw_observation,28.82268290752529,-0.19160618191185108,0.9797079591544043,0.9454371333122253,0.8536533559898046,0.0009871824295260012,0.9589554439353097,,False,1.3715416496057826,False
86,000086.jpg,,,,29.014289089437142,28.83747227866357,-0.17681681077357325,,True,,,,,,,,,,,,,,,,,,,,,,,,,,,,,,,,,,,,,,,,,,,,,prediction,29.014289089437142,0.0,0.93174410401869,0.8544899225234985,0.8695441319107663,0.0007493121277851363,0.8348916802213081,,False,1.2709228921632507,True
86,000086.jpg,,,,29.014289089437142,28.83747227866357,-0.17681681077357325,,True,,,,,,,,,,,,,,,,,,,,,,,,,,,,,,,,,,,,,,,,,,,,,grid,26.014289089437142,-3.0,1.321106022699104,1.2115684747695923,0.7652975161303927,0.004631353076547384,5.160303708424071,-3.0,False,2.9358844336747287,False
86,000086.jpg,,,,29.014289089437142,28.83747227866357,-0.17681681077357325,,True,,,,,,,,,,,,,,,,,,,,,,,,,,,,,,,,,,,,,,,,,,,,,grid,27.014289089437142,-2.0,1.2503602263801008,1.146688461303711,0.7791085058828491,0.003463130444288254,3.8586574115699763,-2.0,False,2.4959160733897456,False
86,000086.jpg,,,,29.014289089437142,28.83747227866357,-0.17681681077357325,,True,,,,,,,,,,,,,,,,,,,,,,,,,,,,,,,,,,,,,,,,,,,,,grid,28.014289089437142,-1.0,1.180555795670368,1.0826717615127563,0.8006367815122507,0.00210061048467954,2.340522930315484,-1.0,False,1.9950497467369885,False
86,000086.jpg,,,,29.014289089437142,28.83747227866357,-0.17681681077357325,,True,,,,,,,,,,,,,,,,,,,,,,,,,,,,,,,,,,,,,,,,,,,,,grid,28.514289089437142,-0.5,1.0998555974792408,1.0086627006530762,0.8300510268629022,0.001405261563680445,1.5657576389688623,-0.5,False,1.676243980358554,False
86,000086.jpg,,,,29.014289089437142,28.83747227866357,-0.17681681077357325,,True,,,,,,,,,,,,,,,,,,,,,,,,,,,,,,,,,,,,,,,,,,,,,grid,29.514289089437142,0.5,0.9774278283116552,0.8963858485221863,0.8617846750727449,0.0008575943841909369,0.9555409419061751,0.5,False,1.3695283887154541,False
86,000086.jpg,,,,29.014289089437142,28.83747227866357,-0.17681681077357325,,True,,,,,,,,,,,,,,,,,,,,,,,,,,,,,,,,,,,,,,,,,,,,,grid,30.014289089437142,1.0,1.10207044539644,1.010693907737732,0.8261080420022773,0.001545790893336137,1.72233693857718,1.0,False,1.7365466380384578,False
86,000086.jpg,,,,29.014289089437142,28.83747227866357,-0.17681681077357325,,True,,,,,,,,,,,,,,,,,,,,,,,,,,,,,,,,,,,,,,,,,,,,,grid,31.014289089437142,2.0,1.2082530284688355,1.1080725193023682,0.7882806899169232,0.002900716402412703,3.232009600877955,2.0,False,2.287974738771401,False
86,000086.jpg,,,,29.014289089437142,28.83747227866357,-0.17681681077357325,,True,,,,,,,,,,,,,,,,,,,,,,,,,,,,,,,,,,,,,,,,,,,,,grid,32.01428908943714,3.0,1.3302109597470662,1.2199184894561768,0.7566946400708472,0.004173251024136941,4.6498814450339125,3.0,False,2.825986680934697,False
86,000086.jpg,,,,29.014289089437142,28.83747227866357,-0.17681681077357325,,True,,,,,,,,,,,,,,,,,,,,,,,,,,,,,,,,,,,,,,,,,,,,,clamped_raw_observation,28.83747227866357,-0.17681681077357325,1.0009023695194084,0.9179140329360962,0.8574832370429722,0.0009439692851932099,1.0517807911661823,,False,1.411668834591189,False
87,000087.jpg,,,,29.014289089437142,28.829405005347922,-0.1848840840892194,,True,,,,,,,,,,,,,,,,,,,,,,,,,,,,,,,,,,,,,,,,,,,,,prediction,29.014289089437142,0.0,0.9456722608809868,0.8329603672027588,0.8669239203778677,0.0007308928373580178,0.9064436629839087,,False,1.3053592562490963,True
87,000087.jpg,,,,29.014289089437142,28.829405005347922,-0.1848840840892194,,True,,,,,,,,,,,,,,,,,,,,,,,,,,,,,,,,,,,,,,,,,,,,,grid,26.014289089437142,-3.0,1.3782847797431639,1.2140110731124878,0.7651821862348178,0.004734013229608536,5.8710608082737314,-3.0,False,3.170867795576779,False
87,000087.jpg,,,,29.014289089437142,28.829405005347922,-0.1848840840892194,,True,,,,,,,,,,,,,,,,,,,,,,,,,,,,,,,,,,,,,,,,,,,,,grid,27.014289089437142,-2.0,1.2816688838754413,1.1289105415344238,0.7846449055330634,0.003453083491573731,4.282468631113644,-2.0,False,2.6276411361207885,False
87,000087.jpg,,,,29.014289089437142,28.829405005347922,-0.1848840840892194,,True,,,,,,,,,,,,,,,,,,,,,,,,,,,,,,,,,,,,,,,,,,,,,grid,28.014289089437142,-1.0,1.2067831904108308,1.0629502534866333,0.8084092442645074,0.002089595713187009,2.5914890605076573,-1.0,False,2.0762462112732374,False
87,000087.jpg,,,,29.014289089437142,28.829405005347922,-0.1848840840892194,,True,,,,,,,,,,,,,,,,,,,,,,,,,,,,,,,,,,,,,,,,,,,,,grid,28.514289089437142,-0.5,1.1210665014435035,0.9874498844146729,0.8335231106612686,0.0013868445142482717,1.719946286556057,-0.5,False,1.7325299624212491,False
87,000087.jpg,,,,29.014289089437142,28.829405005347922,-0.1848840840892194,,True,,,,,,,,,,,,,,,,,,,,,,,,,,,,,,,,,,,,,,,,,,,,,grid,29.514289089437142,0.5,1.0241148945203442,0.9020536541938782,0.8656798245614035,0.0008189089130610228,1.015600039929796,0.5,False,1.4273350799413895,False
87,000087.jpg,,,,29.014289089437142,28.829405005347922,-0.1848840840892194,,True,,,,,,,,,,,,,,,,,,,,,,,,,,,,,,,,,,,,,,,,,,,,,grid,30.014289089437142,1.0,1.1371499099074958,1.001616358757019,0.8294112685560054,0.0015564835242306192,1.9303303507222813,1.0,False,1.8203212290320605,False
87,000087.jpg,,,,29.014289089437142,28.829405005347922,-0.1848840840892194,,True,,,,,,,,,,,,,,,,,,,,,,,,,,,,,,,,,,,,,,,,,,,,,grid,31.014289089437142,2.0,1.281764163288071,1.1289944648742676,0.7816928137651822,0.002942046422200898,3.648687193663372,2.0,False,2.4722431479387317,False
87,000087.jpg,,,,29.014289089437142,28.829405005347922,-0.1848840840892194,,True,,,,,,,,,,,,,,,,,,,,,,,,,,,,,,,,,,,,,,,,,,,,,grid,32.01428908943714,3.0,1.3560965865270715,1.1944674253463745,0.7650978407557355,0.004209509662662943,5.2205783980357925,3.0,False,2.986143345280284,False
87,000087.jpg,,,,29.014289089437142,28.829405005347922,-0.1848840840892194,,True,,,,,,,,,,,,,,,,,,,,,,,,,,,,,,,,,,,,,,,,,,,,,clamped_raw_observation,28.829405005347922,-0.1848840840892194,1.032353518561113,0.9093103408813477,0.8613571187584346,0.00089788090554066,1.113540064072235,,False,1.4549279383434137,False
88,000088.jpg,,,,29.014289089437142,28.833317837257653,-0.18097125217948928,,True,,,,,,,,,,,,,,,,,,,,,,,,,,,,,,,,,,,,,,,,,,,,,prediction,29.014289089437142,0.0,0.9576299324034682,0.840998649597168,0.8719115734720416,0.0007192218423976252,0.8746217311263607,,False,1.3043737917130167,True
88,000088.jpg,,,,29.014289089437142,28.833317837257653,-0.18097125217948928,,True,,,,,,,,,,,,,,,,,,,,,,,,,,,,,,,,,,,,,,,,,,,,,grid,26.014289089437142,-3.0,1.3890314928329868,1.2198591232299805,0.7616930240362432,0.004696785705164075,5.711604684426519,-3.0,False,3.145239639903373,False
88,000088.jpg,,,,29.014289089437142,28.833317837257653,-0.18097125217948928,,True,,,,,,,,,,,,,,,,,,,,,,,,,,,,,,,,,,,,,,,,,,,,,grid,27.014289089437142,-2.0,1.312234540608822,1.15241539478302,0.7791224464113428,0.003496054715166489,4.251435714046227,-2.0,False,2.655971022709036,False
88,000088.jpg,,,,29.014289089437142,28.833317837257653,-0.18097125217948928,,True,,,,,,,,,,,,,,,,,,,,,,,,,,,,,,,,,,,,,,,,,,,,,grid,28.014289089437142,-1.0,1.2051692791015436,1.0583897829055786,0.8059482360837283,0.002148819932093223,2.6131083597530202,-1.0,False,2.0824981329560703,False
88,000088.jpg,,,,29.014289089437142,28.833317837257653,-0.18097125217948928,,True,,,,,,,,,,,,,,,,,,,,,,,,,,,,,,,,,,,,,,,,,,,,,grid,28.514289089437142,-0.5,1.1207577061105103,0.9842588305473328,0.8349972733755611,0.0014069471896315615,1.7109416233755188,-0.5,False,1.728495838578829,False
88,000088.jpg,,,,29.014289089437142,28.833317837257653,-0.18097125217948928,,True,,,,,,,,,,,,,,,,,,,,,,,,,,,,,,,,,,,,,,,,,,,,,grid,29.514289089437142,0.5,1.0108645427834004,0.8877497315406799,0.8671714417551072,0.0009166463666285077,1.1147031204428857,0.5,False,1.4373688811390144,False
88,000088.jpg,,,,29.014289089437142,28.833317837257653,-0.18097125217948928,,True,,,,,,,,,,,,,,,,,,,,,,,,,,,,,,,,,,,,,,,,,,,,,grid,30.014289089437142,1.0,1.1355666920865173,0.9972642064094543,0.8291035697806116,0.00157250384412085,1.912269557558109,1.0,False,1.8145305116954331,False
88,000088.jpg,,,,29.014289089437142,28.833317837257653,-0.18097125217948928,,True,,,,,,,,,,,,,,,,,,,,,,,,,,,,,,,,,,,,,,,,,,,,,grid,31.014289089437142,2.0,1.303080000857886,1.1443758010864258,0.7820588111917446,0.002957062873368462,3.595985684657725,2.0,False,2.4800176108305725,False
88,000088.jpg,,,,29.014289089437142,28.833317837257653,-0.18097125217948928,,True,,,,,,,,,,,,,,,,,,,,,,,,,,,,,,,,,,,,,,,,,,,,,grid,32.01428908943714,3.0,1.3651891842291228,1.1989206075668335,0.7650698435337052,0.004289877290527026,5.216776912186835,3.0,False,2.9943135687421263,False
88,000088.jpg,,,,29.014289089437142,28.833317837257653,-0.18097125217948928,,True,,,,,,,,,,,,,,,,,,,,,,,,,,,,,,,,,,,,,,,,,,,,,clamped_raw_observation,28.833317837257653,-0.18097125217948928,1.0262697731190102,0.9012787342071533,0.8667729351063383,0.0009486343478783965,1.153602639182123,,False,1.4533266353735876,False
89,000089.jpg,,,,29.014289089437142,28.828851485419705,-0.18543760401743725,,True,,,,,,,,,,,,,,,,,,,,,,,,,,,,,,,,,,,,,,,,,,,,,prediction,29.014289089437142,0.0,0.9188696816031067,0.8715977668762207,0.8710285068441542,0.0007677097261572877,0.7488535483346657,,False,1.235054561842619,True
89,000089.jpg,,,,29.014289089437142,28.828851485419705,-0.18543760401743725,,True,,,,,,,,,,,,,,,,,,,,,,,,,,,,,,,,,,,,,,,,,,,,,grid,26.014289089437142,-3.0,1.2788344926825896,1.2130439281463623,0.761563899702792,0.0046520856364319725,4.537822978271178,-3.0,False,2.741726337547592,False
89,000089.jpg,,,,29.014289089437142,28.828851485419705,-0.18543760401743725,,True,,,,,,,,,,,,,,,,,,,,,,,,,,,,,,,,,,,,,,,,,,,,,grid,27.014289089437142,-2.0,1.2214063000735198,1.1585701704025269,0.7762359244840722,0.0034515116518984237,3.3667370095465374,-2.0,False,2.346854627976082,False
89,000089.jpg,,,,29.014289089437142,28.828851485419705,-0.18543760401743725,,True,,,,,,,,,,,,,,,,,,,,,,,,,,,,,,,,,,,,,,,,,,,,,grid,28.014289089437142,-1.0,1.1131639238159872,1.0558964014053345,0.8073171752689522,0.0021484323466817536,2.095663414638024,-1.0,False,1.8597626022065408,False
89,000089.jpg,,,,29.014289089437142,28.828851485419705,-0.18543760401743725,,True,,,,,,,,,,,,,,,,,,,,,,,,,,,,,,,,,,,,,,,,,,,,,grid,28.514289089437142,-0.5,1.0674080218171307,1.012494444847107,0.8312821800828833,0.0014246937450176727,1.3897009897046748,-0.5,False,1.598551089160416,False
89,000089.jpg,,,,29.014289089437142,28.828851485419705,-0.18543760401743725,,True,,,,,,,,,,,,,,,,,,,,,,,,,,,,,,,,,,,,,,,,,,,,,grid,29.514289089437142,0.5,0.9456686209085026,0.8970180153846741,0.8615471555946251,0.000915450839481006,0.8929659037963618,0.5,False,1.3223629412629676,False
89,000089.jpg,,,,29.014289089437142,28.828851485419705,-0.18543760401743725,,True,,,,,,,,,,,,,,,,,,,,,,,,,,,,,,,,,,,,,,,,,,,,,grid,30.014289089437142,1.0,1.0347503785950825,0.9815168976783752,0.8351333249612792,0.0015890896514368553,1.5500590699258392,1.0,False,1.617131821115263,False
89,000089.jpg,,,,29.014289089437142,28.828851485419705,-0.18543760401743725,,True,,,,,,,,,,,,,,,,,,,,,,,,,,,,,,,,,,,,,,,,,,,,,grid,31.014289089437142,2.0,1.1855058093137532,1.1245166063308716,0.7842521662689941,0.0029509447437400618,2.878464824655001,2.0,False,2.1808698492085092,False
89,000089.jpg,,,,29.014289089437142,28.828851485419705,-0.18543760401743725,,True,,,,,,,,,,,,,,,,,,,,,,,,,,,,,,,,,,,,,,,,,,,,,grid,32.01428908943714,3.0,1.2691873244481309,1.2038930654525757,0.7633220310603207,0.004265202209353447,4.16044202647603,3.0,False,2.6359758000068174,False
89,000089.jpg,,,,29.014289089437142,28.828851485419705,-0.18543760401743725,,True,,,,,,,,,,,,,,,,,,,,,,,,,,,,,,,,,,,,,,,,,,,,,clamped_raw_observation,28.828851485419705,-0.18543760401743725,0.9883414707712029,0.9374955296516418,0.8574867093641425,0.0010165767938209076,0.9916080430788977,,False,1.384319900297308,False
90,000090.jpg,,,,29.014289089437142,28.831760855956816,-0.1825282334803262,,True,,,,,,,,,,,,,,,,,,,,,,,,,,,,,,,,,,,,,,,,,,,,,prediction,29.014289089437142,0.0,0.8680707340953039,0.8253627419471741,0.8708804566113518,0.0007005607767496258,0.6450901898344907,,False,1.1584628249425748,True
90,000090.jpg,,,,29.014289089437142,28.831760855956816,-0.1825282334803262,,True,,,,,,,,,,,,,,,,,,,,,,,,,,,,,,,,,,,,,,,,,,,,,grid,26.014289089437142,-3.0,1.283439772745367,1.2202961444854736,0.760997780361484,0.004710695240646601,4.337701150127616,-3.0,False,2.6968672799157867,False
90,000090.jpg,,,,29.014289089437142,28.831760855956816,-0.1825282334803262,,True,,,,,,,,,,,,,,,,,,,,,,,,,,,,,,,,,,,,,,,,,,,,,grid,27.014289089437142,-2.0,1.224567287023068,1.1643201112747192,0.7745692844308213,0.003517187860173484,3.238695998553977,-2.0,False,2.319672002230741,False
90,000090.jpg,,,,29.014289089437142,28.831760855956816,-0.1825282334803262,,True,,,,,,,,,,,,,,,,,,,,,,,,,,,,,,,,,,,,,,,,,,,,,grid,28.014289089437142,-1.0,1.1016517385689062,1.0474518537521362,0.812873903392876,0.0021656743871668973,1.994195718491507,-1.0,False,1.8173267647989069,False
90,000090.jpg,,,,29.014289089437142,28.831760855956816,-0.1825282334803262,,True,,,,,,,,,,,,,,,,,,,,,,,,,,,,,,,,,,,,,,,,,,,,,grid,28.514289089437142,-0.5,1.038417048661223,0.9873282313346863,0.8352394038685128,0.0014524451495769124,1.3374401598843955,-0.5,False,1.5525376847638088,False
90,000090.jpg,,,,29.014289089437142,28.831760855956816,-0.1825282334803262,,True,,,,,,,,,,,,,,,,,,,,,,,,,,,,,,,,,,,,,,,,,,,,,grid,29.514289089437142,0.5,0.9362899404819445,0.8902256488800049,0.8656590212451115,0.0008939338246515641,0.8231519088457987,0.5,False,1.2914188964482824,False
90,000090.jpg,,,,29.014289089437142,28.831760855956816,-0.1825282334803262,,True,,,,,,,,,,,,,,,,,,,,,,,,,,,,,,,,,,,,,,,,,,,,,grid,30.014289089437142,1.0,1.045598934991529,0.9941567778587341,0.8301870838177783,0.0015490361062499385,1.4263830191543578,1.0,False,1.60200760596234,False
90,000090.jpg,,,,29.014289089437142,28.831760855956816,-0.1825282334803262,,True,,,,,,,,,,,,,,,,,,,,,,,,,,,,,,,,,,,,,,,,,,,,,grid,31.014289089437142,2.0,1.1660305628243286,1.1086633205413818,0.7899587781418455,0.0029600796018106243,2.7256997188977143,2.0,False,2.117496714406912,False
90,000090.jpg,,,,29.014289089437142,28.831760855956816,-0.1825282334803262,,True,,,,,,,,,,,,,,,,,,,,,,,,,,,,,,,,,,,,,,,,,,,,,grid,32.01428908943714,3.0,1.2554085752590398,1.1936440467834473,0.7623718422999682,0.004207131530468662,3.8740097472209083,3.0,False,2.5515391697642986,False
90,000090.jpg,,,,29.014289089437142,28.831760855956816,-0.1825282334803262,,True,,,,,,,,,,,,,,,,,,,,,,,,,,,,,,,,,,,,,,,,,,,,,clamped_raw_observation,28.831760855956816,-0.1825282334803262,0.9509958689296342,0.9042080640792847,0.8671176408413487,0.0009297339614325514,0.8561173813623988,,False,1.303383420433295,False
91,000091.jpg,,,,29.014289089437142,28.831402096618916,-0.18288699281822574,,True,,,,,,,,,,,,,,,,,,,,,,,,,,,,,,,,,,,,,,,,,,,,,prediction,29.014289089437142,0.0,0.9464846561618598,0.8691399097442627,0.8694375184887799,0.0008273960362809399,0.934063319315995,,False,1.3105629675020787,True
91,000091.jpg,,,,29.014289089437142,28.831402096618916,-0.18288699281822574,,True,,,,,,,,,,,,,,,,,,,,,,,,,,,,,,,,,,,,,,,,,,,,,grid,26.014289089437142,-3.0,1.3307013655591116,1.2219592332839966,0.7606812323035963,0.004705941770225763,5.312628291238679,-3.0,False,2.9881772060651848,False
91,000091.jpg,,,,29.014289089437142,28.831402096618916,-0.18288699281822574,,True,,,,,,,,,,,,,,,,,,,,,,,,,,,,,,,,,,,,,,,,,,,,,grid,27.014289089437142,-2.0,1.241492314433842,1.1400401592254639,0.783142458690783,0.003458638054629167,3.904523106178622,-2.0,False,2.4944806322877144,False
91,000091.jpg,,,,29.014289089437142,28.831402096618916,-0.18288699281822574,,True,,,,,,,,,,,,,,,,,,,,,,,,,,,,,,,,,,,,,,,,,,,,,grid,28.014289089437142,-1.0,1.1295131050017015,1.0372116565704346,0.8132316274352365,0.0021611465878474214,2.439760002292026,-1.0,False,1.9562214781394716,False
91,000091.jpg,,,,29.014289089437142,28.831402096618916,-0.18288699281822574,,True,,,,,,,,,,,,,,,,,,,,,,,,,,,,,,,,,,,,,,,,,,,,,grid,28.514289089437142,-0.5,1.0710746187724085,0.983548641204834,0.8396441702235558,0.0014537738752551377,1.6411933244923287,-0.5,False,1.6567287796719348,False
91,000091.jpg,,,,29.014289089437142,28.831402096618916,-0.18288699281822574,,True,,,,,,,,,,,,,,,,,,,,,,,,,,,,,,,,,,,,,,,,,,,,,grid,29.514289089437142,0.5,0.9791140810232648,0.8991029262542725,0.8658242826353378,0.0009494681532184283,1.0718728829864745,0.5,False,1.3962580191345453,False
91,000091.jpg,,,,29.014289089437142,28.831402096618916,-0.18288699281822574,,True,,,,,,,,,,,,,,,,,,,,,,,,,,,,,,,,,,,,,,,,,,,,,grid,30.014289089437142,1.0,1.0901531505106024,1.001068115234375,0.8275577906436209,0.0016334945103153586,1.8440834104643244,1.0,False,1.7536162124830625,False
91,000091.jpg,,,,29.014289089437142,28.831402096618916,-0.18288699281822574,,True,,,,,,,,,,,,,,,,,,,,,,,,,,,,,,,,,,,,,,,,,,,,,grid,31.014289089437142,2.0,1.2266114387457998,1.1263753175735474,0.7828466382115539,0.0030248417363812528,3.4148020884771033,2.0,False,2.3574653226535216,False
91,000091.jpg,,,,29.014289089437142,28.831402096618916,-0.18288699281822574,,True,,,,,,,,,,,,,,,,,,,,,,,,,,,,,,,,,,,,,,,,,,,,,grid,32.01428908943714,3.0,1.302477045468073,1.1960413455963135,0.765055149389342,0.004303055893008907,4.85780266568911,3.0,False,2.841872562501008,False
91,000091.jpg,,,,29.014289089437142,28.831402096618916,-0.18288699281822574,,True,,,,,,,,,,,,,,,,,,,,,,,,,,,,,,,,,,,,,,,,,,,,,clamped_raw_observation,28.831402096618916,-0.18288699281822574,1.0390819498388215,0.9541703462600708,0.849934496893885,0.0009919196600094438,1.1197972065322035,,False,1.474583364362534,False
92,000092.jpg,,,,29.014289089437142,28.82524504116128,-0.18904404827586063,,True,,,,,,,,,,,,,,,,,,,,,,,,,,,,,,,,,,,,,,,,,,,,,prediction,29.014289089437142,0.0,0.8998197023241493,0.8654043078422546,0.8711622922226658,0.0007986050914041698,0.6759142913706273,,False,1.1976359829441403,True
92,000092.jpg,,,,29.014289089437142,28.82524504116128,-0.18904404827586063,,True,,,,,,,,,,,,,,,,,,,,,,,,,,,,,,,,,,,,,,,,,,,,,grid,26.014289089437142,-3.0,1.2462787419917452,1.1986123323440552,0.768592262592725,0.004735966678708792,4.008373595472475,-3.0,False,2.5697798782671386,False
92,000092.jpg,,,,29.014289089437142,28.82524504116128,-0.18904404827586063,,True,,,,,,,,,,,,,,,,,,,,,,,,,,,,,,,,,,,,,,,,,,,,,grid,27.014289089437142,-2.0,1.1850020743033174,1.1396793127059937,0.7785319520036985,0.003519391951461633,2.9787029190423446,-2.0,False,2.211145852060205,False
92,000092.jpg,,,,29.014289089437142,28.82524504116128,-0.18904404827586063,,True,,,,,,,,,,,,,,,,,,,,,,,,,,,,,,,,,,,,,,,,,,,,,grid,28.014289089437142,-1.0,1.0930269570187248,1.0512219667434692,0.809380713219997,0.0022019061531561115,1.8636242783755512,-1.0,False,1.7795523133926154,False
92,000092.jpg,,,,29.014289089437142,28.82524504116128,-0.18904404827586063,,True,,,,,,,,,,,,,,,,,,,,,,,,,,,,,,,,,,,,,,,,,,,,,grid,28.514289089437142,-0.5,1.0087227336330526,0.970142126083374,0.8420577048353542,0.001454426848795265,1.2309812489742074,-0.5,False,1.4894103410412503,False
92,000092.jpg,,,,29.014289089437142,28.82524504116128,-0.18904404827586063,,True,,,,,,,,,,,,,,,,,,,,,,,,,,,,,,,,,,,,,,,,,,,,,grid,29.514289089437142,0.5,0.9346862806805698,0.8989373445510864,0.8667493222939038,0.0008911354525480419,0.7542290856988995,0.5,False,1.2714942298113907,False
92,000092.jpg,,,,29.014289089437142,28.82524504116128,-0.18904404827586063,,True,,,,,,,,,,,,,,,,,,,,,,,,,,,,,,,,,,,,,,,,,,,,,grid,30.014289089437142,1.0,1.0505724692910767,1.0103912353515625,0.8241956836951269,0.001564492277490596,1.3241371742766648,1.0,False,1.587411079165116,False
92,000092.jpg,,,,29.014289089437142,28.82524504116128,-0.18904404827586063,,True,,,,,,,,,,,,,,,,,,,,,,,,,,,,,,,,,,,,,,,,,,,,,grid,31.014289089437142,2.0,1.1766914744336383,1.1316865682601929,0.7824405825120306,0.00294874410610646,2.495724488066863,2.0,False,2.0781820139383234,False
92,000092.jpg,,,,29.014289089437142,28.82524504116128,-0.18904404827586063,,True,,,,,,,,,,,,,,,,,,,,,,,,,,,,,,,,,,,,,,,,,,,,,grid,32.01428908943714,3.0,1.2761860187122362,1.2273757457733154,0.759955450017862,0.004211320308968425,3.5643293700597383,3.0,False,2.497312911209309,False
92,000092.jpg,,,,29.014289089437142,28.82524504116128,-0.18904404827586063,,True,,,,,,,,,,,,,,,,,,,,,,,,,,,,,,,,,,,,,,,,,,,,,clamped_raw_observation,28.82524504116128,-0.18904404827586063,0.9647484949060886,0.9278497695922852,0.8596045138378129,0.0010201516173159082,0.8634243193920629,,False,1.3266713823645673,False
93,000093.jpg,,,,29.014289089437142,28.823183917674754,-0.19110517176238773,,True,,,,,,,,,,,,,,,,,,,,,,,,,,,,,,,,,,,,,,,,,,,,,prediction,29.014289089437142,0.0,0.8715154295491636,0.8379247784614563,0.8685161317585413,0.0007240635653336843,0.6677044446256738,,False,1.1699254089470408,True
93,000093.jpg,,,,29.014289089437142,28.823183917674754,-0.19110517176238773,,True,,,,,,,,,,,,,,,,,,,,,,,,,,,,,,,,,,,,,,,,,,,,,grid,26.014289089437142,-3.0,1.2452512077219815,1.1972557306289673,0.7687253058378584,0.004769930305580298,4.398652021833058,-3.0,False,2.6661889073423874,False
93,000093.jpg,,,,29.014289089437142,28.823183917674754,-0.19110517176238773,,True,,,,,,,,,,,,,,,,,,,,,,,,,,,,,,,,,,,,,,,,,,,,,grid,27.014289089437142,-2.0,1.1961515321059542,1.1500484943389893,0.7770077542310212,0.0035293130204081535,3.2546009812215533,-2.0,False,2.2927940231803214,False
93,000093.jpg,,,,29.014289089437142,28.823183917674754,-0.19110517176238773,,True,,,,,,,,,,,,,,,,,,,,,,,,,,,,,,,,,,,,,,,,,,,,,grid,28.014289089437142,-1.0,1.1037532140050803,1.0612114667892456,0.8081514504849036,0.0021560571622103453,1.9882355900775392,-1.0,False,1.8226606610395617,False
93,000093.jpg,,,,29.014289089437142,28.823183917674754,-0.19110517176238773,,True,,,,,,,,,,,,,,,,,,,,,,,,,,,,,,,,,,,,,,,,,,,,,grid,28.514289089437142,-0.5,1.014528000396762,0.9754252433776855,0.8420418770732532,0.0014096970747535427,1.2999701234172327,-0.5,False,1.512478654177817,False
93,000093.jpg,,,,29.014289089437142,28.823183917674754,-0.19110517176238773,,True,,,,,,,,,,,,,,,,,,,,,,,,,,,,,,,,,,,,,,,,,,,,,grid,29.514289089437142,0.5,0.9296042453539319,0.893774688243866,0.8653256988315832,0.0008755824237596244,0.8074294909604998,0.5,False,1.2811359192624736,False
93,000093.jpg,,,,29.014289089437142,28.823183917674754,-0.19110517176238773,,True,,,,,,,,,,,,,,,,,,,,,,,,,,,,,,,,,,,,,,,,,,,,,grid,30.014289089437142,1.0,1.0263005503523588,0.9867440462112427,0.8343932895265059,0.0016112856489295762,1.485867596246236,1.0,False,1.593374159887412,False
93,000093.jpg,,,,29.014289089437142,28.823183917674754,-0.19110517176238773,,True,,,,,,,,,,,,,,,,,,,,,,,,,,,,,,,,,,,,,,,,,,,,,grid,31.014289089437142,2.0,1.1614312571002583,1.1166664361953735,0.7875087155866383,0.0030008289807786546,2.767252688794042,2.0,False,2.1257357137121304,False
93,000093.jpg,,,,29.014289089437142,28.823183917674754,-0.19110517176238773,,True,,,,,,,,,,,,,,,,,,,,,,,,,,,,,,,,,,,,,,,,,,,,,grid,32.01428908943714,3.0,1.2479697716913378,1.1998695135116577,0.7650277842337678,0.00428334844764322,3.9499443602770206,3.0,False,2.560428077526825,False
93,000093.jpg,,,,29.014289089437142,28.823183917674754,-0.19110517176238773,,True,,,,,,,,,,,,,,,,,,,,,,,,,,,,,,,,,,,,,,,,,,,,,clamped_raw_observation,28.823183917674754,-0.19110517176238773,0.9392696788552175,0.9030675888061523,0.8684950030636608,0.0009260568573760489,0.8539751331930553,,False,1.290001614242692,False
94,000094.jpg,,,,29.014289089437142,28.835281773458917,-0.17900731597822528,,True,,,,,,,,,,,,,,,,,,,,,,,,,,,,,,,,,,,,,,,,,,,,,prediction,29.014289089437142,0.0,0.9280893740060627,0.8579698801040649,0.8660589206933322,0.0007357903426357856,0.8147148138497163,,False,1.2657091567751595,True
94,000094.jpg,,,,29.014289089437142,28.835281773458917,-0.17900731597822528,,True,,,,,,,,,,,,,,,,,,,,,,,,,,,,,,,,,,,,,,,,,,,,,grid,26.014289089437142,-3.0,1.3059769543552064,1.2073071002960205,0.7634808790014009,0.0047343464102596045,5.242175563921477,-3.0,False,2.9430399663341746,False
94,000094.jpg,,,,29.014289089437142,28.835281773458917,-0.17900731597822528,,True,,,,,,,,,,,,,,,,,,,,,,,,,,,,,,,,,,,,,,,,,,,,,grid,27.014289089437142,-2.0,1.2360412916986225,1.1426552534103394,0.7789324021995944,0.003552145247037212,3.933165721284266,-2.0,False,2.5004003198200944,False
94,000094.jpg,,,,29.014289089437142,28.835281773458917,-0.17900731597822528,,True,,,,,,,,,,,,,,,,,,,,,,,,,,,,,,,,,,,,,,,,,,,,,grid,28.014289089437142,-1.0,1.1522198269400576,1.065166711807251,0.8070545925941414,0.0021951808982218304,2.4306467389264554,-1.0,False,1.98282691907753,False
94,000094.jpg,,,,29.014289089437142,28.835281773458917,-0.17900731597822528,,True,,,,,,,,,,,,,,,,,,,,,,,,,,,,,,,,,,,,,,,,,,,,,grid,28.514289089437142,-0.5,1.0789918924695616,0.9974713325500488,0.8346122483116232,0.001419426524080336,1.5716811560706905,-0.5,False,1.652299933175611,False
94,000094.jpg,,,,29.014289089437142,28.835281773458917,-0.17900731597822528,,True,,,,,,,,,,,,,,,,,,,,,,,,,,,,,,,,,,,,,,,,,,,,,grid,29.514289089437142,0.5,0.96707212378354,0.8940073847770691,0.8670416292052606,0.0008902619301807135,0.9857557794608017,0.5,False,1.3614694394434799,False
94,000094.jpg,,,,29.014289089437142,28.835281773458917,-0.17900731597822528,,True,,,,,,,,,,,,,,,,,,,,,,,,,,,,,,,,,,,,,,,,,,,,,grid,30.014289089437142,1.0,1.0900420415541159,1.0076866149902344,0.8292178058418884,0.0016108222383384903,1.783606910837836,1.0,False,1.7367259634216865,False
94,000094.jpg,,,,29.014289089437142,28.835281773458917,-0.17900731597822528,,True,,,,,,,,,,,,,,,,,,,,,,,,,,,,,,,,,,,,,,,,,,,,,grid,31.014289089437142,2.0,1.2301319403945479,1.1371923685073853,0.7816923495096911,0.003016322540740172,3.3398680505735596,2.0,False,2.3434066035282464,False
94,000094.jpg,,,,29.014289089437142,28.835281773458917,-0.17900731597822528,,True,,,,,,,,,,,,,,,,,,,,,,,,,,,,,,,,,,,,,,,,,,,,,grid,32.01428908943714,3.0,1.3173062843757646,1.2177804708480835,0.7600100361720367,0.0043264868048330145,4.790566942202416,3.0,False,2.8449379837543316,False
94,000094.jpg,,,,29.014289089437142,28.835281773458917,-0.17900731597822528,,True,,,,,,,,,,,,,,,,,,,,,,,,,,,,,,,,,,,,,,,,,,,,,clamped_raw_observation,28.835281773458917,-0.17900731597822528,1.0079413113960305,0.9317888021469116,0.8580927091391891,0.0009386299643665552,1.0393120055819982,,False,1.4150468231316875,False
95,000095.jpg,,,,29.014289089437142,28.82976365779905,-0.1845254316380931,,True,,,,,,,,,,,,,,,,,,,,,,,,,,,,,,,,,,,,,,,,,,,,,prediction,29.014289089437142,0.0,0.8696900617129113,0.8346958160400391,0.8713011199460063,0.0007521936592335502,0.7276302484634495,,False,1.1802965038827673,True
95,000095.jpg,,,,29.014289089437142,28.82976365779905,-0.1845254316380931,,True,,,,,,,,,,,,,,,,,,,,,,,,,,,,,,,,,,,,,,,,,,,,,grid,26.014289089437142,-3.0,1.257863286627536,1.2072498798370361,0.7663720920422669,0.0047951579714814825,4.6385687294489975,-3.0,False,2.741133376947518,False
95,000095.jpg,,,,29.014289089437142,28.82976365779905,-0.1845254316380931,,True,,,,,,,,,,,,,,,,,,,,,,,,,,,,,,,,,,,,,,,,,,,,,grid,27.014289089437142,-2.0,1.2179207721507346,1.168914556503296,0.7754835171788328,0.003507143158155183,3.3926149419627007,-2.0,False,2.350590990462577,False
95,000095.jpg,,,,29.014289089437142,28.82976365779905,-0.1845254316380931,,True,,,,,,,,,,,,,,,,,,,,,,,,,,,,,,,,,,,,,,,,,,,,,grid,28.014289089437142,-1.0,1.1026440521170446,1.0582762956619263,0.8076898740851666,0.0021650984417647123,2.094395635738719,-1.0,False,1.8485530869665578,False
95,000095.jpg,,,,29.014289089437142,28.82976365779905,-0.1845254316380931,,True,,,,,,,,,,,,,,,,,,,,,,,,,,,,,,,,,,,,,,,,,,,,,grid,28.514289089437142,-0.5,1.0341332248922674,0.9925221800804138,0.8334423048530993,0.001462929726888736,1.4151567320379486,-0.5,False,1.5694801030486552,False
95,000095.jpg,,,,29.014289089437142,28.82976365779905,-0.1845254316380931,,True,,,,,,,,,,,,,,,,,,,,,,,,,,,,,,,,,,,,,,,,,,,,,grid,29.514289089437142,0.5,0.9076183098881074,0.8710979223251343,0.8735578849682577,0.0008871202686956773,0.8581507349925379,0.5,False,1.2635981086679842,False
95,000095.jpg,,,,29.014289089437142,28.82976365779905,-0.1845254316380931,,True,,,,,,,,,,,,,,,,,,,,,,,,,,,,,,,,,,,,,,,,,,,,,grid,30.014289089437142,1.0,1.032644044043584,0.9910929203033447,0.8327041106869424,0.0016221907377863924,1.569216963080153,1.0,False,1.6222441741266798,False
95,000095.jpg,,,,29.014289089437142,28.82976365779905,-0.1845254316380931,,True,,,,,,,,,,,,,,,,,,,,,,,,,,,,,,,,,,,,,,,,,,,,,grid,31.014289089437142,2.0,1.1620424886355174,1.1152846813201904,0.7888342859553287,0.00299673139428099,2.898871031724377,2.0,False,2.157925960611283,False
95,000095.jpg,,,,29.014289089437142,28.82976365779905,-0.1845254316380931,,True,,,,,,,,,,,,,,,,,,,,,,,,,,,,,,,,,,,,,,,,,,,,,grid,32.01428908943714,3.0,1.2670292726911285,1.2160470485687256,0.7629553076160547,0.004295416409149766,4.155146577848494,3.0,False,2.632860609537197,False
95,000095.jpg,,,,29.014289089437142,28.82976365779905,-0.1845254316380931,,True,,,,,,,,,,,,,,,,,,,,,,,,,,,,,,,,,,,,,,,,,,,,,clamped_raw_observation,28.82976365779905,-0.1845254316380931,0.9376244438550129,0.8998966813087463,0.8666821335920528,0.0009611102771790078,0.9297245479270903,,False,1.3089092101938755,False
96,000096.jpg,,,,29.014289089437142,28.835601413177727,-0.17868767625941473,,True,,,,,,,,,,,,,,,,,,,,,,,,,,,,,,,,,,,,,,,,,,,,,prediction,29.014289089437142,0.0,0.9119148604299949,0.8530600666999817,0.8654022127942766,0.0007847671125394603,0.7828983659668666,,False,1.242237239127435,True
96,000096.jpg,,,,29.014289089437142,28.835601413177727,-0.17868767625941473,,True,,,,,,,,,,,,,,,,,,,,,,,,,,,,,,,,,,,,,,,,,,,,,grid,26.014289089437142,-3.0,1.3062769196028805,1.2219700813293457,0.7574453040512437,0.004650861645738284,4.639786663592362,-3.0,False,2.798778281449727,False
96,000096.jpg,,,,29.014289089437142,28.835601413177727,-0.17868767625941473,,True,,,,,,,,,,,,,,,,,,,,,,,,,,,,,,,,,,,,,,,,,,,,,grid,27.014289089437142,-2.0,1.2341359838893038,1.1544851064682007,0.7757882039763747,0.0034881664517646036,3.4798601670118217,-2.0,False,2.3883128216658847,False
96,000096.jpg,,,,29.014289089437142,28.835601413177727,-0.17868767625941473,,True,,,,,,,,,,,,,,,,,,,,,,,,,,,,,,,,,,,,,,,,,,,,,grid,28.014289089437142,-1.0,1.117761614352313,1.0456215143203735,0.810352716080193,0.002149389125406742,2.144270838086729,-1.0,False,1.8734766077938023,False
96,000096.jpg,,,,29.014289089437142,28.835601413177727,-0.17868767625941473,,True,,,,,,,,,,,,,,,,,,,,,,,,,,,,,,,,,,,,,,,,,,,,,grid,28.514289089437142,-0.5,1.0548119720017652,0.9867346286773682,0.8387197404542052,0.0014162629765147965,1.4128904644141187,-0.5,False,1.5843148476510895,False
96,000096.jpg,,,,29.014289089437142,28.835601413177727,-0.17868767625941473,,True,,,,,,,,,,,,,,,,,,,,,,,,,,,,,,,,,,,,,,,,,,,,,grid,29.514289089437142,0.5,0.9617112912374323,0.8996426463127136,0.8662132934032111,0.0008782403892837465,0.8761490571023093,0.5,False,1.3295352621097984,False
96,000096.jpg,,,,29.014289089437142,28.835601413177727,-0.17868767625941473,,True,,,,,,,,,,,,,,,,,,,,,,,,,,,,,,,,,,,,,,,,,,,,,grid,30.014289089437142,1.0,1.0541860806816794,0.9861491322517395,0.8353090425089427,0.001603868246699373,1.600048994795184,1.0,False,1.6488892868715328,False
96,000096.jpg,,,,29.014289089437142,28.835601413177727,-0.17868767625941473,,True,,,,,,,,,,,,,,,,,,,,,,,,,,,,,,,,,,,,,,,,,,,,,grid,31.014289089437142,2.0,1.2128921250854923,1.1346123218536377,0.7812785957906996,0.003030063429226478,3.022848013904364,2.0,False,2.247325532770884,False
96,000096.jpg,,,,29.014289089437142,28.835601413177727,-0.17868767625941473,,True,,,,,,,,,,,,,,,,,,,,,,,,,,,,,,,,,,,,,,,,,,,,,grid,32.01428908943714,3.0,1.3105673622303164,1.2259836196899414,0.7571541469095749,0.0043554978134731455,4.345126173937272,3.0,False,2.7296947588050595,False
96,000096.jpg,,,,29.014289089437142,28.835601413177727,-0.17868767625941473,,True,,,,,,,,,,,,,,,,,,,,,,,,,,,,,,,,,,,,,,,,,,,,,clamped_raw_observation,28.835601413177727,-0.17868767625941473,1.0019566192260203,0.9372905492782593,0.8589135679228017,0.0009552922565490007,0.9530174426561575,,False,1.3866580422550405,False
97,000097.jpg,,,,29.014289089437142,28.83483039973055,-0.17945868970659262,,True,,,,,,,,,,,,,,,,,,,,,,,,,,,,,,,,,,,,,,,,,,,,,prediction,29.014289089437142,0.0,0.9369156474437684,0.9117999076843262,0.8594316552829075,0.0008285982670107236,0.763728867998104,,False,1.268416209160387,True
97,000097.jpg,,,,29.014289089437142,28.83483039973055,-0.17945868970659262,,True,,,,,,,,,,,,,,,,,,,,,,,,,,,,,,,,,,,,,,,,,,,,,grid,26.014289089437142,-3.0,1.2372920927379327,1.2041242122650146,0.7629648368327853,0.00485720361272494,4.476942282495398,-3.0,False,2.6835628265289966,False
97,000097.jpg,,,,29.014289089437142,28.83483039973055,-0.17945868970659262,,True,,,,,,,,,,,,,,,,,,,,,,,,,,,,,,,,,,,,,,,,,,,,,grid,27.014289089437142,-2.0,1.2006396336187255,1.1684542894363403,0.7740534615060292,0.0035997567853579917,3.317938600895448,-2.0,False,2.3160708223365583,False
97,000097.jpg,,,,29.014289089437142,28.83483039973055,-0.17945868970659262,,True,,,,,,,,,,,,,,,,,,,,,,,,,,,,,,,,,,,,,,,,,,,,,grid,28.014289089437142,-1.0,1.096281408413991,1.0668935775756836,0.8071717682772578,0.002259175448367993,2.0823088539827546,-1.0,False,1.8396868536324218,False
97,000097.jpg,,,,29.014289089437142,28.83483039973055,-0.17945868970659262,,True,,,,,,,,,,,,,,,,,,,,,,,,,,,,,,,,,,,,,,,,,,,,,grid,28.514289089437142,-0.5,1.0227029634471276,0.9952875375747681,0.8340079264693482,0.0014886020605141919,1.372062206547477,-0.5,False,1.5467105886146488,False
97,000097.jpg,,,,29.014289089437142,28.83483039973055,-0.17945868970659262,,True,,,,,,,,,,,,,,,,,,,,,,,,,,,,,,,,,,,,,,,,,,,,,grid,29.514289089437142,0.5,0.9211361072920535,0.8964433670043945,0.8656927228265452,0.0009481814146662751,0.8739500760632696,0.5,False,1.2889309034813254,False
97,000097.jpg,,,,29.014289089437142,28.83483039973055,-0.17945868970659262,,True,,,,,,,,,,,,,,,,,,,,,,,,,,,,,,,,,,,,,,,,,,,,,grid,30.014289089437142,1.0,1.0358023581360298,1.0080357789993286,0.8276203727127076,0.0016221371091281374,1.4951430475006244,1.0,False,1.6119677472984784,False
97,000097.jpg,,,,29.014289089437142,28.83483039973055,-0.17945868970659262,,True,,,,,,,,,,,,,,,,,,,,,,,,,,,,,,,,,,,,,,,,,,,,,grid,31.014289089437142,2.0,1.1913971740389449,1.1594595909118652,0.7766042668015853,0.0030197137190649905,2.78330601469868,2.0,False,2.1706194109120296,False
97,000097.jpg,,,,29.014289089437142,28.83483039973055,-0.17945868970659262,,True,,,,,,,,,,,,,,,,,,,,,,,,,,,,,,,,,,,,,,,,,,,,,grid,32.01428908943714,3.0,1.2631358975841454,1.2292752265930176,0.7551437726621132,0.0043266441983481245,3.987919366227944,3.0,False,2.594971966479018,False
97,000097.jpg,,,,29.014289089437142,28.83483039973055,-0.17945868970659262,,True,,,,,,,,,,,,,,,,,,,,,,,,,,,,,,,,,,,,,,,,,,,,,clamped_raw_observation,28.83483039973055,-0.17945868970659262,0.9752675735717079,0.949123740196228,0.8513365376507294,0.0010572300525382161,0.9744615012912381,,False,1.3729301719349856,False
98,000098.jpg,,,,29.014289089437142,28.831519052093427,-0.18277003734371533,,True,,,,,,,,,,,,,,,,,,,,,,,,,,,,,,,,,,,,,,,,,,,,,prediction,29.014289089437142,0.0,0.8867534240973372,0.8504428267478943,0.8636638515274737,0.0007972668584746619,0.7851123396119093,,False,1.2193676574728407,True
98,000098.jpg,,,,29.014289089437142,28.831519052093427,-0.18277003734371533,,True,,,,,,,,,,,,,,,,,,,,,,,,,,,,,,,,,,,,,,,,,,,,,grid,26.014289089437142,-3.0,1.2388871355815636,1.1881574392318726,0.7667187988739443,0.00477288500405848,4.700121261034511,-3.0,False,2.7371986519662466,False
98,000098.jpg,,,,29.014289089437142,28.831519052093427,-0.18277003734371533,,True,,,,,,,,,,,,,,,,,,,,,,,,,,,,,,,,,,,,,,,,,,,,,grid,27.014289089437142,-2.0,1.2127902989056836,1.163129210472107,0.7745177770826817,0.003516194953893622,3.462589743244352,-2.0,False,2.36391995763409,False
98,000098.jpg,,,,29.014289089437142,28.831519052093427,-0.18277003734371533,,True,,,,,,,,,,,,,,,,,,,,,,,,,,,,,,,,,,,,,,,,,,,,,grid,28.014289089437142,-1.0,1.0962263674854535,1.0513383150100708,0.8082160358669586,0.002164603987087806,2.13160409538055,-1.0,False,1.8509113554636325,False
98,000098.jpg,,,,29.014289089437142,28.831519052093427,-0.18277003734371533,,True,,,,,,,,,,,,,,,,,,,,,,,,,,,,,,,,,,,,,,,,,,,,,grid,28.514289089437142,-0.5,1.0311156599043418,0.9888937473297119,0.8357418413095611,0.001418671493108074,1.3970435159261032,-0.5,False,1.5596346975763067,False
98,000098.jpg,,,,29.014289089437142,28.831519052093427,-0.18277003734371533,,True,,,,,,,,,,,,,,,,,,,,,,,,,,,,,,,,,,,,,,,,,,,,,grid,29.514289089437142,0.5,0.94166259690821,0.9031035900115967,0.865102700448337,0.0009046103029201428,0.8908193082570519,0.5,False,1.314264723524136,False
98,000098.jpg,,,,29.014289089437142,28.831519052093427,-0.18277003734371533,,True,,,,,,,,,,,,,,,,,,,,,,,,,,,,,,,,,,,,,,,,,,,,,grid,30.014289089437142,1.0,1.0555503695224666,1.0123279094696045,0.8280054217495568,0.0016490826771284144,1.6239420278058727,1.0,False,1.663530454724378,False
98,000098.jpg,,,,29.014289089437142,28.831519052093427,-0.18277003734371533,,True,,,,,,,,,,,,,,,,,,,,,,,,,,,,,,,,,,,,,,,,,,,,,grid,31.014289089437142,2.0,1.1922490088082045,1.1434290409088135,0.7832551350224168,0.003089194574082891,3.0420990836303714,2.0,False,2.2295186446933806,False
98,000098.jpg,,,,29.014289089437142,28.831519052093427,-0.18277003734371533,,True,,,,,,,,,,,,,,,,,,,,,,,,,,,,,,,,,,,,,,,,,,,,,grid,32.01428908943714,3.0,1.2515867707513866,1.2003370523452759,0.7626941924721092,0.004440923919901252,4.373221000886458,3.0,False,2.6721978285008916,False
98,000098.jpg,,,,29.014289089437142,28.831519052093427,-0.18277003734371533,,True,,,,,,,,,,,,,,,,,,,,,,,,,,,,,,,,,,,,,,,,,,,,,clamped_raw_observation,28.831519052093427,-0.18277003734371533,0.9445518043065398,0.905874490737915,0.8670003127932436,0.0009497163215807328,0.9352376751623906,,False,1.3168440114242053,False
99,000099.jpg,,,,29.014289089437142,28.83001395515754,-0.18427513427960207,,True,,,,,,,,,,,,,,,,,,,,,,,,,,,,,,,,,,,,,,,,,,,,,prediction,29.014289089437142,0.0,0.9472428993017185,0.8843839764595032,0.875400776240297,0.0008475715585518628,0.8312555610016693,,False,1.2796560133118389,True
99,000099.jpg,,,,29.014289089437142,28.83001395515754,-0.18427513427960207,,True,,,,,,,,,,,,,,,,,,,,,,,,,,,,,,,,,,,,,,,,,,,,,grid,26.014289089437142,-3.0,1.2883263548589041,1.2028331756591797,0.7663685453931826,0.00480166442381839,4.709230995412972,-3.0,False,2.7892655583189647,False
99,000099.jpg,,,,29.014289089437142,28.83001395515754,-0.18427513427960207,,True,,,,,,,,,,,,,,,,,,,,,,,,,,,,,,,,,,,,,,,,,,,,,grid,27.014289089437142,-2.0,1.199040697574203,1.1194725036621094,0.7835597367532906,0.0035992360984285674,3.5299497629304004,-2.0,False,2.3579684015535123,False
99,000099.jpg,,,,29.014289089437142,28.83001395515754,-0.18427513427960207,,True,,,,,,,,,,,,,,,,,,,,,,,,,,,,,,,,,,,,,,,,,,,,,grid,28.014289089437142,-1.0,1.1144155708016696,1.0404630899429321,0.8122257846776916,0.0022336661349982023,2.190667416106727,-1.0,False,1.87985664015066,False
99,000099.jpg,,,,29.014289089437142,28.83001395515754,-0.18427513427960207,,True,,,,,,,,,,,,,,,,,,,,,,,,,,,,,,,,,,,,,,,,,,,,,grid,28.514289089437142,-0.5,1.0519800902483816,0.982170820236206,0.8401957475531556,0.0014799675748993952,1.4514777711975326,-0.5,False,1.589653785494609,False
99,000099.jpg,,,,29.014289089437142,28.83001395515754,-0.18427513427960207,,True,,,,,,,,,,,,,,,,,,,,,,,,,,,,,,,,,,,,,,,,,,,,,grid,29.514289089437142,0.5,0.9776517724022691,0.912774920463562,0.8623650016874789,0.0009544298130397996,0.9360567631960841,0.5,False,1.364300961513811,False
99,000099.jpg,,,,29.014289089437142,28.83001395515754,-0.18427513427960207,,True,,,,,,,,,,,,,,,,,,,,,,,,,,,,,,,,,,,,,,,,,,,,,grid,30.014289089437142,1.0,1.0762384445950244,1.004819393157959,0.8294169760377995,0.0016369599422129493,1.6054479900510044,1.0,False,1.678183466069976,False
99,000099.jpg,,,,29.014289089437142,28.83001395515754,-0.18427513427960207,,True,,,,,,,,,,,,,,,,,,,,,,,,,,,,,,,,,,,,,,,,,,,,,grid,31.014289089437142,2.0,1.1868400183300667,1.1080814599990845,0.791701822477219,0.003065960326542457,3.0069397038326446,2.0,False,2.2068731218110087,False
99,000099.jpg,,,,29.014289089437142,28.83001395515754,-0.18427513427960207,,True,,,,,,,,,,,,,,,,,,,,,,,,,,,,,,,,,,,,,,,,,,,,,grid,32.01428908943714,3.0,1.26990180339714,1.185631275177002,0.7675497806277422,0.004408455841864149,4.323591792344971,3.0,False,2.6732499708556405,False
99,000099.jpg,,,,29.014289089437142,28.83001395515754,-0.18427513427960207,,True,,,,,,,,,,,,,,,,,,,,,,,,,,,,,,,,,,,,,,,,,,,,,clamped_raw_observation,28.83001395515754,-0.18427513427960207,0.9847970637163891,0.9194460511207581,0.8607197097536281,0.001020025209678958,1.0003894294851383,,False,1.3797029653624338,False
