frame_id,gt_east,gt_north,gt_alt,gt_yaw,init_east,init_north,init_alt,init_yaw,refined_east,refined_north,refined_alt,refined_yaw,selected_method,init_xy_error_m,refined_xy_error_m,selected_xy_error_m,init_alt_error_m,refined_alt_error_m,selected_alt_error_m,init_yaw_error_deg,refined_yaw_error_deg,selected_yaw_error_deg,init_chamfer,refined_chamfer,gt_chamfer,init_overlap,refined_overlap,gt_overlap,feature_loss_initial,feature_loss_refined,feature_loss_drop,safe_gate_accepted,refine_success,renderer_backend_init,renderer_backend_refined,renderer_backend_gt,alt,chamfer,east,final_gate_pass,method,north,overlap,pose_gate_pass,pose_gate_reason,score,selectable,selected,temporal_gate_pass,temporal_gate_reason,visual_gate_pass,visual_gate_reason,xy_error_m,yaw,yaw_error_deg
000000.jpg,,,,,,,,,,,,,,,,,,,,,,,,,,,,,,,,,,,,,111.18,0.9393740892410278,254476.53949200793,True,init,3364557.073594403,0.8440766706711373,True,disabled,1.1559233293288627,True,True,True,disabled,True,init,4.08052824670161,28.179385999999994,1.0206139999999948
000000.jpg,,,,,,,,,,,,,,,,,,,,,,,,,,,,,,,,,,,,,111.36909928638488,0.9934669137001038,254472.73834009882,False,raw_refined_full,3364558.9550789287,0.828441304620681,False,pose_yaw_jump,5.0534098072839315,True,False,True,no_prediction,True,ok,7.01496445212093,-152.84034861089805,177.95965138910196
000000.jpg,,,,,,,,,,,,,,,,,,,,,,,,,,,,,,,,,,,,,111.36909928638488,0.9901443123817444,254472.73834009882,True,refined_corrected_yaw,3364558.9550789287,0.8281364867045597,True,ok,1.4621527276483706,True,False,True,no_prediction,True,ok,7.01496445212093,27.159651389101953,2.040348610898036
000000.jpg,,,,,,,,,,,,,,,,,,,,,,,,,,,,,,,,,,,,,111.18,0.9901443123817444,254472.73834010004,True,refined_freeze_alt_corrected_yaw,3364558.9550789287,0.8281544171702139,True,ok,1.4583528114002435,True,False,True,no_prediction,True,ok,7.014964451476452,27.159651389101953,2.040348610898036
000000.jpg,,,,,,,,,,,,,,,,,,,,,,,,,,,,,,,,,,,,,111.18,0.9782933592796326,254472.73834010004,True,refined_freeze_alt_init_yaw,3364558.9550789287,0.8291047318498861,True,ok,1.424392007199018,True,False,True,no_prediction,True,ok,7.014964451476452,28.179385999999994,1.0206139999999948
000001.jpg,,,,,,,,,,,,,,,,,,,,,,,,,,,,,,,,,,,,,110.8,0.8673178553581238,254476.03086971297,True,init,3364552.285125038,0.8922004824443849,True,disabled,1.4133902030161314,True,True,True,disabled,True,init,1.8172116355129764,29.087871000000007,0.11212899999998172
000001.jpg,,,,,,,,,,,,,,,,,,,,,,,,,,,,,,,,,,,,,110.973931142129,0.8403000831604004,254477.69937012292,False,raw_refined_full,3364551.947361654,0.8839095863486107,False,pose_yaw_jump,8.666802386684832,True,False,False,temporal_xy,True,ok,2.0702800315189496,-151.02273247132317,179.77726752867682
000001.jpg,,,,,,,,,,,,,,,,,,,,,,,,,,,,,,,,,,,,,110.973931142129,0.836689293384552,254477.69937012292,False,refined_corrected_yaw,3364551.947361654,0.8867506477262574,True,ok,1.486534636217237,True,False,False,temporal_xy,True,ok,2.0702800315189496,28.977267528676833,0.22273247132315532
000001.jpg,,,,,,,,,,,,,,,,,,,,,,,,,,,,,,,,,,,,,110.8,0.836689293384552,254477.69937012292,False,refined_freeze_alt_corrected_yaw,3364551.947361654,0.8867506477262574,True,ok,1.4830560133746569,True,False,False,temporal_xy,True,ok,2.0702800315189496,28.977267528676833,0.22273247132315532
000001.jpg,,,,,,,,,,,,,,,,,,,,,,,,,,,,,,,,,,,,,110.8,0.8278338313102722,254477.69937012292,False,refined_freeze_alt_init_yaw,3364551.947361654,0.8863932815152328,True,ok,1.473203210361593,True,False,False,temporal_xy,True,ok,2.0702800315189496,29.087871000000007,0.11212899999998172
000001.jpg,,,,,,,,,,,,,,,,,,,,,,,,,,,,,,,,,,,,,111.45484400000001,0.9381085634231567,254477.02735200932,False,temporal_predicted,3364557.946516403,0.8415974269632807,True,ok,1.5587103975841454,False,False,True,ok,False,visual_overlap_worse,4.080532679852053,28.179385999999994,1.0206139999999948
000002.jpg,,,,,,,,,,,,,,,,,,,,,,,,,,,,,,,,,,,,,111.546,0.9503520727157593,254479.65329464382,True,init,3364549.1982149333,0.8331758118301621,True,disabled,1.4209550639293682,True,True,True,disabled,True,init,5.977795975003348,29.007136000000003,0.19286399999998594
000002.jpg,,,,,,,,,,,,,,,,,,,,,,,,,,,,,,,,,,,,,111.76492068171501,0.9863184094429016,254482.84232130347,False,raw_refined_full,3364544.2231704565,0.8256682775469444,False,pose_yaw_jump,9.283602583356341,True,False,False,temporal_xy,True,ok,11.835928029215012,-151.18419441384498,179.61580558615503
000002.jpg,,,,,,,,,,,,,,,,,,,,,,,,,,,,,,,,,,,,,111.76492068171501,0.9887306690216064,254482.84232130347,False,refined_corrected_yaw,3364544.2231704565,0.823243040818874,True,ok,2.073567858430361,True,False,False,temporal_xy,True,ok,11.835928029215012,28.815805586155022,0.3841944138449662
000002.jpg,,,,,,,,,,,,,,,,,,,,,,,,,,,,,,,,,,,,,111.546,0.9887306690216064,254482.8423213034,False,refined_freeze_alt_corrected_yaw,3364544.223170455,0.823243040818874,True,ok,2.0691894449086288,True,False,False,temporal_xy,True,ok,11.835928030429622,28.815805586155022,0.3841944138449662
000002.jpg,,,,,,,,,,,,,,,,,,,,,,,,,,,,,,,,,,,,,111.546,0.9967191219329834,254482.8423213034,False,refined_freeze_alt_init_yaw,3364544.223170455,0.8212992849118177,True,ok,2.0718857668562762,True,False,False,temporal_xy,True,ok,11.835928030429622,29.007136000000003,0.19286399999998594
000002.jpg,,,,,,,,,,,,,,,,,,,,,,,,,,,,,,,,,,,,,110.548579,0.8610031604766846,254476.51872971238,True,temporal_predicted,3364553.158047038,0.893414412325909,True,ok,1.2866482397031056,False,False,True,ok,True,ok,1.817208970187993,29.087871000000007,0.11212899999998172
000003.jpg,,,,,,,,,,,,,,,,,,,,,,,,,,,,,,,,,,,,,109.157,0.8899412155151367,254479.94162956064,True,init,3364555.2034170134,0.8651033742056744,True,disabled,1.4140861575032773,True,True,True,disabled,True,init,2.081842672395745,30.12621999999999,0.9262200000000007
000003.jpg,,,,,,,,,,,,,,,,,,,,,,,,,,,,,,,,,,,,,109.18611419759691,0.9496034383773804,254479.12007576684,False,raw_refined_full,3364553.128986346,0.8362480980936186,False,pose_yaw_jump,8.680379065113721,True,False,False,temporal_xy,True,ok,2.7673604834552603,-148.94786014665462,178.1478601466546
000003.jpg,,,,,,,,,,,,,,,,,,,,,,,,,,,,,,,,,,,,,109.18611419759691,0.9464163184165955,254479.12007576684,False,refined_corrected_yaw,3364553.128986346,0.8401861630716907,True,ok,1.556024738172788,True,False,False,temporal_xy,True,ok,2.7673604834552603,31.05213985334538,1.8521398533453919
000003.jpg,,,,,,,,,,,,,,,,,,,,,,,,,,,,,,,,,,,,,109.157,0.9464163184165955,254479.12007576684,False,refined_freeze_alt_corrected_yaw,3364553.128986346,0.8401861630716907,True,ok,1.5554424542208496,True,False,False,temporal_xy,True,ok,2.7673604834552603,31.05213985334538,1.8521398533453919
000003.jpg,,,,,,,,,,,,,,,,,,,,,,,,,,,,,,,,,,,,,109.157,0.8654352426528931,254479.12007576684,False,refined_freeze_alt_init_yaw,3364553.128986346,0.8687371341627137,True,ok,1.3988587059446735,True,False,False,temporal_xy,True,ok,2.7673604834552603,30.12621999999999,0.9262200000000007
000003.jpg,,,,,,,,,,,,,,,,,,,,,,,,,,,,,,,,,,,,,111.103279,0.9591916799545288,254480.1411546443,False,temporal_predicted,3364550.0711369333,0.8300366956054774,True,ok,1.565893066365859,False,False,True,ok,False,visual_overlap_worse,5.977801149713558,29.007136000000003,0.19286399999998594
000004.jpg,,,,,,,,,,,,,,,,,,,,,,,,,,,,,,,,,,,,,108.941,0.9245753884315491,254480.86189791223,True,init,3364555.8784438665,0.8471458811391572,True,disabled,1.1855347209219114,True,True,True,disabled,True,init,2.5470765913995095,30.57139699999999,1.3713970000000018
000004.jpg,,,,,,,,,,,,,,,,,,,,,,,,,,,,,,,,,,,,,108.82960230018944,0.9753168225288391,254479.84516248366,False,raw_refined_full,3364553.394866955,0.8296422790259175,False,pose_yaw_jump,8.66825040255147,True,False,False,temporal_xy,True,ok,3.4172548258114634,-148.05174731255423,177.25174731255422
000004.jpg,,,,,,,,,,,,,,,,,,,,,,,,,,,,,,,,,,,,,108.82960230018944,0.9774449467658997,254479.84516248366,False,refined_corrected_yaw,3364553.394866955,0.8290908444064963,True,ok,1.5656992260641518,True,False,False,temporal_xy,True,ok,3.4172548258114634,31.948252687445773,2.7482526874457847
000004.jpg,,,,,,,,,,,,,,,,,,,,,,,,,,,,,,,,,,,,,108.941,0.9774449467658997,254479.84516248366,False,refined_freeze_alt_corrected_yaw,3364553.394866955,0.8290908444064963,True,ok,1.5634712720679405,True,False,False,temporal_xy,True,ok,3.4172548258114634,31.948252687445773,2.7482526874457847
000004.jpg,,,,,,,,,,,,,,,,,,,,,,,,,,,,,,,,,,,,,108.941,0.9259020090103149,254479.84516248366,False,refined_freeze_alt_init_yaw,3364553.394866955,0.8497429603144956,True,ok,1.4319972433997727,True,False,False,temporal_xy,True,ok,3.4172548258114634,30.57139699999999,1.3713970000000018
000004.jpg,,,,,,,,,,,,,,,,,,,,,,,,,,,,,,,,,,,,,108.714817,0.8805225491523743,254480.42948956016,True,temporal_predicted,3364556.0763390134,0.8671931977871462,True,ok,1.1223645015053567,False,False,True,ok,True,ok,2.0818489952063857,30.12621999999999,0.9262200000000007
000005.jpg,,,,,,,,,,,,,,,,,,,,,,,,,,,,,,,,,,,,,109.047,0.968603253364563,254476.26519601344,True,init,3364552.815815422,0.8312979825031245,True,disabled,1.5444387052777802,True,True,True,disabled,True,init,5.240003235877206,27.858868,1.3411319999999876
000005.jpg,,,,,,,,,,,,,,,,,,,,,,,,,,,,,,,,,,,,,109.01432559080422,0.9604483246803284,254481.44835564366,False,raw_refined_full,3364552.268844295,0.8323513658275308,False,pose_yaw_jump,8.747901394523637,True,False,False,temporal_xy,True,ok,5.703091120843095,-153.4836954192453,177.31630458075472
000005.jpg,,,,,,,,,,,,,,,,,,,,,,,,,,,,,,,,,,,,,109.01432559080422,0.9616060256958008,254481.44835564366,False,refined_corrected_yaw,3364552.268844295,0.831869309051955,True,ok,1.754290560396424,True,False,False,temporal_xy,True,ok,5.703091120843095,26.516304580754706,2.683695419245282
000005.jpg,,,,,,,,,,,,,,,,,,,,,,,,,,,,,,,,,,,,,109.047,0.9615890383720398,254481.44835564372,False,refined_freeze_alt_corrected_yaw,3364552.268844295,0.831869309051955,True,ok,1.753619534256863,True,False,False,temporal_xy,True,ok,5.703091120869347,26.516304580754706,2.683695419245282
000005.jpg,,,,,,,,,,,,,,,,,,,,,,,,,,,,,,,,,,,,,109.047,0.9382926225662231,254481.44835564372,False,refined_freeze_alt_init_yaw,3364552.268844295,0.8410998036064988,True,ok,1.6666349465032948,True,False,False,temporal_xy,True,ok,5.703091120869347,27.858868,1.3411319999999876
000005.jpg,,,,,,,,,,,,,,,,,,,,,,,,,,,,,,,,,,,,,108.499156,0.9227635264396667,254481.34975791222,True,temporal_predicted,3364556.751365866,0.8501160507052312,True,ok,1.4892519203820151,False,False,True,ok,True,ok,2.5470757597141365,30.57139699999999,1.3713970000000018
000006.jpg,,,,,,,,,,,,,,,,,,,,,,,,,,,,,,,,,,,,,107.946,1.0071680545806885,254473.60305762038,True,init,3364555.78972327,0.8196243580858965,True,disabled,1.3905998239544726,True,True,True,disabled,True,init,6.257274735997921,26.813594999999992,2.3864049999999963
000006.jpg,,,,,,,,,,,,,,,,,,,,,,,,,,,,,,,,,,,,,108.0534766446799,0.9918991923332214,254479.06285817997,False,raw_refined_full,3364558.747938016,0.8237112852497468,False,pose_yaw_jump,8.848209477042536,True,False,False,temporal_xy,True,ok,0.5975322548395819,-155.57471863009158,175.22528136990843
000006.jpg,,,,,,,,,,,,,,,,,,,,,,,,,,,,,,,,,,,,,108.0534766446799,1.0017813444137573,254479.06285817997,False,refined_corrected_yaw,3364558.747938016,0.819197896120973,True,ok,1.8826034645433558,True,False,False,temporal_xy,True,ok,0.5975322548395819,24.42528136990842,4.77471863009157
000006.jpg,,,,,,,,,,,,,,,,,,,,,,,,,,,,,,,,,,,,,107.946,1.0017813444137573,254479.06285818116,False,refined_freeze_alt_corrected_yaw,3364558.747938016,0.819197896120973,True,ok,1.8804539317269944,True,False,False,temporal_xy,True,ok,0.5975322542380561,24.42528136990842,4.77471863009157
000006.jpg,,,,,,,,,,,,,,,,,,,,,,,,,,,,,,,,,,,,,107.946,0.9517935514450073,254479.06285818116,False,refined_freeze_alt_init_yaw,3364558.747938016,0.8372159141389911,True,ok,1.7172713406213855,True,False,False,temporal_xy,True,ok,0.5975322542380561,26.813594999999992,2.3864049999999963
000006.jpg,,,,,,,,,,,,,,,,,,,,,,,,,,,,,,,,,,,,,108.807834,0.9718344211578369,254476.75305601323,True,temporal_predicted,3364553.6887374227,0.8315652931037546,True,ok,1.3608134063698503,False,False,True,ok,True,ok,5.240000518153701,27.858868,1.3411319999999876
000007.jpg,,,,,,,,,,,,,,,,,,,,,,,,,,,,,,,,,,,,,109.064,0.9941924810409546,254475.37454710572,True,init,3364559.214718537,0.8185067232837934,True,disabled,1.3627315143842014,True,True,True,disabled,True,init,4.478740656197932,28.733735999999993,0.46626399999999535
000007.jpg,,,,,,,,,,,,,,,,,,,,,,,,,,,,,,,,,,,,,109.01223549805582,0.9201087951660156,254477.79627053827,False,raw_refined_full,3364562.6866086437,0.8537331917905167,False,pose_yaw_jump,8.799651878750666,True,False,False,temporal_xy,True,ok,4.129784086625132,-151.73496747126873,179.0650325287313
000007.jpg,,,,,,,,,,,,,,,,,,,,,,,,,,,,,,,,,,,,,109.01223549805582,0.9195956587791443,254477.79627053827,False,refined_corrected_yaw,3364562.6866086437,0.8536447275300778,True,ok,1.6760298491671475,True,False,False,temporal_xy,True,ok,4.129784086625132,28.26503252873127,0.9349674712687204
000007.jpg,,,,,,,,,,,,,,,,,,,,,,,,,,,,,,,,,,,,,109.064,0.9195956587791443,254477.79627053827,False,refined_freeze_alt_corrected_yaw,3364562.6866086437,0.8536447275300778,True,ok,1.674994559128264,True,False,False,temporal_xy,True,ok,4.129784086625132,28.26503252873127,0.9349674712687204
000007.jpg,,,,,,,,,,,,,,,,,,,,,,,,,,,,,,,,,,,,,109.064,0.9179284572601318,254477.79627053827,False,refined_freeze_alt_init_yaw,3364562.6866086437,0.8514331210191083,True,ok,1.675529225257159,True,False,False,temporal_xy,True,ok,4.129784086625132,28.733735999999993,0.46626399999999535
000007.jpg,,,,,,,,,,,,,,,,,,,,,,,,,,,,,,,,,,,,,107.69937399999999,1.0149335861206055,254474.09091761988,True,temporal_predicted,3364556.66264527,0.8150743099787686,True,ok,1.4143187107571724,False,False,True,ok,True,ok,6.257274969714327,26.813594999999992,2.3864049999999963
000008.jpg,,,,,,,,,,,,,,,,,,,,,,,,,,,,,,,,,,,,,108.813,0.8452165126800537,254478.10900810472,True,init,3364561.132706504,0.8749600369436255,True,disabled,1.2516039536155426,True,True,True,disabled,True,init,2.512043923212948,28.59997899999999,0.6000209999999981
000008.jpg,,,,,,,,,,,,,,,,,,,,,,,,,,,,,,,,,,,,,109.00366277247667,0.9126750230789185,254478.04660266123,False,raw_refined_full,3364563.413774668,0.8546943270221307,False,pose_yaw_jump,8.749925324316903,True,False,False,temporal_xy,True,ok,4.13099465162864,-152.0021923457695,178.7978076542305
000008.jpg,,,,,,,,,,,,,,,,,,,,,,,,,,,,,,,,,,,,,109.00366277247667,0.9073979258537292,254478.04660266123,False,refined_corrected_yaw,3364563.413774668,0.8548719406060176,True,ok,1.5623270433855896,True,False,False,temporal_xy,True,ok,4.13099465162864,27.997807654230513,1.2021923457694754
000008.jpg,,,,,,,,,,,,,,,,,,,,,,,,,,,,,,,,,,,,,108.813,0.9073735475540161,254478.0466026612,False,refined_freeze_alt_corrected_yaw,3364563.4137746664,0.8548719406060176,True,ok,1.558484945138556,True,False,False,temporal_xy,True,ok,4.130994650482824,27.997807654230513,1.2021923457694754
000008.jpg,,,,,,,,,,,,,,,,,,,,,,,,,,,,,,,,,,,,,108.813,0.9102551341056824,254478.0466026612,False,refined_freeze_alt_init_yaw,3364563.4137746664,0.8528826684664843,True,ok,1.5397966514917774,True,False,False,temporal_xy,True,ok,4.130994650482824,28.59997899999999,0.6000209999999981
000008.jpg,,,,,,,,,,,,,,,,,,,,,,,,,,,,,,,,,,,,,108.99316599999999,0.9926753640174866,254475.86240710743,False,temporal_predicted,3364560.0876405365,0.816915917729388,True,ok,1.4877142069433649,False,False,True,ok,False,visual_chamfer_worse,4.4787331538856545,28.733735999999993,0.46626399999999535
000009.jpg,,,,,,,,,,,,,,,,,,,,,,,,,,,,,,,,,,,,,107.9,0.9382580518722534,254482.4616538305,True,init,3364563.9792714324,0.842282648973902,True,disabled,1.3952358628237493,True,True,True,disabled,True,init,3.529623677223757,27.572969,1.6270309999999881
000009.jpg,,,,,,,,,,,,,,,,,,,,,,,,,,,,,,,,,,,,,108.06152461376041,0.9781408905982971,254478.50215484583,False,raw_refined_full,3364564.3362079086,0.8291189497273738,False,pose_yaw_jump,8.678802752156416,True,False,False,temporal_xy,True,ok,4.190116080846256,-154.052196791325,176.747803208675
000009.jpg,,,,,,,,,,,,,,,,,,,,,,,,,,,,,,,,,,,,,108.06152461376041,0.9822455048561096,254478.50215484583,False,refined_corrected_yaw,3364564.3362079086,0.8297541952674208,True,ok,1.6213080672747033,True,False,False,temporal_xy,True,ok,4.190116080846256,25.947803208674998,3.252196791324991
000009.jpg,,,,,,,,,,,,,,,,,,,,,,,,,,,,,,,,,,,,,107.9,0.9822455048561096,254478.50215484583,False,refined_freeze_alt_corrected_yaw,3364564.3362079086,0.8297541952674208,True,ok,1.6180775749994953,True,False,False,temporal_xy,True,ok,4.190116080846256,25.947803208674998,3.252196791324991
000009.jpg,,,,,,,,,,,,,,,,,,,,,,,,,,,,,,,,,,,,,107.9,0.9383242726325989,254478.50215484583,False,refined_freeze_alt_init_yaw,3364564.3362079086,0.8429708316422861,True,ok,1.4930428438183239,True,False,False,temporal_xy,True,ok,4.190116080846256,27.572969,1.6270309999999881
000009.jpg,,,,,,,,,,,,,,,,,,,,,,,,,,,,,,,,,,,,,108.823857,0.8543301224708557,254478.59686810512,True,temporal_predicted,3364562.005628503,0.8730214748283954,True,ok,1.2935233811738744,False,False,True,ok,True,ok,2.512047653666242,28.59997899999999,0.6000209999999981
000010.jpg,,,,,,,,,,,,,,,,,,,,,,,,,,,,,,,,,,,,,109.227,0.9684820771217346,254482.3584690805,True,init,3364562.4662049846,0.833268564968558,True,disabled,1.308479249847102,True,True,True,disabled,True,init,1.2803382648970303,26.63083800000001,2.5691619999999773
000010.jpg,,,,,,,,,,,,,,,,,,,,,,,,,,,,,,,,,,,,,109.47518931049854,0.9941038489341736,254480.81300870492,False,raw_refined_full,3364561.732894216,0.824118561435738,False,pose_yaw_jump,8.592361305250256,True,False,False,temporal_xy,True,ok,0.502593153104627,-155.93831169165674,174.86168830834328
000010.jpg,,,,,,,,,,,,,,,,,,,,,,,,,,,,,,,,,,,,,109.47518931049854,0.9919357299804688,254480.81300870492,False,refined_corrected_yaw,3364561.732894216,0.8230233872677171,True,ok,1.6023380538355294,True,False,False,temporal_xy,True,ok,0.502593153104627,24.061688308343264,5.138311691656725
000010.jpg,,,,,,,,,,,,,,,,,,,,,,,,,,,,,,,,,,,,,109.227,0.9919357299804688,254480.81300870492,False,refined_freeze_alt_corrected_yaw,3364561.732894216,0.8230233872677171,True,ok,1.597374267625559,True,False,False,temporal_xy,True,ok,0.502593153104627,24.061688308343264,5.138311691656725
000010.jpg,,,,,,,,,,,,,,,,,,,,,,,,,,,,,,,,,,,,,109.227,0.9691162705421448,254480.81300870492,False,refined_freeze_alt_init_yaw,3364561.732894216,0.8313608422242634,True,ok,1.4627087375079055,True,False,False,temporal_xy,True,ok,0.502593153104627,26.63083800000001,2.5691619999999773
000010.jpg,,,,,,,,,,,,,,,,,,,,,,,,,,,,,,,,,,,,,107.92184900000001,0.9366739988327026,254482.94951383042,True,temporal_predicted,3364564.8521934315,0.8423655762029252,True,ok,1.2926420299764718,False,False,True,ok,True,ok,3.5296266271570294,27.572969,1.6270309999999881
000011.jpg,,,,,,,,,,,,,,,,,,,,,,,,,,,,,,,,,,,,,106.494,0.9296947121620178,254479.81853938298,True,init,3364560.08198679,0.8377056705034955,True,disabled,1.4410886806237269,True,True,True,disabled,True,init,3.203487099633923,29.452868999999993,0.252869000000004
000011.jpg,,,,,,,,,,,,,,,,,,,,,,,,,,,,,,,,,,,,,106.66971414443105,0.8829033374786377,254482.65698962996,False,raw_refined_full,3364559.9598682406,0.8757679542405198,False,pose_yaw_jump,8.52207662668086,True,False,False,temporal_xy,True,ok,2.7713626230716426,-150.29260601393997,179.49260601393996
000011.jpg,,,,,,,,,,,,,,,,,,,,,,,,,,,,,,,,,,,,,106.66971414443105,0.8805739283561707,254482.65698962996,False,refined_corrected_yaw,3364559.9598682406,0.8768801638302379,True,ok,1.4517020924915085,True,False,False,temporal_xy,True,ok,2.7713626230716426,29.707393986060026,0.5073939860600376
000011.jpg,,,,,,,,,,,,,,,,,,,,,,,,,,,,,,,,,,,,,106.494,0.8805739283561707,254482.65698962996,False,refined_freeze_alt_corrected_yaw,3364559.9598682406,0.8768801638302379,True,ok,1.4481878096028875,True,False,False,temporal_xy,True,ok,2.7713626230716426,29.707393986060026,0.5073939860600376
000011.jpg,,,,,,,,,,,,,,,,,,,,,,,,,,,,,,,,,,,,,106.494,0.8915342092514038,254482.65698962996,False,refined_freeze_alt_init_yaw,3364559.9598682406,0.8676294047030577,True,ok,1.4590466875346066,True,False,False,temporal_xy,True,ok,2.7713626230716426,29.452868999999993,0.252869000000004
000011.jpg,,,,,,,,,,,,,,,,,,,,,,,,,,,,,,,,,,,,,109.326837,0.9522270560264587,254482.84632908087,False,temporal_predicted,3364563.339126984,0.8356224842878328,False,pose_alt_jump,1.5240648895348579,False,False,True,ok,True,ok,1.2803326440053782,26.63083800000001,2.5691619999999773
000012.jpg,,,,,,,,,,,,,,,,,,,,,,,,,,,,,,,,,,,,,109.803,0.9326409697532654,254483.8746456505,True,init,3364561.253041241,0.843853175373859,True,disabled,1.3630003905411887,True,True,True,disabled,True,init,2.723877216987456,30.843849000000006,1.6438490000000172
000012.jpg,,,,,,,,,,,,,,,,,,,,,,,,,,,,,,,,,,,,,109.82035901676863,0.9849582314491272,254484.68370011036,False,raw_refined_full,3364558.7668701666,0.8239905365560832,False,pose_yaw_jump,8.751522322284682,True,False,False,temporal_xy,True,ok,5.276155557943339,-147.51466125077957,176.71466125077956
000012.jpg,,,,,,,,,,,,,,,,,,,,,,,,,,,,,,,,,,,,,109.82035901676863,0.9817662835121155,254484.68370011036,False,refined_corrected_yaw,3364558.7668701666,0.8257914158088949,True,ok,1.696118217844254,True,False,False,temporal_xy,True,ok,5.276155557943339,32.48533874922043,3.2853387492204433
000012.jpg,,,,,,,,,,,,,,,,,,,,,,,,,,,,,,,,,,,,,109.803,0.9817662835121155,254484.68370011036,False,refined_freeze_alt_corrected_yaw,3364558.7668701666,0.8257914158088949,True,ok,1.6957710375088813,True,False,False,temporal_xy,True,ok,5.276155557943339,32.48533874922043,3.2853387492204433
000012.jpg,,,,,,,,,,,,,,,,,,,,,,,,,,,,,,,,,,,,,109.803,0.9432584643363953,254484.68370011036,False,refined_freeze_alt_init_yaw,3364558.7668701666,0.8412577905683363,True,ok,1.5733560661590207,True,False,False,temporal_xy,True,ok,5.276155557943339,30.843849000000006,1.6438490000000172
000012.jpg,,,,,,,,,,,,,,,,,,,,,,,,,,,,,,,,,,,,,106.682604,0.9334903955459595,254480.3063993835,False,temporal_predicted,3364560.9549087896,0.8368262151521036,False,pose_alt_jump,1.4333460454557163,False,False,True,ok,True,ok,3.2034790350021636,29.452868999999993,0.252869000000004
000013.jpg,,,,,,,,,,,,,,,,,,,,,,,,,,,,,,,,,,,,,109.206,0.9625040888786316,254484.66122530203,True,init,3364565.547452807,0.8339515331355094,True,disabled,1.423929894623393,True,True,True,disabled,True,init,2.2348875689085874,26.536040000000014,2.6639599999999746
000013.jpg,,,,,,,,,,,,,,,,,,,,,,,,,,,,,,,,,,,,,109.46353320311755,0.98671954870224,254482.31900012342,False,raw_refined_full,3364564.4220352313,0.8264978098064152,False,pose_yaw_jump,8.525764048107343,True,False,False,temporal_xy,True,ok,0.46694232468168984,-156.12410592177693,174.6758940782231
000013.jpg,,,,,,,,,,,,,,,,,,,,,,,,,,,,,,,,,,,,,109.46353320311755,0.9924823641777039,254482.31900012342,False,refined_corrected_yaw,3364564.4220352313,0.8248021760633036,True,ok,1.687672169195908,True,False,False,temporal_xy,True,ok,0.46694232468168984,23.87589407822307,5.324105921776919
000013.jpg,,,,,,,,,,,,,,,,,,,,,,,,,,,,,,,,,,,,,109.206,0.9924823641777039,254482.31900012342,False,refined_freeze_alt_corrected_yaw,3364564.4220352313,0.8248021760633036,True,ok,1.6825215051335571,True,False,False,temporal_xy,True,ok,0.46694232468168984,23.87589407822307,5.324105921776919
000013.jpg,,,,,,,,,,,,,,,,,,,,,,,,,,,,,,,,,,,,,109.206,0.9648157358169556,254482.31900012342,False,refined_freeze_alt_init_yaw,3364564.4220352313,0.8342518016108521,True,ok,1.5379216158803586,True,False,False,temporal_xy,True,ok,0.46694232468168984,26.536040000000014,2.6639599999999746
000013.jpg,,,,,,,,,,,,,,,,,,,,,,,,,,,,,,,,,,,,,109.636029,0.9231431484222412,254484.3625056511,True,temporal_predicted,3364562.12596324,0.8455207008619472,True,ok,1.380066997032518,False,False,True,ok,True,ok,2.723881657982394,30.843849000000006,1.6438490000000172
000014.jpg,,,,,,,,,,,,,,,,,,,,,,,,,,,,,,,,,,,,,106.413,0.8819584250450134,254485.1087452324,True,init,3364567.0235949475,0.8640974710034406,True,disabled,1.2332913039254325,True,True,True,disabled,True,init,2.5811389570430356,29.894059999999996,0.6940600000000074
000014.jpg,,,,,,,,,,,,,,,,,,,,,,,,,,,,,,,,,,,,,106.72593248542398,0.91989666223526,254482.20908413167,False,raw_refined_full,3364566.0930495965,0.8490050721810378,False,pose_yaw_jump,8.614332360596007,True,False,False,temporal_xy,True,ok,1.3746283848240997,-149.40934625729287,178.60934625729286
000014.jpg,,,,,,,,,,,,,,,,,,,,,,,,,,,,,,,,,,,,,106.72593248542398,0.9132604002952576,254482.20908413167,False,refined_corrected_yaw,3364566.0930495965,0.8497676728265882,True,ok,1.5871806861132465,True,False,False,temporal_xy,True,ok,1.3746283848240997,30.590653742707133,1.3906537427071441
000014.jpg,,,,,,,,,,,,,,,,,,,,,,,,,,,,,,,,,,,,,106.413,0.9132604002952576,254482.20908413167,False,refined_freeze_alt_corrected_yaw,3364566.0930495965,0.8497676728265882,True,ok,1.580922036404767,True,False,False,temporal_xy,True,ok,1.3746283848240997,30.590653742707133,1.3906537427071441
000014.jpg,,,,,,,,,,,,,,,,,,,,,,,,,,,,,,,,,,,,,106.413,0.8161041140556335,254482.20908413167,False,refined_freeze_alt_init_yaw,3364566.0930495965,0.8965346007874295,True,ok,1.396131646576118,True,False,False,temporal_xy,True,ok,1.3746283848240997,29.894059999999996,0.6940600000000074
000014.jpg,,,,,,,,,,,,,,,,,,,,,,,,,,,,,,,,,,,,,109.13634400000001,0.958165168762207,254485.14908530223,False,temporal_predicted,3364566.420374806,0.8379562302699252,False,pose_alt_jump,1.4003057013644562,False,False,True,ok,True,ok,2.234888510699766,26.536040000000014,2.6639599999999746
000015.jpg,,,,,,,,,,,,,,,,,,,,,,,,,,,,,,,,,,,,,107.784,0.8748925924301147,254483.00355278433,True,init,3364568.43274937,0.8677986444507201,True,disabled,1.2792080622736464,True,True,True,disabled,True,init,2.4619942690420635,29.16351800000001,0.03648199999997814
000015.jpg,,,,,,,,,,,,,,,,,,,,,,,,,,,,,,,,,,,,,108.175697109662,0.9366715550422668,254481.07454714348,False,raw_refined_full,3364569.913282356,0.847130048009037,False,pose_yaw_jump,8.825708566161754,True,False,False,temporal_xy,True,ok,4.6706816851402,-150.8768455399889,179.92315446001112
000015.jpg,,,,,,,,,,,,,,,,,,,,,,,,,,,,,,,,,,,,,108.175697109662,0.9320216774940491,254481.07454714348,False,refined_corrected_yaw,3364569.913282356,0.8470417961027958,True,ok,1.6114695992569104,True,False,False,temporal_xy,True,ok,4.6706816851402,29.123154460011108,0.07684553998888077
000015.jpg,,,,,,,,,,,,,,,,,,,,,,,,,,,,,,,,,,,,,107.784,0.9320867657661438,254481.07454714345,False,refined_freeze_alt_corrected_yaw,3364569.9132823553,0.8470241457215476,True,ok,1.603727703128951,True,False,False,temporal_xy,True,ok,4.670681684394185,29.123154460011108,0.07684553998888077
000015.jpg,,,,,,,,,,,,,,,,,,,,,,,,,,,,,,,,,,,,,107.784,0.9352331161499023,254481.07454714345,False,refined_freeze_alt_init_yaw,3364569.9132823553,0.8457709686529229,True,ok,1.6069626090556526,True,False,False,temporal_xy,True,ok,4.670681684394185,29.16351800000001,0.03648199999997814
000015.jpg,,,,,,,,,,,,,,,,,,,,,,,,,,,,,,,,,,,,,106.455289,0.8853235244750977,254485.59660523236,True,temporal_predicted,3364567.8965169466,0.866510166619599,True,ok,1.3189932888074163,False,False,True,ok,True,ok,2.5811408287714133,29.894059999999996,0.6940600000000074
000016.jpg,,,,,,,,,,,,,,,,,,,,,,,,,,,,,,,,,,,,,106.164,0.8801686763763428,254485.271222078,True,init,3364564.332316524,0.8590912303017455,True,disabled,1.4084892716698247,True,True,True,disabled,True,init,2.822842154450397,28.990073999999993,0.20992599999999584
000016.jpg,,,,,,,,,,,,,,,,,,,,,,,,,,,,,,,,,,,,,106.62513930723071,0.9379915595054626,254486.5174172923,False,raw_refined_full,3364561.781661545,0.8388983110734224,False,pose_yaw_jump,9.023932989305212,True,False,False,temporal_xy,True,ok,5.656950253682657,-151.22680446942502,179.573195530575
000016.jpg,,,,,,,,,,,,,,,,,,,,,,,,,,,,,,,,,,,,,106.62513930723071,0.9361647367477417,254486.5174172923,False,refined_corrected_yaw,3364561.781661545,0.8397816408734365,True,ok,1.7926309612765952,True,False,False,temporal_xy,True,ok,5.656950253682657,28.77319553057498,0.42680446942500794
000016.jpg,,,,,,,,,,,,,,,,,,,,,,,,,,,,,,,,,,,,,106.164,0.9361647367477417,254486.5174172923,False,refined_freeze_alt_corrected_yaw,3364561.781661545,0.8397816408734365,True,ok,1.783408175131981,True,False,False,temporal_xy,True,ok,5.656950253682657,28.77319553057498,0.42680446942500794
000016.jpg,,,,,,,,,,,,,,,,,,,,,,,,,,,,,,,,,,,,,106.164,0.9449461102485657,254486.5174172923,False,refined_freeze_alt_init_yaw,3364561.781661545,0.8344816620733517,True,ok,1.790009936325422,True,False,False,temporal_xy,True,ok,5.656950253682657,28.990073999999993,0.20992599999999584
000016.jpg,,,,,,,,,,,,,,,,,,,,,,,,,,,,,,,,,,,,,105.12650500000001,0.8731884360313416,254483.49141278423,True,temporal_predicted,3364569.3056713697,0.870556851105929,True,ok,1.4098429796781515,False,False,True,ok,True,ok,2.4619882368611528,29.16351800000001,0.03648199999997814
000017.jpg,,,,,,,,,,,,,,,,,,,,,,,,,,,,,,,,,,,,,105.778,0.9011416435241699,254486.20797691398,True,init,3364566.2685146267,0.8591457162052262,True,disabled,1.226968392903696,True,True,True,disabled,True,init,2.1525968802951216,30.410404,1.2104040000000111
000017.jpg,,,,,,,,,,,,,,,,,,,,,,,,,,,,,,,,,,,,,106.26239303685725,0.9635072946548462,254486.39773911267,False,raw_refined_full,3364563.932099504,0.8347300307627029,False,pose_yaw_jump,8.599112747034406,True,False,False,temporal_yaw,True,ok,4.24318320234815,-148.37388167627282,177.5738816762728
000017.jpg,,,,,,,,,,,,,,,,,,,,,,,,,,,,,,,,,,,,,106.26239303685725,0.9648752212524414,254486.39773911267,True,refined_corrected_yaw,3364563.932099504,0.8341819596195326,True,ok,1.511689252329542,True,False,True,ok,True,ok,4.24318320234815,31.626118323727184,2.426118323727195
000017.jpg,,,,,,,,,,,,,,,,,,,,,,,,,,,,,,,,,,,,,105.778,0.9649450182914734,254486.39773911267,True,refined_freeze_alt_corrected_yaw,3364563.9320995035,0.8341642799052368,True,ok,1.5020965253664404,True,False,True,ok,True,ok,4.24318320277636,31.626118323727184,2.426118323727195
000017.jpg,,,,,,,,,,,,,,,,,,,,,,,,,,,,,,,,,,,,,105.778,0.9223493337631226,254486.39773911267,True,refined_freeze_alt_init_yaw,3364563.9320995035,0.8496163501997808,True,ok,1.3907473036097042,True,False,True,ok,True,ok,4.24318320277636,30.410404,1.2104040000000111
000017.jpg,,,,,,,,,,,,,,,,,,,,,,,,,,,,,,,,,,,,,105.29101800000001,0.8882290124893188,254485.75908207853,True,temporal_predicted,3364565.2052385244,0.8587921219193098,True,ok,1.2227324358492226,False,False,True,ok,True,ok,2.8228414558787605,28.990073999999993,0.20992599999999584
000018.jpg,,,,,,,,,,,,,,,,,,,,,,,,,,,,,,,,,,,,,100.245,0.9773531556129456,254484.68431592503,True,init,3364570.60282092,0.8255221644487529,True,disabled,1.4220879393027765,True,True,True,disabled,True,init,1.9696578583330149,32.782351000000006,3.582351000000017
000018.jpg,,,,,,,,,,,,,,,,,,,,,,,,,,,,,,,,,,,,,100.06877508573234,0.9960372447967529,254482.89051111197,False,raw_refined_full,3364571.7770830654,0.8191239975323874,False,pose_yaw_jump,8.640124841352522,True,False,False,temporal_xy,True,ok,3.8528846706438142,-143.63969625196748,172.83969625196747
000018.jpg,,,,,,,,,,,,,,,,,,,,,,,,,,,,,,,,,,,,,100.06877508573234,0.9983124732971191,254482.89051111197,False,refined_corrected_yaw,3364571.7770830654,0.8181017008901031,True,ok,1.8044973751995563,True,False,False,temporal_xy,True,ok,3.8528846706438142,36.36030374803252,7.160303748032533
000018.jpg,,,,,,,,,,,,,,,,,,,,,,,,,,,,,,,,,,,,,100.245,0.9983124732971191,254482.8905111119,False,refined_freeze_alt_corrected_yaw,3364571.777083065,0.8181017008901031,True,ok,1.8009728768877362,True,False,False,temporal_xy,True,ok,3.852884670307925,36.36030374803252,7.160303748032533
000018.jpg,,,,,,,,,,,,,,,,,,,,,,,,,,,,,,,,,,,,,100.245,0.9837038516998291,254482.8905111119,False,refined_freeze_alt_init_yaw,3364571.777083065,0.8273552480831938,True,ok,1.6336540929201773,True,False,False,temporal_xy,True,ok,3.852884670307925,32.782351000000006,3.582351000000017
000018.jpg,,,,,,,,,,,,,,,,,,,,,,,,,,,,,,,,,,,,,100.070977,0.8938940167427063,254486.69583691366,True,temporal_predicted,3364567.1414366257,0.8617255662289592,True,ok,1.3039719761863902,False,False,True,ok,True,ok,2.1526008405947734,30.410404,1.2104040000000111
000019.jpg,,,,,,,,,,,,,,,,,,,,,,,,,,,,,,,,,,,,,99.491,0.9694787859916687,254480.98551870402,True,init,3364572.22926911,0.8267564454682378,True,disabled,1.4613413967495008,True,True,True,disabled,True,init,5.4133746982210145,29.01227800000001,0.18772199999997952
000019.jpg,,,,,,,,,,,,,,,,,,,,,,,,,,,,,,,,,,,,,99.57377128023654,0.9675270915031433,254480.99483005406,False,raw_refined_full,3364577.4280217374,0.8333126605829716,False,pose_yaw_jump,8.936364023444709,True,False,False,temporal_xy,True,ok,9.153740605222882,-151.18188006044912,179.61811993955087
000019.jpg,,,,,,,,,,,,,,,,,,,,,,,,,,,,,,,,,,,,,99.57377128023654,0.976161003112793,254480.99483005406,False,refined_corrected_yaw,3364577.4280217374,0.8321963320634358,True,ok,1.8830501463498914,True,False,False,temporal_xy,True,ok,9.153740605222882,28.818119939550883,0.38188006044910594
000019.jpg,,,,,,,,,,,,,,,,,,,,,,,,,,,,,,,,,,,,,99.491,0.9761852025985718,254480.99483005406,False,refined_freeze_alt_corrected_yaw,3364577.428021737,0.8321963320634358,True,ok,1.881419682038878,True,False,False,temporal_xy,True,ok,9.153740604823637,28.818119939550883,0.38188006044910594
000019.jpg,,,,,,,,,,,,,,,,,,,,,,,,,,,,,,,,,,,,,99.491,0.9823455214500427,254480.99483005406,False,refined_freeze_alt_init_yaw,3364577.428021737,0.8249313369362984,True,ok,1.8872726132841666,True,False,False,temporal_xy,True,ok,9.153740604823637,29.01227800000001,0.18772199999997952
000019.jpg,,,,,,,,,,,,,,,,,,,,,,,,,,,,,,,,,,,,,100.285455,0.9775882959365845,254485.17217592476,True,temporal_predicted,3364571.47574292,0.8276424204837424,True,ok,1.4847093359641714,False,False,True,ok,True,ok,1.9696621918252362,32.782351000000006,3.582351000000017
000020.jpg,,,,,,,,,,,,,,,,,,,,,,,,,,,,,,,,,,,,,97.778,0.9344969987869263,254483.17411780026,True,init,3364574.2243611068,0.8433147139927879,True,disabled,1.284997119161201,True,True,True,disabled,True,init,4.831679570647073,30.333890999999994,1.1338910000000055
000020.jpg,,,,,,,,,,,,,,,,,,,,,,,,,,,,,,,,,,,,,97.6921463990584,0.9791739583015442,254481.32886928163,False,raw_refined_full,3364578.7926436327,0.824878031535035,False,pose_yaw_jump,8.922650369371624,True,False,False,temporal_xy,True,ok,9.655246049657773,-148.5316592484541,177.7316592484541
000020.jpg,,,,,,,,,,,,,,,,,,,,,,,,,,,,,,,,,,,,,97.6921463990584,0.9775472283363342,254481.32886928163,False,refined_corrected_yaw,3364578.7926436327,0.8263982181998162,True,ok,1.8241552742564269,True,False,False,temporal_xy,True,ok,9.655246049657773,31.468340751545895,2.2683407515459066
000020.jpg,,,,,,,,,,,,,,,,,,,,,,,,,,,,,,,,,,,,,97.778,0.9775641560554504,254481.32886928163,False,refined_freeze_alt_corrected_yaw,3364578.792643632,0.8263982181998162,True,ok,1.8224563164052032,True,False,False,temporal_xy,True,ok,9.655246048853328,31.468340751545895,2.2683407515459066
000020.jpg,,,,,,,,,,,,,,,,,,,,,,,,,,,,,,,,,,,,,97.778,0.9922983646392822,254481.32886928163,False,refined_freeze_alt_init_yaw,3364578.792643632,0.817754366117514,True,ok,1.8014891724373767,True,False,False,temporal_xy,True,ok,9.655246048853328,30.333890999999994,1.1338910000000055
000020.jpg,,,,,,,,,,,,,,,,,,,,,,,,,,,,,,,,,,,,,99.505111,0.9620209336280823,254481.4733787053,True,temporal_predicted,3364573.10219111,0.829173442692498,True,ok,1.3631338188472693,False,False,True,ok,True,ok,5.413377735545754,29.01227800000001,0.18772199999997952
000021.jpg,,,,,,,,,,,,,,,,,,,,,,,,,,,,,,,,,,,,,98.647,0.9541279077529907,254490.58757483566,True,init,3364566.5267074187,0.8340078122250766,True,disabled,1.7919893704837542,True,True,True,disabled,True,init,6.187424118118592,26.58156600000001,2.6184339999999793
000021.jpg,,,,,,,,,,,,,,,,,,,,,,,,,,,,,,,,,,,,,98.5464464975521,0.9683997631072998,254491.92145678657,False,raw_refined_full,3364560.3370414674,0.8294330858289052,False,pose_yaw_jump,9.39067261188935,True,False,False,temporal_xy,True,ok,12.173872804662148,-156.0320884338501,174.7679115661499
000021.jpg,,,,,,,,,,,,,,,,,,,,,,,,,,,,,,,,,,,,,98.5464464975521,0.9768528342247009,254491.92145678657,False,refined_corrected_yaw,3364560.3370414674,0.8261428018439666,True,ok,2.541567000874182,True,False,False,temporal_xy,True,ok,12.173872804662148,23.967911566149894,5.232088433850095
000021.jpg,,,,,,,,,,,,,,,,,,,,,,,,,,,,,,,,,,,,,98.647,0.9768528342247009,254491.92145678782,False,refined_freeze_alt_corrected_yaw,3364560.3370414674,0.8261428018439666,True,ok,2.5395559308689624,True,False,False,temporal_xy,True,ok,12.173872805200762,23.967911566149894,5.232088433850095
000021.jpg,,,,,,,,,,,,,,,,,,,,,,,,,,,,,,,,,,,,,98.647,0.9750592708587646,254491.92145678782,False,refined_freeze_alt_init_yaw,3364560.3370414674,0.8268817961079635,True,ok,2.4323909658277074,True,False,False,temporal_xy,True,ok,12.173872805200762,26.58156600000001,2.6184339999999793
000021.jpg,,,,,,,,,,,,,,,,,,,,,,,,,,,,,,,,,,,,,97.687791,0.931695818901062,254483.66197779984,False,temporal_predicted,3364575.097283106,0.8441953760073195,False,pose_xy_jump,1.7774754189153148,False,False,True,ok,True,ok,4.831674968968841,30.333890999999994,1.1338910000000055
000022.jpg,,,,,,,,,,,,,,,,,,,,,,,,,,,,,,,,,,,,,100.876,0.9875261783599854,254487.90199036128,True,init,3364576.7417608076,0.8275916868257023,True,disabled,1.6844850234145117,True,True,True,disabled,True,init,4.601743672001107,25.643771000000015,3.5562289999999734
000022.jpg,,,,,,,,,,,,,,,,,,,,,,,,,,,,,,,,,,,,,100.97793351486325,1.0103944540023804,254483.75077467615,False,raw_refined_full,3364579.0604022094,0.8199636254480603,False,pose_yaw_jump,9.19443201238342,True,False,False,temporal_xy,True,ok,7.666408431115938,-157.90846655167607,172.8915334483239
000022.jpg,,,,,,,,,,,,,,,,,,,,,,,,,,,,,,,,,,,,,100.97793351486325,0.99680495262146,254483.75077467615,False,refined_corrected_yaw,3364579.0604022094,0.8227888333657055,True,ok,2.2757548357103135,True,False,False,temporal_xy,True,ok,7.666408431115938,22.09153344832393,7.1084665516760595
000022.jpg,,,,,,,,,,,,,,,,,,,,,,,,,,,,,,,,,,,,,100.876,0.99680495262146,254483.75077467615,False,refined_freeze_alt_corrected_yaw,3364579.060402209,0.8227888333657055,True,ok,2.2737161653819786,True,False,False,temporal_xy,True,ok,7.666408430699151,22.09153344832393,7.1084665516760595
000022.jpg,,,,,,,,,,,,,,,,,,,,,,,,,,,,,,,,,,,,,100.876,0.982164204120636,254483.75077467615,False,refined_freeze_alt_init_yaw,3364579.060402209,0.826073137569968,True,ok,2.1135166777042933,True,False,False,temporal_xy,True,ok,7.666408430699151,25.643771000000015,3.5562289999999734
000022.jpg,,,,,,,,,,,,,,,,,,,,,,,,,,,,,,,,,,,,,98.55034500000001,0.946854829788208,254491.07543483694,False,temporal_predicted,3364567.3996294187,0.8394575600798121,False,pose_xy_jump,1.6779471661970364,False,False,True,ok,True,ok,6.187420297670224,26.58156600000001,2.6184339999999793
000023.jpg,,,,,,,,,,,,,,,,,,,,,,,,,,,,,,,,,,,,,100.326,0.8774701952934265,254485.93284718867,True,init,3364575.1821985436,0.8654976937431781,True,disabled,1.3953469659448774,True,True,True,disabled,True,init,2.7257827861494097,30.04242099999999,0.8424210000000016
000023.jpg,,,,,,,,,,,,,,,,,,,,,,,,,,,,,,,,,,,,,100.24625324923545,0.9333964586257935,254484.79142691713,False,raw_refined_full,3364577.6060411194,0.8443540720397169,False,pose_yaw_jump,8.659584521192764,True,False,False,temporal_xy,True,ok,5.364421732241405,-149.11473503966832,178.3147350396683
000023.jpg,,,,,,,,,,,,,,,,,,,,,,,,,,,,,,,,,,,,,100.24625324923545,0.9293866753578186,254484.79142691713,False,refined_corrected_yaw,3364577.6060411194,0.8451991127072991,True,ok,1.6511279391350315,True,False,False,temporal_xy,True,ok,5.364421732241405,30.885264960331682,1.6852649603316934
000023.jpg,,,,,,,,,,,,,,,,,,,,,,,,,,,,,,,,,,,,,100.326,0.9293866753578186,254484.79142691713,False,refined_freeze_alt_corrected_yaw,3364577.6060411194,0.8451991127072991,True,ok,1.6495330041197407,True,False,False,temporal_xy,True,ok,5.364421732241405,30.885264960331682,1.6852649603316934
000023.jpg,,,,,,,,,,,,,,,,,,,,,,,,,,,,,,,,,,,,,100.326,0.9431669116020203,254484.79142691713,False,refined_freeze_alt_init_yaw,3364577.6060411194,0.8385092074222739,True,ok,1.6382136573304213,True,False,False,temporal_xy,True,ok,5.364421732241405,30.04242099999999,0.8424210000000016
000023.jpg,,,,,,,,,,,,,,,,,,,,,,,,,,,,,,,,,,,,,100.77023200000001,0.9859498143196106,254488.38985036217,False,temporal_predicted,3364577.6146828076,0.8274004436463505,True,ok,1.5659565525811965,False,False,True,ok,False,visual_chamfer_worse,4.601748868271049,25.643771000000015,3.5562289999999734
000024.jpg,,,,,,,,,,,,,,,,,,,,,,,,,,,,,,,,,,,,,98.711,0.8774460554122925,254485.90709415788,True,init,3364574.8358719144,0.8731106088430569,True,disabled,1.2180381221050058,True,True,True,disabled,True,init,2.4094077629936126,28.792519,0.40748099999999
000024.jpg,,,,,,,,,,,,,,,,,,,,,,,,,,,,,,,,,,,,,98.78711446467787,0.917370617389679,254486.2904501694,False,raw_refined_full,3364577.134258743,0.8557882469275322,False,pose_yaw_jump,8.549864393079112,True,False,False,temporal_yaw,True,ok,3.68999433076179,-151.61716964047173,179.18283035952828
000024.jpg,,,,,,,,,,,,,,,,,,,,,,,,,,,,,,,,,,,,,98.78711446467787,0.9060757160186768,254486.2904501694,True,refined_corrected_yaw,3364577.134258743,0.8593904506286199,True,ok,1.3870012863402978,True,False,True,ok,True,ok,3.68999433076179,28.38283035952827,0.8171696404717181
000024.jpg,,,,,,,,,,,,,,,,,,,,,,,,,,,,,,,,,,,,,98.711,0.9060757160186768,254486.2904501694,True,refined_freeze_alt_corrected_yaw,3364577.134258743,0.8593904506286199,True,ok,1.3854789970467407,True,False,True,ok,True,ok,3.68999433076179,28.38283035952827,0.8171696404717181
000024.jpg,,,,,,,,,,,,,,,,,,,,,,,,,,,,,,,,,,,,,98.711,0.8877996802330017,254486.2904501694,True,refined_freeze_alt_init_yaw,3364577.134258743,0.8615623675660404,True,ok,1.3460908628325816,True,False,True,ok,True,ok,3.68999433076179,28.792519,0.40748099999999
000024.jpg,,,,,,,,,,,,,,,,,,,,,,,,,,,,,,,,,,,,,100.306078,0.8774185180664062,254486.4207071887,True,temporal_predicted,3364576.0551205436,0.8649879926543297,True,ok,1.2580309147736677,False,False,True,ok,True,ok,2.7257780591155805,30.04242099999999,0.8424210000000016
000025.jpg,,,,,,,,,,,,,,,,,,,,,,,,,,,,,,,,,,,,,99.056,0.8637592196464539,254486.42999527688,True,init,3364575.979178011,0.8703373208700723,True,disabled,1.1477252023025335,True,True,True,disabled,True,init,2.4909342869597335,29.014031999999986,0.18596800000000258
000025.jpg,,,,,,,,,,,,,,,,,,,,,,,,,,,,,,,,,,,,,99.07491618581116,0.9127248525619507,254486.3480447891,False,raw_refined_full,3364578.409509781,0.8513773788277702,False,pose_yaw_jump,8.696612233154328,True,False,False,temporal_xy,True,ok,4.25747989444992,-151.16854393440616,179.63145606559385
000025.jpg,,,,,,,,,,,,,,,,,,,,,,,,,,,,,,,,,,,,,99.07491618581116,0.9113009572029114,254486.3480447891,False,refined_corrected_yaw,3364578.409509781,0.8511299984096973,True,ok,1.4653608974104542,True,False,False,temporal_xy,True,ok,4.25747989444992,28.83145606559384,0.36854393440614786
000025.jpg,,,,,,,,,,,,,,,,,,,,,,,,,,,,,,,,,,,,,99.056,0.9113083481788635,254486.34804478905,False,refined_freeze_alt_corrected_yaw,3364578.4095097794,0.8511299984096973,True,ok,1.464991130309651,True,False,False,temporal_xy,True,ok,4.257479893302507,28.83145606559384,0.36854393440614786
000025.jpg,,,,,,,,,,,,,,,,,,,,,,,,,,,,,,,,,,,,,99.056,0.9156579375267029,254486.34804478905,False,refined_freeze_alt_init_yaw,3364578.4095097794,0.851465728977082,True,ok,1.469691050012511,True,False,False,temporal_xy,True,ok,4.257479893302507,29.014031999999986,0.18596800000000258
000025.jpg,,,,,,,,,,,,,,,,,,,,,,,,,,,,,,,,,,,,,98.731953,0.8785263895988464,254486.39495415788,True,temporal_predicted,3364575.7087939144,0.8734649161557083,True,ok,1.1681749433464639,False,False,True,ok,True,ok,2.4094100055232945,28.792519,0.40748099999999
000026.jpg,,,,,,,,,,,,,,,,,,,,,,,,,,,,,,,,,,,,,98.281,0.9641966819763184,254488.4562069574,True,init,3364571.835577877,0.8339333696282116,True,disabled,1.4803987883901966,True,True,True,disabled,True,init,3.9117022155153895,31.612899,2.41289900000001
000026.jpg,,,,,,,,,,,,,,,,,,,,,,,,,,,,,,,,,,,,,98.42175522167236,0.9924424886703491,254491.8018166236,False,raw_refined_full,3364570.1980920564,0.8200417976501994,False,pose_yaw_jump,8.890212901078375,True,False,False,temporal_xy,True,ok,6.111465148292453,-145.9762973244767,175.17629732447668
000026.jpg,,,,,,,,,,,,,,,,,,,,,,,,,,,,,,,,,,,,,98.42175522167236,0.9960617423057556,254491.8018166236,False,refined_corrected_yaw,3364570.1980920564,0.8226585412971321,True,ok,1.9605577200926456,True,False,False,temporal_xy,True,ok,6.111465148292453,34.02370267552331,4.823702675523322
000026.jpg,,,,,,,,,,,,,,,,,,,,,,,,,,,,,,,,,,,,,98.281,0.9960617423057556,254491.8018166236,False,refined_freeze_alt_corrected_yaw,3364570.1980920564,0.8226585412971321,True,ok,1.9577426156591988,True,False,False,temporal_xy,True,ok,6.111465148292453,34.02370267552331,4.823702675523322
000026.jpg,,,,,,,,,,,,,,,,,,,,,,,,,,,,,,,,,,,,,98.281,0.966693103313446,254491.8018166236,False,refined_freeze_alt_init_yaw,3364570.1980920564,0.8321420417625262,True,ok,1.821367789520533,True,False,False,temporal_xy,True,ok,6.111465148292453,31.612899,2.41289900000001
000026.jpg,,,,,,,,,,,,,,,,,,,,,,,,,,,,,,,,,,,,,99.074916,0.8573015928268433,254486.91785527713,True,temporal_predicted,3364576.852100011,0.870954145519046,True,ok,1.348391929885601,False,False,True,ok,True,ok,2.4909318617514336,29.014031999999986,0.18596800000000258
000027.jpg,,,,,,,,,,,,,,,,,,,,,,,,,,,,,,,,,,,,,100.098,0.9483323097229004,254489.03745466477,True,init,3364572.2441506623,0.8372347755419324,True,disabled,1.2134949331858422,True,True,True,disabled,True,init,4.356765551135366,30.260531000000015,1.0605310000000259
000027.jpg,,,,,,,,,,,,,,,,,,,,,,,,,,,,,,,,,,,,,100.14118784107268,0.9707496762275696,254492.5290214175,False,raw_refined_full,3364570.384431493,0.8306626857233715,False,pose_yaw_jump,8.80094097913577,True,False,False,temporal_xy,True,ok,6.833998338990763,-148.68228028552218,177.88228028552217
000027.jpg,,,,,,,,,,,,,,,,,,,,,,,,,,,,,,,,,,,,,100.14118784107268,0.9571877121925354,254492.5290214175,False,refined_corrected_yaw,3364570.384431493,0.836616433757928,True,ok,1.612049163483543,True,False,False,temporal_xy,True,ok,6.833998338990763,31.317719714477818,2.117719714477829
000027.jpg,,,,,,,,,,,,,,,,,,,,,,,,,,,,,,,,,,,,,100.098,0.9571877121925354,254492.5290214175,False,refined_freeze_alt_corrected_yaw,3364570.384431493,0.836616433757928,True,ok,1.6111854066620894,True,False,False,temporal_xy,True,ok,6.833998338990763,31.317719714477818,2.117719714477829
000027.jpg,,,,,,,,,,,,,,,,,,,,,,,,,,,,,,,,,,,,,100.098,0.9536129236221313,254492.5290214175,False,refined_freeze_alt_init_yaw,3364570.384431493,0.8361217603307245,True,ok,1.6079105274401286,True,False,False,temporal_xy,True,ok,6.833998338990763,30.260531000000015,1.0605310000000259
000027.jpg,,,,,,,,,,,,,,,,,,,,,,,,,,,,,,,,,,,,,98.277866,0.9585722088813782,254488.94406695693,True,temporal_predicted,3364572.7084998763,0.8345140716923132,True,ok,1.2634161133917512,False,False,True,ok,True,ok,3.9116983742262503,31.612899,2.41289900000001
000028.jpg,,,,,,,,,,,,,,,,,,,,,,,,,,,,,,,,,,,,,98.25,0.9729653596878052,254496.42125349495,True,init,3364577.623706178,0.8313223213497041,True,disabled,1.6596912684756973,True,True,True,disabled,True,init,6.327043797561451,26.304710999999998,2.895288999999991
000028.jpg,,,,,,,,,,,,,,,,,,,,,,,,,,,,,,,,,,,,,98.42884639464319,0.9801814556121826,254492.182291147,False,raw_refined_full,3364572.2829771405,0.8270294143626888,False,pose_yaw_jump,8.694043130360512,True,False,False,temporal_xy,True,ok,5.559121183099286,-156.59184292173376,174.20815707826625
000028.jpg,,,,,,,,,,,,,,,,,,,,,,,,,,,,,,,,,,,,,98.42884639464319,0.97916579246521,254492.182291147,False,refined_corrected_yaw,3364572.2829771405,0.8289020404557901,True,ok,1.85619321582298,True,False,False,temporal_xy,True,ok,5.559121183099286,23.408157078266242,5.791842921733746
000028.jpg,,,,,,,,,,,,,,,,,,,,,,,,,,,,,,,,,,,,,98.25,0.97916579246521,254492.18229114692,False,refined_freeze_alt_corrected_yaw,3364572.2829771405,0.8289020404557901,True,ok,1.8526162879286652,True,False,False,temporal_xy,True,ok,5.559121183066534,23.408157078266242,5.791842921733746
000028.jpg,,,,,,,,,,,,,,,,,,,,,,,,,,,,,,,,,,,,,98.25,0.9663311243057251,254492.18229114692,False,refined_freeze_alt_init_yaw,3364572.2829771405,0.8321703029767689,True,ok,1.7202945786001176,True,False,False,temporal_xy,True,ok,5.559121183066534,26.304710999999998,2.895288999999991
000028.jpg,,,,,,,,,,,,,,,,,,,,,,,,,,,,,,,,,,,,,100.045685,0.9410850405693054,254489.52531466522,False,temporal_predicted,3364573.1170726614,0.8374701881459236,False,pose_xy_jump,1.656690961753665,False,False,True,ok,True,ok,4.356761669404111,30.260531000000015,1.0605310000000259
000029.jpg,,,,,,,,,,,,,,,,,,,,,,,,,,,,,,,,,,,,,97.969,0.9849799275398254,254494.55635870708,True,init,3364586.0176285086,0.8274287930062042,True,disabled,1.5986141116958645,True,True,True,disabled,True,init,8.671469170548388,27.905824999999993,1.2941749999999956
000029.jpg,,,,,,,,,,,,,,,,,,,,,,,,,,,,,,,,,,,,,98.05990312527865,1.002833366394043,254485.69830702597,False,raw_refined_full,3364587.144470643,0.8189685561195713,False,pose_xy_jump,9.524733879933432,True,False,False,temporal_xy,True,ok,10.096642191713258,-153.389395695315,177.41060430468502
000029.jpg,,,,,,,,,,,,,,,,,,,,,,,,,,,,,,,,,,,,,98.05990312527865,0.9975730776786804,254485.69830702597,False,refined_corrected_yaw,3364587.144470643,0.8212246192893401,False,pose_xy_jump,2.3798052635728872,True,False,False,temporal_xy,True,ok,10.096642191713258,26.610604304685012,2.589395695314977
000029.jpg,,,,,,,,,,,,,,,,,,,,,,,,,,,,,,,,,,,,,97.969,0.9975708723068237,254485.69830702597,False,refined_freeze_alt_corrected_yaw,3364587.144470642,0.8212422447828539,False,pose_xy_jump,2.3779673365376555,True,False,False,temporal_xy,True,ok,10.096642190898276,26.610604304685012,2.589395695314977
000029.jpg,,,,,,,,,,,,,,,,,,,,,,,,,,,,,,,,,,,,,97.969,0.9827362298965454,254485.69830702597,False,refined_freeze_alt_init_yaw,3364587.144470642,0.8258248730964467,False,pose_xy_jump,2.358323850641584,True,False,False,temporal_xy,True,ok,10.096642190898276,27.905824999999993,1.2941749999999956
000029.jpg,,,,,,,,,,,,,,,,,,,,,,,,,,,,,,,,,,,,,98.328879,0.9823742508888245,254496.90911349526,True,temporal_predicted,3364578.4966281774,0.8317999153976311,True,ok,1.5987951583898121,False,False,True,ok,True,ok,6.327042825108154,26.304710999999998,2.895288999999991
000030.jpg,,,,,,,,,,,,,,,,,,,,,,,,,,,,,,,,,,,,,98.873,0.8890638947486877,254492.86127000826,True,init,3364576.6909749797,0.8628893492994346,True,disabled,1.6705287084163531,True,True,True,disabled,True,init,3.066628486555273,28.500325000000004,0.699674999999985
000030.jpg,,,,,,,,,,,,,,,,,,,,,,,,,,,,,,,,,,,,,99.01478190720081,0.9620370864868164,254493.37946237624,False,raw_refined_full,3364573.3269511596,0.833444534185483,False,pose_yaw_jump,9.340817553464849,True,False,False,temporal_xy,True,ok,6.293078963025317,-152.20461717630909,178.5953828236909
000030.jpg,,,,,,,,,,,,,,,,,,,,,,,,,,,,,,,,,,,,,99.01478190720081,0.9603325724601746,254493.37946237624,False,refined_corrected_yaw,3364573.3269511596,0.8342522035326755,True,ok,2.11850670072974,True,False,False,temporal_xy,True,ok,6.293078963025317,27.795382823690915,1.404617176309074
000030.jpg,,,,,,,,,,,,,,,,,,,,,,,,,,,,,,,,,,,,,98.873,0.9603325724601746,254493.37946237624,False,refined_freeze_alt_corrected_yaw,3364573.3269511596,0.8342522035326755,True,ok,2.1156710625857236,True,False,False,temporal_xy,True,ok,6.293078963025317,27.795382823690915,1.404617176309074
000030.jpg,,,,,,,,,,,,,,,,,,,,,,,,,,,,,,,,,,,,,98.873,0.9517816305160522,254493.37946237624,False,refined_freeze_alt_init_yaw,3364573.3269511596,0.8346911542648453,True,ok,2.1011965087046884,True,False,False,temporal_xy,True,ok,6.293078963025317,28.500325000000004,0.699674999999985
000030.jpg,,,,,,,,,,,,,,,,,,,,,,,,,,,,,,,,,,,,,98.321986,0.9947660565376282,254495.04421870733,False,temporal_predicted,3364586.8905505086,0.8260526038557432,False,pose_xy_jump,1.8372772583199595,False,False,True,ok,False,visual_chamfer_worse,8.671472487700534,27.905824999999993,1.2941749999999956
000031.jpg,,,,,,,,,,,,,,,,,,,,,,,,,,,,,,,,,,,,,100.082,0.9416055679321289,254492.1364406346,True,init,3364583.339386812,0.8409199216336904,True,disabled,1.5049015727246777,True,True,True,disabled,True,init,3.3345583950605704,31.03782000000001,1.837820000000022
000031.jpg,,,,,,,,,,,,,,,,,,,,,,,,,,,,,,,,,,,,,100.09159804228693,0.9810203909873962,254488.56050322775,False,raw_refined_full,3364584.015526128,0.8263586141165258,False,pose_yaw_jump,8.90113817447501,True,False,False,temporal_xy,True,ok,4.968574005438987,-147.13289917429125,176.33289917429124
000031.jpg,,,,,,,,,,,,,,,,,,,,,,,,,,,,,,,,,,,,,100.09159804228693,0.986690878868103,254488.56050322775,False,refined_corrected_yaw,3364584.015526128,0.8255290608397903,True,ok,1.9301592319484462,True,False,False,temporal_xy,True,ok,4.968574005438987,32.86710082570875,3.667100825708758
000031.jpg,,,,,,,,,,,,,,,,,,,,,,,,,,,,,,,,,,,,,100.082,0.9868937730789185,254488.5605032277,False,refined_freeze_alt_corrected_yaw,3364584.0155261275,0.8254231604214837,True,ok,1.9302886483622457,True,False,False,temporal_xy,True,ok,4.968574005102942,32.86710082570875,3.667100825708758
000031.jpg,,,,,,,,,,,,,,,,,,,,,,,,,,,,,,,,,,,,,100.082,0.9384031295776367,254488.5605032277,False,refined_freeze_alt_init_yaw,3364584.0155261275,0.8440263339040189,True,ok,1.7870164118122154,True,False,False,temporal_xy,True,ok,4.968574005102942,31.03782000000001,1.837820000000022
000031.jpg,,,,,,,,,,,,,,,,,,,,,,,,,,,,,,,,,,,,,99.789767,0.8863232135772705,254493.34913000793,True,temporal_predicted,3364577.5638969797,0.8641121132428473,True,ok,1.428843306772409,False,False,True,ok,True,ok,3.066625071500767,28.500325000000004,0.699674999999985
000032.jpg,,,,,,,,,,,,,,,,,,,,,,,,,,,,,,,,,,,,,98.227,0.9845866560935974,254490.78875752963,True,init,3364581.91125158,0.8274647887323944,True,disabled,1.4144636023198371,True,True,True,disabled,True,init,1.5980659612311043,26.300104000000005,2.899895999999984
000032.jpg,,,,,,,,,,,,,,,,,,,,,,,,,,,,,,,,,,,,,98.55814527254552,1.0127696990966797,254490.42406648313,False,raw_refined_full,3364583.390564176,0.8221830985915493,False,pose_yaw_jump,8.422729959160751,True,False,False,temporal_xy,True,ok,2.950160156084373,-156.59032223249915,174.20967776750086
000032.jpg,,,,,,,,,,,,,,,,,,,,,,,,,,,,,,,,,,,,,98.55814527254552,1.0192739963531494,254490.42406648313,False,refined_corrected_yaw,3364583.390564176,0.8202992957746479,True,ok,1.625539440204997,True,False,False,temporal_xy,True,ok,2.950160156084373,23.409677767500852,5.790322232499136
000032.jpg,,,,,,,,,,,,,,,,,,,,,,,,,,,,,,,,,,,,,98.227,1.0192886590957642,254490.42406648313,False,refined_freeze_alt_corrected_yaw,3364583.3905641753,0.8202992957746479,True,ok,1.618931427022113,True,False,False,temporal_xy,True,ok,2.9501601556956527,23.409677767500852,5.790322232499136
000032.jpg,,,,,,,,,,,,,,,,,,,,,,,,,,,,,,,,,,,,,98.227,0.9729408025741577,254490.42406648313,False,refined_freeze_alt_init_yaw,3364583.3905641753,0.8313204225352113,True,ok,1.4452198357017276,True,False,False,temporal_xy,True,ok,2.9501601556956527,26.300104000000005,2.899895999999984
000032.jpg,,,,,,,,,,,,,,,,,,,,,,,,,,,,,,,,,,,,,100.386713,0.9306575059890747,254492.62430063533,False,temporal_predicted,3364584.2123088115,0.8451408450704225,False,pose_alt_jump,1.3852084147614876,False,False,True,ok,True,ok,3.3345526912342964,31.03782000000001,1.837820000000022
000033.jpg,,,,,,,,,,,,,,,,,,,,,,,,,,,,,,,,,,,,,101.18,0.8794280290603638,254494.92402733798,True,init,3364580.030330129,0.8617053117132344,True,disabled,1.4464992548022615,True,True,True,disabled,True,init,2.972509113967172,30.284689000000014,1.0846890000000258
000033.jpg,,,,,,,,,,,,,,,,,,,,,,,,,,,,,,,,,,,,,101.54363748431206,0.9557178020477295,254495.04048036752,False,raw_refined_full,3364576.601646941,0.8365640240145072,False,pose_yaw_jump,8.908061870799882,True,False,False,temporal_xy,True,ok,5.770785811588755,-148.62594855522877,177.82594855522876
000033.jpg,,,,,,,,,,,,,,,,,,,,,,,,,,,,,,,,,,,,,101.54363748431206,0.9558410048484802,254495.04048036752,False,refined_corrected_yaw,3364576.601646941,0.8358421803200761,True,ok,1.9150248983197966,True,False,False,temporal_xy,True,ok,5.770785811588755,31.374051444771226,2.174051444771237
000033.jpg,,,,,,,,,,,,,,,,,,,,,,,,,,,,,,,,,,,,,101.18,0.9558410048484802,254495.04048036752,False,refined_freeze_alt_corrected_yaw,3364576.601646941,0.8358421803200761,True,ok,1.9077521486335556,True,False,False,temporal_xy,True,ok,5.770785811588755,31.374051444771226,2.174051444771237
000033.jpg,,,,,,,,,,,,,,,,,,,,,,,,,,,,,,,,,,,,,101.18,0.9535841941833496,254495.04048036752,False,refined_freeze_alt_init_yaw,3364576.601646941,0.8356837268261765,True,ok,1.8617698788007413,True,False,False,temporal_xy,True,ok,5.770785811588755,30.284689000000014,1.0846890000000258
000033.jpg,,,,,,,,,,,,,,,,,,,,,,,,,,,,,,,,,,,,,98.462483,0.9910915493965149,254491.27661752957,False,temporal_predicted,3364582.7841735804,0.8270568143805349,False,pose_alt_jump,1.6624709843402043,False,False,True,ok,False,visual_chamfer_worse,1.598068540941904,26.300104000000005,2.899895999999984
000034.jpg,,,,,,,,,,,,,,,,,,,,,,,,,,,,,,,,,,,,,103.54,0.9607400298118591,254496.99098011493,True,init,3364585.1092775986,0.8341817413206982,True,disabled,1.4166129580591504,True,True,True,disabled,True,init,4.654874590987484,28.97665699999999,0.22334299999999985
000034.jpg,,,,,,,,,,,,,,,,,,,,,,,,,,,,,,,,,,,,,103.67348675522953,0.7349918484687805,254492.50089940373,False,raw_refined_full,3364582.8323948197,0.9337537209589065,False,pose_yaw_jump,8.425212336728169,True,False,False,temporal_xy,True,ok,0.5467804274872036,-151.24581475326065,179.5541852467394
000034.jpg,,,,,,,,,,,,,,,,,,,,,,,,,,,,,,,,,,,,,103.67348675522953,0.7364243268966675,254492.50089940373,False,refined_corrected_yaw,3364582.8323948197,0.9340003170521198,True,ok,1.296575776553983,True,False,False,temporal_xy,True,ok,0.5467804274872036,28.754185246739354,0.4458147532606347
000034.jpg,,,,,,,,,,,,,,,,,,,,,,,,,,,,,,,,,,,,,103.54,0.7364243268966675,254492.50089940373,False,refined_freeze_alt_corrected_yaw,3364582.8323948197,0.9340003170521198,True,ok,1.2939060414493924,True,False,False,temporal_xy,True,ok,0.5467804274872036,28.754185246739354,0.4458147532606347
000034.jpg,,,,,,,,,,,,,,,,,,,,,,,,,,,,,,,,,,,,,103.54,0.6078842282295227,254492.50089940373,False,refined_freeze_alt_init_yaw,3364582.8323948197,0.9570394377609075,True,ok,1.1281752506033798,True,False,False,temporal_xy,True,ok,0.5467804274872036,28.97665699999999,0.22334299999999985
000034.jpg,,,,,,,,,,,,,,,,,,,,,,,,,,,,,,,,,,,,,103.102934,0.8830733299255371,254495.41188733783,True,temporal_predicted,3364580.9032521285,0.8639141845595618,True,ok,1.3147813394976016,False,False,True,ok,True,ok,2.972506677470677,30.284689000000014,1.0846890000000258
000035.jpg,,,,,,,,,,,,,,,,,,,,,,,,,,,,,,,,,,,,,109.221,0.9711259603500366,254491.4171550231,True,init,3364581.3519457392,0.8324104119638827,True,disabled,1.5897057048385113,True,True,True,disabled,True,init,3.0339752336628685,26.940341999999987,2.2596580000000017
000035.jpg,,,,,,,,,,,,,,,,,,,,,,,,,,,,,,,,,,,,,109.29385826643556,0.9875513315200806,254494.45326592124,False,raw_refined_full,3364581.5034776423,0.830470513544018,False,pose_yaw_jump,8.70338010989681,True,False,False,temporal_xy,True,ok,2.249539434985806,-155.32770791056137,175.4722920894386
000035.jpg,,,,,,,,,,,,,,,,,,,,,,,,,,,,,,,,,,,,,109.29385826643556,0.9942464232444763,254494.45326592124,False,refined_corrected_yaw,3364581.5034776423,0.8277722911963883,True,ok,1.7511810524400229,True,False,False,temporal_xy,True,ok,2.249539434985806,24.672292089438628,4.527707910561361
000035.jpg,,,,,,,,,,,,,,,,,,,,,,,,,,,,,,,,,,,,,109.221,0.9942464232444763,254494.45326592124,False,refined_freeze_alt_corrected_yaw,3364581.5034776414,0.8277722911963883,True,ok,1.7497238871475769,True,False,False,temporal_xy,True,ok,2.249539435831681,24.672292089438628,4.527707910561361
000035.jpg,,,,,,,,,,,,,,,,,,,,,,,,,,,,,,,,,,,,,109.221,0.9629068374633789,254494.45326592124,False,refined_freeze_alt_init_yaw,3364581.5034776414,0.8363783860045146,True,ok,1.6181244047065284,True,False,False,temporal_xy,True,ok,2.249539435831681,26.940341999999987,2.2596580000000017
000035.jpg,,,,,,,,,,,,,,,,,,,,,,,,,,,,,,,,,,,,,110.725778,0.9677160978317261,254497.47884011446,True,temporal_predicted,3364585.982199598,0.8328689334085779,True,ok,1.6158314970081447,False,False,True,ok,True,ok,4.654870533319828,28.97665699999999,0.22334299999999985
000036.jpg,,,,,,,,,,,,,,,,,,,,,,,,,,,,,,,,,,,,,109.498,0.8596808910369873,254492.35753232913,True,init,3364584.1418327345,0.8784586027774833,True,disabled,1.251661488070008,True,True,True,disabled,True,init,1.6656449694115103,28.52221800000001,0.6777819999999792
000036.jpg,,,,,,,,,,,,,,,,,,,,,,,,,,,,,,,,,,,,,109.55198668129742,0.9118135571479797,254493.42716163135,False,raw_refined_full,3364585.199704997,0.8552422347079403,False,pose_yaw_jump,8.646876263424328,True,False,False,temporal_xy,True,ok,0.9678011759123292,-152.1526508349635,178.64734916503653
000036.jpg,,,,,,,,,,,,,,,,,,,,,,,,,,,,,,,,,,,,,109.55198668129742,0.9133172035217285,254493.42716163135,False,refined_corrected_yaw,3364585.199704997,0.8543941482031168,True,ok,1.4830159667499312,True,False,False,temporal_xy,True,ok,0.9678011759123292,27.84734916503649,1.352650834963498
000036.jpg,,,,,,,,,,,,,,,,,,,,,,,,,,,,,,,,,,,,,109.498,0.9133172035217285,254493.42716163135,False,refined_freeze_alt_corrected_yaw,3364585.199704997,0.8543941482031168,True,ok,1.4819362331239827,True,False,False,temporal_xy,True,ok,0.9678011759123292,27.84734916503649,1.352650834963498
000036.jpg,,,,,,,,,,,,,,,,,,,,,,,,,,,,,,,,,,,,,109.498,0.8106112480163574,254493.42716163135,False,refined_freeze_alt_init_yaw,3364585.199704997,0.8991483798014064,True,ok,1.317712141748442,True,False,False,temporal_xy,True,ok,0.9678011759123292,28.52221800000001,0.6777819999999792
000036.jpg,,,,,,,,,,,,,,,,,,,,,,,,,,,,,,,,,,,,,108.757835,0.9700861573219299,254491.905015024,False,temporal_predicted,3364582.2248677392,0.8309127531008162,True,ok,1.4424365076665784,False,False,True,ok,False,visual_chamfer_worse,3.0339724515788586,26.940341999999987,2.2596580000000017
000037.jpg,,,,,,,,,,,,,,,,,,,,,,,,,,,,,,,,,,,,,108.96,0.9519370794296265,254488.71667938455,True,init,3364585.0756172,0.8364881759433713,True,disabled,1.426904559801148,True,True,True,disabled,True,init,5.775116681156617,31.36895100000001,2.168951000000021
000037.jpg,,,,,,,,,,,,,,,,,,,,,,,,,,,,,,,,,,,,,109.18422775529325,0.9854696393013,254491.35402141235,False,raw_refined_full,3364589.9607956544,0.8246729235266151,False,pose_yaw_jump,8.834988822520135,True,False,False,temporal_xy,True,ok,5.62257301400567,-146.46323190723604,175.66323190723602
000037.jpg,,,,,,,,,,,,,,,,,,,,,,,,,,,,,,,,,,,,,109.18422775529325,0.9892921447753906,254491.35402141235,False,refined_corrected_yaw,3364589.9607956544,0.8233346833124967,True,ok,1.8999193469119176,True,False,False,temporal_xy,True,ok,5.62257301400567,33.536768092763964,4.336768092763975
000037.jpg,,,,,,,,,,,,,,,,,,,,,,,,,,,,,,,,,,,,,108.96,0.9892921447753906,254491.35402141235,False,refined_freeze_alt_corrected_yaw,3364589.9607956544,0.8233346833124967,True,ok,1.8954347918060526,True,False,False,temporal_xy,True,ok,5.62257301400567,33.536768092763964,4.336768092763975
000037.jpg,,,,,,,,,,,,,,,,,,,,,,,,,,,,,,,,,,,,,108.96,0.9468842148780823,254491.35402141235,False,refined_freeze_alt_init_yaw,3364589.9607956544,0.8392879153386981,True,ok,1.748219786834616,True,False,False,temporal_xy,True,ok,5.62257301400567,31.36895100000001,2.168951000000021
000037.jpg,,,,,,,,,,,,,,,,,,,,,,,,,,,,,,,,,,,,,108.986624,0.8602409362792969,254492.84539232883,True,temporal_predicted,3364585.014754734,0.8775158035604234,True,ok,1.2900835676174878,False,False,True,ok,True,ok,1.6656463603893095,28.52221800000001,0.6777819999999792
000038.jpg,,,,,,,,,,,,,,,,,,,,,,,,,,,,,,,,,,,,,107.571,0.9825019836425781,254496.70917623877,True,init,3364584.234702948,0.8245932558918404,True,disabled,1.597343846061683,True,True,True,disabled,True,init,2.5947833683667025,33.221194999999994,4.021195000000006
000038.jpg,,,,,,,,,,,,,,,,,,,,,,,,,,,,,,,,,,,,,107.53141823783517,0.9966689944267273,254497.50137645652,False,raw_refined_full,3364581.561455119,0.8214027603955509,False,pose_yaw_jump,8.823234823594104,True,False,False,temporal_xy,True,ok,5.251271805899376,-142.75910698146828,171.95910698146827
000038.jpg,,,,,,,,,,,,,,,,,,,,,,,,,,,,,,,,,,,,,107.53141823783517,0.9957250356674194,254497.50137645652,False,refined_corrected_yaw,3364581.561455119,0.8221959775078881,True,ok,1.9985604147023475,True,False,False,temporal_xy,True,ok,5.251271805899376,37.24089301853172,8.040893018531733
000038.jpg,,,,,,,,,,,,,,,,,,,,,,,,,,,,,,,,,,,,,107.571,0.9957009553909302,254497.50137645638,False,refined_freeze_alt_corrected_yaw,3364581.5614551185,0.8221959775078881,True,ok,1.9977442703459753,True,False,False,temporal_xy,True,ok,5.251271806237641,37.24089301853172,8.040893018531733
000038.jpg,,,,,,,,,,,,,,,,,,,,,,,,,,,,,,,,,,,,,107.571,0.9739971160888672,254497.50137645638,False,refined_freeze_alt_init_yaw,3364581.5614551185,0.8294406938005676,True,ok,1.807621256230449,True,False,False,temporal_xy,True,ok,5.251271806237641,33.221194999999994,4.021195000000006
000038.jpg,,,,,,,,,,,,,,,,,,,,,,,,,,,,,,,,,,,,,108.52036899999999,0.9611384272575378,254489.20453938478,True,temporal_predicted,3364585.9485392,0.8347288078828153,True,ok,1.584451640225772,False,False,True,ok,True,ok,5.775116400456699,31.36895100000001,2.168951000000021
000039.jpg,,,,,,,,,,,,,,,,,,,,,,,,,,,,,,,,,,,,,110.412,0.9719345569610596,254497.73336219703,True,init,3364592.5326271076,0.8320267567998018,True,disabled,1.653337834387362,True,True,True,disabled,True,init,5.944751136847968,27.56383299999999,1.6361670000000004
000039.jpg,,,,,,,,,,,,,,,,,,,,,,,,,,,,,,,,,,,,,110.39921142812818,0.9986702799797058,254491.80399935847,False,raw_refined_full,3364593.920839463,0.8222584013166044,False,pose_yaw_jump,9.06412913709305,True,False,False,temporal_xy,True,ok,7.794918401846988,-154.07248535454693,176.72751464545308
000039.jpg,,,,,,,,,,,,,,,,,,,,,,,,,,,,,,,,,,,,,110.39921142812818,0.9990374445915222,254491.80399935847,False,refined_corrected_yaw,3364593.920839463,0.8230901272363694,True,ok,2.204754092507085,True,False,False,temporal_xy,True,ok,7.794918401846988,25.927514645453073,3.272485354546916
000039.jpg,,,,,,,,,,,,,,,,,,,,,,,,,,,,,,,,,,,,,110.412,0.9990374445915222,254491.80399935847,False,refined_freeze_alt_corrected_yaw,3364593.920839464,0.8230901272363694,True,ok,2.204498321119983,True,False,False,temporal_xy,True,ok,7.794918402669299,25.927514645453073,3.272485354546916
000039.jpg,,,,,,,,,,,,,,,,,,,,,,,,,,,,,,,,,,,,,110.412,0.9816150665283203,254491.80399935847,False,refined_freeze_alt_init_yaw,3364593.920839464,0.8259215346228035,True,ok,2.1182887153952414,True,False,False,temporal_xy,True,ok,7.794918402669299,27.56383299999999,1.6361670000000004
000039.jpg,,,,,,,,,,,,,,,,,,,,,,,,,,,,,,,,,,,,,107.558831,0.9810418486595154,254497.19703623862,False,temporal_predicted,3364585.1076249476,0.8236564087136562,False,pose_alt_jump,1.7281418350224451,False,False,True,ok,True,ok,2.594780684150195,33.221194999999994,4.021195000000006
000040.jpg,,,,,,,,,,,,,,,,,,,,,,,,,,,,,,,,,,,,,108.831,0.8899040818214417,254497.10711519374,True,init,3364589.285735573,0.8622120625989098,True,disabled,1.4055772468986998,True,True,True,disabled,True,init,1.7958689281700833,30.283804000000003,1.0838040000000149
000040.jpg,,,,,,,,,,,,,,,,,,,,,,,,,,,,,,,,,,,,,108.82070722430944,0.942209005355835,254495.08558696238,False,raw_refined_full,3364588.9262502436,0.8416036574643925,False,pose_yaw_jump,8.727178435347515,True,False,False,temporal_xy,True,ok,1.3340589411679056,-148.62753642252707,177.82753642252706
000040.jpg,,,,,,,,,,,,,,,,,,,,,,,,,,,,,,,,,,,,,108.82070722430944,0.9487696886062622,254495.08558696238,False,refined_corrected_yaw,3364588.9262502436,0.8395815016704765,True,ok,1.700768225616708,True,False,False,temporal_xy,True,ok,1.3340589411679056,31.372463577472928,2.1724635774729393
000040.jpg,,,,,,,,,,,,,,,,,,,,,,,,,,,,,,,,,,,,,108.831,0.9487696886062622,254495.08558696238,False,refined_freeze_alt_corrected_yaw,3364588.9262502436,0.8395815016704765,True,ok,1.700562370102897,True,False,False,temporal_xy,True,ok,1.3340589411679056,31.372463577472928,2.1724635774729393
000040.jpg,,,,,,,,,,,,,,,,,,,,,,,,,,,,,,,,,,,,,108.831,0.8676780462265015,254495.08558696238,False,refined_freeze_alt_init_yaw,3364588.9262502436,0.8710392122384385,True,ok,1.5344342507839683,True,False,False,temporal_xy,True,ok,1.3340589411679056,30.283804000000003,1.0838040000000149
000040.jpg,,,,,,,,,,,,,,,,,,,,,,,,,,,,,,,,,,,,,110.40063900000001,0.9734941720962524,254498.22122219822,True,temporal_predicted,3364593.4055491076,0.8325479163003341,True,ok,1.5605657462536886,False,False,True,ok,True,ok,5.944744397588606,27.56383299999999,1.6361670000000004
000041.jpg,,,,,,,,,,,,,,,,,,,,,,,,,,,,,,,,,,,,,106.758,0.6982875466346741,254497.0453270637,True,init,3364589.3065422764,0.9456874678400965,True,disabled,1.13330508476117,True,True,True,disabled,True,init,0.800201518323074,28.86919800000001,0.33080199999997717
000041.jpg,,,,,,,,,,,,,,,,,,,,,,,,,,,,,,,,,,,,,106.9047656673938,0.786180853843689,254496.1860111448,False,raw_refined_full,3364588.8130468004,0.9092247910715237,False,pose_yaw_jump,8.562813863443262,True,False,False,temporal_yaw,False,visual_chamfer_worse,0.2547944821595906,-151.4612611018571,179.33873889814288
000041.jpg,,,,,,,,,,,,,,,,,,,,,,,,,,,,,,,,,,,,,106.9047656673938,0.7914184331893921,254496.1860111448,False,refined_corrected_yaw,3364588.8130468004,0.9079827534200394,True,ok,1.416795109739812,True,False,True,ok,False,visual_chamfer_worse,0.2547944821595906,28.538738898142896,0.6612611018570931
000041.jpg,,,,,,,,,,,,,,,,,,,,,,,,,,,,,,,,,,,,,106.758,0.7914184331893921,254496.18601114472,False,refined_freeze_alt_corrected_yaw,3364588.8130467995,0.9079827534200394,True,ok,1.4138597964542303,True,False,True,ok,False,visual_chamfer_worse,0.2547944821407394,28.538738898142896,0.6612611018570931
000041.jpg,,,,,,,,,,,,,,,,,,,,,,,,,,,,,,,,,,,,,106.758,0.6664096713066101,254496.18601114472,True,refined_freeze_alt_init_yaw,3364588.8130467995,0.9543107578204013,True,ok,1.1752915300734144,True,False,True,ok,True,ok,0.2547944821407394,28.86919800000001,0.33080199999997717
000041.jpg,,,,,,,,,,,,,,,,,,,,,,,,,,,,,,,,,,,,,108.819637,0.8806813955307007,254497.59497519425,False,temporal_predicted,3364590.158657573,0.8633048847566493,False,pose_alt_jump,1.518122042865971,False,False,True,ok,False,visual_chamfer_worse,1.795872037013253,30.283804000000003,1.0838040000000149
000042.jpg,,,,,,,,,,,,,,,,,,,,,,,,,,,,,,,,,,,,,107.778,0.9056333899497986,254494.68416327782,True,init,3364590.035344064,0.8569132400734775,True,disabled,1.3170769737676675,True,True,True,disabled,True,init,2.274533575383041,30.43704199999999,1.2370420000000024
000042.jpg,,,,,,,,,,,,,,,,,,,,,,,,,,,,,,,,,,,,,107.834362661466,0.9494951367378235,254495.2707273148,False,raw_refined_full,3364591.9812459885,0.8384555602656493,False,pose_yaw_jump,8.618818901452686,True,False,False,temporal_xy,True,ok,2.8539593769664826,-148.32577307383931,177.5257730738393
000042.jpg,,,,,,,,,,,,,,,,,,,,,,,,,,,,,,,,,,,,,107.834362661466,0.9531876444816589,254495.2707273148,False,refined_corrected_yaw,3364591.9812459885,0.8369188921859545,True,ok,1.5437940823163867,True,False,False,temporal_xy,True,ok,2.8539593769664826,31.674226926160685,2.4742269261606964
000042.jpg,,,,,,,,,,,,,,,,,,,,,,,,,,,,,,,,,,,,,107.778,0.9531876444816589,254495.2707273148,False,refined_freeze_alt_corrected_yaw,3364591.9812459885,0.8369188921859545,True,ok,1.5426668290870669,True,False,False,temporal_xy,True,ok,2.8539593769664826,31.674226926160685,2.4742269261606964
000042.jpg,,,,,,,,,,,,,,,,,,,,,,,,,,,,,,,,,,,,,107.778,0.8974043726921082,254495.2707273148,False,refined_freeze_alt_init_yaw,3364591.9812459885,0.8603574961141727,True,ok,1.4081449633744358,True,False,False,temporal_xy,True,ok,2.8539593769664826,30.43704199999999,1.2370420000000024
000042.jpg,,,,,,,,,,,,,,,,,,,,,,,,,,,,,,,,,,,,,106.74374999999999,0.7064002156257629,254497.53318706388,True,temporal_predicted,3364590.179464276,0.9430019782393669,True,ok,1.0316800501306913,False,False,True,ok,True,ok,0.8002042856476657,28.86919800000001,0.33080199999997717
000043.jpg,,,,,,,,,,,,,,,,,,,,,,,,,,,,,,,,,,,,,108.511,0.869205892086029,254499.87211059433,True,init,3364591.456081738,0.8652875348607336,True,disabled,1.392330683881546,True,True,True,disabled,True,init,2.6259461782954245,29.38589300000001,0.1858930000000214
000043.jpg,,,,,,,,,,,,,,,,,,,,,,,,,,,,,,,,,,,,,108.82829715311527,0.7459018230438232,254497.28174677628,False,raw_refined_full,3364589.3709663954,0.918752427013097,False,pose_yaw_jump,8.421498106837312,True,False,False,temporal_xy,True,ok,1.1666590399545667,-150.4330508283909,179.63305082839088
000043.jpg,,,,,,,,,,,,,,,,,,,,,,,,,,,,,,,,,,,,,108.82829715311527,0.7348026633262634,254497.28174677628,False,refined_corrected_yaw,3364589.3709663954,0.9219472587990256,True,ok,1.2475799247894344,True,False,False,temporal_xy,True,ok,1.1666590399545667,29.56694917160911,0.36694917160912155
000043.jpg,,,,,,,,,,,,,,,,,,,,,,,,,,,,,,,,,,,,,108.511,0.7348026633262634,254497.28174677625,False,refined_freeze_alt_corrected_yaw,3364589.3709663944,0.9219472587990256,True,ok,1.2412339817837086,True,False,False,temporal_xy,True,ok,1.1666590408831268,29.56694917160911,0.36694917160912155
000043.jpg,,,,,,,,,,,,,,,,,,,,,,,,,,,,,,,,,,,,,108.511,0.7455115914344788,254497.28174677625,False,refined_freeze_alt_init_yaw,3364589.3709663944,0.9391922900413033,True,ok,1.2363093089349007,True,False,False,temporal_xy,True,ok,1.1666590408831268,29.38589300000001,0.1858930000000214
000043.jpg,,,,,,,,,,,,,,,,,,,,,,,,,,,,,,,,,,,,,107.727456,0.8884066343307495,254495.17202327753,True,temporal_predicted,3364590.9082660642,0.8641755215871784,True,ok,1.431203558849358,False,False,True,ok,True,ok,2.274532105935267,30.43704199999999,1.2370420000000024
000044.jpg,,,,,,,,,,,,,,,,,,,,,,,,,,,,,,,,,,,,,107.635,0.8247736692428589,254496.55934769177,True,init,3364590.9094133656,0.8871346164023497,True,disabled,1.327521454326662,True,True,True,disabled,True,init,1.4311733807480536,29.975974000000008,0.7759740000000193
000044.jpg,,,,,,,,,,,,,,,,,,,,,,,,,,,,,,,,,,,,,107.9659172417596,0.9197463989257812,254497.36694880115,False,raw_refined_full,3364591.4674113817,0.8495775045424877,False,pose_yaw_jump,8.67517736044375,True,False,False,temporal_xy,False,visual_chamfer_worse,0.5396594432687734,-149.24411393196166,178.44411393196165
000044.jpg,,,,,,,,,,,,,,,,,,,,,,,,,,,,,,,,,,,,,107.9659172417596,0.9162339568138123,254497.36694880115,False,refined_corrected_yaw,3364591.4674113817,0.8509887628556811,True,ok,1.5143284465639533,True,False,False,temporal_xy,False,visual_chamfer_worse,0.5396594432687734,30.755886068038336,1.5558860680383475
000044.jpg,,,,,,,,,,,,,,,,,,,,,,,,,,,,,,,,,,,,,107.635,0.9162653684616089,254497.36694880115,False,refined_freeze_alt_corrected_yaw,3364591.467411382,0.8509887628556811,True,ok,1.507748186908456,True,False,False,temporal_xy,False,visual_chamfer_worse,0.5396594433244195,30.755886068038336,1.5558860680383475
000044.jpg,,,,,,,,,,,,,,,,,,,,,,,,,,,,,,,,,,,,,107.635,0.8145110607147217,254497.36694880115,False,refined_freeze_alt_init_yaw,3364591.467411382,0.8936793268297846,True,ok,1.3104887393452003,True,False,False,temporal_xy,True,ok,0.5396594433244195,29.975974000000008,0.7759740000000193
000044.jpg,,,,,,,,,,,,,,,,,,,,,,,,,,,,,,,,,,,,,108.44632999999999,0.871843695640564,254500.35997059417,True,temporal_predicted,3364592.3290037382,0.8634254767406989,True,ok,1.424527428105892,False,False,True,ok,True,ok,2.625948021745414,29.38589300000001,0.1858930000000214
000045.jpg,,,,,,,,,,,,,,,,,,,,,,,,,,,,,,,,,,,,,106.657,0.9292885065078735,254498.43294668294,True,init,3364594.019718475,0.8458862994350282,True,disabled,1.3056933334202363,True,True,True,disabled,True,init,1.744391845490635,30.975558000000007,1.775558000000018
000045.jpg,,,,,,,,,,,,,,,,,,,,,,,,,,,,,,,,,,,,,107.00929869804531,0.976783037185669,254496.47893540683,False,raw_refined_full,3364594.274475693,0.8291490112994351,False,pose_yaw_jump,8.597795835490395,True,False,False,temporal_xy,True,ok,2.765683544032181,-147.24960393424467,176.44960393424466
000045.jpg,,,,,,,,,,,,,,,,,,,,,,,,,,,,,,,,,,,,,107.00929869804531,0.9718475937843323,254496.47893540683,False,refined_corrected_yaw,3364594.274475693,0.8298022598870056,True,ok,1.5403593223636591,True,False,False,temporal_xy,True,ok,2.765683544032181,32.750396065755325,3.5503960657553364
000045.jpg,,,,,,,,,,,,,,,,,,,,,,,,,,,,,,,,,,,,,106.657,0.9718475937843323,254496.47893540683,False,refined_freeze_alt_corrected_yaw,3364594.274475693,0.8298022598870056,True,ok,1.5333133484027528,True,False,False,temporal_xy,True,ok,2.765683544032181,32.750396065755325,3.5503960657553364
000045.jpg,,,,,,,,,,,,,,,,,,,,,,,,,,,,,,,,,,,,,106.657,0.9356752634048462,254496.47893540683,False,refined_freeze_alt_init_yaw,3364594.274475693,0.8436970338983051,True,ok,1.4095002935982284,True,False,False,temporal_xy,True,ok,2.765683544032181,30.975558000000007,1.775558000000018
000045.jpg,,,,,,,,,,,,,,,,,,,,,,,,,,,,,,,,,,,,,107.489929,0.8211718201637268,254497.04720769174,True,temporal_predicted,3364591.7823353647,0.8877471751412429,True,ok,1.1641475280429154,False,False,True,ok,True,ok,1.4311715038462263,29.975974000000008,0.7759740000000193
000046.jpg,,,,,,,,,,,,,,,,,,,,,,,,,,,,,,,,,,,,,107.766,0.9140989184379578,254496.59037741576,True,init,3364590.9459172846,0.8519383961763144,True,disabled,1.4352779744716748,True,True,True,disabled,True,init,3.1761427591638522,28.073230999999993,1.126768999999996
000046.jpg,,,,,,,,,,,,,,,,,,,,,,,,,,,,,,,,,,,,,108.16167064476758,0.9629252552986145,254499.46529296186,False,raw_refined_full,3364591.3818286806,0.8377942998760842,False,pose_yaw_jump,8.663299799416606,True,False,False,temporal_xy,True,ok,1.8618417852244122,-153.05742330234813,177.74257669765188
000046.jpg,,,,,,,,,,,,,,,,,,,,,,,,,,,,,,,,,,,,,108.16167064476758,0.9624824523925781,254499.46529296186,False,refined_corrected_yaw,3364591.3818286806,0.8370862099486635,True,ok,1.650058126483578,True,False,False,temporal_xy,True,ok,1.8618417852244122,26.942576697651873,2.2574233023481156
000046.jpg,,,,,,,,,,,,,,,,,,,,,,,,,,,,,,,,,,,,,107.766,0.9624824523925781,254499.46529296177,False,refined_freeze_alt_corrected_yaw,3364591.38182868,0.8370862099486635,True,ok,1.642144713602759,True,False,False,temporal_xy,True,ok,1.8618417856388187,26.942576697651873,2.2574233023481156
000046.jpg,,,,,,,,,,,,,,,,,,,,,,,,,,,,,,,,,,,,,107.766,0.8866015672683716,254499.46529296177,False,refined_freeze_alt_init_yaw,3364591.38182868,0.8653389980527527,True,ok,1.4856540753536709,True,False,False,temporal_xy,True,ok,1.8618417856388187,28.073230999999993,1.126768999999996
000046.jpg,,,,,,,,,,,,,,,,,,,,,,,,,,,,,,,,,,,,,106.63484299999999,0.9245529770851135,254498.92080668276,True,temporal_predicted,3364594.892640475,0.8465038059833598,True,ok,1.4747721678704062,False,False,True,ok,True,ok,1.744384447099378,30.975558000000007,1.775558000000018
000047.jpg,,,,,,,,,,,,,,,,,,,,,,,,,,,,,,,,,,,,,106.994,0.9274570345878601,254500.23969541822,True,init,3364592.2991917715,0.8507446808510638,True,disabled,1.3204391694399715,True,True,True,disabled,True,init,1.9312640072184801,27.50839400000001,1.6916059999999788
000047.jpg,,,,,,,,,,,,,,,,,,,,,,,,,,,,,,,,,,,,,107.11039258912206,0.9972527623176575,254500.75020836937,False,raw_refined_full,3364590.3098057914,0.8256737588652482,False,pose_yaw_jump,8.712347064183989,True,False,False,temporal_xy,True,ok,3.961467133523755,-154.18098351326137,176.61901648673864
000047.jpg,,,,,,,,,,,,,,,,,,,,,,,,,,,,,,,,,,,,,107.11039258912206,0.9933279156684875,254500.75020836937,False,refined_corrected_yaw,3364590.3098057914,0.8271276595744681,True,ok,1.6262852134242773,True,False,False,temporal_xy,True,ok,3.961467133523755,25.819016486738633,3.3809835132613557
000047.jpg,,,,,,,,,,,,,,,,,,,,,,,,,,,,,,,,,,,,,106.994,0.9933279156684875,254500.75020836937,False,refined_freeze_alt_corrected_yaw,3364590.3098057914,0.8271276595744681,True,ok,1.6239573616418361,True,False,False,temporal_xy,True,ok,3.961467133523755,25.819016486738633,3.3809835132613557
000047.jpg,,,,,,,,,,,,,,,,,,,,,,,,,,,,,,,,,,,,,106.994,0.9381953477859497,254500.75020836937,False,refined_freeze_alt_init_yaw,3364590.3098057914,0.8445744680851064,True,ok,1.4794905771763651,True,False,False,temporal_xy,True,ok,3.961467133523755,27.50839400000001,1.6916059999999788
000047.jpg,,,,,,,,,,,,,,,,,,,,,,,,,,,,,,,,,,,,,107.865819,0.9211518168449402,254497.07823741547,True,temporal_predicted,3364591.8188392846,0.8495390070921985,True,ok,1.332282829841756,False,False,True,ok,True,ok,3.1761396558734196,28.073230999999993,1.126768999999996
000048.jpg,,,,,,,,,,,,,,,,,,,,,,,,,,,,,,,,,,,,,106.96,0.9527958035469055,254503.79012815637,True,init,3364595.027389651,0.8356348462612939,True,disabled,1.3775672891305475,True,True,True,disabled,True,init,3.9381888648368575,29.216755000000006,0.016755000000017617
000048.jpg,,,,,,,,,,,,,,,,,,,,,,,,,,,,,,,,,,,,,107.44156824517995,0.9240232110023499,254501.1268511458,False,raw_refined_full,3364591.2811625693,0.8438212776490974,False,pose_yaw_jump,8.629684960632014,True,False,False,temporal_yaw,True,ok,3.831014895643463,-150.76796416327414,179.96796416327413
000048.jpg,,,,,,,,,,,,,,,,,,,,,,,,,,,,,,,,,,,,,107.44156824517995,0.9216471314430237,254501.1268511458,True,refined_corrected_yaw,3364591.2811625693,0.845907668369963,True,ok,1.492264758386439,True,False,True,ok,True,ok,3.831014895643463,29.232035836725856,0.03203583672586774
000048.jpg,,,,,,,,,,,,,,,,,,,,,,,,,,,,,,,,,,,,,106.96,0.9216156005859375,254501.12685114576,True,refined_freeze_alt_corrected_yaw,3364591.2811625684,0.8459253496472585,True,ok,1.482582619304757,True,False,True,ok,True,ok,3.831014896512226,29.232035836725856,0.03203583672586774
000048.jpg,,,,,,,,,,,,,,,,,,,,,,,,,,,,,,,,,,,,,106.96,0.9185619950294495,254501.12685114576,True,refined_freeze_alt_init_yaw,3364591.2811625684,0.8470215888395778,True,ok,1.4776702568389772,True,False,True,ok,True,ok,3.831014896512226,29.216755000000006,0.016755000000017617
000048.jpg,,,,,,,,,,,,,,,,,,,,,,,,,,,,,,,,,,,,,107.058148,0.9332095980644226,254500.72755541783,True,temporal_predicted,3364593.1721137706,0.8477465212086921,True,ok,1.346862012735701,False,False,True,ok,True,ok,1.9312611521759229,27.50839400000001,1.6916059999999788
000049.jpg,,,,,,,,,,,,,,,,,,,,,,,,,,,,,,,,,,,,,106.899,0.9685739278793335,254495.6741981027,True,init,3364601.1362355524,0.8308320028383892,True,disabled,1.69157038380034,True,True,True,disabled,True,init,7.114187152486687,30.157505000000015,0.957505000000026
000049.jpg,,,,,,,,,,,,,,,,,,,,,,,,,,,,,,,,,,,,,107.27180336322635,1.0140771865844727,254493.2647170501,False,raw_refined_full,3364607.6369393417,0.8164626574419017,False,pose_yaw_jump,9.562877574177703,True,False,False,temporal_xy,True,ok,13.819232877929485,-148.88097920067125,178.08097920067124
000049.jpg,,,,,,,,,,,,,,,,,,,,,,,,,,,,,,,,,,,,,107.27180336322635,1.0173959732055664,254493.2647170501,False,refined_corrected_yaw,3364607.6369393417,0.8170835550824906,True,ok,2.4494348470442646,True,False,False,temporal_xy,True,ok,13.819232877929485,31.11902079932875,1.919020799328763
000049.jpg,,,,,,,,,,,,,,,,,,,,,,,,,,,,,,,,,,,,,106.899,1.0173959732055664,254493.26471705138,False,refined_freeze_alt_corrected_yaw,3364607.6369393417,0.8170835550824906,True,ok,2.4419787797136716,True,False,False,temporal_xy,True,ok,13.819232877273661,31.11902079932875,1.919020799328763
000049.jpg,,,,,,,,,,,,,,,,,,,,,,,,,,,,,,,,,,,,,106.899,1.0039374828338623,254493.26471705138,False,refined_freeze_alt_init_yaw,3364607.6369393417,0.8231860918928509,True,ok,2.3835204502363663,True,False,False,temporal_xy,True,ok,13.819232877273661,30.157505000000015,0.957505000000026
000049.jpg,,,,,,,,,,,,,,,,,,,,,,,,,,,,,,,,,,,,,107.25609499999999,0.9571062326431274,254504.2779881567,False,temporal_predicted,3364595.900311651,0.835728224232748,False,pose_xy_jump,1.6819762896161905,False,False,True,ok,True,ok,3.9381892965357563,29.216755000000006,0.016755000000017617
000050.jpg,,,,,,,,,,,,,,,,,,,,,,,,,,,,,,,,,,,,,109.286,0.933617115020752,254502.4607754522,True,init,3364592.2904305407,0.8460582386363636,True,disabled,1.7537456682045751,True,True,True,disabled,True,init,4.645694277476121,31.194344,1.9943440000000123
000050.jpg,,,,,,,,,,,,,,,,,,,,,,,,,,,,,,,,,,,,,109.57032595388591,0.9721695184707642,254505.27440410986,False,raw_refined_full,3364588.2764710006,0.8305220170454546,False,pose_yaw_jump,9.410466093524585,True,False,False,temporal_xy,True,ok,9.471529370606381,-146.804707661212,176.004707661212
000050.jpg,,,,,,,,,,,,,,,,,,,,,,,,,,,,,,,,,,,,,109.57032595388591,0.9618221521377563,254505.27440410986,False,refined_corrected_yaw,3364588.2764710006,0.8341086647727273,True,ok,2.371704031326172,True,False,False,temporal_xy,True,ok,9.471529370606381,33.19529233878799,3.995292338788005
000050.jpg,,,,,,,,,,,,,,,,,,,,,,,,,,,,,,,,,,,,,109.286,0.9618317484855652,254505.2744041111,False,refined_freeze_alt_corrected_yaw,3364588.2764709997,0.8340909090909091,True,ok,2.366045546752052,True,False,False,temporal_xy,True,ok,9.471529372002392,33.19529233878799,3.995292338788005
000050.jpg,,,,,,,,,,,,,,,,,,,,,,,,,,,,,,,,,,,,,109.286,0.9687427282333374,254505.2744041111,False,refined_freeze_alt_init_yaw,3364588.2764709997,0.8324573863636363,True,ok,2.2950435063820125,True,False,False,temporal_xy,True,ok,9.471529372002392,31.194344,1.9943440000000123
000050.jpg,,,,,,,,,,,,,,,,,,,,,,,,,,,,,,,,,,,,,107.461448,0.9621319770812988,254496.162058103,False,temporal_predicted,3364602.0091575515,0.8317826704545455,False,pose_xy_jump,1.835054627851226,False,False,True,ok,True,ok,7.114189212512974,30.157505000000015,0.957505000000026
000051.jpg,,,,,,,,,,,,,,,,,,,,,,,,,,,,,,,,,,,,,110.419,0.8015150427818298,254502.72048852473,True,init,3364598.2964227013,0.9070975289821676,True,disabled,1.3832600621979665,True,True,True,disabled,True,init,1.6064949981140477,29.52180899999999,0.3218090000000018
000051.jpg,,,,,,,,,,,,,,,,,,,,,,,,,,,,,,,,,,,,,110.75110465567559,0.7608035802841187,254500.89947234665,False,raw_refined_full,3364597.3423136114,0.9140284326585599,False,pose_yaw_jump,8.546649886100694,True,False,False,temporal_xy,True,ok,0.4519095894832642,-150.16303486585755,179.36303486585754
000051.jpg,,,,,,,,,,,,,,,,,,,,,,,,,,,,,,,,,,,,,110.75110465567559,0.7693623900413513,254500.89947234665,False,refined_corrected_yaw,3364597.3423136114,0.910766830928493,True,ok,1.424718944439452,True,False,False,temporal_xy,True,ok,0.4519095894832642,29.836965134142446,0.6369651341424571
000051.jpg,,,,,,,,,,,,,,,,,,,,,,,,,,,,,,,,,,,,,110.419,0.7693623900413513,254500.89947234665,False,refined_freeze_alt_corrected_yaw,3364597.3423136114,0.910766830928493,True,ok,1.41807685132594,True,False,False,temporal_xy,True,ok,0.4519095894832642,29.836965134142446,0.6369651341424571
000051.jpg,,,,,,,,,,,,,,,,,,,,,,,,,,,,,,,,,,,,,110.419,0.6677737832069397,254500.89947234665,False,refined_freeze_alt_init_yaw,3364597.3423136114,0.9527776792994647,True,ok,1.2493202759105617,True,False,False,temporal_xy,True,ok,0.4519095894832642,29.52180899999999,0.3218090000000018
000051.jpg,,,,,,,,,,,,,,,,,,,,,,,,,,,,,,,,,,,,,109.769952,0.9304074048995972,254502.94863545182,False,temporal_predicted,3364593.1633525407,0.8447193958946361,True,ok,1.619430063675213,False,False,True,ok,False,visual_chamfer_worse,4.645691299393657,31.194344,1.9943440000000123
000052.jpg,,,,,,,,,,,,,,,,,,,,,,,,,,,,,,,,,,,,,110.535,0.9473922252655029,254502.8148914028,True,init,3364598.006163149,0.8410584328410937,True,disabled,1.2644293576133496,True,True,True,disabled,True,init,1.078483091317743,27.31723199999999,1.8827679999999987
000052.jpg,,,,,,,,,,,,,,,,,,,,,,,,,,,,,,,,,,,,,110.67018003296107,0.9973898530006409,254502.43365657286,False,raw_refined_full,3364596.736240338,0.8265915353635271,False,pose_yaw_jump,8.542223696517034,True,False,False,temporal_xy,True,ok,1.7655393559262458,-154.5625701098069,176.23742989019308
000052.jpg,,,,,,,,,,,,,,,,,,,,,,,,,,,,,,,,,,,,,110.67018003296107,0.9952345490455627,254502.43365657286,False,refined_corrected_yaw,3364596.736240338,0.8284462658093691,True,ok,1.538008413421845,True,False,False,temporal_xy,True,ok,1.7655393559262458,25.4374298901931,3.7625701098068873
000052.jpg,,,,,,,,,,,,,,,,,,,,,,,,,,,,,,,,,,,,,110.535,0.9952514171600342,254502.43365657286,False,refined_freeze_alt_corrected_yaw,3364596.7362403385,0.8284462658093691,True,ok,1.535322617502705,True,False,False,temporal_xy,True,ok,1.765539355491042,25.4374298901931,3.7625701098068873
000052.jpg,,,,,,,,,,,,,,,,,,,,,,,,,,,,,,,,,,,,,110.535,0.9423093199729919,254502.43365657286,False,refined_freeze_alt_init_yaw,3364596.7362403385,0.8463753267858405,True,ok,1.386319551451945,True,False,False,temporal_xy,True,ok,1.765539355491042,27.31723199999999,1.8827679999999987
000052.jpg,,,,,,,,,,,,,,,,,,,,,,,,,,,,,,,,,,,,,110.85195,0.8156436085700989,254503.20834852467,True,temporal_predicted,3364599.1693447004,0.9016462940719282,True,ok,1.0711160063203533,False,False,True,ok,True,ok,1.6064838325158943,29.52180899999999,0.3218090000000018
000053.jpg,,,,,,,,,,,,,,,,,,,,,,,,,,,,,,,,,,,,,104.01,0.8563929200172424,254504.66876680404,True,init,3364597.743319407,0.873042000743376,True,disabled,1.268048454990409,True,True,True,disabled,True,init,2.8177880654662877,29.930498,0.7304980000000114
000053.jpg,,,,,,,,,,,,,,,,,,,,,,,,,,,,,,,,,,,,,104.37390358000994,0.9295629262924194,254504.19657628777,False,raw_refined_full,3364594.4669056116,0.8451300023009257,False,pose_yaw_jump,8.796977470739101,True,False,False,temporal_xy,True,ok,5.156360027350302,-149.33905272752855,178.53905272752854
000053.jpg,,,,,,,,,,,,,,,,,,,,,,,,,,,,,,,,,,,,,104.37390358000994,0.934106707572937,254504.19657628777,False,refined_corrected_yaw,3364594.4669056116,0.8433777588983876,True,ok,1.7267325773812048,True,False,False,temporal_xy,True,ok,5.156360027350302,30.660947272471446,1.4609472724714578
000053.jpg,,,,,,,,,,,,,,,,,,,,,,,,,,,,,,,,,,,,,104.01,0.934106707572937,254504.19657628777,False,refined_freeze_alt_corrected_yaw,3364594.4669056116,0.8433777588983876,True,ok,1.7194545057810062,True,False,False,temporal_xy,True,ok,5.156360027350302,30.660947272471446,1.4609472724714578
000053.jpg,,,,,,,,,,,,,,,,,,,,,,,,,,,,,,,,,,,,,104.01,0.9350702166557312,254504.19657628777,False,refined_freeze_alt_init_yaw,3364594.4669056116,0.8421210994884866,True,ok,1.692618272582952,True,False,False,temporal_xy,False,visual_overlap_worse,5.156360027350302,29.930498,0.7304980000000114
000053.jpg,,,,,,,,,,,,,,,,,,,,,,,,,,,,,,,,,,,,,105.733291,0.944063663482666,254503.30275140275,True,temporal_predicted,3364598.879085148,0.8432184640436113,True,ok,1.4347099138131785,False,False,True,ok,True,ok,1.0784829837135463,27.31723199999999,1.8827679999999987
000054.jpg,,,,,,,,,,,,,,,,,,,,,,,,,,,,,,,,,,,,,99.962,0.9700512290000916,254507.86020275837,True,init,3364603.0171724036,0.8325760533882361,True,disabled,1.4389877779431794,True,True,True,disabled,True,init,5.841082436323703,30.596118999999987,1.3961189999999988
000054.jpg,,,,,,,,,,,,,,,,,,,,,,,,,,,,,,,,,,,,,100.03030689246953,0.9712026715278625,254502.342209312,False,raw_refined_full,3364599.9595928662,0.8304462035426502,False,pose_yaw_jump,8.779478691406533,True,False,False,temporal_xy,True,ok,0.47181528798888095,-148.0155982382713,177.2155982382713
000054.jpg,,,,,,,,,,,,,,,,,,,,,,,,,,,,,,,,,,,,,100.03030689246953,0.9659247398376465,254502.342209312,False,refined_corrected_yaw,3364599.9595928662,0.8305526960349295,True,ok,1.7067567592932624,True,False,False,temporal_xy,True,ok,0.47181528798888095,31.98440176172869,2.7844017617287022
000054.jpg,,,,,,,,,,,,,,,,,,,,,,,,,,,,,,,,,,,,,99.962,0.9659247398376465,254502.342209312,False,refined_freeze_alt_corrected_yaw,3364599.9595928662,0.8305526960349295,True,ok,1.705390621443872,True,False,False,temporal_xy,True,ok,0.47181528798888095,31.98440176172869,2.7844017617287022
000054.jpg,,,,,,,,,,,,,,,,,,,,,,,,,,,,,,,,,,,,,99.962,0.9034823179244995,254502.342209312,False,refined_freeze_alt_init_yaw,3364599.9595928662,0.8570160803663341,True,ok,1.559025695415932,True,False,False,temporal_xy,True,ok,0.47181528798888095,30.596118999999987,1.3961189999999988
000054.jpg,,,,,,,,,,,,,,,,,,,,,,,,,,,,,,,,,,,,,99.38669200000001,0.8600995540618896,254505.1566268039,True,temporal_predicted,3364598.6162414066,0.8711973305881935,True,ok,1.2985264047402914,False,False,True,ok,True,ok,2.817787256850383,29.930498,0.7304980000000114
000055.jpg,,,,,,,,,,,,,,,,,,,,,,,,,,,,,,,,,,,,,99.04,1.0228310823440552,254501.906576115,True,init,3364600.63300189,0.8190647290062079,True,disabled,1.6624528748561143,True,True,True,disabled,True,init,1.4125083062805972,24.565563999999995,4.634435999999994
000055.jpg,,,,,,,,,,,,,,,,,,,,,,,,,,,,,,,,,,,,,99.1360021661967,1.031883716583252,254502.93115101388,False,raw_refined_full,3364601.232602367,0.8168234938366032,False,pose_yaw_jump,8.466057623762806,True,False,False,temporal_xy,True,ok,0.4074912336419841,-160.06802348677942,170.73197651322062
000055.jpg,,,,,,,,,,,,,,,,,,,,,,,,,,,,,,,,,,,,,99.1360021661967,1.033019781112671,254502.93115101388,False,refined_corrected_yaw,3364601.232602367,0.8167167683523364,True,ok,1.8621591752915005,True,False,False,temporal_xy,True,ok,0.4074912336419841,19.931976513220576,9.268023486779413
000055.jpg,,,,,,,,,,,,,,,,,,,,,,,,,,,,,,,,,,,,,99.04,1.033019781112671,254502.93115101388,False,refined_freeze_alt_corrected_yaw,3364601.232602367,0.8167167683523364,True,ok,1.8602391319675666,True,False,False,temporal_xy,True,ok,0.4074912336419841,19.931976513220576,9.268023486779413
000055.jpg,,,,,,,,,,,,,,,,,,,,,,,,,,,,,,,,,,,,,99.04,1.0353219509124756,254502.93115101388,False,refined_freeze_alt_init_yaw,3364601.232602367,0.8192426048133193,True,ok,1.6746205780457937,True,False,False,temporal_xy,True,ok,0.4074912336419841,24.565563999999995,4.634435999999994
000055.jpg,,,,,,,,,,,,,,,,,,,,,,,,,,,,,,,,,,,,,98.435173,0.967495858669281,254508.3480627583,True,temporal_predicted,3364603.8900944027,0.8293815258186734,True,ok,1.610132557310296,False,False,True,ok,True,ok,5.841079665737854,30.596118999999987,1.3961189999999988
000056.jpg,,,,,,,,,,,,,,,,,,,,,,,,,,,,,,,,,,,,,101.656,0.9869682788848877,254504.3319063919,True,init,3364598.789162376,0.8294548818673498,True,disabled,1.3711008400480136,True,True,True,disabled,True,init,3.1418607703918777,26.251218999999992,2.9487809999999968
000056.jpg,,,,,,,,,,,,,,,,,,,,,,,,,,,,,,,,,,,,,101.51031048968434,1.053849220275879,254506.45231185938,False,raw_refined_full,3364596.3692057673,0.816929974380871,False,pose_yaw_jump,8.881566702626719,True,False,False,temporal_xy,True,ok,6.132785765516345,-156.6990133694071,174.1009866305929
000056.jpg,,,,,,,,,,,,,,,,,,,,,,,,,,,,,,,,,,,,,101.51031048968434,1.0294811725616455,254506.45231185938,False,refined_corrected_yaw,3364596.3692057673,0.8166275263307714,True,ok,1.8018397758571807,True,False,False,temporal_xy,True,ok,6.132785765516345,23.300986630592888,5.8990133694071005
000056.jpg,,,,,,,,,,,,,,,,,,,,,,,,,,,,,,,,,,,,,101.656,1.0294811725616455,254506.4523118594,False,refined_freeze_alt_corrected_yaw,3364596.3692057678,0.8166275263307714,True,ok,1.7989259856169468,True,False,False,temporal_xy,True,ok,6.132785765110855,23.300986630592888,5.8990133694071005
000056.jpg,,,,,,,,,,,,,,,,,,,,,,,,,,,,,,,,,,,,,101.656,0.9976558685302734,254506.4523118594,False,refined_freeze_alt_init_yaw,3364596.3692057678,0.8283518360375747,True,ok,1.7043730624963918,True,False,False,temporal_xy,True,ok,6.132785765110855,26.251218999999992,2.9487809999999968
000056.jpg,,,,,,,,,,,,,,,,,,,,,,,,,,,,,,,,,,,,,102.442807,1.0251126289367676,254502.39443611517,True,temporal_predicted,3364601.5059238896,0.8171612581838884,True,ok,1.4377786037411378,False,False,True,ok,True,ok,1.412505994676612,24.565563999999995,4.634435999999994
000057.jpg,,,,,,,,,,,,,,,,,,,,,,,,,,,,,,,,,,,,,103.882,0.9635525345802307,254499.69524332203,True,init,3364599.9211164443,0.8328133078966605,True,disabled,1.549357252698723,True,True,True,disabled,True,init,5.357914343783149,32.532083,3.3320830000000115
000057.jpg,,,,,,,,,,,,,,,,,,,,,,,,,,,,,,,,,,,,,104.33344666939229,1.00021231174469,254503.76642141573,False,raw_refined_full,3364602.470172078,0.8190489774814128,False,pose_yaw_jump,8.58231616335166,True,False,False,temporal_xy,True,ok,0.554770454914648,-144.14265655145826,173.34265655145825
000057.jpg,,,,,,,,,,,,,,,,,,,,,,,,,,,,,,,,,,,,,104.33344666939229,0.9980636239051819,254503.76642141573,False,refined_corrected_yaw,3364602.470172078,0.8209210690534349,True,ok,1.8726770246828628,True,False,False,temporal_xy,True,ok,0.554770454914648,35.85734344854174,6.657343448541752
000057.jpg,,,,,,,,,,,,,,,,,,,,,,,,,,,,,,,,,,,,,103.882,0.9980636239051819,254503.76642141573,False,refined_freeze_alt_corrected_yaw,3364602.470172078,0.8209210690534349,True,ok,1.8636480912950169,True,False,False,temporal_xy,True,ok,0.554770454914648,35.85734344854174,6.657343448541752
000057.jpg,,,,,,,,,,,,,,,,,,,,,,,,,,,,,,,,,,,,,103.882,0.9763407707214355,254503.76642141573,False,refined_freeze_alt_init_yaw,3364602.470172078,0.8274823042772835,True,ok,1.7015318934325043,True,False,False,temporal_xy,True,ok,0.554770454914648,32.532083,3.3320830000000115
000057.jpg,,,,,,,,,,,,,,,,,,,,,,,,,,,,,,,,,,,,,102.35849400000001,1.0043412446975708,254504.81976639267,True,temporal_predicted,3364599.6620843764,0.825217964947314,True,ok,1.6297543049008643,False,False,True,ok,True,ok,3.141857625144176,26.251218999999992,2.9487809999999968
000058.jpg,,,,,,,,,,,,,,,,,,,,,,,,,,,,,,,,,,,,,102.705,1.0276787281036377,254504.65716325736,True,init,3364606.8992046188,0.8181283632087238,True,disabled,1.7034438858967764,True,True,True,disabled,True,init,3.2762417550560237,25.37605400000001,3.823945999999978
000058.jpg,,,,,,,,,,,,,,,,,,,,,,,,,,,,,,,,,,,,,102.54823852702975,1.0639064311981201,254502.2062779712,False,raw_refined_full,3364609.054144756,0.8084886497273797,False,pose_yaw_jump,8.7421452652934,True,False,False,temporal_xy,True,ok,5.989278161722265,-158.44889050561136,172.35110949438865
000058.jpg,,,,,,,,,,,,,,,,,,,,,,,,,,,,,,,,,,,,,102.54823852702975,1.0639760494232178,254502.2062779712,False,refined_corrected_yaw,3364609.054144756,0.8092013827019707,True,ok,2.1137617041882724,True,False,False,temporal_xy,True,ok,5.989278161722265,21.55110949438864,7.648890505611348
000058.jpg,,,,,,,,,,,,,,,,,,,,,,,,,,,,,,,,,,,,,102.705,1.0639760494232178,254502.2062779712,False,refined_freeze_alt_corrected_yaw,3364609.0541447555,0.8092013827019707,True,ok,2.1106264746908785,True,False,False,temporal_xy,True,ok,5.989278161300064,21.55110949438864,7.648890505611348
000058.jpg,,,,,,,,,,,,,,,,,,,,,,,,,,,,,,,,,,,,,102.705,1.010847568511963,254502.2062779712,False,refined_freeze_alt_init_yaw,3364609.0541447555,0.8182530914792773,True,ok,1.8968794274363625,True,False,False,temporal_xy,True,ok,5.989278161300064,25.37605400000001,3.823945999999978
000058.jpg,,,,,,,,,,,,,,,,,,,,,,,,,,,,,,,,,,,,,103.79524400000001,0.9726467132568359,254500.18310332144,True,temporal_predicted,3364600.7940384434,0.8296746373970991,True,ok,1.6601526678754688,False,False,True,ok,True,ok,5.357917240451224,32.532083,3.3320830000000115
000059.jpg,,,,,,,,,,,,,,,,,,,,,,,,,,,,,,,,,,,,,101.799,0.8151782751083374,254505.67038451316,True,init,3364605.833701678,0.8947106409458618,True,disabled,1.294275062378717,True,True,True,disabled,True,init,1.41056856412715,29.804448000000008,0.6044480000000192
000059.jpg,,,,,,,,,,,,,,,,,,,,,,,,,,,,,,,,,,,,,101.89759310241789,0.8898842930793762,254504.0434926748,False,raw_refined_full,3364606.14861925,0.8627255756067206,False,pose_yaw_jump,8.535167093347102,True,False,False,temporal_yaw,False,visual_overlap_worse,2.0283791808307505,-149.59796890323696,178.79796890323695
000059.jpg,,,,,,,,,,,,,,,,,,,,,,,,,,,,,,,,,,,,,101.89759310241789,0.8944911956787109,254504.0434926748,False,refined_corrected_yaw,3364606.14861925,0.8611609920881856,True,ok,1.5315280015854391,True,False,False,temporal_yaw,False,visual_overlap_worse,2.0283791808307505,30.40203109676304,1.2020310967630508
000059.jpg,,,,,,,,,,,,,,,,,,,,,,,,,,,,,,,,,,,,,101.799,0.8944911956787109,254504.0434926748,False,refined_freeze_alt_corrected_yaw,3364606.14861925,0.8611609920881856,True,ok,1.5295561395370814,True,False,False,temporal_yaw,False,visual_overlap_worse,2.0283791808307505,30.40203109676304,1.2020310967630508
000059.jpg,,,,,,,,,,,,,,,,,,,,,,,,,,,,,,,,,,,,,101.799,0.8241134881973267,254504.0434926748,True,refined_freeze_alt_init_yaw,3364606.14861925,0.8885767623788782,True,ok,1.3919029150017095,True,False,True,ok,True,ok,2.0283791808307505,29.804448000000008,0.6044480000000192
000059.jpg,,,,,,,,,,,,,,,,,,,,,,,,,,,,,,,,,,,,,101.962677,1.0177992582321167,254505.14502325704,False,temporal_predicted,3364607.772126618,0.8204284825317806,True,ok,1.620391093312517,False,False,True,ok,False,visual_chamfer_worse,3.276245158077693,25.37605400000001,3.823945999999978
000060.jpg,,,,,,,,,,,,,,,,,,,,,,,,,,,,,,,,,,,,,97.483,0.8975259065628052,254507.4261682398,True,init,3364602.779450815,0.8587616926503341,True,disabled,1.3685164521751396,True,True,True,disabled,True,init,3.107998904696465,28.757492000000013,0.44250799999997525
000060.jpg,,,,,,,,,,,,,,,,,,,,,,,,,,,,,,,,,,,,,97.69099509716034,0.9618121385574341,254508.23996697456,False,raw_refined_full,3364599.688249097,0.8332115812917594,False,pose_yaw_jump,8.978316026991163,True,False,False,temporal_xy,True,ok,6.219882138977166,-151.68858470232368,179.11141529767633
000060.jpg,,,,,,,,,,,,,,,,,,,,,,,,,,,,,,,,,,,,,97.69099509716034,0.9603509306907654,254508.23996697456,False,refined_corrected_yaw,3364599.688249097,0.8341024498886415,True,ok,1.8046939702765314,True,False,False,temporal_xy,True,ok,6.219882138977166,28.31141529767632,0.8885847023236693
000060.jpg,,,,,,,,,,,,,,,,,,,,,,,,,,,,,,,,,,,,,97.483,0.9603509306907654,254508.23996697456,False,refined_freeze_alt_corrected_yaw,3364599.688249097,0.8341024498886415,True,ok,1.8005340683333246,True,False,False,temporal_xy,True,ok,6.219882138977166,28.31141529767632,0.8885847023236693
000060.jpg,,,,,,,,,,,,,,,,,,,,,,,,,,,,,,,,,,,,,97.483,0.95942622423172,254508.23996697456,False,refined_freeze_alt_init_yaw,3364599.688249097,0.8339420935412026,True,ok,1.781821072723825,True,False,False,temporal_xy,True,ok,6.219882138977166,28.757492000000013,0.44250799999997525
000060.jpg,,,,,,,,,,,,,,,,,,,,,,,,,,,,,,,,,,,,,98.53184200000001,0.8125928640365601,254506.15824451388,True,temporal_predicted,3364606.7066236776,0.8954476614699332,True,ok,1.2581771384158018,False,False,True,ok,True,ok,1.4105723614318884,29.804448000000008,0.6044480000000192
000061.jpg,,,,,,,,,,,,,,,,,,,,,,,,,,,,,,,,,,,,,99.708,0.9952539801597595,254505.5631732929,True,init,3364605.1846127613,0.8215537331222316,True,disabled,1.3966257087157479,True,True,True,disabled,True,init,1.2329916146010917,32.651178000000016,3.451178000000027
000061.jpg,,,,,,,,,,,,,,,,,,,,,,,,,,,,,,,,,,,,,99.98472329042852,0.9980210065841675,254506.25346323743,False,raw_refined_full,3364605.040503393,0.8182448899720706,False,pose_yaw_jump,8.341393299952268,True,False,False,temporal_xy,True,ok,1.2034541959638434,-143.90175543613503,173.10175543613502
000061.jpg,,,,,,,,,,,,,,,,,,,,,,,,,,,,,,,,,,,,,99.98472329042852,0.994742751121521,254506.25346323743,False,refined_corrected_yaw,3364605.040503393,0.8201483642573781,True,ok,1.54410459630836,True,False,False,temporal_xy,True,ok,1.2034541959638434,36.09824456386497,6.898244563864978
000061.jpg,,,,,,,,,,,,,,,,,,,,,,,,,,,,,,,,,,,,,99.708,0.9946696162223816,254506.2534632375,False,refined_freeze_alt_corrected_yaw,3364605.0405033934,0.8201839432159821,True,ok,1.5384610678979571,True,False,False,temporal_xy,True,ok,1.2034541955014684,36.09824456386497,6.898244563864978
000061.jpg,,,,,,,,,,,,,,,,,,,,,,,,,,,,,,,,,,,,,99.708,0.9850618243217468,254506.2534632375,False,refined_freeze_alt_init_yaw,3364605.0405033934,0.8261256293028303,True,ok,1.3849831111402262,True,False,False,temporal_xy,True,ok,1.2034541955014684,32.651178000000016,3.451178000000027
000061.jpg,,,,,,,,,,,,,,,,,,,,,,,,,,,,,,,,,,,,,97.243629,0.9054025411605835,254507.9140282398,False,temporal_predicted,3364603.6523728156,0.8584313237151548,False,pose_alt_jump,1.3187556288832225,False,False,True,ok,True,ok,3.1080006679737324,28.757492000000013,0.44250799999997525
000062.jpg,,,,,,,,,,,,,,,,,,,,,,,,,,,,,,,,,,,,,99.639,0.9097986221313477,254505.43428045476,True,init,3364609.212182415,0.8563900103612133,True,disabled,1.3448258782593308,True,True,True,disabled,True,init,2.4409705514998064,30.62631300000001,1.4263130000000217
000062.jpg,,,,,,,,,,,,,,,,,,,,,,,,,,,,,,,,,,,,,99.7661710139364,0.9800027012825012,254503.9375295421,False,raw_refined_full,3364611.036720772,0.8288970667047769,False,pose_yaw_jump,8.835059100786125,True,False,False,temporal_xy,True,ok,4.7874956042533485,-147.94604911496748,177.14604911496747
000062.jpg,,,,,,,,,,,,,,,,,,,,,,,,,,,,,,,,,,,,,99.7661710139364,0.9850757718086243,254503.9375295421,False,refined_corrected_yaw,3364611.036720772,0.8270213298081389,True,ok,1.6872144725830795,True,False,False,temporal_xy,True,ok,4.7874956042533485,32.05395088503252,2.853950885032532
000062.jpg,,,,,,,,,,,,,,,,,,,,,,,,,,,,,,,,,,,,,99.639,0.9850757718086243,254503.9375295421,False,refined_freeze_alt_corrected_yaw,3364611.036720772,0.8270213298081389,True,ok,1.6846710523043513,True,False,False,temporal_xy,True,ok,4.7874956042533485,32.05395088503252,2.853950885032532
000062.jpg,,,,,,,,,,,,,,,,,,,,,,,,,,,,,,,,,,,,,99.639,0.9309645891189575,254503.9375295421,False,refined_freeze_alt_init_yaw,3364611.036720772,0.8447247132802173,True,ok,1.6074916690083751,True,False,False,temporal_xy,True,ok,4.7874956042533485,30.62631300000001,1.4263130000000217
000062.jpg,,,,,,,,,,,,,,,,,,,,,,,,,,,,,,,,,,,,,99.685704,0.9868500232696533,254506.05103329424,True,temporal_predicted,3364606.0575347603,0.8276644396012719,True,ok,1.4591761399566694,False,False,True,ok,True,ok,1.2329877424665796,32.651178000000016,3.451178000000027
000063.jpg,,,,,,,,,,,,,,,,,,,,,,,,,,,,,,,,,,,,,99.455,0.9877394437789917,254510.31453358376,True,init,3364606.820709934,0.8247754103338036,True,disabled,1.5013077831090316,True,True,True,disabled,True,init,3.352405617664904,33.248964,4.048964000000012
000063.jpg,,,,,,,,,,,,,,,,,,,,,,,,,,,,,,,,,,,,,99.80973814427853,1.0015276670455933,254509.67555590908,False,raw_refined_full,3364603.3359135645,0.8171849047168295,False,pose_yaw_jump,8.771018919139296,True,False,False,temporal_xy,True,ok,5.283313479999385,-142.70209259655277,171.90209259655276
000063.jpg,,,,,,,,,,,,,,,,,,,,,,,,,,,,,,,,,,,,,99.80973814427853,1.0019441843032837,254509.67555590908,False,refined_corrected_yaw,3364603.3359135645,0.8187387258666572,True,ok,1.9804262912763777,True,False,False,temporal_xy,True,ok,5.283313479999385,37.297907403447226,8.097907403447238
000063.jpg,,,,,,,,,,,,,,,,,,,,,,,,,,,,,,,,,,,,,99.455,1.001927137374878,254509.67555590908,False,refined_freeze_alt_corrected_yaw,3364603.3359135645,0.8187387258666572,True,ok,1.9733142698632542,True,False,False,temporal_xy,True,ok,5.283313479999385,37.297907403447226,8.097907403447238
000063.jpg,,,,,,,,,,,,,,,,,,,,,,,,,,,,,,,,,,,,,99.455,0.9775790572166443,254509.67555590908,False,refined_freeze_alt_init_yaw,3364603.3359135645,0.8284367130431677,True,ok,1.7770082399203369,True,False,False,temporal_xy,True,ok,5.283313479999385,33.248964,4.048964000000012
000063.jpg,,,,,,,,,,,,,,,,,,,,,,,,,,,,,,,,,,,,,99.655558,0.9112799167633057,254505.9221404549,True,temporal_predicted,3364610.085104415,0.85399439195585,True,ok,1.398691361985117,False,False,True,ok,True,ok,2.4409724529980115,30.62631300000001,1.4263130000000217
000064.jpg,,,,,,,,,,,,,,,,,,,,,,,,,,,,,,,,,,,,,99.315,0.9645676016807556,254510.07093405444,True,init,3364607.0016813395,0.8327895887857168,True,disabled,1.2480390009687776,True,True,True,disabled,True,init,3.044882971593019,31.724761,2.5247610000000122
000064.jpg,,,,,,,,,,,,,,,,,,,,,,,,,,,,,,,,,,,,,99.19290681835264,0.9837965965270996,254510.29503810036,False,raw_refined_full,3364603.871094639,0.8270713082135303,False,pose_yaw_jump,8.699858872567333,True,False,False,temporal_xy,True,ok,5.643269905358186,-145.75066145223403,174.95066145223402
000064.jpg,,,,,,,,,,,,,,,,,,,,,,,,,,,,,,,,,,,,,99.19290681835264,0.9893014430999756,254510.29503810036,False,refined_corrected_yaw,3364603.871094639,0.8254938515039616,True,ok,1.6228223686890848,True,False,False,temporal_xy,True,ok,5.643269905358186,34.24933854776597,5.049338547765984
000064.jpg,,,,,,,,,,,,,,,,,,,,,,,,,,,,,,,,,,,,,99.315,0.989458441734314,254510.29503810027,False,refined_freeze_alt_corrected_yaw,3364603.871094638,0.8254221489262539,True,ok,1.6206149735443374,True,False,False,temporal_xy,True,ok,5.643269906140971,34.24933854776597,5.049338547765984
000064.jpg,,,,,,,,,,,,,,,,,,,,,,,,,,,,,,,,,,,,,99.315,0.9554139971733093,254510.29503810027,False,refined_freeze_alt_init_yaw,3364603.871094638,0.8353171046499122,True,ok,1.5354100037094125,True,False,False,temporal_xy,True,ok,5.643269906140971,31.724761,2.5247610000000122
000064.jpg,,,,,,,,,,,,,,,,,,,,,,,,,,,,,,,,,,,,,99.447358,0.984306812286377,254510.80239358524,True,temporal_predicted,3364607.693631934,0.8252787437708385,True,ok,1.2786613161794633,False,False,True,ok,True,ok,3.3524063421789085,33.248964,4.048964000000012
000065.jpg,,,,,,,,,,,,,,,,,,,,,,,,,,,,,,,,,,,,,100.255,0.9911785125732422,254509.25475385156,True,init,3364608.0440785135,0.8294554234105338,True,disabled,1.3367808127998901,True,True,True,disabled,True,init,2.020437721659263,26.700466000000006,2.499533999999983
000065.jpg,,,,,,,,,,,,,,,,,,,,,,,,,,,,,,,,,,,,,100.43801231589168,1.0501748323440552,254509.52944972386,False,raw_refined_full,3364605.9097623453,0.8150406867566843,False,pose_yaw_jump,8.496980369883097,True,False,False,temporal_xy,True,ok,4.066444223826285,-155.79422164462747,175.0057783553725
000065.jpg,,,,,,,,,,,,,,,,,,,,,,,,,,,,,,,,,,,,,100.43801231589168,1.0529104471206665,254509.52944972386,False,refined_corrected_yaw,3364605.9097623453,0.8155235625502996,True,ok,1.6691945349074548,True,False,False,temporal_xy,True,ok,4.066444223826285,24.20577835537253,4.9942216446274585
000065.jpg,,,,,,,,,,,,,,,,,,,,,,,,,,,,,,,,,,,,,100.255,1.0529104471206665,254509.52944972386,False,refined_freeze_alt_corrected_yaw,3364605.909762345,0.8155235625502996,True,ok,1.6655342886333377,True,False,False,temporal_xy,True,ok,4.066444224264243,24.20577835537253,4.9942216446274585
000065.jpg,,,,,,,,,,,,,,,,,,,,,,,,,,,,,,,,,,,,,100.255,0.9923136830329895,254509.52944972386,False,refined_freeze_alt_init_yaw,3364605.909762345,0.8274702673701153,True,ok,1.492664002821991,True,False,False,temporal_xy,True,ok,4.066444224264243,26.700466000000006,2.499533999999983
000065.jpg,,,,,,,,,,,,,,,,,,,,,,,,,,,,,,,,,,,,,99.319407,0.9690759181976318,254510.5587940542,True,temporal_predicted,3364607.8746033395,0.8319771081105249,True,ok,1.3306716806641186,False,False,True,ok,True,ok,3.0448891609523003,31.724761,2.5247610000000122
000066.jpg,,,,,,,,,,,,,,,,,,,,,,,,,,,,,,,,,,,,,97.718,0.9662997722625732,254510.14593470003,True,init,3364610.5586843425,0.8309044686336293,True,disabled,1.3523892394778076,True,True,True,disabled,True,init,1.5110626615027245,31.63889900000001,2.4388990000000206
000066.jpg,,,,,,,,,,,,,,,,,,,,,,,,,,,,,,,,,,,,,98.00463644880801,0.9841828942298889,254509.01401163064,False,raw_refined_full,3364609.010986826,0.8246025494127757,False,pose_yaw_jump,8.364561635300628,True,False,False,temporal_yaw,True,ok,1.6404492003591096,-145.92870872866027,175.12870872866026
000066.jpg,,,,,,,,,,,,,,,,,,,,,,,,,,,,,,,,,,,,,98.00463644880801,0.9952293634414673,254509.01401163064,False,refined_corrected_yaw,3364609.010986826,0.8223646519621884,True,ok,1.5419754480889842,True,False,False,temporal_yaw,True,ok,1.6404492003591096,34.07129127133973,4.871291271339743
000066.jpg,,,,,,,,,,,,,,,,,,,,,,,,,,,,,,,,,,,,,97.718,0.9952293634414673,254509.0140116307,False,refined_freeze_alt_corrected_yaw,3364609.0109868264,0.8223646519621884,True,ok,1.536242719092405,True,False,False,temporal_yaw,True,ok,1.6404491999194286,34.07129127133973,4.871291271339743
000066.jpg,,,,,,,,,,,,,,,,,,,,,,,,,,,,,,,,,,,,,97.718,0.9702631831169128,254509.0140116307,True,refined_freeze_alt_init_yaw,3364609.0109868264,0.832103981667144,True,ok,1.4033708091531494,True,False,True,ok,True,ok,1.6404491999194286,31.63889900000001,2.4388990000000206
000066.jpg,,,,,,,,,,,,,,,,,,,,,,,,,,,,,,,,,,,,,100.455145,0.9878995418548584,254509.74261385284,False,temporal_predicted,3364608.9170005126,0.8313162417645373,False,pose_alt_jump,1.4290734395983913,False,False,True,ok,True,ok,2.0204361321358424,26.700466000000006,2.499533999999983
000067.jpg,,,,,,,,,,,,,,,,,,,,,,,,,,,,,,,,,,,,,99.694,0.90498286485672,254510.16717395943,True,init,3364607.979734102,0.8599214180311839,True,disabled,1.3802839885841318,True,True,True,disabled,True,init,3.652663712946468,28.336798999999985,0.8632010000000037
000067.jpg,,,,,,,,,,,,,,,,,,,,,,,,,,,,,,,,,,,,,99.75285760872066,0.9916865825653076,254511.98378296458,False,raw_refined_full,3364604.790796813,0.8266218642772059,False,pose_yaw_jump,8.932436935651953,True,False,False,temporal_xy,False,visual_overlap_worse,7.275178504854276,-152.52716910518652,178.27283089481352
000067.jpg,,,,,,,,,,,,,,,,,,,,,,,,,,,,,,,,,,,,,99.75285760872066,0.9823935627937317,254511.98378296458,False,refined_corrected_yaw,3364604.790796813,0.8297331413230928,True,ok,1.879918259278068,True,False,False,temporal_xy,False,visual_overlap_worse,7.275178504854276,27.472830894813484,1.7271691051865048
000067.jpg,,,,,,,,,,,,,,,,,,,,,,,,,,,,,,,,,,,,,99.694,0.9823935627937317,254511.98378296453,False,refined_freeze_alt_corrected_yaw,3364604.7907968117,0.8297331413230928,True,ok,1.878741107230776,True,False,False,temporal_xy,False,visual_overlap_worse,7.275178506115879,27.472830894813484,1.7271691051865048
000067.jpg,,,,,,,,,,,,,,,,,,,,,,,,,,,,,,,,,,,,,99.694,0.9820709824562073,254511.98378296453,False,refined_freeze_alt_init_yaw,3364604.7907968117,0.8295731327893043,True,ok,1.8439859424462415,True,False,False,temporal_xy,False,visual_overlap_worse,7.275178506115879,28.336798999999985,0.8632010000000037
000067.jpg,,,,,,,,,,,,,,,,,,,,,,,,,,,,,,,,,,,,,97.898882,0.9660854935646057,254510.6337946995,True,temporal_predicted,3364611.4316063426,0.8316176862766014,True,ok,1.5120080755192746,False,False,True,ok,True,ok,1.5110551755227268,31.63889900000001,2.4388990000000206
000068.jpg,,,,,,,,,,,,,,,,,,,,,,,,,,,,,,,,,,,,,99.498,0.9850740432739258,254503.9030082926,True,init,3364610.2863399507,0.8258339729059203,True,disabled,1.5619860418631646,True,True,True,disabled,True,init,6.070978404380088,30.471406,1.2714060000000131
000068.jpg,,,,,,,,,,,,,,,,,,,,,,,,,,,,,,,,,,,,,99.57425399776548,0.9729334712028503,254508.38734265024,False,raw_refined_full,3364613.979723605,0.830920806039945,False,pose_yaw_jump,8.842477153749865,True,False,False,temporal_xy,True,ok,2.035758044418304,-148.25833963369035,177.45833963369034
000068.jpg,,,,,,,,,,,,,,,,,,,,,,,,,,,,,,,,,,,,,99.57425399776548,0.966049075126648,254508.38734265024,False,refined_corrected_yaw,3364613.979723605,0.8339193603084227,True,ok,1.8125789599627318,True,False,False,temporal_xy,True,ok,2.035758044418304,31.741660366309645,2.5416603663096566
000068.jpg,,,,,,,,,,,,,,,,,,,,,,,,,,,,,,,,,,,,,99.498,0.966049075126648,254508.38734265024,False,refined_freeze_alt_corrected_yaw,3364613.979723605,0.8339193603084227,True,ok,1.8110538800074223,True,False,False,temporal_xy,True,ok,2.035758044418304,31.741660366309645,2.5416603663096566
000068.jpg,,,,,,,,,,,,,,,,,,,,,,,,,,,,,,,,,,,,,99.498,0.8976112604141235,254508.38734265024,False,refined_freeze_alt_init_yaw,3364613.979723605,0.8607814089635354,True,ok,1.663906864241614,True,False,False,temporal_xy,True,ok,2.035758044418304,30.471406,1.2714060000000131
000068.jpg,,,,,,,,,,,,,,,,,,,,,,,,,,,,,,,,,,,,,99.835699,0.9022664427757263,254510.6550339589,True,temporal_predicted,3364608.852656102,0.8604422867546004,True,ok,1.450069397101301,False,False,True,ok,True,ok,3.6526717771383037,28.336798999999985,0.8632010000000037
000069.jpg,,,,,,,,,,,,,,,,,,,,,,,,,,,,,,,,,,,,,99.581,0.7119081020355225,254510.59593040636,True,init,3364613.3614717303,0.9386076744895944,True,disabled,1.4244726525703606,True,True,True,disabled,True,init,0.5148464563544212,28.778048000000013,0.4219519999999761
000069.jpg,,,,,,,,,,,,,,,,,,,,,,,,,,,,,,,,,,,,,99.87712002545595,0.8397634625434875,254509.83417970611,False,raw_refined_full,3364612.855200275,0.8840566698389327,False,pose_yaw_jump,8.838753514960093,True,False,False,temporal_xy,False,visual_chamfer_worse,0.45577039021401844,-151.64379108674507,179.15620891325494
000069.jpg,,,,,,,,,,,,,,,,,,,,,,,,,,,,,,,,,,,,,99.87712002545595,0.8337744474411011,254509.83417970611,False,refined_corrected_yaw,3364612.855200275,0.8865346285755329,True,ok,1.6721129134260473,True,False,False,temporal_xy,False,visual_chamfer_worse,0.45577039021401844,28.35620891325493,0.8437910867450569
000069.jpg,,,,,,,,,,,,,,,,,,,,,,,,,,,,,,,,,,,,,99.581,0.8337744474411011,254509.83417970611,False,refined_freeze_alt_corrected_yaw,3364612.855200275,0.8865346285755329,True,ok,1.6661905129169283,True,False,False,temporal_xy,False,visual_chamfer_worse,0.45577039021401844,28.35620891325493,0.8437910867450569
000069.jpg,,,,,,,,,,,,,,,,,,,,,,,,,,,,,,,,,,,,,99.581,0.7304607629776001,254509.83417970611,False,refined_freeze_alt_init_yaw,3364612.855200275,0.9396670916306046,True,ok,1.45106226602667,True,False,False,temporal_xy,True,ok,0.45577039021401844,28.778048000000013,0.4219519999999761
000069.jpg,,,,,,,,,,,,,,,,,,,,,,,,,,,,,,,,,,,,,99.375122,0.9827830791473389,254504.39086829263,False,temporal_predicted,3364611.159261951,0.8262017202061375,True,ok,1.9214876605414402,False,False,True,ok,False,visual_chamfer_worse,6.0709750547746175,30.471406,1.2714060000000131
000070.jpg,,,,,,,,,,,,,,,,,,,,,,,,,,,,,,,,,,,,,99.226,0.9426968693733215,254514.11795562058,True,init,3364614.5448238812,0.8366894777279468,True,disabled,1.3458817306619646,True,True,True,disabled,True,init,3.5589119870711006,30.281598000000002,1.0815980000000138
000070.jpg,,,,,,,,,,,,,,,,,,,,,,,,,,,,,,,,,,,,,99.47710637841374,0.9600350856781006,254511.84945565384,False,raw_refined_full,3364611.3912993586,0.8354744760305179,False,pose_yaw_jump,8.674649588007043,True,False,False,temporal_xy,True,ok,2.987410508934469,-148.64319204692552,177.8431920469255
000070.jpg,,,,,,,,,,,,,,,,,,,,,,,,,,,,,,,,,,,,,99.47710637841374,0.946463942527771,254511.84945565384,False,refined_corrected_yaw,3364611.3912993586,0.8371004341844301,True,ok,1.5864510733965906,True,False,False,temporal_xy,True,ok,2.987410508934469,31.35680795307448,2.156807953074491
000070.jpg,,,,,,,,,,,,,,,,,,,,,,,,,,,,,,,,,,,,,99.226,0.946463942527771,254511.84945565384,False,refined_freeze_alt_corrected_yaw,3364611.3912993586,0.8371004341844301,True,ok,1.5814289458283157,True,False,False,temporal_xy,True,ok,2.987410508934469,31.35680795307448,2.156807953074491
000070.jpg,,,,,,,,,,,,,,,,,,,,,,,,,,,,,,,,,,,,,99.226,0.8894425630569458,254511.84945565384,False,refined_freeze_alt_init_yaw,3364611.3912993586,0.8653670913216717,True,ok,1.44966638782638,True,False,False,temporal_xy,True,ok,2.987410508934469,30.281598000000002,1.0815980000000138
000070.jpg,,,,,,,,,,,,,,,,,,,,,,,,,,,,,,,,,,,,,99.401323,0.7233588099479675,254511.08379040667,True,temporal_predicted,3364614.2343937308,0.9348008647953259,True,ok,1.0186059774241711,False,False,True,ok,True,ok,0.5148496785271974,28.778048000000013,0.4219519999999761
000071.jpg,,,,,,,,,,,,,,,,,,,,,,,,,,,,,,,,,,,,,100.401,0.9533565640449524,254507.9034518324,True,init,3364612.8441378423,0.8352382658545324,True,disabled,1.531956070117313,True,True,True,disabled,True,init,3.8190885836541297,29.87061700000001,0.6706170000000213
000071.jpg,,,,,,,,,,,,,,,,,,,,,,,,,,,,,,,,,,,,,100.75457213446498,0.9033475518226624,254511.18474617996,False,raw_refined_full,3364614.2163725616,0.8587065567896811,False,pose_yaw_jump,8.636393866460441,True,False,False,temporal_xy,True,ok,0.7633866967623698,-149.457817911938,178.657817911938
000071.jpg,,,,,,,,,,,,,,,,,,,,,,,,,,,,,,,,,,,,,100.75457213446498,0.8977076411247253,254511.18474617996,False,refined_corrected_yaw,3364614.2163725616,0.861286277319957,True,ok,1.4651842668891575,True,False,False,temporal_xy,True,ok,0.7633866967623698,30.542182088061992,1.3421820880620032
000071.jpg,,,,,,,,,,,,,,,,,,,,,,,,,,,,,,,,,,,,,100.401,0.8977076411247253,254511.18474617996,False,refined_freeze_alt_corrected_yaw,3364614.216372562,0.861286277319957,True,ok,1.4581128242011263,True,False,False,temporal_xy,True,ok,0.76338669630155,30.542182088061992,1.3421820880620032
000071.jpg,,,,,,,,,,,,,,,,,,,,,,,,,,,,,,,,,,,,,100.401,0.794842004776001,254511.18474617996,False,refined_freeze_alt_init_yaw,3364614.216372562,0.9038874955213185,True,ok,1.2971898545831688,True,False,False,temporal_xy,True,ok,0.76338669630155,29.87061700000001,0.6706170000000213
000071.jpg,,,,,,,,,,,,,,,,,,,,,,,,,,,,,,,,,,,,,99.166312,0.9308671951293945,254514.6058156206,True,temporal_predicted,3364615.4177458803,0.8432998925116446,True,ok,1.5249985311762664,False,False,True,ok,True,ok,3.5589132575651057,30.281598000000002,1.0815980000000138
000072.jpg,,,,,,,,,,,,,,,,,,,,,,,,,,,,,,,,,,,,,98.462,0.7736610770225525,254510.71496848,True,init,3364616.8691949225,0.9147872816838334,True,disabled,1.2832841844239449,True,True,True,disabled,True,init,1.3297943097600868,29.75713300000001,0.5571330000000216
000072.jpg,,,,,,,,,,,,,,,,,,,,,,,,,,,,,,,,,,,,,98.85407598223537,0.8865343928337097,254509.99754670647,False,raw_refined_full,3364617.7423404474,0.8649888042991491,False,pose_yaw_jump,8.788927305895328,True,False,False,temporal_xy,False,visual_chamfer_worse,2.4598688327651086,-149.68779797078602,178.887797970786
000072.jpg,,,,,,,,,,,,,,,,,,,,,,,,,,,,,,,,,,,,,98.85407598223537,0.8814663290977478,254509.99754670647,False,refined_corrected_yaw,3364617.7423404474,0.8669592476489029,True,ok,1.5733596279182258,True,False,False,temporal_xy,False,visual_chamfer_worse,2.4598688327651086,30.312202029213978,1.1122020292139894
000072.jpg,,,,,,,,,,,,,,,,,,,,,,,,,,,,,,,,,,,,,98.462,0.8814663290977478,254509.99754670647,False,refined_freeze_alt_corrected_yaw,3364617.742340447,0.8669592476489029,True,ok,1.5655181082339038,True,False,False,temporal_xy,False,visual_chamfer_worse,2.4598688324058866,30.312202029213978,1.1122020292139894
000072.jpg,,,,,,,,,,,,,,,,,,,,,,,,,,,,,,,,,,,,,98.462,0.8457565903663635,254509.99754670647,False,refined_freeze_alt_init_yaw,3364617.742340447,0.8841916703985669,True,ok,1.4844654595871916,True,False,False,temporal_xy,False,visual_overlap_worse,2.4598688324058866,29.75713300000001,0.5571330000000216
000072.jpg,,,,,,,,,,,,,,,,,,,,,,,,,,,,,,,,,,,,,100.472686,0.9549081921577454,254508.39131183294,False,temporal_predicted,3364613.7170598423,0.8322077922077922,False,pose_alt_jump,1.6403493774831919,False,False,True,ok,False,visual_chamfer_worse,3.8190924987586214,29.87061700000001,0.6706170000000213
000073.jpg,,,,,,,,,,,,,,,,,,,,,,,,,,,,,,,,,,,,,104.624,0.9718809127807617,254510.0530599298,True,init,3364617.545716725,0.8323553615513972,True,disabled,1.2680598886523824,True,True,True,disabled,True,init,2.162438500588091,31.86184,2.661840000000012
000073.jpg,,,,,,,,,,,,,,,,,,,,,,,,,,,,,,,,,,,,,104.59642583411187,1.0131185054779053,254509.6464860057,False,raw_refined_full,3364619.6653739023,0.8184550431142438,False,pose_yaw_jump,8.537670618821679,True,False,False,temporal_xy,True,ok,3.8038322531789226,-145.4766813300541,174.6766813300541
000073.jpg,,,,,,,,,,,,,,,,,,,,,,,,,,,,,,,,,,,,,104.59642583411187,1.0096139907836914,254509.6464860057,False,refined_corrected_yaw,3364619.6653739023,0.8200293391534581,True,ok,1.599519590720078,True,False,False,temporal_xy,True,ok,3.8038322531789226,34.523318669945894,5.323318669945905
000073.jpg,,,,,,,,,,,,,,,,,,,,,,,,,,,,,,,,,,,,,104.624,1.0096139907836914,254509.64648600694,False,refined_freeze_alt_corrected_yaw,3364619.6653739023,0.8200293391534581,True,ok,1.598968107351166,True,False,False,temporal_xy,True,ok,3.803832252387942,34.523318669945894,5.323318669945905
000073.jpg,,,,,,,,,,,,,,,,,,,,,,,,,,,,,,,,,,,,,104.624,0.9897629618644714,254509.64648600694,False,refined_freeze_alt_init_yaw,3364619.6653739023,0.8301012558588858,True,ok,1.462011672119568,True,False,False,temporal_xy,True,ok,3.803832252387942,31.86184,2.661840000000012
000073.jpg,,,,,,,,,,,,,,,,,,,,,,,,,,,,,,,,,,,,,105.719612,0.7849555611610413,254511.20282848057,True,temporal_predicted,3364617.742116923,0.91162474507138,True,ok,1.0183691483289738,False,False,True,ok,True,ok,1.3297950701952208,29.75713300000001,0.5571330000000216
000074.jpg,,,,,,,,,,,,,,,,,,,,,,,,,,,,,,,,,,,,,106.243,0.9712345600128174,254510.99966365195,True,init,3364612.846860645,0.8283305589861999,True,disabled,1.519277639022265,True,True,True,disabled,True,init,4.987090912109113,28.458008000000007,0.741991999999982
000074.jpg,,,,,,,,,,,,,,,,,,,,,,,,,,,,,,,,,,,,,106.24196483381093,0.9994125962257385,254515.69675172569,False,raw_refined_full,3364611.2233576113,0.8220838031824447,False,pose_yaw_jump,9.016876079189828,True,False,False,temporal_xy,True,ok,7.107460570037687,-152.2826205989721,178.51737940102794
000074.jpg,,,,,,,,,,,,,,,,,,,,,,,,,,,,,,,,,,,,,106.24196483381093,0.9952378273010254,254515.69675172569,False,refined_corrected_yaw,3364611.2233576113,0.8252877266462618,True,ok,1.9882272302231532,True,False,False,temporal_xy,True,ok,7.107460570037687,27.717379401027898,1.4826205989720904
000074.jpg,,,,,,,,,,,,,,,,,,,,,,,,,,,,,,,,,,,,,106.243,0.9952378273010254,254515.69675172569,False,refined_freeze_alt_corrected_yaw,3364611.2233576113,0.8252877266462618,True,ok,1.9882065268993718,True,False,False,temporal_xy,True,ok,7.107460570037687,27.717379401027898,1.4826205989720904
000074.jpg,,,,,,,,,,,,,,,,,,,,,,,,,,,,,,,,,,,,,106.243,0.978199303150177,254515.69675172569,False,refined_freeze_alt_init_yaw,3364611.2233576113,0.8273461132291611,True,ok,1.9389798354648957,True,False,False,temporal_xy,True,ok,7.107460570037687,28.458008000000007,0.741991999999982
000074.jpg,,,,,,,,,,,,,,,,,,,,,,,,,,,,,,,,,,,,,104.888989,0.9820706248283386,254510.54091993056,True,temporal_predicted,3364618.4186387244,0.8294223988258247,True,ok,1.5564230200366649,False,False,True,ok,True,ok,2.1624331699186117,31.86184,2.661840000000012
000075.jpg,,,,,,,,,,,,,,,,,,,,,,,,,,,,,,,,,,,,,107.088,1.00564706325531,254513.48358482402,True,init,3364615.0277581275,0.8185524245458446,True,disabled,1.4605517403318509,True,True,True,disabled,True,init,3.4660361893373532,36.447135,7.247135000000014
000075.jpg,,,,,,,,,,,,,,,,,,,,,,,,,,,,,,,,,,,,,107.46819733921438,1.0201319456100464,254516.21569330944,False,raw_refined_full,3364613.254357252,0.8162458875697325,False,pose_yaw_jump,8.36719213282362,True,False,False,temporal_xy,True,ok,6.107938953717953,-136.315863767807,165.515863767807
000075.jpg,,,,,,,,,,,,,,,,,,,,,,,,,,,,,,,,,,,,,107.46819733921438,1.0261379480361938,254516.21569330944,False,refined_corrected_yaw,3364613.254357252,0.8143863538835646,True,ok,2.0632672182100036,True,False,False,temporal_xy,True,ok,6.107938953717953,43.684136232193,14.48413623219301
000075.jpg,,,,,,,,,,,,,,,,,,,,,,,,,,,,,,,,,,,,,107.088,1.0261379480361938,254516.21569330944,False,refined_freeze_alt_corrected_yaw,3364613.254357252,0.8143863538835646,True,ok,2.0556632714257157,True,False,False,temporal_xy,True,ok,6.107938953717953,43.684136232193,14.48413623219301
000075.jpg,,,,,,,,,,,,,,,,,,,,,,,,,,,,,,,,,,,,,107.088,1.010522723197937,254516.21569330944,False,refined_freeze_alt_init_yaw,3364613.254357252,0.8184093834930625,True,ok,1.7466326526899087,True,False,False,temporal_xy,True,ok,6.107938953717953,36.447135,7.247135000000014
000075.jpg,,,,,,,,,,,,,,,,,,,,,,,,,,,,,,,,,,,,,106.466855,0.9725593328475952,254511.48752365238,True,temporal_predicted,3364613.7197826444,0.8313188385066514,True,ok,1.4273062952495938,False,False,True,ok,True,ok,4.987087039384736,28.458008000000007,0.741991999999982
000076.jpg,,,,,,,,,,,,,,,,,,,,,,,,,,,,,,,,,,,,,106.627,0.9408407807350159,254509.6782479821,True,init,3364620.349573616,0.838837304628326,True,disabled,1.607529638689682,True,True,True,disabled,True,init,3.967545636953788,29.585217,0.38521700000001147
000076.jpg,,,,,,,,,,,,,,,,,,,,,,,,,,,,,,,,,,,,,106.58971785195172,0.9705142974853516,254510.4318404023,False,raw_refined_full,3364623.9307920802,0.8317085776407478,False,pose_yaw_jump,8.907185788122847,True,False,False,temporal_xy,True,ok,5.532582902842394,-150.02956736296534,179.22956736296533
000076.jpg,,,,,,,,,,,,,,,,,,,,,,,,,,,,,,,,,,,,,106.58971785195172,0.9583532810211182,254510.4318404023,False,refined_corrected_yaw,3364623.9307920802,0.8369481919766177,True,ok,1.9414128815921676,True,False,False,temporal_xy,True,ok,5.532582902842394,29.970432637034662,0.7704326370346735
000076.jpg,,,,,,,,,,,,,,,,,,,,,,,,,,,,,,,,,,,,,106.627,0.9583044648170471,254510.43184040356,False,refined_freeze_alt_corrected_yaw,3364623.9307920802,0.8369660137940867,True,ok,1.9405975310784491,True,False,False,temporal_xy,True,ok,5.532582902145156,29.970432637034662,0.7704326370346735
000076.jpg,,,,,,,,,,,,,,,,,,,,,,,,,,,,,,,,,,,,,106.627,0.9597165584564209,254510.43184040356,False,refined_freeze_alt_init_yaw,3364623.9307920802,0.838177897381975,True,ok,1.940886532303686,True,False,False,temporal_xy,True,ok,5.532582902145156,29.585217,0.38521700000001147
000076.jpg,,,,,,,,,,,,,,,,,,,,,,,,,,,,,,,,,,,,,107.33552399999999,1.0223902463912964,254513.97144482532,True,temporal_predicted,3364615.900680127,0.8159897346331378,True,ok,1.7312249111502602,False,False,True,ok,True,ok,3.466031972738669,36.447135,7.247135000000014
000077.jpg,,,,,,,,,,,,,,,,,,,,,,,,,,,,,,,,,,,,,107.643,0.98265141248703,254508.56668620012,True,init,3364616.756323733,0.833261679564345,True,disabled,1.4131757196139334,True,True,True,disabled,True,init,6.439504465275706,29.123164000000003,0.07683599999998592
000077.jpg,,,,,,,,,,,,,,,,,,,,,,,,,,,,,,,,,,,,,107.66719668637961,0.7386243343353271,254514.15353026649,False,raw_refined_full,3364619.1542800344,0.9459372312983663,False,pose_yaw_jump,8.522482245779454,True,False,False,temporal_xy,True,ok,1.065875671312461,-150.95354913909313,179.84645086090688
000077.jpg,,,,,,,,,,,,,,,,,,,,,,,,,,,,,,,,,,,,,107.66719668637961,0.7368980646133423,254514.15353026649,False,refined_corrected_yaw,3364619.1542800344,0.9459372312983663,True,ok,1.3453446701093656,True,False,False,temporal_xy,True,ok,1.065875671312461,29.046450860906873,0.15354913909311563
000077.jpg,,,,,,,,,,,,,,,,,,,,,,,,,,,,,,,,,,,,,107.643,0.7368980646133423,254514.15353026649,False,refined_freeze_alt_corrected_yaw,3364619.1542800344,0.9459372312983663,True,ok,1.3448607363817733,True,False,False,temporal_xy,True,ok,1.065875671312461,29.046450860906873,0.15354913909311563
000077.jpg,,,,,,,,,,,,,,,,,,,,,,,,,,,,,,,,,,,,,107.643,0.7399231195449829,254514.15353026649,False,refined_freeze_alt_init_yaw,3364619.1542800344,0.9518844941243909,True,ok,1.3389234098892941,True,False,False,temporal_xy,True,ok,1.065875671312461,29.123164000000003,0.07683599999998592
000077.jpg,,,,,,,,,,,,,,,,,,,,,,,,,,,,,,,,,,,,,106.872306,0.9413488507270813,254510.1661079828,True,temporal_predicted,3364621.222495616,0.8396209515620522,True,ok,1.3801985743056455,False,False,True,ok,True,ok,3.9675435744232104,29.585217,0.38521700000001147
000078.jpg,,,,,,,,,,,,,,,,,,,,,,,,,,,,,,,,,,,,,107.526,1.0263375043869019,254519.39568650533,True,init,3364618.9678782835,0.8174588927981619,True,disabled,1.8219737640868132,True,True,True,disabled,True,init,5.341978595359967,35.026242999999994,5.826243000000005
000078.jpg,,,,,,,,,,,,,,,,,,,,,,,,,,,,,,,,,,,,,107.84381377790123,1.025622010231018,254519.10148573018,False,raw_refined_full,3364613.3159934967,0.8146226753787607,False,pose_yaw_jump,8.883032620663538,True,False,False,temporal_xy,True,ok,9.032232311143698,-139.15011516639865,168.35011516639864
000078.jpg,,,,,,,,,,,,,,,,,,,,,,,,,,,,,,,,,,,,,107.84381377790123,1.0351858139038086,254519.10148573018,False,refined_corrected_yaw,3364613.3159934967,0.8107812163423566,True,ok,2.3848638932379997,True,False,False,temporal_xy,True,ok,9.032232311143698,40.84988483360135,11.649884833601362
000078.jpg,,,,,,,,,,,,,,,,,,,,,,,,,,,,,,,,,,,,,107.526,1.0351858139038086,254519.10148573018,False,refined_freeze_alt_corrected_yaw,3364613.315993496,0.8107812163423566,True,ok,2.378507617712412,True,False,False,temporal_xy,True,ok,9.032232311544092,40.84988483360135,11.649884833601362
000078.jpg,,,,,,,,,,,,,,,,,,,,,,,,,,,,,,,,,,,,,107.526,1.002289056777954,254519.10148573018,False,refined_freeze_alt_init_yaw,3364613.315993496,0.823149278380125,True,ok,2.1011413099698952,True,False,False,temporal_xy,True,ok,9.032232311544092,35.026242999999994,5.826243000000005
000078.jpg,,,,,,,,,,,,,,,,,,,,,,,,,,,,,,,,,,,,,107.8115,0.9871165752410889,254509.05454619988,False,temporal_predicted,3364617.629245732,0.833237596036476,False,pose_xy_jump,1.773690605098641,False,False,True,ok,True,ok,6.439506399468639,29.123164000000003,0.07683599999998592
000079.jpg,,,,,,,,,,,,,,,,,,,,,,,,,,,,,,,,,,,,,107.48,0.9298014044761658,254512.68114691807,True,init,3364619.2436964037,0.8498347463716052,True,disabled,1.62982802336838,True,True,True,disabled,True,init,3.5534432899799873,29.110874999999993,0.08912499999999568
000079.jpg,,,,,,,,,,,,,,,,,,,,,,,,,,,,,,,,,,,,,107.57648333068937,0.8819541931152344,254515.98307106196,False,raw_refined_full,3364619.390390369,0.8637016812760454,False,pose_yaw_jump,8.526561115531816,True,False,False,temporal_xy,True,ok,2.754766313746602,-150.97609281482488,179.82390718517513
000079.jpg,,,,,,,,,,,,,,,,,,,,,,,,,,,,,,,,,,,,,107.57648333068937,0.8785380721092224,254515.98307106196,False,refined_corrected_yaw,3364619.390390369,0.8650308952435695,True,ok,1.5651300137905915,True,False,False,temporal_xy,True,ok,2.754766313746602,29.02390718517512,0.1760928148248695
000079.jpg,,,,,,,,,,,,,,,,,,,,,,,,,,,,,,,,,,,,,107.48,0.8785380721092224,254515.98307106196,False,refined_freeze_alt_corrected_yaw,3364619.390390369,0.8650308952435695,True,ok,1.5632003471768041,True,False,False,temporal_xy,True,ok,2.754766313746602,29.02390718517512,0.1760928148248695
000079.jpg,,,,,,,,,,,,,,,,,,,,,,,,,,,,,,,,,,,,,107.48,0.8743458390235901,254515.98307106196,False,refined_freeze_alt_init_yaw,3364619.390390369,0.8660727115964938,True,ok,1.5541710779069289,True,False,False,temporal_xy,True,ok,2.754766313746602,29.110874999999993,0.08912499999999568
000079.jpg,,,,,,,,,,,,,,,,,,,,,,,,,,,,,,,,,,,,,107.689972,1.0145461559295654,254519.88354650547,True,temporal_predicted,3364619.840800283,0.8200711309096135,True,ok,1.754933930460224,False,False,True,ok,True,ok,5.341980220984605,35.026242999999994,5.826243000000005
000080.jpg,,,,,,,,,,,,,,,,,,,,,,,,,,,,,,,,,,,,,106.869,0.9006134867668152,254517.99818890498,True,init,3364623.2168479743,0.85607691203903,True,disabled,1.4410963343024932,True,True,True,disabled,True,init,2.562157450642094,29.62284299999999,0.4228430000000003
000080.jpg,,,,,,,,,,,,,,,,,,,,,,,,,,,,,,,,,,,,,107.21518248226494,0.8574231266975403,254515.99268836688,False,raw_refined_full,3364621.134962965,0.8789101736260583,False,pose_yaw_jump,8.547475317902647,True,False,False,temporal_xy,True,ok,1.773268820939491,-149.95307374795456,179.15307374795455
000080.jpg,,,,,,,,,,,,,,,,,,,,,,,,,,,,,,,,,,,,,107.21518248226494,0.8524379730224609,254515.99268836688,False,refined_corrected_yaw,3364621.134962965,0.8809728798966853,True,ok,1.3942827052955882,True,False,False,temporal_xy,True,ok,1.773268820939491,30.046926252045438,0.8469262520454492
000080.jpg,,,,,,,,,,,,,,,,,,,,,,,,,,,,,,,,,,,,,106.869,0.8524379730224609,254515.99268836688,False,refined_freeze_alt_corrected_yaw,3364621.134962965,0.8809728798966853,True,ok,1.3873590556502893,True,False,False,temporal_xy,True,ok,1.773268820939491,30.046926252045438,0.8469262520454492
000080.jpg,,,,,,,,,,,,,,,,,,,,,,,,,,,,,,,,,,,,,106.869,0.7981728911399841,254515.99268836688,False,refined_freeze_alt_init_yaw,3364621.134962965,0.8990350121968719,True,ok,1.2920801297350133,True,False,False,temporal_xy,True,ok,1.773268820939491,29.62284299999999,0.4228430000000003
000080.jpg,,,,,,,,,,,,,,,,,,,,,,,,,,,,,,,,,,,,,107.589709,0.9471228122711182,254513.16900691847,True,temporal_predicted,3364620.1166184032,0.8438441670253982,True,ok,1.5193850859017677,False,False,True,ok,True,ok,3.553444941148261,29.110874999999993,0.08912499999999568
000081.jpg,,,,,,,,,,,,,,,,,,,,,,,,,,,,,,,,,,,,,104.917,0.9718449115753174,254523.86934244988,True,init,3364627.516360666,0.8338935774567301,True,disabled,1.4993104648661426,True,True,True,disabled,True,init,8.787287317620725,28.915965999999997,0.28403399999999124
000081.jpg,,,,,,,,,,,,,,,,,,,,,,,,,,,,,,,,,,,,,105.20421405974776,0.8000839352607727,254515.95252497782,False,raw_refined_full,3364622.5512796193,0.9036976112144185,False,pose_xy_jump,8.715362936741364,True,False,False,temporal_xy,True,ok,1.1497641722504517,-151.36553098356177,179.43446901643824
000081.jpg,,,,,,,,,,,,,,,,,,,,,,,,,,,,,,,,,,,,,105.20421405974776,0.7915912866592407,254515.95252497782,False,refined_corrected_yaw,3364622.5512796193,0.90961593477328,False,pose_xy_jump,1.5515007647576176,True,False,False,temporal_xy,True,ok,1.1497641722504517,28.63446901643823,0.5655309835617572
000081.jpg,,,,,,,,,,,,,,,,,,,,,,,,,,,,,,,,,,,,,104.917,0.7915912866592407,254515.95252497782,False,refined_freeze_alt_corrected_yaw,3364622.551279618,0.90961593477328,False,pose_xy_jump,1.5457564836360294,True,False,False,temporal_xy,True,ok,1.1497641736474349,28.63446901643823,0.5655309835617572
000081.jpg,,,,,,,,,,,,,,,,,,,,,,,,,,,,,,,,,,,,,104.917,0.724711000919342,254515.95252497782,False,refined_freeze_alt_init_yaw,3364622.551279618,0.9345587183521671,False,pose_xy_jump,1.440735962079708,True,False,False,temporal_xy,True,ok,1.1497641736474349,28.915965999999997,0.28403399999999124
000081.jpg,,,,,,,,,,,,,,,,,,,,,,,,,,,,,,,,,,,,,106.942506,0.8907498121261597,254518.48604890477,False,temporal_predicted,3364624.0897699744,0.8569410670862537,False,pose_alt_jump,1.4333286088959885,False,False,True,ok,True,ok,2.56215919257842,29.62284299999999,0.4228430000000003
000082.jpg,,,,,,,,,,,,,,,,,,,,,,,,,,,,,,,,,,,,,107.569,1.0078002214431763,254513.8161415884,True,init,3364626.4407482594,0.8235758075502815,True,disabled,1.7953948526626622,True,True,True,disabled,True,init,3.2213205333053527,33.065391000000005,3.8653910000000167
000082.jpg,,,,,,,,,,,,,,,,,,,,,,,,,,,,,,,,,,,,,107.9567001638934,1.056862711906433,254512.99984412035,False,raw_refined_full,3364629.1970393118,0.8122468002724698,False,pose_yaw_jump,8.939948759618465,True,False,False,temporal_xy,True,ok,5.763435874007455,-143.07981777552692,172.2798177755269
000082.jpg,,,,,,,,,,,,,,,,,,,,,,,,,,,,,,,,,,,,,107.9567001638934,1.0498437881469727,254512.99984412035,False,refined_corrected_yaw,3364629.1970393118,0.812838346538558,True,ok,2.1868476589721726,True,False,False,temporal_xy,True,ok,5.763435874007455,36.92018222447308,7.720182224473092
000082.jpg,,,,,,,,,,,,,,,,,,,,,,,,,,,,,,,,,,,,,107.569,1.049464225769043,254512.99984412035,False,refined_freeze_alt_corrected_yaw,3364629.1970393113,0.8129996773384003,True,ok,2.1785557002480123,True,False,False,temporal_xy,True,ok,5.763435873633931,36.92018222447308,7.720182224473092
000082.jpg,,,,,,,,,,,,,,,,,,,,,,,,,,,,,,,,,,,,,107.569,1.0252476930618286,254512.99984412035,False,refined_freeze_alt_init_yaw,3364629.1970393113,0.8184132219553293,True,ok,1.9949214062491696,True,False,False,temporal_xy,True,ok,5.763435873633931,33.065391000000005,3.8653910000000167
000082.jpg,,,,,,,,,,,,,,,,,,,,,,,,,,,,,,,,,,,,,104.960071,0.9738660454750061,254524.3572024503,False,temporal_predicted,3364628.3892826657,0.8351736994944968,False,pose_xy_jump,1.8023040101450796,False,False,True,ok,True,ok,8.787291626432735,28.915965999999997,0.28403399999999124
000083.jpg,,,,,,,,,,,,,,,,,,,,,,,,,,,,,,,,,,,,,107.911,0.9391739964485168,254519.72297610994,True,init,3364628.1180878044,0.8374711368070596,True,disabled,1.5153663283868124,True,False,True,disabled,True,init,3.8652456282868726,29.119405,0.0805949999999882
000083.jpg,,,,,,,,,,,,,,,,,,,,,,,,,,,,,,,,,,,,,108.18824325781316,0.826661229133606,254515.45819888875,False,raw_refined_full,3364627.087583213,0.875454203733868,False,pose_yaw_jump,8.406538948613308,True,False,False,temporal_yaw,True,ok,2.2036247243967106,-150.95595776864374,179.8440422313563
000083.jpg,,,,,,,,,,,,,,,,,,,,,,,,,,,,,,,,,,,,,108.18824325781316,0.8159775733947754,254515.45819888875,True,refined_corrected_yaw,3364627.087583213,0.8814326883491148,True,ok,1.3530533382403065,True,False,True,ok,True,ok,2.2036247243967106,29.044042231356258,0.1559577686437308
000083.jpg,,,,,,,,,,,,,,,,,,,,,,,,,,,,,,,,,,,,,107.911,0.8159775733947754,254515.45819888875,True,refined_freeze_alt_corrected_yaw,3364627.087583213,0.8814326883491148,True,ok,1.3475084730840434,True,True,True,ok,True,ok,2.2036247243967106,29.044042231356258,0.1559577686437308
000083.jpg,,,,,,,,,,,,,,,,,,,,,,,,,,,,,,,,,,,,,107.911,0.8179733157157898,254515.45819888875,True,refined_freeze_alt_init_yaw,3364627.087583213,0.8783897470778814,True,ok,1.3496619010312632,True,False,True,ok,True,ok,2.2036247243967106,29.119405,0.0805949999999882
000083.jpg,,,,,,,,,,,,,,,,,,,,,,,,,,,,,,,,,,,,,107.55169500000001,1.021633267402649,254514.30400158837,True,temporal_predicted,3364627.313670259,0.8189628940161455,True,ok,1.6288604519062724,False,False,True,ok,True,ok,3.2213274764114863,33.065391000000005,3.8653910000000167
000084.jpg,,,,,,,,,,,,,,,,,,,,,,,,,,,,,,,,,,,,,108.24,0.9338825345039368,254518.4376644952,True,init,3364630.205640848,0.8423102464238922,True,disabled,1.3363115489830486,True,True,True,disabled,True,init,4.017617534597836,28.497735000000006,0.7022649999999828
000084.jpg,,,,,,,,,,,,,,,,,,,,,,,,,,,,,,,,,,,,,108.2882771762088,0.9665507078170776,254514.30806871623,False,raw_refined_full,3364631.469429862,0.8323312454008651,False,pose_yaw_jump,8.796422223938894,True,False,False,temporal_xy,True,ok,6.015392327740713,-152.21621919560576,178.58378080439422
000084.jpg,,,,,,,,,,,,,,,,,,,,,,,,,,,,,,,,,,,,,108.2882771762088,0.9621109366416931,254514.30806871623,False,refined_corrected_yaw,3364631.469429862,0.8337311771990595,True,ok,1.646498559664437,True,False,False,temporal_xy,True,ok,6.015392327740713,27.78378080439424,1.4162191956057484
000084.jpg,,,,,,,,,,,,,,,,,,,,,,,,,,,,,,,,,,,,,108.24,0.9621109366416931,254514.30806871623,False,refined_freeze_alt_corrected_yaw,3364631.4694298618,0.8337311771990595,True,ok,1.64553301611235,True,False,False,temporal_xy,True,ok,6.015392327342073,27.78378080439424,1.4162191956057484
000084.jpg,,,,,,,,,,,,,,,,,,,,,,,,,,,,,,,,,,,,,108.24,0.9484463334083557,254514.30806871623,False,refined_freeze_alt_init_yaw,3364631.4694298618,0.8411256887484969,True,ok,1.5949483003438738,True,False,False,temporal_xy,True,ok,6.015392327342073,28.497735000000006,0.7022649999999828
000084.jpg,,,,,,,,,,,,,,,,,,,,,,,,,,,,,,,,,,,,,107.892328,0.8194125294685364,254515.94605888875,True,temporal_predicted,3364627.960505213,0.8819031893318018,True,ok,1.181097738487081,False,False,True,ok,True,ok,2.2036246461448683,29.044042231356258,0.1559577686437308
000085.jpg,,,,,,,,,,,,,,,,,,,,,,,,,,,,,,,,,,,,,107.49,0.9515025615692139,254521.7302468302,True,init,3364627.7690560403,0.8396501457725948,True,disabled,1.3948657353398193,True,True,True,disabled,True,init,3.868432721461126,27.617245999999994,1.5827539999999942
000085.jpg,,,,,,,,,,,,,,,,,,,,,,,,,,,,,,,,,,,,,107.8529787613079,1.0151020288467407,254518.46405667157,False,raw_refined_full,3364624.700683046,0.8231652449339524,False,pose_yaw_jump,8.945825921043348,True,False,False,temporal_xy,True,ok,2.5539888105751647,-153.9717538090614,176.82824619093861
000085.jpg,,,,,,,,,,,,,,,,,,,,,,,,,,,,,,,,,,,,,107.8529787613079,1.0157068967819214,254518.46405667157,False,refined_corrected_yaw,3364624.700683046,0.8239390994493035,True,ok,1.8757644709040178,True,False,False,temporal_xy,True,ok,2.5539888105751647,26.028246190938603,3.1717538090613857
000085.jpg,,,,,,,,,,,,,,,,,,,,,,,,,,,,,,,,,,,,,107.49,1.0157068967819214,254518.46405667157,False,refined_freeze_alt_corrected_yaw,3364624.700683047,0.8239390994493035,True,ok,1.8685048955995316,True,False,False,temporal_xy,True,ok,2.553988809666429,26.028246190938603,3.1717538090613857
000085.jpg,,,,,,,,,,,,,,,,,,,,,,,,,,,,,,,,,,,,,107.49,0.9346123933792114,254518.46405667157,False,refined_freeze_alt_init_yaw,3364624.700683047,0.8480905589749127,True,ok,1.695565608624014,True,False,False,temporal_xy,True,ok,2.553988809666429,27.617245999999994,1.5827539999999942
000085.jpg,,,,,,,,,,,,,,,,,,,,,,,,,,,,,,,,,,,,,108.10175699999999,0.9533279538154602,254518.92552449505,True,temporal_predicted,3364631.078562847,0.8334053197998776,True,ok,1.4152641325600945,False,False,True,ok,True,ok,4.017610529845107,28.497735000000006,0.7022649999999828
000086.jpg,,,,,,,,,,,,,,,,,,,,,,,,,,,,,,,,,,,,,104.627,0.9633691310882568,254516.69486906493,True,init,3364626.157512979,0.8349875930521092,True,disabled,1.5401561302632523,True,True,True,disabled,True,init,2.5542374936715295,31.23369199999999,2.033692000000002
000086.jpg,,,,,,,,,,,,,,,,,,,,,,,,,,,,,,,,,,,,,104.90056377276778,1.0123084783554077,254518.83331959852,False,raw_refined_full,3364626.524271599,0.8192002013881396,False,pose_yaw_jump,8.627230168523523,True,False,False,temporal_xy,True,ok,1.6030770196640631,-146.73090363473716,175.93090363473715
000086.jpg,,,,,,,,,,,,,,,,,,,,,,,,,,,,,,,,,,,,,104.90056377276778,1.0215469598770142,254518.83331959852,False,refined_corrected_yaw,3364626.524271599,0.8154601359369943,True,ok,1.7122636908568523,True,False,False,temporal_xy,True,ok,1.6030770196640631,33.26909636526284,4.069096365262851
000086.jpg,,,,,,,,,,,,,,,,,,,,,,,,,,,,,,,,,,,,,104.627,1.0215469598770142,254518.83331959852,False,refined_freeze_alt_corrected_yaw,3364626.524271599,0.8154601359369943,True,ok,1.7067924154014964,True,False,False,temporal_xy,True,ok,1.6030770196640631,33.26909636526284,4.069096365262851
000086.jpg,,,,,,,,,,,,,,,,,,,,,,,,,,,,,,,,,,,,,104.627,0.9558504223823547,254518.83331959852,False,refined_freeze_alt_init_yaw,3364626.524271599,0.836713777106484,True,ok,1.5359280360065615,True,False,False,temporal_xy,True,ok,1.6030770196640631,31.23369199999999,2.033692000000002
000086.jpg,,,,,,,,,,,,,,,,,,,,,,,,,,,,,,,,,,,,,107.341437,0.9537946581840515,254522.21810682956,False,temporal_predicted,3364628.64197804,0.8382601503218614,False,pose_alt_jump,1.5812337831037269,False,False,True,ok,True,ok,3.868427259084761,27.617245999999994,1.5827539999999942
000087.jpg,,,,,,,,,,,,,,,,,,,,,,,,,,,,,,,,,,,,,108.323,0.8681350946426392,254520.58013813235,True,init,3364628.2957548373,0.8713724088634739,True,disabled,1.333051204673009,True,True,True,disabled,True,init,1.8169398444817435,30.075975999999997,0.8759760000000085
000087.jpg,,,,,,,,,,,,,,,,,,,,,,,,,,,,,,,,,,,,,108.74909564387053,0.9332126975059509,254519.81002007757,False,raw_refined_full,3364626.0113776973,0.8433523945675483,False,pose_yaw_jump,8.718946504488644,True,False,False,temporal_xy,True,ok,3.0711664869179263,-149.04875429298917,178.24875429298916
000087.jpg,,,,,,,,,,,,,,,,,,,,,,,,,,,,,,,,,,,,,108.74909564387053,0.9336138367652893,254519.81002007757,False,refined_corrected_yaw,3364626.0113776973,0.8436561829878485,True,ok,1.5248796118353367,True,False,False,temporal_xy,True,ok,3.0711664869179263,30.951245707010827,1.7512457070108383
000087.jpg,,,,,,,,,,,,,,,,,,,,,,,,,,,,,,,,,,,,,108.323,0.933599054813385,254519.81002007762,False,refined_freeze_alt_corrected_yaw,3364626.0113776973,0.8436561829878485,True,ok,1.516340671711306,True,False,False,temporal_xy,True,ok,3.0711664869355393,30.951245707010827,1.7512457070108383
000087.jpg,,,,,,,,,,,,,,,,,,,,,,,,,,,,,,,,,,,,,108.323,0.877760648727417,254519.81002007762,False,refined_freeze_alt_init_yaw,3364626.0113776973,0.8665117941386705,True,ok,1.4291651103239904,True,False,False,temporal_xy,True,ok,3.0711664869355393,30.075975999999997,0.8759760000000085
000087.jpg,,,,,,,,,,,,,,,,,,,,,,,,,,,,,,,,,,,,,104.48454,0.9624306559562683,254517.18272906542,False,temporal_predicted,3364627.030434979,0.8360257326661902,False,pose_alt_jump,1.5537856148928633,False,False,True,ok,False,visual_chamfer_worse,2.5542328457709838,31.23369199999999,2.033692000000002
000088.jpg,,,,,,,,,,,,,,,,,,,,,,,,,,,,,,,,,,,,,106.847,0.9828149080276489,254520.48326827053,True,init,3364622.3872068333,0.8265693956588309,True,disabled,1.5175302636040273,True,True,True,disabled,True,init,7.507507308845879,30.264377999999994,1.064378000000005
000088.jpg,,,,,,,,,,,,,,,,,,,,,,,,,,,,,,,,,,,,,107.30801245011389,0.9930301904678345,254525.89492415945,False,raw_refined_full,3364617.316334314,0.8253445014860848,False,pose_yaw_jump,9.373606796651869,True,False,False,temporal_xy,True,ok,14.09689633792837,-148.67047707084416,177.87047707084415
000088.jpg,,,,,,,,,,,,,,,,,,,,,,,,,,,,,,,,,,,,,107.30801245011389,0.9884849786758423,254525.89492415945,False,refined_corrected_yaw,3364617.316334314,0.8258488696748626,True,ok,2.2462009789632713,True,False,False,temporal_xy,True,ok,14.09689633792837,31.329522929155843,2.129522929155854
000088.jpg,,,,,,,,,,,,,,,,,,,,,,,,,,,,,,,,,,,,,106.847,0.9884849786758423,254525.89492415945,False,refined_freeze_alt_corrected_yaw,3364617.316334314,0.8258488696748626,True,ok,2.236980729960993,True,False,False,temporal_xy,True,ok,14.09689633792837,31.329522929155843,2.129522929155854
000088.jpg,,,,,,,,,,,,,,,,,,,,,,,,,,,,,,,,,,,,,106.847,0.9967987537384033,254525.89492415945,False,refined_freeze_alt_init_yaw,3364617.316334314,0.8248221201477078,True,ok,2.203860828591119,True,False,False,temporal_xy,True,ok,14.09689633792837,30.264377999999994,1.064378000000005
000088.jpg,,,,,,,,,,,,,,,,,,,,,,,,,,,,,,,,,,,,,108.126745,0.8664646744728088,254521.06799813366,True,temporal_predicted,3364629.1686768373,0.8727911375303972,True,ok,1.3785187364733251,False,False,True,ok,True,ok,1.8169460083942437,30.075975999999997,0.8759760000000085
000089.jpg,,,,,,,,,,,,,,,,,,,,,,,,,,,,,,,,,,,,,108.293,1.0128912925720215,254524.68548927052,True,init,3364636.205301124,0.8224728787987643,True,disabled,1.918654816823007,True,True,True,disabled,True,init,7.334846152980117,26.876780999999994,2.3232189999999946
000089.jpg,,,,,,,,,,,,,,,,,,,,,,,,,,,,,,,,,,,,,108.3024868350476,1.033502459526062,254517.10322606168,False,raw_refined_full,3364635.7152846805,0.8172282491558301,False,pose_yaw_jump,9.28547632167241,True,False,False,temporal_xy,True,ok,5.734959838070572,-155.44683425919445,175.3531657408056
000089.jpg,,,,,,,,,,,,,,,,,,,,,,,,,,,,,,,,,,,,,108.3024868350476,1.0340639352798462,254517.10322606168,False,refined_corrected_yaw,3364635.7152846805,0.81936561534593,True,ok,2.394423687656356,True,False,False,temporal_xy,True,ok,5.734959838070572,24.553165740805554,4.646834259194435
000089.jpg,,,,,,,,,,,,,,,,,,,,,,,,,,,,,,,,,,,,,108.293,1.0340639352798462,254517.10322606168,False,refined_freeze_alt_corrected_yaw,3364635.7152846805,0.81936561534593,True,ok,2.394233950955404,True,False,False,temporal_xy,True,ok,5.734959838070572,24.553165740805554,4.646834259194435
000089.jpg,,,,,,,,,,,,,,,,,,,,,,,,,,,,,,,,,,,,,108.293,0.9629117846488953,254517.10322606168,False,refined_freeze_alt_init_yaw,3364635.7152846805,0.831597097492636,True,ok,2.218811277042955,True,False,False,temporal_xy,True,ok,5.734959838070572,26.876780999999994,2.3232189999999946
000089.jpg,,,,,,,,,,,,,,,,,,,,,,,,,,,,,,,,,,,,,106.63367199999999,0.9999723434448242,254520.9711282701,False,temporal_predicted,3364623.2601288324,0.8217005532006609,False,pose_xy_jump,1.9398591756303905,False,False,True,ok,True,ok,7.5075033551775885,30.264377999999994,1.064378000000005
000090.jpg,,,,,,,,,,,,,,,,,,,,,,,,,,,,,,,,,,,,,106.638,0.9879341721534729,254513.7512759876,True,init,3364633.2687469604,0.8298901020480982,True,disabled,1.857106040825491,True,True,True,disabled,True,init,6.811513605774411,31.125107000000014,1.9251070000000254
000090.jpg,,,,,,,,,,,,,,,,,,,,,,,,,,,,,,,,,,,,,106.96469142381102,1.0529958009719849,254515.07376795926,False,raw_refined_full,3364639.77219375,0.8103903518161707,False,pose_yaw_jump,9.179296013133817,True,False,False,temporal_xy,True,ok,9.76023837473445,-146.95309419167305,176.15309419167303
000090.jpg,,,,,,,,,,,,,,,,,,,,,,,,,,,,,,,,,,,,,106.96469142381102,1.0553478002548218,254515.07376795926,False,refined_corrected_yaw,3364639.77219375,0.8103725112395632,True,ok,2.2806994867951427,True,False,False,temporal_xy,True,ok,9.76023837473445,33.046905808326954,3.846905808326966
000090.jpg,,,,,,,,,,,,,,,,,,,,,,,,,,,,,,,,,,,,,106.638,1.0553478002548218,254515.07376795926,False,refined_freeze_alt_corrected_yaw,3364639.77219375,0.8103725112395632,True,ok,2.2741656583189225,True,False,False,temporal_xy,True,ok,9.76023837473445,33.046905808326954,3.846905808326966
000090.jpg,,,,,,,,,,,,,,,,,,,,,,,,,,,,,,,,,,,,,106.638,1.0191818475723267,254515.07376795926,False,refined_freeze_alt_init_yaw,3364639.77219375,0.8125133804324556,True,ok,2.158545182455355,True,False,False,temporal_xy,True,ok,9.76023837473445,31.125107000000014,1.9251070000000254
000090.jpg,,,,,,,,,,,,,,,,,,,,,,,,,,,,,,,,,,,,,108.03653200000001,1.0124837160110474,254525.17334927103,False,temporal_predicted,3364637.078223123,0.8207022050952687,False,pose_xy_jump,1.9191139498817897,False,False,True,ok,True,ok,7.334850894695251,26.876780999999994,2.3232189999999946
000091.jpg,,,,,,,,,,,,,,,,,,,,,,,,,,,,,,,,,,,,,104.854,0.85982346534729,254520.45449511916,True,init,3364633.0895229126,0.8797662370256171,True,disabled,1.4560047536177854,True,True,True,disabled,True,init,0.7597707093780388,30.096019000000013,0.8960190000000239
000091.jpg,,,,,,,,,,,,,,,,,,,,,,,,,,,,,,,,,,,,,104.89791126176715,0.9515950083732605,254519.92310263056,False,raw_refined_full,3364633.6300327433,0.8421382858576986,False,pose_yaw_jump,8.814943387140758,True,False,False,temporal_xy,False,visual_overlap_worse,1.5052640573532987,-149.0086825628415,178.2086825628415
000091.jpg,,,,,,,,,,,,,,,,,,,,,,,,,,,,,,,,,,,,,104.89791126176715,0.9596108794212341,254519.92310263056,False,refined_corrected_yaw,3364633.6300327433,0.8399153864080454,True,ok,1.620846508659561,True,False,False,temporal_xy,False,visual_chamfer_worse,1.5052640573532987,30.9913174371585,1.7913174371585114
000091.jpg,,,,,,,,,,,,,,,,,,,,,,,,,,,,,,,,,,,,,104.854,0.9596108794212341,254519.92310263056,False,refined_freeze_alt_corrected_yaw,3364633.6300327433,0.8399153864080454,True,ok,1.619968283424218,True,False,False,temporal_xy,False,visual_chamfer_worse,1.5052640573532987,30.9913174371585,1.7913174371585114
000091.jpg,,,,,,,,,,,,,,,,,,,,,,,,,,,,,,,,,,,,,104.854,0.8562930822372437,254519.92310263056,False,refined_freeze_alt_init_yaw,3364633.6300327433,0.8796407507663625,True,ok,1.460081279673727,True,False,False,temporal_xy,True,ok,1.5052640573532987,30.096019000000013,0.8960190000000239
000091.jpg,,,,,,,,,,,,,,,,,,,,,,,,,,,,,,,,,,,,,106.38118,0.9849734306335449,254514.23913598718,False,temporal_predicted,3364634.1416689605,0.8304680637470196,True,ok,1.6813996204441446,False,False,True,ok,False,visual_chamfer_worse,6.8115104860898645,31.125107000000014,1.9251070000000254
000092.jpg,,,,,,,,,,,,,,,,,,,,,,,,,,,,,,,,,,,,,106.513,0.8119949698448181,254519.98531239422,True,init,3364634.3531368845,0.9051874181335343,True,disabled,1.1691076957245568,True,True,True,disabled,True,init,1.6981790925085674,28.965555999999992,0.23444399999999632
000092.jpg,,,,,,,,,,,,,,,,,,,,,,,,,,,,,,,,,,,,,107.10481383744627,0.8566805124282837,254519.73191223553,False,raw_refined_full,3364635.6906746724,0.8772137589492383,False,pose_yaw_jump,8.565369099164826,True,False,False,temporal_xy,True,ok,2.867430115387197,-151.26318930610213,179.5368106938979
000092.jpg,,,,,,,,,,,,,,,,,,,,,,,,,,,,,,,,,,,,,107.10481383744627,0.8703887462615967,254519.73191223553,False,refined_corrected_yaw,3364635.6906746724,0.8703594049990131,True,ok,1.4187146236734276,True,False,False,temporal_xy,False,visual_overlap_worse,2.867430115387197,28.736810693897866,0.46318930610212306
000092.jpg,,,,,,,,,,,,,,,,,,,,,,,,,,,,,,,,,,,,,106.513,0.8703887462615967,254519.73191223553,False,refined_freeze_alt_corrected_yaw,3364635.6906746724,0.8703594049990131,True,ok,1.4068783469245023,True,False,False,temporal_xy,False,visual_overlap_worse,2.867430115387197,28.736810693897866,0.46318930610212306
000092.jpg,,,,,,,,,,,,,,,,,,,,,,,,,,,,,,,,,,,,,106.513,0.8551278114318848,254519.73191223553,False,refined_freeze_alt_init_yaw,3364635.6906746724,0.8678832247761569,True,ok,1.3814103437600278,True,False,False,temporal_xy,False,visual_overlap_worse,2.867430115387197,28.965555999999992,0.23444399999999632
000092.jpg,,,,,,,,,,,,,,,,,,,,,,,,,,,,,,,,,,,,,104.553851,0.8457962274551392,254520.94235511968,True,temporal_predicted,3364633.962444912,0.882184062729899,True,ok,1.2729214535453297,False,False,True,ok,True,ok,0.7597666494923337,30.096019000000013,0.8960190000000239
000093.jpg,,,,,,,,,,,,,,,,,,,,,,,,,,,,,,,,,,,,,106.528,0.8850154280662537,254522.75826978098,True,init,3364634.135284934,0.8668826493880489,True,disabled,1.2844802344900814,True,True,True,disabled,True,init,0.9512814974057557,30.203485999999998,1.0034860000000094
000093.jpg,,,,,,,,,,,,,,,,,,,,,,,,,,,,,,,,,,,,,106.72535320650786,0.9707798957824707,254521.97322064324,False,raw_refined_full,3364633.079448314,0.8321814254859611,False,pose_yaw_jump,8.644477082384801,True,False,False,temporal_xy,False,visual_overlap_worse,1.109052474260012,-148.79080426505683,177.99080426505682
000093.jpg,,,,,,,,,,,,,,,,,,,,,,,,,,,,,,,,,,,,,106.72535320650786,0.9626506567001343,254521.97322064324,False,refined_corrected_yaw,3364633.079448314,0.8368070554355651,True,ok,1.516574093920532,True,False,False,temporal_xy,False,visual_overlap_worse,1.109052474260012,31.209195734943165,2.0091957349431766
000093.jpg,,,,,,,,,,,,,,,,,,,,,,,,,,,,,,,,,,,,,106.528,0.9626506567001343,254521.97322064324,False,refined_freeze_alt_corrected_yaw,3364633.079448314,0.8368070554355651,True,ok,1.512627029790375,True,False,False,temporal_xy,False,visual_overlap_worse,1.109052474260012,31.209195734943165,2.0091957349431766
000093.jpg,,,,,,,,,,,,,,,,,,,,,,,,,,,,,,,,,,,,,106.528,0.8625555634498596,254521.97322064324,False,refined_freeze_alt_init_yaw,3364633.079448314,0.8713102951763859,True,ok,1.3247955720206124,True,False,False,temporal_xy,True,ok,1.109052474260012,30.203485999999998,1.0034860000000094
000093.jpg,,,,,,,,,,,,,,,,,,,,,,,,,,,,,,,,,,,,,106.227905,0.8174009323120117,254520.47317239427,True,temporal_predicted,3364635.226058885,0.9043736501079913,True,ok,1.1765919054516243,False,False,True,ok,True,ok,1.698177614889822,28.965555999999992,0.23444399999999632
000094.jpg,,,,,,,,,,,,,,,,,,,,,,,,,,,,,,,,,,,,,107.742,0.8616557121276855,254520.65407272658,True,init,3364633.28531603,0.8680679062247373,True,disabled,1.3116862689894024,True,False,True,disabled,True,init,2.40950245050013,28.996808999999985,0.2031910000000039
000094.jpg,,,,,,,,,,,,,,,,,,,,,,,,,,,,,,,,,,,,,108.099794507958,0.8227580189704895,254522.80607491877,False,raw_refined_full,3364633.3023549975,0.8944399532920148,False,pose_yaw_jump,8.43092715087001,True,False,False,temporal_yaw,True,ok,1.819698508534929,-151.20820733798274,179.59179266201727
000094.jpg,,,,,,,,,,,,,,,,,,,,,,,,,,,,,,,,,,,,,108.099794507958,0.8105016350746155,254522.80607491877,True,refined_corrected_yaw,3364633.3023549975,0.8991826102577921,True,ok,1.276628656901432,True,False,True,ok,True,ok,1.819698508534929,28.791792662017258,0.4082073379827307
000094.jpg,,,,,,,,,,,,,,,,,,,,,,,,,,,,,,,,,,,,,107.742,0.8105016350746155,254522.80607491877,True,refined_freeze_alt_corrected_yaw,3364633.3023549975,0.8991826102577921,True,ok,1.2694727667422723,True,True,True,ok,True,ok,1.819698508534929,28.791792662017258,0.4082073379827307
000094.jpg,,,,,,,,,,,,,,,,,,,,,,,,,,,,,,,,,,,,,107.742,0.8257107138633728,254522.80607491877,True,refined_freeze_alt_init_yaw,3364633.3023549975,0.9011227881074284,True,ok,1.2769829281941154,True,False,True,ok,True,ok,1.819698508534929,28.996808999999985,0.2031910000000039
000094.jpg,,,,,,,,,,,,,,,,,,,,,,,,,,,,,,,,,,,,,106.75797,0.8827708959579468,254523.24612978083,True,temporal_predicted,3364635.0082069347,0.869199676637025,True,ok,1.3547404590512204,False,False,True,ok,True,ok,0.951275947623666,30.203485999999998,1.0034860000000094
000095.jpg,,,,,,,,,,,,,,,,,,,,,,,,,,,,,,,,,,,,,105.949,0.9362887144088745,254525.75901221222,True,init,3364637.102105765,0.8434593310904414,True,disabled,1.3696659076954412,True,True,True,disabled,True,init,3.2009292923775057,27.70205200000001,1.4979479999999796
000095.jpg,,,,,,,,,,,,,,,,,,,,,,,,,,,,,,,,,,,,,105.78236900921911,1.0033738613128662,254522.9981443308,False,raw_refined_full,3364635.359228293,0.822679596279438,False,pose_yaw_jump,8.629556159157959,True,False,False,temporal_yaw,True,ok,0.6022315623937213,-153.79192860576592,177.0080713942341
000095.jpg,,,,,,,,,,,,,,,,,,,,,,,,,,,,,,,,,,,,,105.78236900921911,1.0099250078201294,254522.9981443308,True,refined_corrected_yaw,3364635.359228293,0.8224457118183617,True,ok,1.5653533813137364,True,False,True,ok,True,ok,0.6022315623937213,26.208071394234082,2.9919286057659065
000095.jpg,,,,,,,,,,,,,,,,,,,,,,,,,,,,,,,,,,,,,105.949,1.0099250078201294,254522.9981443308,True,refined_freeze_alt_corrected_yaw,3364635.359228293,0.8224457118183617,True,ok,1.5620207614981185,True,False,True,ok,True,ok,0.6022315623937213,26.208071394234082,2.9919286057659065
000095.jpg,,,,,,,,,,,,,,,,,,,,,,,,,,,,,,,,,,,,,105.949,0.9205183386802673,254522.9981443308,True,refined_freeze_alt_init_yaw,3364635.359228293,0.8501160426749186,True,ok,1.379100715322063,True,False,True,ok,True,ok,0.6022315623937213,27.70205200000001,1.4979479999999796
000095.jpg,,,,,,,,,,,,,,,,,,,,,,,,,,,,,,,,,,,,,108.256743,0.8073927760124207,254523.29393491862,False,temporal_predicted,3364634.175276998,0.8981882949822787,False,pose_alt_jump,1.2234249320226787,False,False,True,ok,True,ok,1.8196970101432992,28.791792662017258,0.4082073379827307
000096.jpg,,,,,,,,,,,,,,,,,,,,,,,,,,,,,,,,,,,,,107.638,1.0017220973968506,254523.6318235701,True,init,3364637.5648355316,0.8263013008510408,True,disabled,1.326768288686007,True,True,True,disabled,True,init,0.8501279967640029,26.666133000000002,2.5338669999999865
000096.jpg,,,,,,,,,,,,,,,,,,,,,,,,,,,,,,,,,,,,,107.43657828494906,1.0426554679870605,254522.62790595263,False,raw_refined_full,3364637.4704850046,0.814732183018766,False,pose_yaw_jump,8.57136521900625,True,False,False,temporal_xy,True,ok,0.9330539929888673,-155.87150097992466,174.92849902007538
000096.jpg,,,,,,,,,,,,,,,,,,,,,,,,,,,,,,,,,,,,,107.43657828494906,1.0328547954559326,254522.62790595263,False,refined_corrected_yaw,3364637.4704850046,0.8155778261573616,True,ok,1.5748689861912757,True,False,False,temporal_xy,True,ok,0.9330539929888673,24.12849902007534,5.07150097992465
000096.jpg,,,,,,,,,,,,,,,,,,,,,,,,,,,,,,,,,,,,,107.638,1.0328547954559326,254522.62790595263,False,refined_freeze_alt_corrected_yaw,3364637.4704850046,0.8155778261573616,True,ok,1.5708405518902566,True,False,False,temporal_xy,True,ok,0.9330539929888673,24.12849902007534,5.07150097992465
000096.jpg,,,,,,,,,,,,,,,,,,,,,,,,,,,,,,,,,,,,,107.638,0.9902710318565369,254522.62790595263,False,refined_freeze_alt_init_yaw,3364637.4704850046,0.8269670199175948,True,ok,1.4154354426519518,True,False,False,temporal_xy,True,ok,0.9330539929888673,26.666133000000002,2.5338669999999865
000096.jpg,,,,,,,,,,,,,,,,,,,,,,,,,,,,,,,,,,,,,106.459296,0.9390190839767456,254526.24687221184,True,temporal_predicted,3364637.975027764,0.8448154878641213,True,ok,1.2692329633154105,False,False,True,ok,True,ok,3.2009300260795146,27.70205200000001,1.4979479999999796
000097.jpg,,,,,,,,,,,,,,,,,,,,,,,,,,,,,,,,,,,,,108.999,1.0459191799163818,254521.9752549637,True,init,3364637.3831933797,0.8161917308837595,True,disabled,1.3470232104139246,True,True,True,disabled,True,init,1.8066093004164898,24.47964300000001,4.720356999999979
000097.jpg,,,,,,,,,,,,,,,,,,,,,,,,,,,,,,,,,,,,,109.19985102117062,1.0677671432495117,254523.1320490144,False,raw_refined_full,3364638.1921546,0.8094421685224955,False,pose_yaw_jump,8.31905262239822,True,False,False,temporal_yaw,True,ok,0.8175625246444468,-160.2419442096376,170.5580557903624
000097.jpg,,,,,,,,,,,,,,,,,,,,,,,,,,,,,,,,,,,,,109.19985102117062,1.075868010520935,254523.1320490144,False,refined_corrected_yaw,3364638.1921546,0.8079803649094945,True,ok,1.5787292288147385,True,False,False,temporal_yaw,True,ok,0.8175625246444468,19.75805579036239,9.441944209637597
000097.jpg,,,,,,,,,,,,,,,,,,,,,,,,,,,,,,,,,,,,,108.999,1.075868010520935,254523.1320490144,False,refined_freeze_alt_corrected_yaw,3364638.1921546,0.8079803649094945,True,ok,1.574712208391326,True,False,False,temporal_yaw,True,ok,0.8175625246444468,19.75805579036239,9.441944209637597
000097.jpg,,,,,,,,,,,,,,,,,,,,,,,,,,,,,,,,,,,,,108.999,1.0483192205429077,254523.1320490144,True,refined_freeze_alt_init_yaw,3364638.1921546,0.8136110158632762,True,ok,1.3538787586091143,True,False,True,ok,True,ok,0.8175625246444468,24.47964300000001,4.720356999999979
000097.jpg,,,,,,,,,,,,,,,,,,,,,,,,,,,,,,,,,,,,,108.01294100000001,0.9972013831138611,254524.11968356985,True,temporal_predicted,3364638.437757531,0.8241865333598022,True,ok,1.3121706574258554,False,False,True,ok,True,ok,0.8501284921757755,26.666133000000002,2.5338669999999865
000098.jpg,,,,,,,,,,,,,,,,,,,,,,,,,,,,,,,,,,,,,107.763,0.8665876388549805,254525.56449762746,True,init,3364636.9205742124,0.8732374126564998,True,disabled,1.3703266167615131,True,True,True,disabled,True,init,2.088113075222963,28.216042000000016,0.9839579999999728
000098.jpg,,,,,,,,,,,,,,,,,,,,,,,,,,,,,,,,,,,,,107.86004305165261,0.966776430606842,254525.81696434395,False,raw_refined_full,3364634.509151666,0.8362881931346662,False,pose_yaw_jump,8.827662820375691,True,False,False,temporal_xy,False,visual_chamfer_worse,4.3264015847026895,-152.7662027248721,178.03379727512788
000098.jpg,,,,,,,,,,,,,,,,,,,,,,,,,,,,,,,,,,,,,107.86004305165261,0.9657706022262573,254525.81696434395,False,refined_corrected_yaw,3364634.509151666,0.8355696861920928,True,ok,1.7282176948956032,True,False,False,temporal_xy,False,visual_chamfer_worse,4.3264015847026895,27.2337972751279,1.9662027248720904
000098.jpg,,,,,,,,,,,,,,,,,,,,,,,,,,,,,,,,,,,,,107.763,0.9657706022262573,254525.81696434514,False,refined_freeze_alt_corrected_yaw,3364634.509151666,0.8355696861920928,True,ok,1.726276833908555,True,False,False,temporal_xy,False,visual_chamfer_worse,4.326401585135653,27.2337972751279,1.9662027248720904
000098.jpg,,,,,,,,,,,,,,,,,,,,,,,,,,,,,,,,,,,,,107.763,0.9351522326469421,254525.81696434514,False,refined_freeze_alt_init_yaw,3364634.509151666,0.8487183632411848,True,ok,1.6777960470918103,True,False,False,temporal_xy,True,ok,4.326401585135653,28.216042000000016,0.9839579999999728
000098.jpg,,,,,,,,,,,,,,,,,,,,,,,,,,,,,,,,,,,,,108.93235399999999,1.0397263765335083,254522.46311496405,False,temporal_predicted,3364638.2561153793,0.8173196098507302,True,ok,1.649425184493709,False,False,True,ok,False,visual_chamfer_worse,1.806604447275363,24.47964300000001,4.720356999999979
000099.jpg,,,,,,,,,,,,,,,,,,,,,,,,,,,,,,,,,,,,,107.315,0.9719683527946472,254525.82868009683,True,init,3364644.1075539007,0.8289400391712936,True,disabled,1.5239760393447543,True,True,True,disabled,True,init,4.81964684200742,30.0668,0.866800000000012
000099.jpg,,,,,,,,,,,,,,,,,,,,,,,,,,,,,,,,,,,,,107.2064541131258,0.9805165529251099,254521.04306125626,False,raw_refined_full,3364645.3264141,0.8317970280128655,False,pose_yaw_jump,9.022510923506958,True,False,False,temporal_xy,True,ok,6.970769444165074,-149.06697502010218,178.26697502010217
000099.jpg,,,,,,,,,,,,,,,,,,,,,,,,,,,,,,,,,,,,,107.2064541131258,0.9796083569526672,254521.04306125626,False,refined_corrected_yaw,3364645.3264141,0.831383752897418,True,ok,1.9495530488011037,True,False,False,temporal_xy,True,ok,6.970769444165074,30.933024979897823,1.7330249798978343
000099.jpg,,,,,,,,,,,,,,,,,,,,,,,,,,,,,,,,,,,,,107.315,0.9796106219291687,254521.04306125626,False,refined_freeze_alt_corrected_yaw,3364645.3264141004,0.831383752897418,True,ok,1.9473844613873639,True,False,False,temporal_xy,True,ok,6.97076944456006,30.933024979897823,1.7330249798978343
000099.jpg,,,,,,,,,,,,,,,,,,,,,,,,,,,,,,,,,,,,,107.315,1.0005894899368286,254521.04306125626,False,refined_freeze_alt_init_yaw,3364645.3264141004,0.8206206314125025,True,ok,1.9450824839621532,True,False,False,temporal_xy,True,ok,6.97076944456006,30.0668,0.866800000000012
000099.jpg,,,,,,,,,,,,,,,,,,,,,,,,,,,,,,,,,,,,,107.39201100000001,0.8680033683776855,254526.05235762685,True,temporal_predicted,3364637.7934962125,0.8734659407399421,True,ok,1.3740270146610376,False,False,True,ok,True,ok,2.088107592062383,28.216042000000016,0.9839579999999728
