frame_index,frame_id,init_source,selected_method,yaw_policy,yaw_pred,yaw_obs_corrected,yaw_obs_delta_deg,accepted_yaw_delta_deg,yaw_obs_trusted,selected_yaw_source,refine_success,elapsed_ms,gt_east,gt_north,gt_alt,gt_yaw,init_east,init_north,init_alt,init_yaw,raw_refined_east,raw_refined_north,raw_refined_alt,raw_refined_yaw,selected_east,selected_north,selected_alt,selected_yaw,raw_delta_east_m,raw_delta_north_m,raw_delta_alt_m,applied_delta_east_m,applied_delta_north_m,applied_delta_alt_m,init_xy_error_m,raw_refined_xy_error_m,selected_xy_error_m,init_alt_error_m,raw_refined_alt_error_m,selected_alt_error_m,init_yaw_error_deg,raw_refined_yaw_error_deg,selected_yaw_error_deg,init_chamfer,raw_refined_chamfer,selected_chamfer,init_overlap,raw_refined_overlap,selected_overlap,feature_loss_initial,feature_loss_refined,feature_loss_drop,failure_reason,candidate_source,candidate_yaw,candidate_yaw_delta_deg,chamfer_norm,edge_chamfer,edge_overlap,feature_loss,feature_norm,grid_offset_deg,render_failed,score,selected
0,000000.jpg,,,,29.19999999999999,29.199630381322663,-0.00036961867732543396,,True,,,,,,,,,,,,,,,,,,,,,,,,,,,,,,,,,,,,,,,,,,,,,prediction,29.19999999999999,0.0,1.4313530467271476,0.07844845950603485,0.9884886410500081,1.3585350946717275e-05,1.1948163371740512,,False,1.7415684899706525,True
0,000000.jpg,,,,29.19999999999999,29.199630381322663,-0.00036961867732543396,,True,,,,,,,,,,,,,,,,,,,,,,,,,,,,,,,,,,,,,,,,,,,,,grid,26.19999999999999,-3.0,17.847291196549367,0.9781601428985596,0.8302702121174087,0.005315118934959173,467.45873274969773,-3.0,False,134.9717041718564,False
0,000000.jpg,,,,29.19999999999999,29.199630381322663,-0.00036961867732543396,,True,,,,,,,,,,,,,,,,,,,,,,,,,,,,,,,,,,,,,,,,,,,,,grid,27.19999999999999,-2.0,17.375584625464164,0.9523072242736816,0.8374065374477775,0.0037829866632819176,332.7094225484827,-2.0,False,100.77553372513705,False
0,000000.jpg,,,,29.19999999999999,29.199630381322663,-0.00036961867732543396,,True,,,,,,,,,,,,,,,,,,,,,,,,,,,,,,,,,,,,,,,,,,,,,grid,28.19999999999999,-1.0,15.936768655286494,0.8734497427940369,0.8713668393968191,0.0019272798478292923,169.50209512616138,-1.0,False,58.470925597430025,False
0,000000.jpg,,,,29.19999999999999,29.199630381322663,-0.00036961867732543396,,True,,,,,,,,,,,,,,,,,,,,,,,,,,,,,,,,,,,,,,,,,,,,,grid,28.69999999999999,-0.5,13.487170135092672,0.7391940951347351,0.9321869788958419,0.0008884764101821929,78.14050106198776,-0.5,False,33.10510842169377,False
0,000000.jpg,,,,29.19999999999999,29.199630381322663,-0.00036961867732543396,,True,,,,,,,,,,,,,,,,,,,,,,,,,,,,,,,,,,,,,,,,,,,,,grid,29.69999999999999,0.5,13.266856608839591,0.7271193265914917,0.9381757544243424,0.0008506944868713617,74.81762339775294,0.5,False,32.048086703853485,False
0,000000.jpg,,,,29.19999999999999,29.199630381322663,-0.00036961867732543396,,True,,,,,,,,,,,,,,,,,,,,,,,,,,,,,,,,,,,,,,,,,,,,,grid,30.19999999999999,1.0,15.869692881355517,0.8697735071182251,0.8693586272435495,0.0018873628190097709,165.9914373336561,1.0,False,57.528193587526,False
0,000000.jpg,,,,29.19999999999999,29.199630381322663,-0.00036961867732543396,,True,,,,,,,,,,,,,,,,,,,,,,,,,,,,,,,,,,,,,,,,,,,,,grid,31.19999999999999,2.0,17.450251379858493,0.9563995003700256,0.8377472162952072,0.003738193539902568,328.7699177232774,2.0,False,99.86498359438264,False
0,000000.jpg,,,,29.19999999999999,29.199630381322663,-0.00036961867732543396,,True,,,,,,,,,,,,,,,,,,,,,,,,,,,,,,,,,,,,,,,,,,,,,grid,32.19999999999999,3.0,18.057117641913035,0.9896601438522339,0.8270965196966166,0.005318285004856686,467.73718503650434,3.0,False,135.2543173813425,False
0,000000.jpg,,,,29.19999999999999,29.199630381322663,-0.00036961867732543396,,True,,,,,,,,,,,,,,,,,,,,,,,,,,,,,,,,,,,,,,,,,,,,,clamped_raw_observation,29.199630381322663,-0.00036961867732543396,1.440696314765225,0.07896053791046143,0.9883093363934662,1.3590516876623345e-05,1.1952706748994937,,False,1.751215735656952,False
1,000001.jpg,,,,29.19999999999999,29.20172291212924,0.001722912129253018,,True,,,,,,,,,,,,,,,,,,,,,,,,,,,,,,,,,,,,,,,,,,,,,prediction,29.19999999999999,0.0,0.8260955405315654,0.5968085527420044,0.9568122933976593,0.00042009383711653453,0.699721668668144,,False,1.044213664300942,False
1,000001.jpg,,,,29.19999999999999,29.20172291212924,0.001722912129253018,,True,,,,,,,,,,,,,,,,,,,,,,,,,,,,,,,,,,,,,,,,,,,,,grid,26.19999999999999,-3.0,1.3617022733582413,0.9837549328804016,0.8269632806218172,0.0053640555900832014,8.934541754014166,-3.0,False,3.8583744312399655,False
1,000001.jpg,,,,29.19999999999999,29.20172291212924,0.001722912129253018,,True,,,,,,,,,,,,,,,,,,,,,,,,,,,,,,,,,,,,,,,,,,,,,grid,27.19999999999999,-2.0,1.3288991523944949,0.960056483745575,0.8360225140712946,0.0038370040711015463,6.3910361307510914,-2.0,False,3.1506356710109733,False
1,000001.jpg,,,,29.19999999999999,29.20172291212924,0.001722912129253018,,True,,,,,,,,,,,,,,,,,,,,,,,,,,,,,,,,,,,,,,,,,,,,,grid,28.19999999999999,-1.0,1.2018803501307482,0.8682923913002014,0.8711694809255784,0.001986174068103234,3.308234757114676,-1.0,False,2.1877695584838386,False
1,000001.jpg,,,,29.19999999999999,29.20172291212924,0.001722912129253018,,True,,,,,,,,,,,,,,,,,,,,,,,,,,,,,,,,,,,,,,,,,,,,,grid,28.69999999999999,-0.5,1.0441539476338453,0.7543437480926514,0.9277762887518985,0.0009440217885033538,1.572392743594128,-0.5,False,1.5244758447804787,False
1,000001.jpg,,,,29.19999999999999,29.20172291212924,0.001722912129253018,,True,,,,,,,,,,,,,,,,,,,,,,,,,,,,,,,,,,,,,,,,,,,,,grid,29.69999999999999,0.5,1.0217832180957815,0.7381821274757385,0.9259179844545699,0.0009343330554353694,1.5562548813580543,0.5,False,1.499928953980725,False
1,000001.jpg,,,,29.19999999999999,29.20172291212924,0.001722912129253018,,True,,,,,,,,,,,,,,,,,,,,,,,,,,,,,,,,,,,,,,,,,,,,,grid,30.19999999999999,1.0,1.2117436285204999,0.8754180669784546,0.8699723041186456,0.0019257852885251243,3.207649283389895,1.0,False,2.173683645249328,False
1,000001.jpg,,,,29.19999999999999,29.20172291212924,0.001722912129253018,,True,,,,,,,,,,,,,,,,,,,,,,,,,,,,,,,,,,,,,,,,,,,,,grid,31.19999999999999,2.0,1.340841615710094,0.9686842560768127,0.8326811399982131,0.0037414227069045105,6.231832767739187,2.0,False,3.1261186676466775,False
1,000001.jpg,,,,29.19999999999999,29.20172291212924,0.001722912129253018,,True,,,,,,,,,,,,,,,,,,,,,,,,,,,,,,,,,,,,,,,,,,,,,grid,32.19999999999999,3.0,1.3699205857128536,0.989692211151123,0.8284642187081211,0.00530964865659674,8.84391983356999,3.0,False,3.84243632539723,False
1,000001.jpg,,,,29.19999999999999,29.20172291212924,0.001722912129253018,,True,,,,,,,,,,,,,,,,,,,,,,,,,,,,,,,,,,,,,,,,,,,,,clamped_raw_observation,29.20172291212924,0.001722912129253018,0.824583158527847,0.5957159399986267,0.9568480300187617,0.00042019152897410095,0.6998843873360989,,False,1.0427579127069877,True
2,000002.jpg,,,,29.20172291212924,29.207394449323345,0.005671537194103848,,True,,,,,,,,,,,,,,,,,,,,,,,,,,,,,,,,,,,,,,,,,,,,,prediction,29.20172291212924,0.0,0.8417701631319721,0.6302310824394226,0.9563635715177345,0.00047948774105558795,0.6076212117168224,,False,1.0373118945434432,True
2,000002.jpg,,,,29.20172291212924,29.207394449323345,0.005671537194103848,,True,,,,,,,,,,,,,,,,,,,,,,,,,,,,,,,,,,,,,,,,,,,,,grid,26.20172291212924,-3.0,1.3125956677053532,0.9827368855476379,0.8266490718119728,0.005385247680048148,6.824346986520164,-3.0,False,3.2820333425234214,False
2,000002.jpg,,,,29.20172291212924,29.207394449323345,0.005671537194103848,,True,,,,,,,,,,,,,,,,,,,,,,,,,,,,,,,,,,,,,,,,,,,,,grid,27.20172291212924,-2.0,1.2673080776562036,0.9488301873207092,0.8386504270913209,0.0038520086479062834,4.881380610548599,-2.0,False,2.7090028032020324,False
2,000002.jpg,,,,29.20172291212924,29.207394449323345,0.005671537194103848,,True,,,,,,,,,,,,,,,,,,,,,,,,,,,,,,,,,,,,,,,,,,,,,grid,28.20172291212924,-1.0,1.1660379377308772,0.8730095028877258,0.8691085471762041,0.0019850245056053004,2.515482445345038,-1.0,False,1.9558000018909325,False
2,000002.jpg,,,,29.20172291212924,29.207394449323345,0.005671537194103848,,True,,,,,,,,,,,,,,,,,,,,,,,,,,,,,,,,,,,,,,,,,,,,,grid,28.70172291212924,-0.5,1.01968074820455,0.7634322643280029,0.9238546997877918,0.0009747480119888982,1.2352298452080637,-0.5,False,1.4196335097187742,False
2,000002.jpg,,,,29.20172291212924,29.207394449323345,0.005671537194103848,,True,,,,,,,,,,,,,,,,,,,,,,,,,,,,,,,,,,,,,,,,,,,,,grid,29.70172291212924,0.5,0.9851722669517382,0.7375958561897278,0.926654421598873,0.0009653428569436073,1.2233113513328642,0.5,False,1.379345683186081,False
2,000002.jpg,,,,29.20172291212924,29.207394449323345,0.005671537194103848,,True,,,,,,,,,,,,,,,,,,,,,,,,,,,,,,,,,,,,,,,,,,,,,grid,30.20172291212924,1.0,1.1579076506061552,0.8669223785400391,0.8738698575173423,0.0019434822800879676,2.4628388942279953,1.0,False,1.9297475166458118,False
2,000002.jpg,,,,29.20172291212924,29.207394449323345,0.005671537194103848,,True,,,,,,,,,,,,,,,,,,,,,,,,,,,,,,,,,,,,,,,,,,,,,grid,31.20172291212924,2.0,1.28353863850789,0.9609819650650024,0.8338356188811812,0.0037682801485061646,4.775277350955913,2.0,False,2.7035223573656872,False
2,000002.jpg,,,,29.20172291212924,29.207394449323345,0.005671537194103848,,True,,,,,,,,,,,,,,,,,,,,,,,,,,,,,,,,,,,,,,,,,,,,,grid,32.20172291212924,3.0,1.316417798279237,0.9855985045433044,0.8275407029619987,0.005372555460780859,6.808263026514037,3.0,False,3.2809428519457478,False
2,000002.jpg,,,,29.20172291212924,29.207394449323345,0.005671537194103848,,True,,,,,,,,,,,,,,,,,,,,,,,,,,,,,,,,,,,,,,,,,,,,,clamped_raw_observation,29.207394449323345,0.005671537194103848,0.8426294061081007,0.6308743953704834,0.9566132282397418,0.0004777088373278578,0.6053669316883249,,False,1.0375280569062633,False
3,000003.jpg,,,,29.20172291212924,29.20541930122991,0.0036963891006678296,,True,,,,,,,,,,,,,,,,,,,,,,,,,,,,,,,,,,,,,,,,,,,,,prediction,29.20172291212924,0.0,0.8669306994626969,0.6529833078384399,0.9617112682359259,0.0004809656723712881,0.591597892419045,,False,1.0531189043315323,True
3,000003.jpg,,,,29.20172291212924,29.20541930122991,0.0036963891006678296,,True,,,,,,,,,,,,,,,,,,,,,,,,,,,,,,,,,,,,,,,,,,,,,grid,26.20172291212924,-3.0,1.3062502146506232,0.9838843941688538,0.8269757450997941,0.0053866237091521425,6.625660450729294,-3.0,False,3.2256895822331524,False
3,000003.jpg,,,,29.20172291212924,29.20541930122991,0.0036963891006678296,,True,,,,,,,,,,,,,,,,,,,,,,,,,,,,,,,,,,,,,,,,,,,,,grid,27.20172291212924,-2.0,1.2600376962104531,0.9490765333175659,0.8378412243802023,0.003857089439406991,4.744301130629192,-2.0,False,2.668271754487549,False
3,000003.jpg,,,,29.20172291212924,29.20541930122991,0.0036963891006678296,,True,,,,,,,,,,,,,,,,,,,,,,,,,,,,,,,,,,,,,,,,,,,,,grid,28.20172291212924,-1.0,1.152393079458161,0.8679972290992737,0.8717085831916227,0.0019651753536891192,2.417207015512022,-1.0,False,1.9149862501445438,False
3,000003.jpg,,,,29.20172291212924,29.20541930122991,0.0036963891006678296,,True,,,,,,,,,,,,,,,,,,,,,,,,,,,,,,,,,,,,,,,,,,,,,grid,28.70172291212924,-0.5,1.0034404241448833,0.755804181098938,0.9203436856708136,0.0009793357457965612,1.204603564174169,-0.5,False,1.399247629517612,False
3,000003.jpg,,,,29.20172291212924,29.20541930122991,0.0036963891006678296,,True,,,,,,,,,,,,,,,,,,,,,,,,,,,,,,,,,,,,,,,,,,,,,grid,29.70172291212924,0.5,0.9819822464744674,0.7396416068077087,0.927915510605925,0.0010018477235765506,1.2322937703029446,0.5,False,1.3771401784442783,False
3,000003.jpg,,,,29.20172291212924,29.20541930122991,0.0036963891006678296,,True,,,,,,,,,,,,,,,,,,,,,,,,,,,,,,,,,,,,,,,,,,,,,grid,30.20172291212924,1.0,1.1476966425239779,0.8644598126411438,0.872370894119753,0.0019597029701496163,2.410475868666308,1.0,False,1.907944715570802,False
3,000003.jpg,,,,29.20172291212924,29.20541930122991,0.0036963891006678296,,True,,,,,,,,,,,,,,,,,,,,,,,,,,,,,,,,,,,,,,,,,,,,,grid,31.20172291212924,2.0,1.2747178204886136,0.9601337909698486,0.8326322384319341,0.003844519301007191,4.7288395960292835,2.0,False,2.6842954810640003,False
3,000003.jpg,,,,29.20172291212924,29.20541930122991,0.0036963891006678296,,True,,,,,,,,,,,,,,,,,,,,,,,,,,,,,,,,,,,,,,,,,,,,,grid,32.20172291212924,3.0,1.3212251125956274,0.9951636791229248,0.8258122259017274,0.005360751878470182,6.593837554868538,3.0,False,3.2338722754110343,False
3,000003.jpg,,,,29.20172291212924,29.20541930122991,0.0036963891006678296,,True,,,,,,,,,,,,,,,,,,,,,,,,,,,,,,,,,,,,,,,,,,,,,clamped_raw_observation,29.20541930122991,0.0036963891006678296,0.868531894194217,0.6541893482208252,0.9616575673498613,0.0004819744062842801,0.5928386563471555,,False,1.0551948826041646,False
4,000004.jpg,,,,29.20172291212924,29.204541341740452,0.0028184296112101492,,True,,,,,,,,,,,,,,,,,,,,,,,,,,,,,,,,,,,,,,,,,,,,,prediction,29.20172291212924,0.0,0.8238465193678834,0.606814444065094,0.9579664514292829,0.00042788042143608135,0.5972806259532683,,False,1.0152002244269176,True
4,000004.jpg,,,,29.20172291212924,29.204541341740452,0.0028184296112101492,,True,,,,,,,,,,,,,,,,,,,,,,,,,,,,,,,,,,,,,,,,,,,,,grid,26.20172291212924,-3.0,1.3241536211139693,0.975321888923645,0.8301937136453386,0.005402475983525316,7.541345842157287,-3.0,False,3.469296368007952,False
4,000004.jpg,,,,29.20172291212924,29.204541341740452,0.0028184296112101492,,True,,,,,,,,,,,,,,,,,,,,,,,,,,,,,,,,,,,,,,,,,,,,,grid,27.20172291212924,-2.0,1.277708427001389,0.9411121010780334,0.8407777006955192,0.003825400141067803,5.339897028029868,-2.0,False,2.8319049833133367,False
4,000004.jpg,,,,29.20172291212924,29.204541341740452,0.0028184296112101492,,True,,,,,,,,,,,,,,,,,,,,,,,,,,,,,,,,,,,,,,,,,,,,,grid,28.20172291212924,-1.0,1.1762170858949423,0.8663573861122131,0.8707508404930893,0.0019430323930767675,2.7122895693364515,-1.0,False,2.013538637735966,False
4,000004.jpg,,,,29.20172291212924,29.204541341740452,0.0028184296112101492,,True,,,,,,,,,,,,,,,,,,,,,,,,,,,,,,,,,,,,,,,,,,,,,grid,28.70172291212924,-0.5,1.0123610273560895,0.7456671595573425,0.9277442766422969,0.0009335974561205754,1.3032138070457984,-0.5,False,1.425420202475242,False
4,000004.jpg,,,,29.20172291212924,29.204541341740452,0.0028184296112101492,,True,,,,,,,,,,,,,,,,,,,,,,,,,,,,,,,,,,,,,,,,,,,,,grid,29.70172291212924,0.5,0.9998928583104565,0.7364835739135742,0.9299322269064518,0.0009510343467506269,1.3275540582665513,0.5,False,1.4168491459706425,False
4,000004.jpg,,,,29.20172291212924,29.204541341740452,0.0028184296112101492,,True,,,,,,,,,,,,,,,,,,,,,,,,,,,,,,,,,,,,,,,,,,,,,grid,30.20172291212924,1.0,1.181422844874047,0.870191752910614,0.8717825568778128,0.001942227187100798,2.7111655779004,1.0,False,2.017431682471334,False
4,000004.jpg,,,,29.20172291212924,29.204541341740452,0.0028184296112101492,,True,,,,,,,,,,,,,,,,,,,,,,,,,,,,,,,,,,,,,,,,,,,,,grid,31.20172291212924,2.0,1.3054802164974249,0.961567759513855,0.8357970009071989,0.0038457107342158756,5.368248696349366,2.0,False,2.8717453896775678,False
4,000004.jpg,,,,29.20172291212924,29.204541341740452,0.0028184296112101492,,True,,,,,,,,,,,,,,,,,,,,,,,,,,,,,,,,,,,,,,,,,,,,,grid,32.20172291212924,3.0,1.326581545669388,0.9771102070808411,0.8293932440365014,0.005425095247725646,7.572920197054929,3.0,False,3.4804183508966187,False
4,000004.jpg,,,,29.20172291212924,29.204541341740452,0.0028184296112101492,,True,,,,,,,,,,,,,,,,,,,,,,,,,,,,,,,,,,,,,,,,,,,,,clamped_raw_observation,29.204541341740452,0.0028184296112101492,0.8239339159122241,0.6068788170814514,0.9576284753722184,0.0004275997052900493,0.5968887727461165,,False,1.015612186614871,False
5,000005.jpg,,,,29.20172291212924,29.200575887502055,-0.0011470246271869655,,True,,,,,,,,,,,,,,,,,,,,,,,,,,,,,,,,,,,,,,,,,,,,,prediction,29.20172291212924,0.0,0.8995067461022186,0.6499918699264526,0.9570255311551509,0.0004817946464754641,0.7010724154748518,,False,1.1177493188157808,False
5,000005.jpg,,,,29.20172291212924,29.200575887502055,-0.0011470246271869655,,True,,,,,,,,,,,,,,,,,,,,,,,,,,,,,,,,,,,,,,,,,,,,,grid,26.20172291212924,-3.0,1.3677105154993607,0.9883202314376831,0.826334583110159,0.005428717005997896,7.899472881582073,-3.0,False,3.60624415278472,False
5,000005.jpg,,,,29.20172291212924,29.200575887502055,-0.0011470246271869655,,True,,,,,,,,,,,,,,,,,,,,,,,,,,,,,,,,,,,,,,,,,,,,,grid,27.20172291212924,-2.0,1.309945393900756,0.9465786218643188,0.8377611140867702,0.0038662358031918607,5.625864241472237,-2.0,False,2.9386503401820447,False
5,000005.jpg,,,,29.20172291212924,29.200575887502055,-0.0011470246271869655,,True,,,,,,,,,,,,,,,,,,,,,,,,,,,,,,,,,,,,,,,,,,,,,grid,28.20172291212924,-1.0,1.1907940456495145,0.8604787588119507,0.873326191751473,0.001991179616500934,2.897419291801304,-1.0,False,2.071822676848367,False
5,000005.jpg,,,,29.20172291212924,29.200575887502055,-0.0011470246271869655,,True,,,,,,,,,,,,,,,,,,,,,,,,,,,,,,,,,,,,,,,,,,,,,grid,28.70172291212924,-0.5,1.0498670708006874,0.758643627166748,0.9223888591322978,0.0009731180034577847,1.4160103152183061,-0.5,False,1.496480790472966,False
5,000005.jpg,,,,29.20172291212924,29.200575887502055,-0.0011470246271869655,,True,,,,,,,,,,,,,,,,,,,,,,,,,,,,,,,,,,,,,,,,,,,,,grid,29.70172291212924,0.5,1.0245682492105537,0.7403624653816223,0.92710230316015,0.0009732801214947054,1.4162462175567143,0.5,False,1.4665275004395821,False
5,000005.jpg,,,,29.20172291212924,29.200575887502055,-0.0011470246271869655,,True,,,,,,,,,,,,,,,,,,,,,,,,,,,,,,,,,,,,,,,,,,,,,grid,30.20172291212924,1.0,1.2117566970440812,0.8756265640258789,0.8696839850026781,0.0019470770300055544,2.833244425872031,1.0,False,2.080383818509411,False
5,000005.jpg,,,,29.20172291212924,29.200575887502055,-0.0011470246271869655,,True,,,,,,,,,,,,,,,,,,,,,,,,,,,,,,,,,,,,,,,,,,,,,grid,31.20172291212924,2.0,1.3190059926401658,0.9531258940696716,0.835065166934476,0.0038100779444600144,5.544147422995642,2.0,False,2.9299776814546004,False
5,000005.jpg,,,,29.20172291212924,29.200575887502055,-0.0011470246271869655,,True,,,,,,,,,,,,,,,,,,,,,,,,,,,,,,,,,,,,,,,,,,,,,grid,32.20172291212924,3.0,1.3606025089886302,0.9831839203834534,0.829119800035708,0.005391051139061649,7.844664260300945,3.0,False,3.5826487740281583,False
5,000005.jpg,,,,29.20172291212924,29.200575887502055,-0.0011470246271869655,,True,,,,,,,,,,,,,,,,,,,,,,,,,,,,,,,,,,,,,,,,,,,,,clamped_raw_observation,29.200575887502055,-0.0011470246271869655,0.8985455447993796,0.649297297000885,0.9574897339760757,0.00048201470053754747,0.7013926220897829,,False,1.1164383770845654,True
6,000006.jpg,,,,29.200575887502055,29.199778561623987,-0.0007973258780680226,,True,,,,,,,,,,,,,,,,,,,,,,,,,,,,,,,,,,,,,,,,,,,,,prediction,29.200575887502055,0.0,0.8973343805459333,0.6679112315177917,0.9578335732181886,0.0005267356658199182,0.6803189599674533,,False,1.109580547319608,False
6,000006.jpg,,,,29.200575887502055,29.199778561623987,-0.0007973258780680226,,True,,,,,,,,,,,,,,,,,,,,,,,,,,,,,,,,,,,,,,,,,,,,,grid,26.200575887502055,-3.0,1.3088247894697478,0.974195122718811,0.8309611386534463,0.00547007005661726,7.065009289003116,-3.0,False,3.3341159730670804,False
6,000006.jpg,,,,29.200575887502055,29.199778561623987,-0.0007973258780680226,,True,,,,,,,,,,,,,,,,,,,,,,,,,,,,,,,,,,,,,,,,,,,,,grid,27.200575887502055,-2.0,1.2810313207643265,0.953507661819458,0.8382998382998383,0.0038579481188207865,4.982831849290168,-2.0,False,2.74843944478703,False
6,000006.jpg,,,,29.200575887502055,29.199778561623987,-0.0007973258780680226,,True,,,,,,,,,,,,,,,,,,,,,,,,,,,,,,,,,,,,,,,,,,,,,grid,28.200575887502055,-1.0,1.1694620986287847,0.8704635500907898,0.8701601009293317,0.00200311631973212,2.5871762627137005,-1.0,False,1.9760960633778784,False
6,000006.jpg,,,,29.200575887502055,29.199778561623987,-0.0007973258780680226,,True,,,,,,,,,,,,,,,,,,,,,,,,,,,,,,,,,,,,,,,,,,,,,grid,28.700575887502055,-0.5,1.0292840489971216,0.7661250829696655,0.9211756134833058,0.00100780056285051,1.301650667049147,-0.5,False,1.4485211022761024,False
6,000006.jpg,,,,29.200575887502055,29.199778561623987,-0.0007973258780680226,,True,,,,,,,,,,,,,,,,,,,,,,,,,,,,,,,,,,,,,,,,,,,,,grid,29.700575887502055,0.5,0.987851538395135,0.7352856993675232,0.9257956181033105,0.000999665722095718,1.2911439048135078,0.5,False,1.3998418964952013,False
6,000006.jpg,,,,29.200575887502055,29.199778561623987,-0.0007973258780680226,,True,,,,,,,,,,,,,,,,,,,,,,,,,,,,,,,,,,,,,,,,,,,,,grid,30.200575887502055,1.0,1.1735823751813177,0.873530387878418,0.8713861790784868,0.0019464597183590133,2.5139999759675886,1.0,False,1.960696190094728,False
6,000006.jpg,,,,29.200575887502055,29.199778561623987,-0.0007973258780680226,,True,,,,,,,,,,,,,,,,,,,,,,,,,,,,,,,,,,,,,,,,,,,,,grid,31.200575887502055,2.0,1.2831481145448573,0.9550832509994507,0.8359365282442206,0.0037931123515591025,4.899091551044936,2.0,False,2.731984474061871,False
6,000006.jpg,,,,29.200575887502055,29.199778561623987,-0.0007973258780680226,,True,,,,,,,,,,,,,,,,,,,,,,,,,,,,,,,,,,,,,,,,,,,,,grid,32.200575887502055,3.0,1.3268764743443857,0.9876314997673035,0.8257369795831334,0.005400384543463588,6.975005177055031,3.0,False,3.33489078902501,False
6,000006.jpg,,,,29.200575887502055,29.199778561623987,-0.0007973258780680226,,True,,,,,,,,,,,,,,,,,,,,,,,,,,,,,,,,,,,,,,,,,,,,,clamped_raw_observation,29.199778561623987,-0.0007973258780680226,0.8961999892054248,0.6670668721199036,0.9581356504433427,0.0005266197258606553,0.6801692147392057,,False,1.1081305622232256,True
7,000007.jpg,,,,29.199778561623987,29.203477389971937,0.0036988283479502115,,True,,,,,,,,,,,,,,,,,,,,,,,,,,,,,,,,,,,,,,,,,,,,,prediction,29.199778561623987,0.0,0.8162562120769192,0.6277697682380676,0.9524239207360227,0.00045982726927225787,0.5071591048152709,,False,0.9906220675447143,True
7,000007.jpg,,,,29.199778561623987,29.203477389971937,0.0036988283479502115,,True,,,,,,,,,,,,,,,,,,,,,,,,,,,,,,,,,,,,,,,,,,,,,grid,26.199778561623987,-3.0,1.2636829993927037,0.9718786478042603,0.8313517338995046,0.005450722761452198,6.011787166666625,-3.0,False,3.025278057159855,False
7,000007.jpg,,,,29.199778561623987,29.203477389971937,0.0036988283479502115,,True,,,,,,,,,,,,,,,,,,,,,,,,,,,,,,,,,,,,,,,,,,,,,grid,27.199778561623987,-2.0,1.2325241887758376,0.9479148983955383,0.8393135173389951,0.0038834428414702415,4.2831809392217455,-2.0,False,2.524005906242279,False
7,000007.jpg,,,,29.199778561623987,29.203477389971937,0.0036988283479502115,,True,,,,,,,,,,,,,,,,,,,,,,,,,,,,,,,,,,,,,,,,,,,,,grid,28.199778561623987,-1.0,1.1240081834648625,0.8644569516181946,0.8717091295116772,0.0020055123313795775,2.2119476304399717,-1.0,False,1.8352859615631782,False
7,000007.jpg,,,,29.199778561623987,29.203477389971937,0.0036988283479502115,,True,,,,,,,,,,,,,,,,,,,,,,,,,,,,,,,,,,,,,,,,,,,,,grid,28.699778561623987,-0.5,0.9822359632869393,0.7554221749305725,0.9276008492569002,0.0009719364849540094,1.0719817431156329,-0.5,False,1.3376305498089471,False
7,000007.jpg,,,,29.199778561623987,29.203477389971937,0.0036988283479502115,,True,,,,,,,,,,,,,,,,,,,,,,,,,,,,,,,,,,,,,,,,,,,,,grid,29.699778561623987,0.5,0.950949198843192,0.7313600182533264,0.9299716914366596,0.0009638800596197447,1.0630960381268808,0.5,False,1.3017515169382525,False
7,000007.jpg,,,,29.199778561623987,29.203477389971937,0.0036988283479502115,,True,,,,,,,,,,,,,,,,,,,,,,,,,,,,,,,,,,,,,,,,,,,,,grid,30.199778561623987,1.0,1.1353396534722064,0.8731718063354492,0.8715322009907998,0.001954010183302065,2.155144163006661,1.0,False,1.832593493233072,False
7,000007.jpg,,,,29.199778561623987,29.203477389971937,0.0036988283479502115,,True,,,,,,,,,,,,,,,,,,,,,,,,,,,,,,,,,,,,,,,,,,,,,grid,31.199778561623987,2.0,1.2424613418241146,0.9555574059486389,0.8347310686482661,0.003795730066485703,4.18643954214796,2.0,False,2.5143401587128387,False
7,000007.jpg,,,,29.199778561623987,29.203477389971937,0.0036988283479502115,,True,,,,,,,,,,,,,,,,,,,,,,,,,,,,,,,,,,,,,,,,,,,,,grid,32.19977856162399,3.0,1.2771040460689578,0.982200562953949,0.8287685774946921,0.005367425968870521,5.919916306492184,3.0,False,3.0183145451973115,False
7,000007.jpg,,,,29.199778561623987,29.203477389971937,0.0036988283479502115,,True,,,,,,,,,,,,,,,,,,,,,,,,,,,,,,,,,,,,,,,,,,,,,clamped_raw_observation,29.203477389971937,0.0036988283479502115,0.8169889821757451,0.628333330154419,0.9521408351026185,0.0004600191508264591,0.5073707374951103,,False,0.9918017962973427,False
8,000008.jpg,,,,29.199778561623987,29.201563194713827,0.0017846330898407814,,True,,,,,,,,,,,,,,,,,,,,,,,,,,,,,,,,,,,,,,,,,,,,,prediction,29.199778561623987,0.0,0.9035496157207541,0.6807451844215393,0.9582785691449682,0.0005352852846651027,0.6402219455475192,,False,1.1053265329626656,True
8,000008.jpg,,,,29.199778561623987,29.201563194713827,0.0017846330898407814,,True,,,,,,,,,,,,,,,,,,,,,,,,,,,,,,,,,,,,,,,,,,,,,grid,26.199778561623987,-3.0,1.2850872026352205,0.9682002067565918,0.8329544243543746,0.005470943792412679,6.543460803244303,-3.0,False,3.1779979790919213,False
8,000008.jpg,,,,29.199778561623987,29.201563194713827,0.0017846330898407814,,True,,,,,,,,,,,,,,,,,,,,,,,,,,,,,,,,,,,,,,,,,,,,,grid,27.199778561623987,-2.0,1.254461238100128,0.9451262354850769,0.8391353770736386,0.00387978064827621,4.64036801701182,-2.0,False,2.6354178652794444,False
8,000008.jpg,,,,29.199778561623987,29.201563194713827,0.0017846330898407814,,True,,,,,,,,,,,,,,,,,,,,,,,,,,,,,,,,,,,,,,,,,,,,,grid,28.199778561623987,-1.0,1.1396159873647138,0.8586004376411438,0.8734325601221982,0.002005864322806398,2.399091467748676,-1.0,False,1.8959562941796848,False
8,000008.jpg,,,,29.199778561623987,29.201563194713827,0.0017846330898407814,,True,,,,,,,,,,,,,,,,,,,,,,,,,,,,,,,,,,,,,,,,,,,,,grid,28.699778561623987,-0.5,0.993664793878747,0.7486390471458435,0.9229157045930872,0.0010201452726808686,1.2201332820599944,-0.5,False,1.3907824098006583,False
8,000008.jpg,,,,29.199778561623987,29.201563194713827,0.0017846330898407814,,True,,,,,,,,,,,,,,,,,,,,,,,,,,,,,,,,,,,,,,,,,,,,,grid,29.699778561623987,0.5,0.98037571843451,0.7386268973350525,0.9269652943057085,0.001028258780327936,1.2298373516464953,0.5,False,1.375869762040425,False
8,000008.jpg,,,,29.199778561623987,29.201563194713827,0.0017846330898407814,,True,,,,,,,,,,,,,,,,,,,,,,,,,,,,,,,,,,,,,,,,,,,,,grid,30.199778561623987,1.0,1.15288180360418,0.8685950636863708,0.8721182196014351,0.0020017824911822877,2.3942094389340407,1.0,False,1.909315943736255,False
8,000008.jpg,,,,29.199778561623987,29.201563194713827,0.0017846330898407814,,True,,,,,,,,,,,,,,,,,,,,,,,,,,,,,,,,,,,,,,,,,,,,,grid,31.199778561623987,2.0,1.2606376645479958,0.9497796297073364,0.8361869915811161,0.0038232620572671294,4.572769591775684,2.0,False,2.6276430709108007,False
8,000008.jpg,,,,29.199778561623987,29.201563194713827,0.0017846330898407814,,True,,,,,,,,,,,,,,,,,,,,,,,,,,,,,,,,,,,,,,,,,,,,,grid,32.19977856162399,3.0,1.2966361889334128,0.9769013524055481,0.8284608006820362,0.005386125762015581,6.4420151517496755,3.0,False,3.168679176188795,False
8,000008.jpg,,,,29.199778561623987,29.201563194713827,0.0017846330898407814,,True,,,,,,,,,,,,,,,,,,,,,,,,,,,,,,,,,,,,,,,,,,,,,clamped_raw_observation,29.201563194713827,0.0017846330898407814,0.9043235776264488,0.681328296661377,0.957834535185251,0.0005360366291521738,0.6411205826725618,,False,1.1068227271020334,False
9,000009.jpg,,,,29.199778561623987,29.19325734851401,-0.006521213109976998,,True,,,,,,,,,,,,,,,,,,,,,,,,,,,,,,,,,,,,,,,,,,,,,prediction,29.199778561623987,0.0,0.7556349159200613,0.5777072310447693,0.9566974290201338,0.0003897316491929814,0.4752228600497656,,False,0.9177432019123689,False
9,000009.jpg,,,,29.199778561623987,29.19325734851401,-0.006521213109976998,,True,,,,,,,,,,,,,,,,,,,,,,,,,,,,,,,,,,,,,,,,,,,,,grid,26.199778561623987,-3.0,1.259039604974677,0.9625763297080994,0.8333715657037991,0.005441219468290607,6.634800851390783,-3.0,False,3.1743682521185734,False
9,000009.jpg,,,,29.199778561623987,29.19325734851401,-0.006521213109976998,,True,,,,,,,,,,,,,,,,,,,,,,,,,,,,,,,,,,,,,,,,,,,,,grid,27.199778561623987,-2.0,1.2407237796219486,0.9485732913017273,0.8396005011381482,0.0038328576677789292,4.67363014222038,-2.0,False,2.6295308140388953,False
9,000009.jpg,,,,29.199778561623987,29.19325734851401,-0.006521213109976998,,True,,,,,,,,,,,,,,,,,,,,,,,,,,,,,,,,,,,,,,,,,,,,,grid,28.199778561623987,-1.0,1.1249473559963332,0.8600584864616394,0.8713274867216037,0.0019497692119330168,2.3774689667889364,-1.0,False,1.8779871109719637,False
9,000009.jpg,,,,29.199778561623987,29.19325734851401,-0.006521213109976998,,True,,,,,,,,,,,,,,,,,,,,,,,,,,,,,,,,,,,,,,,,,,,,,grid,28.699778561623987,-0.5,0.9803996687540277,0.7495471239089966,0.9266997229623617,0.0009255117038264871,1.128531182450028,-0.5,False,1.350832741404173,False
9,000009.jpg,,,,29.199778561623987,29.19325734851401,-0.006521213109976998,,True,,,,,,,,,,,,,,,,,,,,,,,,,,,,,,,,,,,,,,,,,,,,,grid,29.699778561623987,0.5,0.9623574908694521,0.7357532978057861,0.9326286813361331,0.00096236722311005,1.1734712978315258,0.5,False,1.3380966339912004,False
9,000009.jpg,,,,29.199778561623987,29.19325734851401,-0.006521213109976998,,True,,,,,,,,,,,,,,,,,,,,,,,,,,,,,,,,,,,,,,,,,,,,,grid,30.199778561623987,1.0,1.1300722819127131,0.8639766573905945,0.8728626634433837,0.0019798750484672687,2.414178794619505,1.0,False,1.8907543171242058,False
9,000009.jpg,,,,29.199778561623987,29.19325734851401,-0.006521213109976998,,True,,,,,,,,,,,,,,,,,,,,,,,,,,,,,,,,,,,,,,,,,,,,,grid,31.199778561623987,2.0,1.235241007016446,0.9443815350532532,0.8399004781987259,0.003830266883596778,4.670471045771931,2.0,False,2.6229582902607027,False
9,000009.jpg,,,,29.199778561623987,29.19325734851401,-0.006521213109976998,,True,,,,,,,,,,,,,,,,,,,,,,,,,,,,,,,,,,,,,,,,,,,,,grid,32.19977856162399,3.0,1.2793361390384854,0.978093683719635,0.8294718639162888,0.0054005649872124195,6.5852284371108,3.0,False,3.1861713843998967,False
9,000009.jpg,,,,29.199778561623987,29.19325734851401,-0.006521213109976998,,True,,,,,,,,,,,,,,,,,,,,,,,,,,,,,,,,,,,,,,,,,,,,,clamped_raw_observation,29.19325734851401,-0.006521213109976998,0.7480571419572358,0.5719137787818909,0.9588678512819608,0.0003888829087372869,0.4741879405926718,,False,0.9079319122167423,True
10,000010.jpg,,,,29.19325734851401,29.183643625309713,-0.00961372320429632,,True,,,,,,,,,,,,,,,,,,,,,,,,,,,,,,,,,,,,,,,,,,,,,prediction,29.19325734851401,0.0,0.9634221325592569,0.6459981799125671,0.9559280717869003,0.000488447753014043,0.9293855045885039,,False,1.2398404369194826,True
10,000010.jpg,,,,29.19325734851401,29.183643625309713,-0.00961372320429632,,True,,,,,,,,,,,,,,,,,,,,,,,,,,,,,,,,,,,,,,,,,,,,,grid,26.19325734851401,-3.0,1.46820041895065,0.9844644069671631,0.8260792764784851,0.005536798465376099,10.535047410486248,-3.0,False,4.365882995093727,False
10,000010.jpg,,,,29.19325734851401,29.183643625309713,-0.00961372320429632,,True,,,,,,,,,,,,,,,,,,,,,,,,,,,,,,,,,,,,,,,,,,,,,grid,27.19325734851401,-2.0,1.4094525684839418,0.9450725317001343,0.8400162509715254,0.003913858866629501,7.447027190124202,-2.0,False,3.4911931150434667,False
10,000010.jpg,,,,29.19325734851401,29.183643625309713,-0.00961372320429632,,True,,,,,,,,,,,,,,,,,,,,,,,,,,,,,,,,,,,,,,,,,,,,,grid,28.19325734851401,-1.0,1.2887319342532824,0.8641263842582703,0.8715113403518688,0.002035702462308109,3.8733976120264546,-1.0,False,2.415569996908027,False
10,000010.jpg,,,,29.19325734851401,29.183643625309713,-0.00961372320429632,,True,,,,,,,,,,,,,,,,,,,,,,,,,,,,,,,,,,,,,,,,,,,,,grid,28.69325734851401,-0.5,1.152956988888874,0.7730859518051147,0.92079417791281,0.0010511715275545914,2.0000984230493635,-0.5,False,1.7471874167384047,False
10,000010.jpg,,,,29.19325734851401,29.183643625309713,-0.00961372320429632,,True,,,,,,,,,,,,,,,,,,,,,,,,,,,,,,,,,,,,,,,,,,,,,grid,29.69325734851401,0.5,1.0878836325234775,0.7294526696205139,0.926905956334346,0.000944661752631267,1.7974387930277347,0.5,False,1.625337374446065,False
10,000010.jpg,,,,29.19325734851401,29.183643625309713,-0.00961372320429632,,True,,,,,,,,,,,,,,,,,,,,,,,,,,,,,,,,,,,,,,,,,,,,,grid,30.19325734851401,1.0,1.2926940535764366,0.866783082485199,0.8737723450858476,0.0019259932644975681,3.6646503355040916,1.0,False,2.3650842923666118,False
10,000010.jpg,,,,29.19325734851401,29.183643625309713,-0.00961372320429632,,True,,,,,,,,,,,,,,,,,,,,,,,,,,,,,,,,,,,,,,,,,,,,,grid,31.19325734851401,2.0,1.412081566038063,0.9468353390693665,0.8365717515721048,0.003745130884150664,7.125982942982818,2.0,False,3.4170055502116625,False
10,000010.jpg,,,,29.19325734851401,29.183643625309713,-0.00961372320429632,,True,,,,,,,,,,,,,,,,,,,,,,,,,,,,,,,,,,,,,,,,,,,,,grid,32.19325734851401,3.0,1.4619134924243535,0.9802488684654236,0.8290821733908006,0.005318244608740012,10.119197844025752,3.0,False,4.252630780039991,False
10,000010.jpg,,,,29.19325734851401,29.183643625309713,-0.00961372320429632,,True,,,,,,,,,,,,,,,,,,,,,,,,,,,,,,,,,,,,,,,,,,,,,clamped_raw_observation,29.183643625309713,-0.00961372320429632,0.9637016107776899,0.646185576915741,0.9562990178760686,0.0004897994949715212,0.931957508192722,,False,1.2406803816459306,False
11,000011.jpg,,,,29.19325734851401,29.19697188537171,0.003714536857700068,,True,,,,,,,,,,,,,,,,,,,,,,,,,,,,,,,,,,,,,,,,,,,,,prediction,29.19325734851401,0.0,0.7963034577347732,0.6107240915298462,0.9547171809900431,0.00046266465991114575,0.5003917633214848,,False,0.9666842175751013,True
11,000011.jpg,,,,29.19325734851401,29.19697188537171,0.003714536857700068,,True,,,,,,,,,,,,,,,,,,,,,,,,,,,,,,,,,,,,,,,,,,,,,grid,26.19325734851401,-3.0,1.2740960241132773,0.9771665930747986,0.8274309723889556,0.005515385186299682,5.965126706024447,-3.0,False,3.0279467282304333,False
11,000011.jpg,,,,29.19325734851401,29.19697188537171,0.003714536857700068,,True,,,,,,,,,,,,,,,,,,,,,,,,,,,,,,,,,,,,,,,,,,,,,grid,27.19325734851401,-2.0,1.2324585918316149,0.9452328085899353,0.8403361344537815,0.003916329820640385,4.235679433728772,-2.0,False,2.5110423158100263,False
11,000011.jpg,,,,29.19325734851401,29.19697188537171,0.003714536857700068,,True,,,,,,,,,,,,,,,,,,,,,,,,,,,,,,,,,,,,,,,,,,,,,grid,28.19325734851401,-1.0,1.1182637215607851,0.8576511740684509,0.8733316856154226,0.00202580807187284,2.1909987104483566,-1.0,False,1.8226817135574518,False
11,000011.jpg,,,,29.19325734851401,29.19697188537171,0.003714536857700068,,True,,,,,,,,,,,,,,,,,,,,,,,,,,,,,,,,,,,,,,,,,,,,,grid,28.69325734851401,-0.5,0.9915247743343808,0.7604488730430603,0.9240519737306687,0.0009899326347901176,1.0706547951755006,-0.5,False,1.3501364993975873,False
11,000011.jpg,,,,29.19325734851401,29.19697188537171,0.003714536857700068,,True,,,,,,,,,,,,,,,,,,,,,,,,,,,,,,,,,,,,,,,,,,,,,grid,29.69325734851401,0.5,0.9636417769490773,0.7390640377998352,0.9265235505967093,0.0009315294834474722,1.0074892707339096,0.5,False,1.3039905440358452,False
11,000011.jpg,,,,29.19325734851401,29.19697188537171,0.003714536857700068,,True,,,,,,,,,,,,,,,,,,,,,,,,,,,,,,,,,,,,,,,,,,,,,grid,30.19325734851401,1.0,1.1319675629667463,0.8681613206863403,0.8724136713508933,0.0019145842331151168,2.070705336819927,1.0,False,1.8072302258208348,False
11,000011.jpg,,,,29.19325734851401,29.19697188537171,0.003714536857700068,,True,,,,,,,,,,,,,,,,,,,,,,,,,,,,,,,,,,,,,,,,,,,,,grid,31.19325734851401,2.0,1.2415557832478503,0.9522098898887634,0.836858272720853,0.0037855710834264755,4.09425822577067,2.0,False,2.4882620669696647,False
11,000011.jpg,,,,29.19325734851401,29.19697188537171,0.003714536857700068,,True,,,,,,,,,,,,,,,,,,,,,,,,,,,,,,,,,,,,,,,,,,,,,grid,32.19325734851401,3.0,1.2831393579429604,0.9841023683547974,0.827660475955088,0.005359076661989093,5.796072302524132,3.0,False,2.994496957618905,False
11,000011.jpg,,,,29.19325734851401,29.19697188537171,0.003714536857700068,,True,,,,,,,,,,,,,,,,,,,,,,,,,,,,,,,,,,,,,,,,,,,,,clamped_raw_observation,29.19697188537171,0.003714536857700068,0.8012395482863961,0.6145098209381104,0.953534354918438,0.00046208605150847387,0.49976597340500145,,False,0.9727581228249396,False
12,000012.jpg,,,,29.19325734851401,29.17915735584856,-0.014099992665450145,,True,,,,,,,,,,,,,,,,,,,,,,,,,,,,,,,,,,,,,,,,,,,,,prediction,29.19325734851401,0.0,0.862237469522889,0.6350160241127014,0.9556665901587246,0.00048168632201850414,0.6224138023754413,,False,1.0621743299580249,False
12,000012.jpg,,,,29.19325734851401,29.17915735584856,-0.014099992665450145,,True,,,,,,,,,,,,,,,,,,,,,,,,,,,,,,,,,,,,,,,,,,,,,grid,26.19325734851401,-3.0,1.3193007377633883,0.9716315269470215,0.8312470206041773,0.005555334035307169,7.178357412956413,-3.0,False,3.372643070398314,False
12,000012.jpg,,,,29.19325734851401,29.17915735584856,-0.014099992665450145,,True,,,,,,,,,,,,,,,,,,,,,,,,,,,,,,,,,,,,,,,,,,,,,grid,27.19325734851401,-2.0,1.2818400526902165,0.9440426826477051,0.840427973657727,0.00395568588282913,5.1113626831196415,-2.0,False,2.7792527498124,False
12,000012.jpg,,,,29.19325734851401,29.17915735584856,-0.014099992665450145,,True,,,,,,,,,,,,,,,,,,,,,,,,,,,,,,,,,,,,,,,,,,,,,grid,28.19325734851401,-1.0,1.1697136628586904,0.8614644408226013,0.8726142763819983,0.002064477050832162,2.667626113485367,-1.0,False,1.994005914848034,False
12,000012.jpg,,,,29.19325734851401,29.17915735584856,-0.014099992665450145,,True,,,,,,,,,,,,,,,,,,,,,,,,,,,,,,,,,,,,,,,,,,,,,grid,28.69325734851401,-0.5,1.039636552105804,0.7656659483909607,0.9219795547237769,0.0010017482563853264,1.2944148770240718,-0.5,False,1.4562607166380448,False
12,000012.jpg,,,,29.19325734851401,29.17915735584856,-0.014099992665450145,,True,,,,,,,,,,,,,,,,,,,,,,,,,,,,,,,,,,,,,,,,,,,,,grid,29.69325734851401,0.5,0.9956185637513258,0.7332478165626526,0.9270290789032293,0.0009307371219620109,1.202657423745771,0.5,False,1.3842538407845393,False
12,000012.jpg,,,,29.19325734851401,29.17915735584856,-0.014099992665450145,,True,,,,,,,,,,,,,,,,,,,,,,,,,,,,,,,,,,,,,,,,,,,,,grid,30.19325734851401,1.0,1.1738795761797878,0.8645325303077698,0.8737265841557937,0.0018978755397256464,2.4523509950747653,1.0,False,1.9432407407926855,False
12,000012.jpg,,,,29.19325734851401,29.17915735584856,-0.014099992665450145,,True,,,,,,,,,,,,,,,,,,,,,,,,,,,,,,,,,,,,,,,,,,,,,grid,31.19325734851401,2.0,1.2905099338831016,0.9504278302192688,0.8355196949098678,0.0037620965158566833,4.861215048676025,2.0,False,2.7302940011422403,False
12,000012.jpg,,,,29.19325734851401,29.17915735584856,-0.014099992665450145,,True,,,,,,,,,,,,,,,,,,,,,,,,,,,,,,,,,,,,,,,,,,,,,grid,32.19325734851401,3.0,1.3395137614990749,0.9865179061889648,0.8271685587669274,0.00530767774519821,6.858346887095994,3.0,False,3.3169319245061457,False
12,000012.jpg,,,,29.19325734851401,29.17915735584856,-0.014099992665450145,,True,,,,,,,,,,,,,,,,,,,,,,,,,,,,,,,,,,,,,,,,,,,,,clamped_raw_observation,29.17915735584856,-0.014099992665450145,0.8624873077795279,0.635200023651123,0.9568848320062148,0.0004813491250388324,0.6219780913230961,,False,1.0615199983840504,True
13,000013.jpg,,,,29.17915735584856,29.162246155728326,-0.016911200120233616,,True,,,,,,,,,,,,,,,,,,,,,,,,,,,,,,,,,,,,,,,,,,,,,prediction,29.17915735584856,0.0,0.782916260073616,0.5853843688964844,0.9572912250953794,0.0004123905479597549,0.49011586635923193,,False,0.9481540015680445,True
13,000013.jpg,,,,29.17915735584856,29.162246155728326,-0.016911200120233616,,True,,,,,,,,,,,,,,,,,,,,,,,,,,,,,,,,,,,,,,,,,,,,,grid,26.17915735584856,-3.0,1.3070722518209297,0.977294385433197,0.8263388441429984,0.005631247302517295,6.692596772673112,-3.0,False,3.2438826008462094,False
13,000013.jpg,,,,29.17915735584856,29.162246155728326,-0.016911200120233616,,True,,,,,,,,,,,,,,,,,,,,,,,,,,,,,,,,,,,,,,,,,,,,,grid,27.17915735584856,-2.0,1.2585055705473387,0.9409812092781067,0.8399215769393811,0.003927220862048368,4.667403908041863,-2.0,False,2.6454349706184233,False
13,000013.jpg,,,,29.17915735584856,29.162246155728326,-0.016911200120233616,,True,,,,,,,,,,,,,,,,,,,,,,,,,,,,,,,,,,,,,,,,,,,,,grid,28.17915735584856,-1.0,1.1645680074558291,0.8707443475723267,0.8675816023738873,0.0020261783308039107,2.408062340209538,-1.0,False,1.9290019901343263,False
13,000013.jpg,,,,29.17915735584856,29.162246155728326,-0.016911200120233616,,True,,,,,,,,,,,,,,,,,,,,,,,,,,,,,,,,,,,,,,,,,,,,,grid,28.67915735584856,-0.5,1.024363695992412,0.7659139633178711,0.9214356365691677,0.0009843997249845415,1.1699344867178487,-0.5,False,1.4104116811027065,False
13,000013.jpg,,,,29.17915735584856,29.162246155728326,-0.016911200120233616,,True,,,,,,,,,,,,,,,,,,,,,,,,,,,,,,,,,,,,,,,,,,,,,grid,29.67915735584856,0.5,0.974701854128085,0.7287819385528564,0.9332344213649851,0.0008890950120985508,1.0566672157890455,0.5,False,1.3206342367103612,False
13,000013.jpg,,,,29.17915735584856,29.162246155728326,-0.016911200120233616,,True,,,,,,,,,,,,,,,,,,,,,,,,,,,,,,,,,,,,,,,,,,,,,grid,30.17915735584856,1.0,1.1583817611199496,0.8661189079284668,0.8728451321181292,0.0018710795363100867,2.2237312967103757,1.0,False,1.8714694531794145,False
13,000013.jpg,,,,29.17915735584856,29.162246155728326,-0.016911200120233616,,True,,,,,,,,,,,,,,,,,,,,,,,,,,,,,,,,,,,,,,,,,,,,,grid,31.17915735584856,2.0,1.2747420557211777,0.9531211853027344,0.8372544863642787,0.0037261577478299537,4.428445418557618,2.0,False,2.604598923996303,False
13,000013.jpg,,,,29.17915735584856,29.162246155728326,-0.016911200120233616,,True,,,,,,,,,,,,,,,,,,,,,,,,,,,,,,,,,,,,,,,,,,,,,grid,32.17915735584856,3.0,1.3131249711521882,0.9818199872970581,0.8264271584004522,0.005307625513523817,6.307980359251479,3.0,False,3.1536929025646057,False
13,000013.jpg,,,,29.17915735584856,29.162246155728326,-0.016911200120233616,,True,,,,,,,,,,,,,,,,,,,,,,,,,,,,,,,,,,,,,,,,,,,,,clamped_raw_observation,29.162246155728326,-0.016911200120233616,0.7832628722623277,0.5856435298919678,0.9577681220856296,0.0004134824557695538,0.4914135715196233,,False,0.948855479060211,False
14,000014.jpg,,,,29.17915735584856,29.15723373880482,-0.021923617043739796,,True,,,,,,,,,,,,,,,,,,,,,,,,,,,,,,,,,,,,,,,,,,,,,prediction,29.17915735584856,0.0,0.8922007304613755,0.6290705800056458,0.9571702195580464,0.0004834341283033912,0.712927247300521,,False,1.1132623227284593,True
14,000014.jpg,,,,29.17915735584856,29.15723373880482,-0.021923617043739796,,True,,,,,,,,,,,,,,,,,,,,,,,,,,,,,,,,,,,,,,,,,,,,,grid,26.17915735584856,-3.0,1.3683865974100102,0.9648184776306152,0.8325293512574043,0.0056230668754627304,8.292417424022947,-3.0,False,3.6989616021583425,False
14,000014.jpg,,,,29.17915735584856,29.15723373880482,-0.021923617043739796,,True,,,,,,,,,,,,,,,,,,,,,,,,,,,,,,,,,,,,,,,,,,,,,grid,27.17915735584856,-2.0,1.3339456580289717,0.9405349493026733,0.8434895186748483,0.004009561846032739,5.912958399948496,-2.0,False,3.0286957393412473,False
14,000014.jpg,,,,29.17915735584856,29.15723373880482,-0.021923617043739796,,True,,,,,,,,,,,,,,,,,,,,,,,,,,,,,,,,,,,,,,,,,,,,,grid,28.17915735584856,-1.0,1.223155324654948,0.8624191880226135,0.8719185613450148,0.0020685320487245917,3.0504939000182407,-1.0,False,2.143860238314493,False
14,000014.jpg,,,,29.17915735584856,29.15723373880482,-0.021923617043739796,,True,,,,,,,,,,,,,,,,,,,,,,,,,,,,,,,,,,,,,,,,,,,,,grid,28.67915735584856,-0.5,1.0865144629796886,0.7660768032073975,0.9226935764196786,0.0010142029301884274,1.4956596170835257,-0.5,False,1.5527357908308912,False
14,000014.jpg,,,,29.17915735584856,29.15723373880482,-0.021923617043739796,,True,,,,,,,,,,,,,,,,,,,,,,,,,,,,,,,,,,,,,,,,,,,,,grid,29.67915735584856,0.5,1.0312104687065167,0.7270832061767578,0.9310112439257971,0.0009347917221020907,1.3785507688015708,0.5,False,1.459836916981112,False
14,000014.jpg,,,,29.17915735584856,29.15723373880482,-0.021923617043739796,,True,,,,,,,,,,,,,,,,,,,,,,,,,,,,,,,,,,,,,,,,,,,,,grid,30.17915735584856,1.0,1.2144934803904495,0.8563119173049927,0.8776646685347427,0.0018789735234652956,2.7709492222567964,1.0,False,2.0595661174199056,False
14,000014.jpg,,,,29.17915735584856,29.15723373880482,-0.021923617043739796,,True,,,,,,,,,,,,,,,,,,,,,,,,,,,,,,,,,,,,,,,,,,,,,grid,31.17915735584856,2.0,1.3421802557663065,0.9463409781455994,0.8391267335863513,0.0037491428277765713,5.528914736168189,2.0,False,2.9452822062220023,False
14,000014.jpg,,,,29.17915735584856,29.15723373880482,-0.021923617043739796,,True,,,,,,,,,,,,,,,,,,,,,,,,,,,,,,,,,,,,,,,,,,,,,grid,32.17915735584856,3.0,1.3921598148857628,0.9815804362297058,0.8279537473841024,0.005318562189737956,7.843359993705091,3.0,False,3.615046065927933,False
14,000014.jpg,,,,29.17915735584856,29.15723373880482,-0.021923617043739796,,True,,,,,,,,,,,,,,,,,,,,,,,,,,,,,,,,,,,,,,,,,,,,,clamped_raw_observation,29.15723373880482,-0.021923617043739796,0.8940965418223121,0.6304072737693787,0.9559997162416203,0.0004785395964669685,0.705709210954573,,False,1.1151818368306472,False
15,000015.jpg,,,,29.17915735584856,29.15548100973595,-0.023676346112608826,,True,,,,,,,,,,,,,,,,,,,,,,,,,,,,,,,,,,,,,,,,,,,,,prediction,29.17915735584856,0.0,0.8765956799695339,0.6459355354309082,0.9579391414854561,0.0005053108713279167,0.6566093970983203,,False,1.082808887758658,True
15,000015.jpg,,,,29.17915735584856,29.15548100973595,-0.023676346112608826,,True,,,,,,,,,,,,,,,,,,,,,,,,,,,,,,,,,,,,,,,,,,,,,grid,26.17915735584856,-3.0,1.3296153446063683,0.9797513484954834,0.8292325614233268,0.005651848080257575,7.34410591784195,-3.0,False,3.4264092626435287,False
15,000015.jpg,,,,29.17915735584856,29.15548100973595,-0.023676346112608826,,True,,,,,,,,,,,,,,,,,,,,,,,,,,,,,,,,,,,,,,,,,,,,,grid,27.17915735584856,-2.0,1.2924335159972038,0.9523532390594482,0.8396462863597853,0.004040916062270601,5.250833912200915,-2.0,False,2.8254957076876472,False
15,000015.jpg,,,,29.17915735584856,29.15548100973595,-0.023676346112608826,,True,,,,,,,,,,,,,,,,,,,,,,,,,,,,,,,,,,,,,,,,,,,,,grid,28.17915735584856,-1.0,1.1847176459187623,0.8729808330535889,0.8708874611691613,0.0020642460246259966,2.6823158071592403,-1.0,False,2.014409136539411,False
15,000015.jpg,,,,29.17915735584856,29.15548100973595,-0.023676346112608826,,True,,,,,,,,,,,,,,,,,,,,,,,,,,,,,,,,,,,,,,,,,,,,,grid,28.67915735584856,-0.5,1.0452887006436673,0.770240068435669,0.9201320248517368,0.001036227719547848,1.3464916288083235,-0.5,False,1.4767795829940111,False
15,000015.jpg,,,,29.17915735584856,29.15548100973595,-0.023676346112608826,,True,,,,,,,,,,,,,,,,,,,,,,,,,,,,,,,,,,,,,,,,,,,,,grid,29.67915735584856,0.5,0.9836349123380054,0.7248093485832214,0.9289572154758543,0.0009239012142643332,1.2005326892775974,0.5,False,1.3698108691815503,False
15,000015.jpg,,,,29.17915735584856,29.15548100973595,-0.023676346112608826,,True,,,,,,,,,,,,,,,,,,,,,,,,,,,,,,,,,,,,,,,,,,,,,grid,30.17915735584856,1.0,1.1715117647601256,0.8632498383522034,0.8743822366563118,0.0018587426166050136,2.415281241906947,1.0,False,1.9309498385805508,False
15,000015.jpg,,,,29.17915735584856,29.15548100973595,-0.023676346112608826,,True,,,,,,,,,,,,,,,,,,,,,,,,,,,,,,,,,,,,,,,,,,,,,grid,31.17915735584856,2.0,1.277800264960488,0.9415704607963562,0.83999929398475,0.003693354781717062,4.799206971582644,2.0,False,2.697602713871399,False
15,000015.jpg,,,,29.17915735584856,29.15548100973595,-0.023676346112608826,,True,,,,,,,,,,,,,,,,,,,,,,,,,,,,,,,,,,,,,,,,,,,,,grid,32.17915735584856,3.0,1.3203921214618481,0.972955048084259,0.8307504942106749,0.0052936600210766,6.8786703633513495,3.0,False,3.2993092180890105,False
15,000015.jpg,,,,29.17915735584856,29.15548100973595,-0.023676346112608826,,True,,,,,,,,,,,,,,,,,,,,,,,,,,,,,,,,,,,,,,,,,,,,,clamped_raw_observation,29.15548100973595,-0.023676346112608826,0.8794572144139929,0.6480441093444824,0.9575508330979949,0.0005057827365817502,0.6572225467006968,,False,1.0869223083745505,False
16,000016.jpg,,,,29.17915735584856,29.159012962884617,-0.020144392963942437,,True,,,,,,,,,,,,,,,,,,,,,,,,,,,,,,,,,,,,,,,,,,,,,prediction,29.17915735584856,0.0,0.8146794348105371,0.6185178160667419,0.9540668503992651,0.0004437893609671543,0.5069304886202367,,False,0.9873452065663312,False
16,000016.jpg,,,,29.17915735584856,29.159012962884617,-0.020144392963942437,,True,,,,,,,,,,,,,,,,,,,,,,,,,,,,,,,,,,,,,,,,,,,,,grid,26.17915735584856,-3.0,1.277620613220738,0.9699902534484863,0.8302416790332838,0.005554157231623928,6.344387421015992,-3.0,False,3.1234757894414518,False
16,000016.jpg,,,,29.17915735584856,29.159012962884617,-0.020144392963942437,,True,,,,,,,,,,,,,,,,,,,,,,,,,,,,,,,,,,,,,,,,,,,,,grid,27.17915735584856,-2.0,1.244424470231051,0.9447872042655945,0.8415659670694651,0.003966793185099959,4.531177591089159,-2.0,False,2.595652900933876,False
16,000016.jpg,,,,29.17915735584856,29.159012962884617,-0.020144392963942437,,True,,,,,,,,,,,,,,,,,,,,,,,,,,,,,,,,,,,,,,,,,,,,,grid,28.17915735584856,-1.0,1.1383574717052767,0.8642594218254089,0.8723941770899583,0.0020190601353533566,2.306326448966115,-1.0,False,1.8725449068568472,False
16,000016.jpg,,,,29.17915735584856,29.159012962884617,-0.020144392963942437,,True,,,,,,,,,,,,,,,,,,,,,,,,,,,,,,,,,,,,,,,,,,,,,grid,28.67915735584856,-0.5,0.9998429052279664,0.7590969204902649,0.9223906437707583,0.0009859306931806107,1.1262061959992022,-0.5,False,1.3740038104570085,False
16,000016.jpg,,,,29.17915735584856,29.159012962884617,-0.020144392963942437,,True,,,,,,,,,,,,,,,,,,,,,,,,,,,,,,,,,,,,,,,,,,,,,grid,29.67915735584856,0.5,0.95989710410194,0.7287694215774536,0.9320542717829129,0.0009133547040012976,1.0433042950239573,0.5,False,1.3036689060750164,False
16,000016.jpg,,,,29.17915735584856,29.159012962884617,-0.020144392963942437,,True,,,,,,,,,,,,,,,,,,,,,,,,,,,,,,,,,,,,,,,,,,,,,grid,30.17915735584856,1.0,1.1405270439317374,0.8659065961837769,0.8748321673379973,0.0018886731510671477,2.1573883637675855,1.0,False,1.8350419675356366,False
16,000016.jpg,,,,29.17915735584856,29.159012962884617,-0.020144392963942437,,True,,,,,,,,,,,,,,,,,,,,,,,,,,,,,,,,,,,,,,,,,,,,,grid,31.17915735584856,2.0,1.2515559919211992,0.9502015709877014,0.8376793159494028,0.00377070022902141,4.3071850694495,2.0,False,2.5506729433341717,False
16,000016.jpg,,,,29.17915735584856,29.159012962884617,-0.020144392963942437,,True,,,,,,,,,,,,,,,,,,,,,,,,,,,,,,,,,,,,,,,,,,,,,grid,32.17915735584856,3.0,1.2913269554373712,0.9803963303565979,0.8281923538972511,0.005354275383676092,6.116066934410159,3.0,False,3.08215133514266,False
16,000016.jpg,,,,29.17915735584856,29.159012962884617,-0.020144392963942437,,True,,,,,,,,,,,,,,,,,,,,,,,,,,,,,,,,,,,,,,,,,,,,,clamped_raw_observation,29.159012962884617,-0.020144392963942437,0.8124533367290717,0.6168277263641357,0.9555861776552894,0.0004406988543147842,0.5034002731956132,,False,0.9833215591616039,True
17,000017.jpg,,,,29.159012962884617,29.11279852290778,-0.046214439976836275,,True,,,,,,,,,,,,,,,,,,,,,,,,,,,,,,,,,,,,,,,,,,,,,prediction,29.159012962884617,0.0,0.8342228723810378,0.6037089824676514,0.9557476751175701,0.00042381177384716767,0.603111064414663,,False,1.0292529633671335,False
17,000017.jpg,,,,29.159012962884617,29.11279852290778,-0.046214439976836275,,True,,,,,,,,,,,,,,,,,,,,,,,,,,,,,,,,,,,,,,,,,,,,,grid,26.159012962884617,-3.0,1.3348450871063553,0.9659984111785889,0.8319366359039638,0.005626603728160262,8.007014370379379,-3.0,False,3.594662043797236,False
17,000017.jpg,,,,29.159012962884617,29.11279852290778,-0.046214439976836275,,True,,,,,,,,,,,,,,,,,,,,,,,,,,,,,,,,,,,,,,,,,,,,,grid,27.159012962884617,-2.0,1.3061195141511537,0.945210337638855,0.8425798239100456,0.0040298580812911195,5.734743928383578,-2.0,False,2.9572256723370027,False
17,000017.jpg,,,,29.159012962884617,29.11279852290778,-0.046214439976836275,,True,,,,,,,,,,,,,,,,,,,,,,,,,,,,,,,,,,,,,,,,,,,,,grid,28.159012962884617,-1.0,1.2089777484417452,0.8749109506607056,0.8689049184965171,0.0020743317630452416,2.951905809984663,-1.0,False,2.1080492824413937,False
17,000017.jpg,,,,29.159012962884617,29.11279852290778,-0.046214439976836275,,True,,,,,,,,,,,,,,,,,,,,,,,,,,,,,,,,,,,,,,,,,,,,,grid,28.659012962884617,-0.5,1.0749089863224774,0.777888298034668,0.9178070082387468,0.001056177366990596,1.5030074559610576,-0.5,False,1.547853842073995,False
17,000017.jpg,,,,29.159012962884617,29.11279852290778,-0.046214439976836275,,True,,,,,,,,,,,,,,,,,,,,,,,,,,,,,,,,,,,,,,,,,,,,,grid,29.659012962884617,0.5,0.9883902943892284,0.7152765989303589,0.9321982956755419,0.0008652397470238308,1.2312910990283092,0.5,False,1.3790147734707638,False
17,000017.jpg,,,,29.159012962884617,29.11279852290778,-0.046214439976836275,,True,,,,,,,,,,,,,,,,,,,,,,,,,,,,,,,,,,,,,,,,,,,,,grid,30.159012962884617,1.0,1.1860429029592943,0.8583135008811951,0.8780276510731586,0.0018369232129771262,2.61405836881292,1.0,False,1.9915298440893656,False
17,000017.jpg,,,,29.159012962884617,29.11279852290778,-0.046214439976836275,,True,,,,,,,,,,,,,,,,,,,,,,,,,,,,,,,,,,,,,,,,,,,,,grid,31.159012962884617,2.0,1.309271563596901,0.9474914073944092,0.8379830981931332,0.003692136572984358,5.25414477819558,2.0,False,2.8448246599526628,False
17,000017.jpg,,,,29.159012962884617,29.11279852290778,-0.046214439976836275,,True,,,,,,,,,,,,,,,,,,,,,,,,,,,,,,,,,,,,,,,,,,,,,grid,32.15901296288462,3.0,1.3552593637571309,0.9807717800140381,0.8278172624730384,0.005309557852645715,7.555837958468719,3.0,False,3.5064015909012722,False
17,000017.jpg,,,,29.159012962884617,29.11279852290778,-0.046214439976836275,,True,,,,,,,,,,,,,,,,,,,,,,,,,,,,,,,,,,,,,,,,,,,,,clamped_raw_observation,29.11279852290778,-0.046214439976836275,0.8245666632101469,0.5967209935188293,0.9579222799759556,0.0004205465957056731,0.5984645085945068,,False,1.0176469435821232,True
18,000018.jpg,,,,29.11279852290778,29.030033401367348,-0.08276512154043303,,True,,,,,,,,,,,,,,,,,,,,,,,,,,,,,,,,,,,,,,,,,,,,,prediction,29.11279852290778,0.0,0.9772954424946226,0.7438563704490662,0.9596545342381246,0.0006571753571430842,0.7151032406108333,,False,1.1964167184092065,True
18,000018.jpg,,,,29.11279852290778,29.030033401367348,-0.08276512154043303,,True,,,,,,,,,,,,,,,,,,,,,,,,,,,,,,,,,,,,,,,,,,,,,grid,26.11279852290778,-3.0,1.2853513974526247,0.9783293604850769,0.8256455450779941,0.005745510803535581,6.251959008983793,-3.0,False,3.1126956046205785,False
18,000018.jpg,,,,29.11279852290778,29.030033401367348,-0.08276512154043303,,True,,,,,,,,,,,,,,,,,,,,,,,,,,,,,,,,,,,,,,,,,,,,,grid,27.11279852290778,-2.0,1.2483859734054745,0.9501935839653015,0.8386181369524984,0.004122594798294206,4.485988203820731,-2.0,False,2.5912648874081587,False
18,000018.jpg,,,,29.11279852290778,29.030033401367348,-0.08276512154043303,,True,,,,,,,,,,,,,,,,,,,,,,,,,,,,,,,,,,,,,,,,,,,,,grid,28.11279852290778,-1.0,1.1556150067217337,0.8795821070671082,0.8664140301401252,0.002254682593047619,2.4534255755517362,-1.0,False,1.9325573704695427,False
18,000018.jpg,,,,29.11279852290778,29.030033401367348,-0.08276512154043303,,True,,,,,,,,,,,,,,,,,,,,,,,,,,,,,,,,,,,,,,,,,,,,,grid,28.61279852290778,-0.5,1.050568173853705,0.7996270060539246,0.9051379219176875,0.001286469429032877,1.399867550797222,-0.5,False,1.5103971396353228,False
18,000018.jpg,,,,29.11279852290778,29.030033401367348,-0.08276512154043303,,True,,,,,,,,,,,,,,,,,,,,,,,,,,,,,,,,,,,,,,,,,,,,,grid,29.61279852290778,0.5,0.9414063885718859,0.7165398597717285,0.9245615581210893,0.0009593812477154037,1.0439476035818205,0.5,False,1.2928317313462514,False
18,000018.jpg,,,,29.11279852290778,29.030033401367348,-0.08276512154043303,,True,,,,,,,,,,,,,,,,,,,,,,,,,,,,,,,,,,,,,,,,,,,,,grid,30.11279852290778,1.0,1.1254439879932068,0.85661780834198,0.8780999383096854,0.001833106662767629,1.9946890897265233,1.0,False,1.7760163221151521,False
18,000018.jpg,,,,29.11279852290778,29.030033401367348,-0.08276512154043303,,True,,,,,,,,,,,,,,,,,,,,,,,,,,,,,,,,,,,,,,,,,,,,,grid,31.11279852290778,2.0,1.254166421621813,0.954593300819397,0.8354807438089363,0.003654834581539035,3.9769964359543954,2.0,False,2.4729347868014755,False
18,000018.jpg,,,,29.11279852290778,29.030033401367348,-0.08276512154043303,,True,,,,,,,,,,,,,,,,,,,,,,,,,,,,,,,,,,,,,,,,,,,,,grid,32.11279852290778,3.0,1.275153485524525,0.9705673456192017,0.8324667312946153,0.005274562320361535,5.7394979393195635,3.0,False,2.9675612390598003,False
18,000018.jpg,,,,29.11279852290778,29.030033401367348,-0.08276512154043303,,True,,,,,,,,,,,,,,,,,,,,,,,,,,,,,,,,,,,,,,,,,,,,,clamped_raw_observation,29.030033401367348,-0.08276512154043303,0.9753449768206494,0.7423717975616455,0.950965012778708,0.0007057453137046347,0.7679544818449595,,False,1.218851538149394,False
19,000019.jpg,,,,29.11279852290778,29.029278424489604,-0.08352009841817676,,True,,,,,,,,,,,,,,,,,,,,,,,,,,,,,,,,,,,,,,,,,,,,,prediction,29.11279852290778,0.0,0.9090164962135312,0.721237301826477,0.9574023212545406,0.0006118312982531885,0.550042497038839,,False,1.0891247992187003,True
19,000019.jpg,,,,29.11279852290778,29.029278424489604,-0.08352009841817676,,True,,,,,,,,,,,,,,,,,,,,,,,,,,,,,,,,,,,,,,,,,,,,,grid,26.11279852290778,-3.0,1.2261866619028585,0.9728883504867554,0.8294675290156818,0.00569674139842391,5.121427871898323,-3.0,False,2.7670761008617575,False
19,000019.jpg,,,,29.11279852290778,29.029278424489604,-0.08352009841817676,,True,,,,,,,,,,,,,,,,,,,,,,,,,,,,,,,,,,,,,,,,,,,,,grid,27.11279852290778,-2.0,1.200298554352976,0.9523480534553528,0.840595375210419,0.004054342163726687,3.644894424252274,-2.0,False,2.3309267852056252,False
19,000019.jpg,,,,29.11279852290778,29.029278424489604,-0.08352009841817676,,True,,,,,,,,,,,,,,,,,,,,,,,,,,,,,,,,,,,,,,,,,,,,,grid,28.11279852290778,-1.0,1.120557077091133,0.8890790939331055,0.8643749446265615,0.0022344809064331153,2.008820831606867,-1.0,False,1.7883873403662884,False
19,000019.jpg,,,,29.11279852290778,29.029278424489604,-0.08352009841817676,,True,,,,,,,,,,,,,,,,,,,,,,,,,,,,,,,,,,,,,,,,,,,,,grid,28.61279852290778,-0.5,1.002239495701417,0.7952028512954712,0.9058740143527952,0.0012201261803663026,1.0969057203631614,-0.5,False,1.385591911439412,False
19,000019.jpg,,,,29.11279852290778,29.029278424489604,-0.08352009841817676,,True,,,,,,,,,,,,,,,,,,,,,,,,,,,,,,,,,,,,,,,,,,,,,grid,29.61279852290778,0.5,0.900440739905761,0.7144330739974976,0.930291485780101,0.0009021661923422167,0.8110564899126561,0.5,False,1.187913376603824,False
19,000019.jpg,,,,29.11279852290778,29.029278424489604,-0.08352009841817676,,True,,,,,,,,,,,,,,,,,,,,,,,,,,,,,,,,,,,,,,,,,,,,,grid,30.11279852290778,1.0,1.0753841853335757,0.8532377481460571,0.8796845928944804,0.001806771974467362,1.6243061956019218,1.0,False,1.631776141339576,False
19,000019.jpg,,,,29.11279852290778,29.029278424489604,-0.08352009841817676,,True,,,,,,,,,,,,,,,,,,,,,,,,,,,,,,,,,,,,,,,,,,,,,grid,31.11279852290778,2.0,1.1824366773970045,0.9381759762763977,0.8413041552228228,0.0036650731150681772,3.2949376303527647,2.0,False,2.224866929762373,False
19,000019.jpg,,,,29.11279852290778,29.029278424489604,-0.08352009841817676,,True,,,,,,,,,,,,,,,,,,,,,,,,,,,,,,,,,,,,,,,,,,,,,grid,32.11279852290778,3.0,1.2266254561194891,0.9732365012168884,0.8288827855054487,0.005251577589660883,4.7212211259171655,3.0,False,2.668047952093332,False
19,000019.jpg,,,,29.11279852290778,29.029278424489604,-0.08352009841817676,,True,,,,,,,,,,,,,,,,,,,,,,,,,,,,,,,,,,,,,,,,,,,,,clamped_raw_observation,29.029278424489604,-0.08352009841817676,0.898093968371208,0.7125710844993591,0.950279082129884,0.000661697481215621,0.5948726975741204,,False,1.0990386635873994,False
20,000020.jpg,,,,29.11279852290778,29.022192448471742,-0.09060607443603885,,True,,,,,,,,,,,,,,,,,,,,,,,,,,,,,,,,,,,,,,,,,,,,,prediction,29.11279852290778,0.0,0.8242751163629701,0.641962468624115,0.9608817082655731,0.0004893949080724269,0.5163464816392566,,False,0.9924800285072112,False
20,000020.jpg,,,,29.11279852290778,29.022192448471742,-0.09060607443603885,,True,,,,,,,,,,,,,,,,,,,,,,,,,,,,,,,,,,,,,,,,,,,,,grid,26.11279852290778,-3.0,1.2529922835918148,0.9758562445640564,0.8286431450187371,0.00564004418750604,5.9506482892905295,-3.0,False,3.00201121089571,False
20,000020.jpg,,,,29.11279852290778,29.022192448471742,-0.09060607443603885,,True,,,,,,,,,,,,,,,,,,,,,,,,,,,,,,,,,,,,,,,,,,,,,grid,27.11279852290778,-2.0,1.2253322671925533,0.9543140530586243,0.8373046736901647,0.004050177289173007,4.273225484745353,-2.0,False,2.516333964688727,False
20,000020.jpg,,,,29.11279852290778,29.022192448471742,-0.09060607443603885,,True,,,,,,,,,,,,,,,,,,,,,,,,,,,,,,,,,,,,,,,,,,,,,grid,28.11279852290778,-1.0,1.1231097187742463,0.8747010231018066,0.8668069009403946,0.0021851263979139426,2.3054639696679247,-1.0,False,1.8626688102508326,False
20,000020.jpg,,,,29.11279852290778,29.022192448471742,-0.09060607443603885,,True,,,,,,,,,,,,,,,,,,,,,,,,,,,,,,,,,,,,,,,,,,,,,grid,28.61279852290778,-0.5,1.005450068197601,0.7830652594566345,0.9154705508025172,0.0011521908066545923,1.2156433575012808,-0.5,False,1.408890356770404,False
20,000020.jpg,,,,29.11279852290778,29.022192448471742,-0.09060607443603885,,True,,,,,,,,,,,,,,,,,,,,,,,,,,,,,,,,,,,,,,,,,,,,,grid,29.61279852290778,0.5,0.893012879864312,0.6954968571662903,0.9391041504631267,0.0008270307298516855,0.8725763192927751,0.5,False,1.187052809224379,False
20,000020.jpg,,,,29.11279852290778,29.022192448471742,-0.09060607443603885,,True,,,,,,,,,,,,,,,,,,,,,,,,,,,,,,,,,,,,,,,,,,,,,grid,30.11279852290778,1.0,1.0793150116917827,0.8405928015708923,0.8850314643286431,0.0017557978280819952,1.8524917526641211,1.0,False,1.68740648552917,False
20,000020.jpg,,,,29.11279852290778,29.022192448471742,-0.09060607443603885,,True,,,,,,,,,,,,,,,,,,,,,,,,,,,,,,,,,,,,,,,,,,,,,grid,31.11279852290778,2.0,1.207074733887006,0.9400947093963623,0.8395672770982111,0.0036595004300276437,3.8610335752052363,2.0,False,2.3927658505901044,False
20,000020.jpg,,,,29.11279852290778,29.022192448471742,-0.09060607443603885,,True,,,,,,,,,,,,,,,,,,,,,,,,,,,,,,,,,,,,,,,,,,,,,grid,32.11279852290778,3.0,1.2404930890903583,0.9661216139793396,0.831559782224422,0.0052008213630567,5.487236929018448,3.0,False,2.870742539120548,False
20,000020.jpg,,,,29.11279852290778,29.022192448471742,-0.09060607443603885,,True,,,,,,,,,,,,,,,,,,,,,,,,,,,,,,,,,,,,,,,,,,,,,clamped_raw_observation,29.022192448471742,-0.09060607443603885,0.8112687447738259,0.6318328380584717,0.9598211129180513,0.0004991151411862423,0.5266020198278338,,False,0.9858163190458143,True
21,000021.jpg,,,,29.022192448471742,28.84043478129692,-0.18175766717482134,,True,,,,,,,,,,,,,,,,,,,,,,,,,,,,,,,,,,,,,,,,,,,,,prediction,29.022192448471742,0.0,0.8837192018467032,0.6761353015899658,0.9556779392617095,0.0005550154504210999,0.6516957068832704,,False,1.0909651893058112,True
21,000021.jpg,,,,29.022192448471742,28.84043478129692,-0.18175766717482134,,True,,,,,,,,,,,,,,,,,,,,,,,,,,,,,,,,,,,,,,,,,,,,,grid,26.022192448471742,-3.0,1.273848710541628,0.9746241569519043,0.8305767674279481,0.005821101755524675,6.835101654427528,-3.0,False,3.242047356720562,False
21,000021.jpg,,,,29.022192448471742,28.84043478129692,-0.18175766717482134,,True,,,,,,,,,,,,,,,,,,,,,,,,,,,,,,,,,,,,,,,,,,,,,grid,27.022192448471742,-2.0,1.248471422524951,0.9552079439163208,0.8380722806770595,0.004242194816470146,4.981158898474794,-2.0,False,2.7156888664665897,False
21,000021.jpg,,,,29.022192448471742,28.84043478129692,-0.18175766717482134,,True,,,,,,,,,,,,,,,,,,,,,,,,,,,,,,,,,,,,,,,,,,,,,grid,28.022192448471742,-1.0,1.1717083008700107,0.8964763283729553,0.860083752683253,0.002406720557094862,2.8259563829014573,-1.0,False,2.0481136439121217,False
21,000021.jpg,,,,29.022192448471742,28.84043478129692,-0.18175766717482134,,True,,,,,,,,,,,,,,,,,,,,,,,,,,,,,,,,,,,,,,,,,,,,,grid,28.522192448471742,-0.5,1.0597758026643387,0.8108365535736084,0.9015905971777457,0.0013991155622837443,1.6428328340807312,-0.5,False,1.5838934140067757,False
21,000021.jpg,,,,29.022192448471742,28.84043478129692,-0.18175766717482134,,True,,,,,,,,,,,,,,,,,,,,,,,,,,,,,,,,,,,,,,,,,,,,,grid,29.522192448471742,0.5,0.8815510504950772,0.6744764447212219,0.9403526058345356,0.0007187358278315514,0.8439351607700911,0.5,False,1.1671822348530643,False
21,000021.jpg,,,,29.022192448471742,28.84043478129692,-0.18175766717482134,,True,,,,,,,,,,,,,,,,,,,,,,,,,,,,,,,,,,,,,,,,,,,,,grid,30.022192448471742,1.0,1.0738463889969376,0.8216019868850708,0.891913291339691,0.0015866593166720122,1.8630455497715703,1.0,False,1.6776944851001392,False
21,000021.jpg,,,,29.022192448471742,28.84043478129692,-0.18175766717482134,,True,,,,,,,,,,,,,,,,,,,,,,,,,,,,,,,,,,,,,,,,,,,,,grid,31.022192448471742,2.0,1.2329236949549485,0.9433123469352722,0.840042932047718,0.003478387060264746,4.0843005583591525,2.0,False,2.473955902497019,False
21,000021.jpg,,,,29.022192448471742,28.84043478129692,-0.18175766717482134,,True,,,,,,,,,,,,,,,,,,,,,,,,,,,,,,,,,,,,,,,,,,,,,grid,32.02219244847174,3.0,1.26827692538049,0.9703611731529236,0.8299081535700461,0.005087229112784068,5.97339293927326,3.0,False,3.0217170066287586,False
21,000021.jpg,,,,29.022192448471742,28.84043478129692,-0.18175766717482134,,True,,,,,,,,,,,,,,,,,,,,,,,,,,,,,,,,,,,,,,,,,,,,,clamped_raw_observation,28.84043478129692,-0.18175766717482134,0.9424794455652693,0.7210928797721863,0.9339127986768484,0.0007832899330727136,0.9197341916176778,,False,1.243952924808085,False
22,000022.jpg,,,,29.022192448471742,28.85401923998151,-0.16817320849023076,,True,,,,,,,,,,,,,,,,,,,,,,,,,,,,,,,,,,,,,,,,,,,,,prediction,29.022192448471742,0.0,0.8542127851679597,0.6629319190979004,0.9568449490579697,0.0005751041947708776,0.5796682969189677,,False,1.042284910339732,True
22,000022.jpg,,,,29.022192448471742,28.85401923998151,-0.16817320849023076,,True,,,,,,,,,,,,,,,,,,,,,,,,,,,,,,,,,,,,,,,,,,,,,grid,26.022192448471742,-3.0,1.2591259238516805,0.9771742820739746,0.826691151801953,0.005817705920586984,5.863875996080323,-3.0,False,2.988403771069808,False
22,000022.jpg,,,,29.022192448471742,28.85401923998151,-0.16817320849023076,,True,,,,,,,,,,,,,,,,,,,,,,,,,,,,,,,,,,,,,,,,,,,,,grid,27.022192448471742,-2.0,1.2260651458528045,0.9515166878700256,0.8370208182508432,0.004242161366467674,4.275827714203068,-2.0,False,2.5180012561527283,False
22,000022.jpg,,,,29.022192448471742,28.85401923998151,-0.16817320849023076,,True,,,,,,,,,,,,,,,,,,,,,,,,,,,,,,,,,,,,,,,,,,,,,grid,28.022192448471742,-1.0,1.1383924844433941,0.8834762573242188,0.8647961435911924,0.002396650379523635,2.4156705105622596,-1.0,False,1.9075139684927667,False
22,000022.jpg,,,,29.022192448471742,28.85401923998151,-0.16817320849023076,,True,,,,,,,,,,,,,,,,,,,,,,,,,,,,,,,,,,,,,,,,,,,,,grid,28.522192448471742,-0.5,1.0388811271092266,0.806248128414154,0.9045609450320484,0.0013881690586761881,1.3991857499822573,-0.5,False,1.4991166195727426,False
22,000022.jpg,,,,29.022192448471742,28.85401923998151,-0.16817320849023076,,True,,,,,,,,,,,,,,,,,,,,,,,,,,,,,,,,,,,,,,,,,,,,,grid,29.522192448471742,0.5,0.8682978871617383,0.6738629937171936,0.9415888263026857,0.000742437686615934,0.7483297692526409,0.5,False,1.1287915031722127,False
22,000022.jpg,,,,29.022192448471742,28.85401923998151,-0.16817320849023076,,True,,,,,,,,,,,,,,,,,,,,,,,,,,,,,,,,,,,,,,,,,,,,,grid,30.022192448471742,1.0,1.0653579822298214,0.8267961144447327,0.8911412074232338,0.0016107983926000695,1.6235818994335314,1.0,False,1.6101122496649707,False
22,000022.jpg,,,,29.022192448471742,28.85401923998151,-0.16817320849023076,,True,,,,,,,,,,,,,,,,,,,,,,,,,,,,,,,,,,,,,,,,,,,,,grid,31.022192448471742,2.0,1.2124788014579944,0.9409726858139038,0.8410114244345169,0.0034682569870104394,3.4957815283169924,2.0,False,2.3054127591027256,False
22,000022.jpg,,,,29.022192448471742,28.85401923998151,-0.16817320849023076,,True,,,,,,,,,,,,,,,,,,,,,,,,,,,,,,,,,,,,,,,,,,,,,grid,32.02219244847174,3.0,1.2335478154854942,0.9573237895965576,0.8334893083537867,0.005075032667567332,5.115308790938158,3.0,False,2.768885704866247,False
22,000022.jpg,,,,29.022192448471742,28.85401923998151,-0.16817320849023076,,True,,,,,,,,,,,,,,,,,,,,,,,,,,,,,,,,,,,,,,,,,,,,,clamped_raw_observation,28.85401923998151,-0.16817320849023076,0.8938167805435075,0.6936675310134888,0.9356205745766603,0.0007795295775091896,0.7857160262458867,,False,1.1596704087830259,False
23,000023.jpg,,,,29.022192448471742,28.843066088480327,-0.17912635999141457,,True,,,,,,,,,,,,,,,,,,,,,,,,,,,,,,,,,,,,,,,,,,,,,prediction,29.022192448471742,0.0,0.7571488380043019,0.5763811469078064,0.9625013203760431,0.000405887976133575,0.46301394001988,,False,0.9104010026332288,True
23,000023.jpg,,,,29.022192448471742,28.843066088480327,-0.17912635999141457,,True,,,,,,,,,,,,,,,,,,,,,,,,,,,,,,,,,,,,,,,,,,,,,grid,26.022192448471742,-3.0,1.2771224264664718,0.9722121357917786,0.8304813210802436,0.005812624081348379,6.630711270130976,-3.0,False,3.1943189229189723,False
23,000023.jpg,,,,29.022192448471742,28.843066088480327,-0.17912635999141457,,True,,,,,,,,,,,,,,,,,,,,,,,,,,,,,,,,,,,,,,,,,,,,,grid,27.022192448471742,-2.0,1.236665841664976,0.941414475440979,0.8437026865251224,0.004185706609860063,4.774816262506791,-2.0,False,2.6466672207665516,False
23,000023.jpg,,,,29.022192448471742,28.843066088480327,-0.17912635999141457,,True,,,,,,,,,,,,,,,,,,,,,,,,,,,,,,,,,,,,,,,,,,,,,grid,28.022192448471742,-1.0,1.1654014335298277,0.887164294719696,0.8634203021020387,0.002377822296693921,2.7124845646993307,-1.0,False,2.0101022726026216,False
23,000023.jpg,,,,29.022192448471742,28.843066088480327,-0.17912635999141457,,True,,,,,,,,,,,,,,,,,,,,,,,,,,,,,,,,,,,,,,,,,,,,,grid,28.522192448471742,-0.5,1.057587519146838,0.8050907254219055,0.9030139783810429,0.0013406117310902725,1.5292936872924354,-0.5,False,1.5518969625889039,False
23,000023.jpg,,,,29.022192448471742,28.843066088480327,-0.17912635999141457,,True,,,,,,,,,,,,,,,,,,,,,,,,,,,,,,,,,,,,,,,,,,,,,grid,29.522192448471742,0.5,0.8597166968727947,0.654461145401001,0.9506003309742614,0.0006213774613570422,0.7088321003325129,0.5,False,1.1013243909816615,False
23,000023.jpg,,,,29.022192448471742,28.843066088480327,-0.17912635999141457,,True,,,,,,,,,,,,,,,,,,,,,,,,,,,,,,,,,,,,,,,,,,,,,grid,30.022192448471742,1.0,1.07342653372995,0.8171482086181641,0.8937185310376395,0.0015860548010095954,1.8092811950192502,1.0,False,1.662028301447123,False
23,000023.jpg,,,,29.022192448471742,28.843066088480327,-0.17912635999141457,,True,,,,,,,,,,,,,,,,,,,,,,,,,,,,,,,,,,,,,,,,,,,,,grid,31.022192448471742,2.0,1.2269538935760347,0.9340212345123291,0.8430336959966198,0.0034846193933238587,3.975055802691715,2.0,False,2.4376841482523437,False
23,000023.jpg,,,,29.022192448471742,28.843066088480327,-0.17912635999141457,,True,,,,,,,,,,,,,,,,,,,,,,,,,,,,,,,,,,,,,,,,,,,,,grid,32.02219244847174,3.0,1.2678036134760855,0.9651181697845459,0.8332277032498856,0.005083817911023895,5.799330602866058,3.0,False,2.974408560942714,False
23,000023.jpg,,,,29.022192448471742,28.843066088480327,-0.17912635999141457,,True,,,,,,,,,,,,,,,,,,,,,,,,,,,,,,,,,,,,,,,,,,,,,clamped_raw_observation,28.843066088480327,-0.17912635999141457,0.9102012411668902,0.6928926110267639,0.9454068518714129,0.0007052905663537482,0.8045554024463959,,False,1.1713070307068187,False
24,000024.jpg,,,,29.022192448471742,28.846676172974043,-0.17551627549769933,,True,,,,,,,,,,,,,,,,,,,,,,,,,,,,,,,,,,,,,,,,,,,,,prediction,29.022192448471742,0.0,0.8815501863515935,0.6607972979545593,0.957250317841503,0.0005327080919717749,0.6311761122640416,,False,1.0820938965761009,True
24,000024.jpg,,,,29.022192448471742,28.846676172974043,-0.17551627549769933,,True,,,,,,,,,,,,,,,,,,,,,,,,,,,,,,,,,,,,,,,,,,,,,grid,26.022192448471742,-3.0,1.2920316454594039,0.9684882760047913,0.8318795027546264,0.0058318548835814,6.909839644226774,-3.0,False,3.277612053761471,False
24,000024.jpg,,,,29.022192448471742,28.846676172974043,-0.17551627549769933,,True,,,,,,,,,,,,,,,,,,,,,,,,,,,,,,,,,,,,,,,,,,,,,grid,27.022192448471742,-2.0,1.2567720680387078,0.9420582056045532,0.8406907755332674,0.004260607839872439,5.048156641095039,-2.0,False,2.7381204527792002,False
24,000024.jpg,,,,29.022192448471742,28.846676172974043,-0.17551627549769933,,True,,,,,,,,,,,,,,,,,,,,,,,,,,,,,,,,,,,,,,,,,,,,,grid,28.022192448471742,-1.0,1.171186785834782,0.8779047131538391,0.865959175024721,0.002396042866166681,2.838937579279735,-1.0,False,2.0449620056299946,False
24,000024.jpg,,,,29.022192448471742,28.846676172974043,-0.17551627549769933,,True,,,,,,,,,,,,,,,,,,,,,,,,,,,,,,,,,,,,,,,,,,,,,grid,28.522192448471742,-0.5,1.0849520104192452,0.8132643699645996,0.9016103969487216,0.0013789327640552074,1.6338205373760109,-0.5,False,1.6067967478145262,False
24,000024.jpg,,,,29.022192448471742,28.846676172974043,-0.17551627549769933,,True,,,,,,,,,,,,,,,,,,,,,,,,,,,,,,,,,,,,,,,,,,,,,grid,29.522192448471742,0.5,0.8906416600117733,0.6676121354103088,0.9446072891651364,0.0007120266042572135,0.8436406179605155,0.5,False,1.1719445253367657,False
24,000024.jpg,,,,29.022192448471742,28.846676172974043,-0.17551627549769933,,True,,,,,,,,,,,,,,,,,,,,,,,,,,,,,,,,,,,,,,,,,,,,,grid,30.022192448471742,1.0,1.109686903400369,0.8318052887916565,0.887607712953807,0.0016004701998705666,1.8963078912686786,1.0,False,1.7261561632637317,False
24,000024.jpg,,,,29.022192448471742,28.846676172974043,-0.17551627549769933,,True,,,,,,,,,,,,,,,,,,,,,,,,,,,,,,,,,,,,,,,,,,,,,grid,31.022192448471742,2.0,1.2549255289397812,0.9406740665435791,0.8404788811979093,0.0034594442889404795,4.098902625648843,2.0,False,2.4991723041540825,False
24,000024.jpg,,,,29.022192448471742,28.846676172974043,-0.17551627549769933,,True,,,,,,,,,,,,,,,,,,,,,,,,,,,,,,,,,,,,,,,,,,,,,grid,32.02219244847174,3.0,1.2816752980826354,0.9607253074645996,0.8332391580731742,0.005043324432335794,5.975553884127259,3.0,False,3.032324611041276,False
24,000024.jpg,,,,29.022192448471742,28.846676172974043,-0.17551627549769933,,True,,,,,,,,,,,,,,,,,,,,,,,,,,,,,,,,,,,,,,,,,,,,,clamped_raw_observation,28.846676172974043,-0.17551627549769933,0.9523339730989899,0.7138558030128479,0.9383387484107925,0.000775416624189044,0.9187479176991362,,False,1.2489476923779124,False
25,000025.jpg,,,,29.022192448471742,28.8473114230473,-0.1748810254244404,,True,,,,,,,,,,,,,,,,,,,,,,,,,,,,,,,,,,,,,,,,,,,,,prediction,29.022192448471742,0.0,0.8633032965278865,0.6705182194709778,0.9560192956726097,0.0005636041508599495,0.5672493838218671,,False,1.0490963468107437,True
25,000025.jpg,,,,29.022192448471742,28.8473114230473,-0.1748810254244404,,True,,,,,,,,,,,,,,,,,,,,,,,,,,,,,,,,,,,,,,,,,,,,,grid,26.022192448471742,-3.0,1.2533460264544904,0.9734601378440857,0.8306681038290955,0.005815865161518256,5.853480539894172,-3.0,False,2.9760480575989376,False
25,000025.jpg,,,,29.022192448471742,28.8473114230473,-0.1748810254244404,,True,,,,,,,,,,,,,,,,,,,,,,,,,,,,,,,,,,,,,,,,,,,,,grid,27.022192448471742,-2.0,1.2205221062906924,0.9479661583900452,0.8383722368490802,0.004248645234232147,4.276124275377756,-2.0,False,2.5111809382860515,False
25,000025.jpg,,,,29.022192448471742,28.8473114230473,-0.1748810254244404,,True,,,,,,,,,,,,,,,,,,,,,,,,,,,,,,,,,,,,,,,,,,,,,grid,28.022192448471742,-1.0,1.1380860400224702,0.8839389681816101,0.8637640697612778,0.002410945890005678,2.4265392092071756,-1.0,False,1.9109567725629863,False
25,000025.jpg,,,,29.022192448471742,28.8473114230473,-0.1748810254244404,,True,,,,,,,,,,,,,,,,,,,,,,,,,,,,,,,,,,,,,,,,,,,,,grid,28.522192448471742,-0.5,1.058509532887002,0.8221327662467957,0.8977081971268531,0.0013880646438337862,1.3970422551328778,-0.5,False,1.525061899543368,False
25,000025.jpg,,,,29.022192448471742,28.8473114230473,-0.1748810254244404,,True,,,,,,,,,,,,,,,,,,,,,,,,,,,,,,,,,,,,,,,,,,,,,grid,29.522192448471742,0.5,0.8672385477964312,0.673574686050415,0.9410351103493365,0.0007377076738824447,0.7424789594114685,0.5,False,1.1268231772999617,False
25,000025.jpg,,,,29.022192448471742,28.8473114230473,-0.1748810254244404,,True,,,,,,,,,,,,,,,,,,,,,,,,,,,,,,,,,,,,,,,,,,,,,grid,30.022192448471742,1.0,1.072138292092201,0.8327180743217468,0.888625801777605,0.0016230363010739286,1.6335336428944887,1.0,False,1.6218959010382181,False
25,000025.jpg,,,,29.022192448471742,28.8473114230473,-0.1748810254244404,,True,,,,,,,,,,,,,,,,,,,,,,,,,,,,,,,,,,,,,,,,,,,,,grid,31.022192448471742,2.0,1.2153790899630719,0.9439716339111328,0.8396268089693072,0.0034888306981883943,3.5113954728448293,2.0,False,2.3136011492049717,False
25,000025.jpg,,,,29.022192448471742,28.8473114230473,-0.1748810254244404,,True,,,,,,,,,,,,,,,,,,,,,,,,,,,,,,,,,,,,,,,,,,,,,grid,32.02219244847174,3.0,1.243218312474867,0.9655940532684326,0.8328768575618892,0.005106468335725367,5.1394955351666285,3.0,False,2.785215338704635,False
25,000025.jpg,,,,29.022192448471742,28.8473114230473,-0.1748810254244404,,True,,,,,,,,,,,,,,,,,,,,,,,,,,,,,,,,,,,,,,,,,,,,,clamped_raw_observation,28.8473114230473,-0.1748810254244404,0.9152266804188269,0.7108465433120728,0.9358401215698054,0.0007998096116352826,0.80498255501255,,False,1.185878628364892,False
26,000026.jpg,,,,29.022192448471742,28.847394402812853,-0.17479804565888912,,True,,,,,,,,,,,,,,,,,,,,,,,,,,,,,,,,,,,,,,,,,,,,,prediction,29.022192448471742,0.0,0.8219267054941817,0.6346522569656372,0.9575349923605135,0.0004680822603404522,0.49811607653541473,,False,0.9889207322675219,True
26,000026.jpg,,,,29.022192448471742,28.847394402812853,-0.17479804565888912,,True,,,,,,,,,,,,,,,,,,,,,,,,,,,,,,,,,,,,,,,,,,,,,grid,26.022192448471742,-3.0,1.2583460386416858,0.9716342687606812,0.8314571222844699,0.005811976734548807,6.1848937531255785,-3.0,False,3.0631123546386103,False
26,000026.jpg,,,,29.022192448471742,28.847394402812853,-0.17479804565888912,,True,,,,,,,,,,,,,,,,,,,,,,,,,,,,,,,,,,,,,,,,,,,,,grid,27.022192448471742,-2.0,1.2249217437660362,0.9458256363868713,0.8417309144553133,0.004257143785556157,4.530297213498342,-2.0,False,2.575765132685308,False
26,000026.jpg,,,,29.022192448471742,28.847394402812853,-0.17479804565888912,,True,,,,,,,,,,,,,,,,,,,,,,,,,,,,,,,,,,,,,,,,,,,,,grid,28.022192448471742,-1.0,1.1477279157090565,0.8862202763557434,0.8625946154791801,0.0023739717435091734,2.5262941813318136,-1.0,False,1.9467068455628298,False
26,000026.jpg,,,,29.022192448471742,28.847394402812853,-0.17479804565888912,,True,,,,,,,,,,,,,,,,,,,,,,,,,,,,,,,,,,,,,,,,,,,,,grid,28.522192448471742,-0.5,1.05669571615676,0.8159295916557312,0.8997558876732056,0.001371699016696463,1.4597120854085912,-0.5,False,1.5368678498357022,False
26,000026.jpg,,,,29.022192448471742,28.847394402812853,-0.17479804565888912,,True,,,,,,,,,,,,,,,,,,,,,,,,,,,,,,,,,,,,,,,,,,,,,grid,29.522192448471742,0.5,0.8655811440590143,0.6683601140975952,0.9462426019915351,0.0006450789272397136,0.6864694766655126,0.5,False,1.1059559112338573,False
26,000026.jpg,,,,29.022192448471742,28.847394402812853,-0.17479804565888912,,True,,,,,,,,,,,,,,,,,,,,,,,,,,,,,,,,,,,,,,,,,,,,,grid,30.022192448471742,1.0,1.0633384741232796,0.8210588097572327,0.8901143288667217,0.001574053904429699,1.675050779663168,1.0,False,1.6219868401723498,False
26,000026.jpg,,,,29.022192448471742,28.847394402812853,-0.17479804565888912,,True,,,,,,,,,,,,,,,,,,,,,,,,,,,,,,,,,,,,,,,,,,,,,grid,31.022192448471742,2.0,1.2079575229075725,0.9327266812324524,0.8430656293356281,0.0034536441089585423,3.675242150926278,2.0,False,2.343702431303514,False
26,000026.jpg,,,,29.022192448471742,28.847394402812853,-0.17479804565888912,,True,,,,,,,,,,,,,,,,,,,,,,,,,,,,,,,,,,,,,,,,,,,,,grid,32.02219244847174,3.0,1.2540582045286142,0.9683234095573425,0.8319488593456384,0.005068617329622309,5.393837775126388,3.0,False,2.8605687889645726,False
26,000026.jpg,,,,29.022192448471742,28.847394402812853,-0.17479804565888912,,True,,,,,,,,,,,,,,,,,,,,,,,,,,,,,,,,,,,,,,,,,,,,,clamped_raw_observation,28.847394402812853,-0.17479804565888912,0.9239800443998132,0.713452935218811,0.9435731722309056,0.0007214757109371325,0.7677681486715927,,False,1.1775928507065725,False
27,000027.jpg,,,,29.022192448471742,28.8480628381335,-0.17412961033824104,,True,,,,,,,,,,,,,,,,,,,,,,,,,,,,,,,,,,,,,,,,,,,,,prediction,29.022192448471742,0.0,0.888773706671899,0.6911632418632507,0.9547903821352225,0.0005930340654837588,0.6138213486711304,,False,1.0874386617044591,True
27,000027.jpg,,,,29.022192448471742,28.8480628381335,-0.17412961033824104,,True,,,,,,,,,,,,,,,,,,,,,,,,,,,,,,,,,,,,,,,,,,,,,grid,26.022192448471742,-3.0,1.2480587815092559,0.9705646634101868,0.8319523700157235,0.005804198638846477,6.007649886934622,-3.0,False,3.0080188832271877,False
27,000027.jpg,,,,29.022192448471742,28.8480628381335,-0.17412961033824104,,True,,,,,,,,,,,,,,,,,,,,,,,,,,,,,,,,,,,,,,,,,,,,,grid,27.022192448471742,-2.0,1.2355621539423742,0.9608465433120728,0.8348144091302581,0.004290404302688937,4.440793385575027,-2.0,False,2.570946091205873,False
27,000027.jpg,,,,29.022192448471742,28.8480628381335,-0.17412961033824104,,True,,,,,,,,,,,,,,,,,,,,,,,,,,,,,,,,,,,,,,,,,,,,,grid,28.022192448471742,-1.0,1.1427637549283511,0.8886809945106506,0.8633641326431462,0.0023982092582931123,2.4822723128396484,-1.0,False,1.929967700495117,False
27,000027.jpg,,,,29.022192448471742,28.8480628381335,-0.17412961033824104,,True,,,,,,,,,,,,,,,,,,,,,,,,,,,,,,,,,,,,,,,,,,,,,grid,28.522192448471742,-0.5,1.0516880560682336,0.8178551197052002,0.8975672667526456,0.0013918834932458897,1.440672387547144,-0.5,False,1.5292888862023737,False
27,000027.jpg,,,,29.022192448471742,28.8480628381335,-0.17412961033824104,,True,,,,,,,,,,,,,,,,,,,,,,,,,,,,,,,,,,,,,,,,,,,,,grid,29.522192448471742,0.5,0.862215642571143,0.6705101132392883,0.9427945515255375,0.0007533165286683167,0.7797221011684091,0.5,False,1.1293516163377078,False
27,000027.jpg,,,,29.022192448471742,28.8480628381335,-0.17412961033824104,,True,,,,,,,,,,,,,,,,,,,,,,,,,,,,,,,,,,,,,,,,,,,,,grid,30.022192448471742,1.0,1.0667254287588832,0.8295490741729736,0.8901118315283643,0.0016257356231411297,1.6827216021143026,1.0,False,1.6272939977590946,False
27,000027.jpg,,,,29.022192448471742,28.8480628381335,-0.17412961033824104,,True,,,,,,,,,,,,,,,,,,,,,,,,,,,,,,,,,,,,,,,,,,,,,grid,31.022192448471742,2.0,1.1968359679189635,0.9307307600975037,0.8436831970036924,0.0034900514486556253,3.61238622168847,2.0,False,2.3162493263373887,False
27,000027.jpg,,,,29.022192448471742,28.8480628381335,-0.17412961033824104,,True,,,,,,,,,,,,,,,,,,,,,,,,,,,,,,,,,,,,,,,,,,,,,grid,32.02219244847174,3.0,1.244808139214039,0.9680367708206177,0.8331537197675035,0.0050824172018716736,5.260568258953855,3.0,False,2.8167964841849993,False
27,000027.jpg,,,,29.022192448471742,28.8480628381335,-0.17412961033824104,,True,,,,,,,,,,,,,,,,,,,,,,,,,,,,,,,,,,,,,,,,,,,,,clamped_raw_observation,28.8480628381335,-0.17412961033824104,0.9309616952914702,0.7239711284637451,0.9315583979647721,0.0007999138470040634,0.8279527685955392,,False,1.2116153777857301,False
28,000028.jpg,,,,29.022192448471742,28.84979607044218,-0.17239637802956054,,True,,,,,,,,,,,,,,,,,,,,,,,,,,,,,,,,,,,,,,,,,,,,,prediction,29.022192448471742,0.0,0.9385725306601577,0.7298727035522461,0.9447575302535112,0.0007258001278387383,0.7037747934056499,,False,1.169758698758059,True
28,000028.jpg,,,,29.022192448471742,28.84979607044218,-0.17239637802956054,,True,,,,,,,,,,,,,,,,,,,,,,,,,,,,,,,,,,,,,,,,,,,,,grid,26.022192448471742,-3.0,1.2545171156898072,0.9755642414093018,0.8312516562141153,0.005871912930160761,5.693722211961408,-3.0,False,2.9366960124660437,False
28,000028.jpg,,,,29.022192448471742,28.84979607044218,-0.17239637802956054,,True,,,,,,,,,,,,,,,,,,,,,,,,,,,,,,,,,,,,,,,,,,,,,grid,27.022192448471742,-2.0,1.2263304272244495,0.9536451101303101,0.8384595000441657,0.00430311425589025,4.172530742668782,-2.0,False,2.491003612847479,False
28,000028.jpg,,,,29.022192448471742,28.84979607044218,-0.17239637802956054,,True,,,,,,,,,,,,,,,,,,,,,,,,,,,,,,,,,,,,,,,,,,,,,grid,28.022192448471742,-1.0,1.1412096817153516,0.887451708316803,0.863598622029856,0.0024363062887762985,2.3623734541934187,-1.0,False,1.8982044232338502,False
28,000028.jpg,,,,29.022192448471742,28.84979607044218,-0.17239637802956054,,True,,,,,,,,,,,,,,,,,,,,,,,,,,,,,,,,,,,,,,,,,,,,,grid,28.522192448471742,-0.5,1.063760941022814,0.8272243738174438,0.8931189824220476,0.0014485246792901307,1.40456734272841,-0.5,False,1.5367837942828688,False
28,000028.jpg,,,,29.022192448471742,28.84979607044218,-0.17239637802956054,,True,,,,,,,,,,,,,,,,,,,,,,,,,,,,,,,,,,,,,,,,,,,,,grid,29.522192448471742,0.5,0.889850003698266,0.6919840574264526,0.9358360568854341,0.0008346988033736125,0.809368799161644,0.5,False,1.1713561466032427,False
28,000028.jpg,,,,29.022192448471742,28.84979607044218,-0.17239637802956054,,True,,,,,,,,,,,,,,,,,,,,,,,,,,,,,,,,,,,,,,,,,,,,,grid,30.022192448471742,1.0,1.073588594164558,0.8348667621612549,0.8887554102994435,0.0016409730499920745,1.5911756211470482,1.0,False,1.6126270891518766,False
28,000028.jpg,,,,29.022192448471742,28.84979607044218,-0.17239637802956054,,True,,,,,,,,,,,,,,,,,,,,,,,,,,,,,,,,,,,,,,,,,,,,,grid,31.022192448471742,2.0,1.2045721297911227,0.9367249608039856,0.8422047522303684,0.0034764419930676618,3.370944908405312,2.0,False,2.2651036046620825,False
28,000028.jpg,,,,29.022192448471742,28.84979607044218,-0.17239637802956054,,True,,,,,,,,,,,,,,,,,,,,,,,,,,,,,,,,,,,,,,,,,,,,,grid,32.02219244847174,3.0,1.2329383278702473,0.9587836861610413,0.8372581927391574,0.005095755759005745,4.941118524212677,3.0,False,2.720959766184259,False
28,000028.jpg,,,,29.022192448471742,28.84979607044218,-0.17239637802956054,,True,,,,,,,,,,,,,,,,,,,,,,,,,,,,,,,,,,,,,,,,,,,,,clamped_raw_observation,28.84979607044218,-0.17239637802956054,0.9284257918983831,0.7219821810722351,0.9259959367547036,0.0008779078683195015,0.8512666296926147,,False,1.2204184039077202,False
29,000029.jpg,,,,29.022192448471742,28.839226541737276,-0.18296590673446644,,True,,,,,,,,,,,,,,,,,,,,,,,,,,,,,,,,,,,,,,,,,,,,,prediction,29.022192448471742,0.0,0.7774600274297768,0.6138989925384521,0.9531338127467569,0.0005239332579852393,0.5242581301411822,,False,0.9553907472183154,True
29,000029.jpg,,,,29.022192448471742,28.839226541737276,-0.18296590673446644,,True,,,,,,,,,,,,,,,,,,,,,,,,,,,,,,,,,,,,,,,,,,,,,grid,26.022192448471742,-3.0,1.2387052583753175,0.9781080484390259,0.8304075014100395,0.0058133467100560665,5.816951357117797,-3.0,False,2.9525355962447275,False
29,000029.jpg,,,,29.022192448471742,28.839226541737276,-0.18296590673446644,,True,,,,,,,,,,,,,,,,,,,,,,,,,,,,,,,,,,,,,,,,,,,,,grid,27.022192448471742,-2.0,1.19324088270166,0.9422084093093872,0.841511562323745,0.004254576051607728,4.257214161087214,-2.0,False,2.4760328606497186,False
29,000029.jpg,,,,29.022192448471742,28.839226541737276,-0.18296590673446644,,True,,,,,,,,,,,,,,,,,,,,,,,,,,,,,,,,,,,,,,,,,,,,,grid,28.022192448471742,-1.0,1.1294318153253933,0.891823410987854,0.8613578680203046,0.0023703410600622496,2.371810823240605,-1.0,False,1.89102665311524,False
29,000029.jpg,,,,29.022192448471742,28.839226541737276,-0.18296590673446644,,True,,,,,,,,,,,,,,,,,,,,,,,,,,,,,,,,,,,,,,,,,,,,,grid,28.522192448471742,-0.5,1.0132126859962376,0.8000543117523193,0.9053334743372814,0.0013546523987315595,1.3554923699275503,-0.5,False,1.4617523041408436,False
29,000029.jpg,,,,29.022192448471742,28.839226541737276,-0.18296590673446644,,True,,,,,,,,,,,,,,,,,,,,,,,,,,,,,,,,,,,,,,,,,,,,,grid,29.522192448471742,0.5,0.8490605161807225,0.6704362630844116,0.9452199661590525,0.00069977047193485,0.7002043744184543,0.5,False,1.0938916436262835,False
29,000029.jpg,,,,29.022192448471742,28.839226541737276,-0.18296590673446644,,True,,,,,,,,,,,,,,,,,,,,,,,,,,,,,,,,,,,,,,,,,,,,,grid,30.022192448471742,1.0,1.0469312776827462,0.8266792297363281,0.8884306260575296,0.0016329750457468133,1.6339875947988678,1.0,False,1.5969975503249334,False
29,000029.jpg,,,,29.022192448471742,28.839226541737276,-0.18296590673446644,,True,,,,,,,,,,,,,,,,,,,,,,,,,,,,,,,,,,,,,,,,,,,,,grid,31.022192448471742,2.0,1.1808754415029326,0.9324443936347961,0.8468168358714044,0.0035068904204914966,3.509064917021726,2.0,False,2.27132483488696,False
29,000029.jpg,,,,29.022192448471742,28.839226541737276,-0.18296590673446644,,True,,,,,,,,,,,,,,,,,,,,,,,,,,,,,,,,,,,,,,,,,,,,,grid,32.02219244847174,3.0,1.2229042636779195,0.9656312465667725,0.8319937958262832,0.005132858253394564,5.136040954056366,3.0,False,2.7649207063657277,False
29,000029.jpg,,,,29.022192448471742,28.839226541737276,-0.18296590673446644,,True,,,,,,,,,,,,,,,,,,,,,,,,,,,,,,,,,,,,,,,,,,,,,clamped_raw_observation,28.839226541737276,-0.18296590673446644,0.8634083471578009,0.681765615940094,0.9365482233502538,0.0007318577263504267,0.732311524985614,,False,1.1154269822559846,False
30,000030.jpg,,,,29.022192448471742,28.850164744564296,-0.17202770390744604,,True,,,,,,,,,,,,,,,,,,,,,,,,,,,,,,,,,,,,,,,,,,,,,prediction,29.022192448471742,0.0,0.7919250508017913,0.5538190007209778,0.9597921129332444,0.0003884170825282733,0.6169951813085589,,False,0.9863817331956867,True
30,000030.jpg,,,,29.022192448471742,28.850164744564296,-0.17202770390744604,,True,,,,,,,,,,,,,,,,,,,,,,,,,,,,,,,,,,,,,,,,,,,,,grid,26.022192448471742,-3.0,1.3939329680570474,0.9748227596282959,0.8321803560768339,0.005784557045747836,9.188689127675259,-3.0,False,3.948924893899028,False
30,000030.jpg,,,,29.022192448471742,28.850164744564296,-0.17202770390744604,,True,,,,,,,,,,,,,,,,,,,,,,,,,,,,,,,,,,,,,,,,,,,,,grid,27.022192448471742,-2.0,1.3545544843564916,0.9472841024398804,0.8396600765530077,0.004233857383951545,6.725424091139489,-2.0,False,3.256250430588356,False
30,000030.jpg,,,,29.022192448471742,28.850164744564296,-0.17202770390744604,,True,,,,,,,,,,,,,,,,,,,,,,,,,,,,,,,,,,,,,,,,,,,,,grid,28.022192448471742,-1.0,1.2720762569789072,0.889604389667511,0.8639252730273554,0.002355779268934081,3.7421228945385674,-1.0,False,2.3736817075861936,False
30,000030.jpg,,,,29.022192448471742,28.850164744564296,-0.17202770390744604,,True,,,,,,,,,,,,,,,,,,,,,,,,,,,,,,,,,,,,,,,,,,,,,grid,28.522192448471742,-0.5,1.1479239407564434,0.8027806282043457,0.9031323524247639,0.0013191935237652312,2.0955207275605816,-0.5,False,1.7836717702218248,False
30,000030.jpg,,,,29.022192448471742,28.850164744564296,-0.17202770390744604,,True,,,,,,,,,,,,,,,,,,,,,,,,,,,,,,,,,,,,,,,,,,,,,grid,29.522192448471742,0.5,0.935279174188991,0.6540712118148804,0.9513993749341574,0.0006296162318903953,1.0001367051660222,0.5,False,1.248913975546339,False
30,000030.jpg,,,,29.022192448471742,28.850164744564296,-0.17202770390744604,,True,,,,,,,,,,,,,,,,,,,,,,,,,,,,,,,,,,,,,,,,,,,,,grid,30.022192448471742,1.0,1.1822336662503428,0.826774537563324,0.8881729114724163,0.0016007094527594745,2.542704900101209,1.0,False,1.9597369798032287,False
30,000030.jpg,,,,29.022192448471742,28.850164744564296,-0.17202770390744604,,True,,,,,,,,,,,,,,,,,,,,,,,,,,,,,,,,,,,,,,,,,,,,,grid,31.022192448471742,2.0,1.3427404790002502,0.9390221834182739,0.8421182006531587,0.0035386251596113047,5.621057286476271,2.0,False,2.965886599966159,False
30,000030.jpg,,,,29.022192448471742,28.850164744564296,-0.17202770390744604,,True,,,,,,,,,,,,,,,,,,,,,,,,,,,,,,,,,,,,,,,,,,,,,grid,32.02219244847174,3.0,1.3811909702447502,0.965911865234375,0.8322857042525547,0.005147446567813556,8.176647915975899,3.0,False,3.6830672449861703,False
30,000030.jpg,,,,29.022192448471742,28.850164744564296,-0.17202770390744604,,True,,,,,,,,,,,,,,,,,,,,,,,,,,,,,,,,,,,,,,,,,,,,,clamped_raw_observation,28.850164744564296,-0.17202770390744604,0.959704689072241,0.6711527705192566,0.948888576746146,0.0006637613017422458,1.0543756779395803,,False,1.2795708629282134,False
31,000031.jpg,,,,29.022192448471742,28.838918336512506,-0.1832741119592356,,True,,,,,,,,,,,,,,,,,,,,,,,,,,,,,,,,,,,,,,,,,,,,,prediction,29.022192448471742,0.0,0.8538708273400679,0.6138991117477417,0.9550629224985439,0.0004977720382157713,0.715033421329491,,False,1.077566260173897,True
31,000031.jpg,,,,29.022192448471742,28.838918336512506,-0.1832741119592356,,True,,,,,,,,,,,,,,,,,,,,,,,,,,,,,,,,,,,,,,,,,,,,,grid,26.022192448471742,-3.0,1.3522985537404195,0.9722487926483154,0.8298180277812097,0.005824051021287839,8.36606078291566,-3.0,False,3.7039957216881247,False
31,000031.jpg,,,,29.022192448471742,28.838918336512506,-0.1832741119592356,,True,,,,,,,,,,,,,,,,,,,,,,,,,,,,,,,,,,,,,,,,,,,,,grid,27.022192448471742,-2.0,1.332785448696957,0.9582196474075317,0.8375134581781598,0.004254908378546436,6.112038165624669,-2.0,False,3.0832815319249645,False
31,000031.jpg,,,,29.022192448471742,28.838918336512506,-0.1832741119592356,,True,,,,,,,,,,,,,,,,,,,,,,,,,,,,,,,,,,,,,,,,,,,,,grid,28.022192448471742,-1.0,1.2306146085067753,0.8847628831863403,0.8646416153343806,0.002404564021465679,3.454078387442714,-1.0,False,2.259492590033073,False
31,000031.jpg,,,,29.022192448471742,28.838918336512506,-0.1832741119592356,,True,,,,,,,,,,,,,,,,,,,,,,,,,,,,,,,,,,,,,,,,,,,,,grid,28.522192448471742,-0.5,1.1292122880249376,0.8118586540222168,0.9018303122297333,0.0013639344445740182,1.9592476826714598,-0.5,False,1.732193896463069,False
31,000031.jpg,,,,29.022192448471742,28.838918336512506,-0.1832741119592356,,True,,,,,,,,,,,,,,,,,,,,,,,,,,,,,,,,,,,,,,,,,,,,,grid,29.522192448471742,0.5,0.9340785017596366,0.6715652346611023,0.9446846815044919,0.0007056006191608807,1.0135724509943482,0.5,False,1.2577869330037317,False
31,000031.jpg,,,,29.022192448471742,28.838918336512506,-0.1832741119592356,,True,,,,,,,,,,,,,,,,,,,,,,,,,,,,,,,,,,,,,,,,,,,,,grid,30.022192448471742,1.0,1.16589753899595,0.8382338881492615,0.8847097446034912,0.001665948531202351,2.3930811427139647,1.0,False,1.9094580800709502,False
31,000031.jpg,,,,29.022192448471742,28.838918336512506,-0.1832741119592356,,True,,,,,,,,,,,,,,,,,,,,,,,,,,,,,,,,,,,,,,,,,,,,,grid,31.022192448471742,2.0,1.3005550420115817,0.9350472688674927,0.84473233669273,0.00352005489791433,5.056444925964844,2.0,False,2.7799339368100626,False
31,000031.jpg,,,,29.022192448471742,28.838918336512506,-0.1832741119592356,,True,,,,,,,,,,,,,,,,,,,,,,,,,,,,,,,,,,,,,,,,,,,,,grid,32.02219244847174,3.0,1.3459069900473797,0.9676535129547119,0.8325714386571827,0.005117408698424697,7.350991958270214,3.0,False,3.4410835409577505,False
31,000031.jpg,,,,29.022192448471742,28.838918336512506,-0.1832741119592356,,True,,,,,,,,,,,,,,,,,,,,,,,,,,,,,,,,,,,,,,,,,,,,,clamped_raw_observation,28.838918336512506,-0.1832741119592356,0.9602214364769133,0.690360963344574,0.935012443299151,0.0007469745420773203,1.0730047520990975,,False,1.2989584045613138,False
32,000032.jpg,,,,29.022192448471742,28.847770235088632,-0.17442221338311015,,True,,,,,,,,,,,,,,,,,,,,,,,,,,,,,,,,,,,,,,,,,,,,,prediction,29.022192448471742,0.0,0.9092423629123685,0.6612740755081177,0.9477992957746478,0.0005799717425058285,0.7769910085007901,,False,1.1556908192629183,True
32,000032.jpg,,,,29.022192448471742,28.847770235088632,-0.17442221338311015,,True,,,,,,,,,,,,,,,,,,,,,,,,,,,,,,,,,,,,,,,,,,,,,grid,26.022192448471742,-3.0,1.355946640064994,0.9861533045768738,0.8270422535211268,0.005838754974926512,7.822208883412219,-3.0,False,3.5744566073969217,False
32,000032.jpg,,,,29.022192448471742,28.847770235088632,-0.17442221338311015,,True,,,,,,,,,,,,,,,,,,,,,,,,,,,,,,,,,,,,,,,,,,,,,grid,27.022192448471742,-2.0,1.3099067272296188,0.9526693820953369,0.8400880281690141,0.004251758684404194,5.696102113223228,-2.0,False,2.9538442273664116,False
32,000032.jpg,,,,29.022192448471742,28.847770235088632,-0.17442221338311015,,True,,,,,,,,,,,,,,,,,,,,,,,,,,,,,,,,,,,,,,,,,,,,,grid,28.022192448471742,-1.0,1.2219206622924814,0.8886788487434387,0.864225352112676,0.0024005897964040437,3.2160820091781273,-1.0,False,2.191715812474337,False
32,000032.jpg,,,,29.022192448471742,28.847770235088632,-0.17442221338311015,,True,,,,,,,,,,,,,,,,,,,,,,,,,,,,,,,,,,,,,,,,,,,,,grid,28.522192448471742,-0.5,1.1189055101080263,0.8137579560279846,0.8985739436619719,0.001380656671244651,1.8496725629230883,-0.5,False,1.6977497071768264,False
32,000032.jpg,,,,29.022192448471742,28.847770235088632,-0.17442221338311015,,True,,,,,,,,,,,,,,,,,,,,,,,,,,,,,,,,,,,,,,,,,,,,,grid,29.522192448471742,0.5,0.9339418750065053,0.6792375445365906,0.9428345070422535,0.0007582645436438421,1.0158507549534612,0.5,False,1.260070056702617,False
32,000032.jpg,,,,29.022192448471742,28.847770235088632,-0.17442221338311015,,True,,,,,,,,,,,,,,,,,,,,,,,,,,,,,,,,,,,,,,,,,,,,,grid,30.022192448471742,1.0,1.144613157190135,0.8324546217918396,0.8894894366197184,0.0016353997149659942,2.1909530770295462,1.0,False,1.8328619898278034,False
32,000032.jpg,,,,29.022192448471742,28.847770235088632,-0.17442221338311015,,True,,,,,,,,,,,,,,,,,,,,,,,,,,,,,,,,,,,,,,,,,,,,,grid,31.022192448471742,2.0,1.278571357738434,0.9298797845840454,0.8452464788732394,0.003498548350762576,4.68702250837759,2.0,False,2.6650805059595917,False
32,000032.jpg,,,,29.022192448471742,28.847770235088632,-0.17442221338311015,,True,,,,,,,,,,,,,,,,,,,,,,,,,,,,,,,,,,,,,,,,,,,,,grid,32.02219244847174,3.0,1.325881909127871,0.9642878174781799,0.8319718309859155,0.005135030291664104,6.879425448839177,3.0,False,3.3037664403517497,False
32,000032.jpg,,,,29.022192448471742,28.847770235088632,-0.17442221338311015,,True,,,,,,,,,,,,,,,,,,,,,,,,,,,,,,,,,,,,,,,,,,,,,clamped_raw_observation,28.847770235088632,-0.17442221338311015,0.9419777787412106,0.6850818991661072,0.9341725352112676,0.0007786873223570486,1.0432112524842583,,False,1.2738407230525006,False
33,000033.jpg,,,,29.022192448471742,28.847183237374225,-0.17500921109751744,,True,,,,,,,,,,,,,,,,,,,,,,,,,,,,,,,,,,,,,,,,,,,,,prediction,29.022192448471742,0.0,0.7698377566745505,0.5814273357391357,0.9588549094174194,0.00044431084825191647,0.5592714319210091,,False,0.9508007052373834,True
33,000033.jpg,,,,29.022192448471742,28.847183237374225,-0.17500921109751744,,True,,,,,,,,,,,,,,,,,,,,,,,,,,,,,,,,,,,,,,,,,,,,,grid,26.022192448471742,-3.0,1.2977661148910442,0.9801502823829651,0.8321273261853201,0.005790702998638153,7.2889842114352925,-3.0,False,3.377884841564547,False
33,000033.jpg,,,,29.022192448471742,28.847183237374225,-0.17500921109751744,,True,,,,,,,,,,,,,,,,,,,,,,,,,,,,,,,,,,,,,,,,,,,,,grid,27.022192448471742,-2.0,1.2641114032795595,0.9547322392463684,0.8375675628092044,0.004279362425828974,5.386600757146852,-2.0,False,2.833194029757068,False
33,000033.jpg,,,,29.022192448471742,28.847183237374225,-0.17500921109751744,,True,,,,,,,,,,,,,,,,,,,,,,,,,,,,,,,,,,,,,,,,,,,,,grid,28.022192448471742,-1.0,1.1747037542676662,0.8872062563896179,0.8654025599042237,0.0024015085073187947,3.0228726283477014,-1.0,False,2.0950193514503677,False
33,000033.jpg,,,,29.022192448471742,28.847183237374225,-0.17500921109751744,,True,,,,,,,,,,,,,,,,,,,,,,,,,,,,,,,,,,,,,,,,,,,,,grid,28.522192448471742,-0.5,1.0774772429943826,0.8137750029563904,0.9007200831000546,0.001369923974076907,1.724376853770881,-0.5,False,1.6228513733370482,False
33,000033.jpg,,,,29.022192448471742,28.847183237374225,-0.17500921109751744,,True,,,,,,,,,,,,,,,,,,,,,,,,,,,,,,,,,,,,,,,,,,,,,grid,29.522192448471742,0.5,0.8755086455036886,0.6612362861633301,0.9476223172943186,0.0006741509520603964,0.8485801545767304,0.5,False,1.1550313668535526,False
33,000033.jpg,,,,29.022192448471742,28.847183237374225,-0.17500921109751744,,True,,,,,,,,,,,,,,,,,,,,,,,,,,,,,,,,,,,,,,,,,,,,,grid,30.022192448471742,1.0,1.104229978124327,0.8339802622795105,0.8870050529058611,0.001650747823684166,2.0778608101166274,1.0,False,1.7666901277476228,False
33,000033.jpg,,,,29.022192448471742,28.847183237374225,-0.17500921109751744,,True,,,,,,,,,,,,,,,,,,,,,,,,,,,,,,,,,,,,,,,,,,,,,grid,31.022192448471742,2.0,1.2516105677202383,0.9452908635139465,0.8402788781492632,0.003519204018327097,4.42975965654576,2.0,False,2.578771603707415,False
33,000033.jpg,,,,29.022192448471742,28.847183237374225,-0.17500921109751744,,True,,,,,,,,,,,,,,,,,,,,,,,,,,,,,,,,,,,,,,,,,,,,,grid,32.02219244847174,3.0,1.2770670514356508,0.9645171165466309,0.8341167978309477,0.00513327835748593,6.461458118196868,3.0,False,3.14831478315392,False
33,000033.jpg,,,,29.022192448471742,28.847183237374225,-0.17500921109751744,,True,,,,,,,,,,,,,,,,,,,,,,,,,,,,,,,,,,,,,,,,,,,,,clamped_raw_observation,28.847183237374225,-0.17500921109751744,0.9031533278778971,0.6821151971817017,0.9403686684624729,0.0007045199890853837,0.8868068485452667,,False,1.1897366478846665,False
34,000034.jpg,,,,29.022192448471742,28.856491526141014,-0.16570092233072842,,True,,,,,,,,,,,,,,,,,,,,,,,,,,,,,,,,,,,,,,,,,,,,,prediction,29.022192448471742,0.0,0.8130680088981058,0.5867949724197388,0.9619537456185159,0.00042593323451001197,0.5884886714137653,,False,0.9982364311330313,True
34,000034.jpg,,,,29.022192448471742,28.856491526141014,-0.16570092233072842,,True,,,,,,,,,,,,,,,,,,,,,,,,,,,,,,,,,,,,,,,,,,,,,grid,26.022192448471742,-3.0,1.3861170884677692,1.0003671646118164,0.8253042819650186,0.0058156878997882204,8.035218123893623,-3.0,False,3.6596173374761563,False
34,000034.jpg,,,,29.022192448471742,28.856491526141014,-0.16570092233072842,,True,,,,,,,,,,,,,,,,,,,,,,,,,,,,,,,,,,,,,,,,,,,,,grid,27.022192448471742,-2.0,1.3208503001479577,0.9532638192176819,0.8387261550384866,0.004247450424979131,5.868470114494074,-2.0,False,3.0092416737329897,False
34,000034.jpg,,,,29.022192448471742,28.856491526141014,-0.16570092233072842,,True,,,,,,,,,,,,,,,,,,,,,,,,,,,,,,,,,,,,,,,,,,,,,grid,28.022192448471742,-1.0,1.2248974351668436,0.8840141892433167,0.8670670917513607,0.002381081498848895,3.2898101727080555,-1.0,False,2.2102828865924966,False
34,000034.jpg,,,,29.022192448471742,28.856491526141014,-0.16570092233072842,,True,,,,,,,,,,,,,,,,,,,,,,,,,,,,,,,,,,,,,,,,,,,,,grid,28.522192448471742,-0.5,1.1279769610581925,0.8140662312507629,0.9010268965881669,0.0013625619079296787,1.8825773195157736,-0.5,False,1.7125943943489688,False
34,000034.jpg,,,,29.022192448471742,28.856491526141014,-0.16570092233072842,,True,,,,,,,,,,,,,,,,,,,,,,,,,,,,,,,,,,,,,,,,,,,,,grid,29.522192448471742,0.5,0.9118335969977358,0.6580745577812195,0.9484966445317317,0.0006623282000267258,0.9151026754744502,0.5,False,1.2071126213346166,False
34,000034.jpg,,,,29.022192448471742,28.856491526141014,-0.16570092233072842,,True,,,,,,,,,,,,,,,,,,,,,,,,,,,,,,,,,,,,,,,,,,,,,grid,30.022192448471742,1.0,1.1467895916773723,0.8276433944702148,0.8883448117943389,0.0016127117851283401,2.228195733294416,1.0,False,1.8454937132066374,False
34,000034.jpg,,,,29.022192448471742,28.856491526141014,-0.16570092233072842,,True,,,,,,,,,,,,,,,,,,,,,,,,,,,,,,,,,,,,,,,,,,,,,grid,31.022192448471742,2.0,1.289321075519514,0.9305090308189392,0.8444330931957093,0.003523781953845173,4.868616938886471,2.0,False,2.722042217045422,False
34,000034.jpg,,,,29.022192448471742,28.856491526141014,-0.16570092233072842,,True,,,,,,,,,,,,,,,,,,,,,,,,,,,,,,,,,,,,,,,,,,,,,grid,32.02219244847174,3.0,1.343208628536293,0.9693999290466309,0.8312049741954802,0.0051595546926061315,7.12867473145505,3.0,False,3.384172337204575,False
34,000034.jpg,,,,29.022192448471742,28.856491526141014,-0.16570092233072842,,True,,,,,,,,,,,,,,,,,,,,,,,,,,,,,,,,,,,,,,,,,,,,,clamped_raw_observation,28.856491526141014,-0.16570092233072842,0.947753153958951,0.6839978694915771,0.9443573529670795,0.000690762540519548,0.9543888496993786,,False,1.2469640410866378,False
35,000035.jpg,,,,29.022192448471742,28.84439547465422,-0.17779697381752158,,True,,,,,,,,,,,,,,,,,,,,,,,,,,,,,,,,,,,,,,,,,,,,,prediction,29.022192448471742,0.0,0.8869823986182378,0.6579750776290894,0.9561406602708804,0.0005471981082033986,0.6758855298783162,,False,1.0998131208169364,True
35,000035.jpg,,,,29.022192448471742,28.84439547465422,-0.17779697381752158,,True,,,,,,,,,,,,,,,,,,,,,,,,,,,,,,,,,,,,,,,,,,,,,grid,26.022192448471742,-3.0,1.3197456730944224,0.9790045022964478,0.8299590857787811,0.005866677577917774,7.24637461996175,-3.0,False,3.3913802423060786,False
35,000035.jpg,,,,29.022192448471742,28.84439547465422,-0.17779697381752158,,True,,,,,,,,,,,,,,,,,,,,,,,,,,,,,,,,,,,,,,,,,,,,,grid,27.022192448471742,-2.0,1.2813434545356226,0.9505172371864319,0.8389355248306998,0.004302448942326009,5.314278210328715,-2.0,False,2.8309774822871017,False
35,000035.jpg,,,,29.022192448471742,28.84439547465422,-0.17779697381752158,,True,,,,,,,,,,,,,,,,,,,,,,,,,,,,,,,,,,,,,,,,,,,,,grid,28.022192448471742,-1.0,1.207078718935601,0.8954266905784607,0.8624435665914221,0.0024378374606991806,3.0111563603385294,-1.0,False,2.1274242424288112,False
35,000035.jpg,,,,29.022192448471742,28.84439547465422,-0.17779697381752158,,True,,,,,,,,,,,,,,,,,,,,,,,,,,,,,,,,,,,,,,,,,,,,,grid,28.522192448471742,-0.5,1.1026301193269212,0.8179453611373901,0.89963670993228,0.001414887694409117,1.7476341835205118,-0.5,False,1.654901955274769,False
35,000035.jpg,,,,29.022192448471742,28.84439547465422,-0.17779697381752158,,True,,,,,,,,,,,,,,,,,,,,,,,,,,,,,,,,,,,,,,,,,,,,,grid,29.522192448471742,0.5,0.9146739675853801,0.6785170435905457,0.9417501410835214,0.0007455891754943877,0.9209332550602397,0.5,False,1.2181571402669185,False
35,000035.jpg,,,,29.022192448471742,28.84439547465422,-0.17779697381752158,,True,,,,,,,,,,,,,,,,,,,,,,,,,,,,,,,,,,,,,,,,,,,,,grid,30.022192448471742,1.0,1.1085850155199963,0.8223627805709839,0.8920887415349887,0.001647080760449171,2.034433299090952,1.0,False,1.7551045987577456,False
35,000035.jpg,,,,29.022192448471742,28.84439547465422,-0.17779697381752158,,True,,,,,,,,,,,,,,,,,,,,,,,,,,,,,,,,,,,,,,,,,,,,,grid,31.022192448471742,2.0,1.2591274139036124,0.9340370893478394,0.8439792607223476,0.003527606294179956,4.357211791488234,2.0,False,2.5644511010533235,False
35,000035.jpg,,,,29.022192448471742,28.84439547465422,-0.17779697381752158,,True,,,,,,,,,,,,,,,,,,,,,,,,,,,,,,,,,,,,,,,,,,,,,grid,32.02219244847174,3.0,1.2941677901599744,0.9600304961204529,0.8359551354401806,0.005133492794508736,6.340762962311544,3.0,False,3.1334033952976794,False
35,000035.jpg,,,,29.022192448471742,28.84439547465422,-0.17779697381752158,,True,,,,,,,,,,,,,,,,,,,,,,,,,,,,,,,,,,,,,,,,,,,,,clamped_raw_observation,28.84439547465422,-0.17779697381752158,0.9555884883255928,0.7088679671287537,0.9325091704288939,0.0007995741325430572,0.9876141348975203,,False,1.2753167608356046,False
36,000036.jpg,,,,29.022192448471742,28.845583222977467,-0.17660922549427482,,True,,,,,,,,,,,,,,,,,,,,,,,,,,,,,,,,,,,,,,,,,,,,,prediction,29.022192448471742,0.0,0.8347774849201797,0.63627690076828,0.9580197180112372,0.0005060171582348024,0.5573680439687702,,False,1.016099777901135,True
36,000036.jpg,,,,29.022192448471742,28.845583222977467,-0.17660922549427482,,True,,,,,,,,,,,,,,,,,,,,,,,,,,,,,,,,,,,,,,,,,,,,,grid,26.022192448471742,-3.0,1.3038211856079844,0.9937873482704163,0.8254531962260151,0.005816362875824173,6.406610420918578,-3.0,False,3.1700205946116133,False
36,000036.jpg,,,,29.022192448471742,28.845583222977467,-0.17660922549427482,,True,,,,,,,,,,,,,,,,,,,,,,,,,,,,,,,,,,,,,,,,,,,,,grid,27.022192448471742,-2.0,1.269093513849349,0.967317521572113,0.832997632425174,0.004276992675537865,4.7110241280141265,-2.0,False,2.673851913427707,False
36,000036.jpg,,,,29.022192448471742,28.845583222977467,-0.17660922549427482,,True,,,,,,,,,,,,,,,,,,,,,,,,,,,,,,,,,,,,,,,,,,,,,grid,28.022192448471742,-1.0,1.1771631287201028,0.8972471356391907,0.8608431393335454,0.0024250850547105074,2.67118395375576,-1.0,False,2.0141159778254973,False
36,000036.jpg,,,,29.022192448471742,28.845583222977467,-0.17660922549427482,,True,,,,,,,,,,,,,,,,,,,,,,,,,,,,,,,,,,,,,,,,,,,,,grid,28.522192448471742,-0.5,1.069716217468467,0.8153498768806458,0.9010919113749603,0.0013801300859389205,1.5201864085116326,-0.5,False,1.5636709082214146,False
36,000036.jpg,,,,29.022192448471742,28.845583222977467,-0.17660922549427482,,True,,,,,,,,,,,,,,,,,,,,,,,,,,,,,,,,,,,,,,,,,,,,,grid,29.522192448471742,0.5,0.8835716271426208,0.6734683513641357,0.9430191879571717,0.0007078360358718783,0.7796676068076117,0.5,False,1.150469340887352,False
36,000036.jpg,,,,29.022192448471742,28.845583222977467,-0.17660922549427482,,True,,,,,,,,,,,,,,,,,,,,,,,,,,,,,,,,,,,,,,,,,,,,,grid,30.022192448471742,1.0,1.0905614224824707,0.831238329410553,0.8866037669175589,0.0016377911476107936,1.8039950494121642,1.0,False,1.6849564179179526,False
36,000036.jpg,,,,29.022192448471742,28.845583222977467,-0.17660922549427482,,True,,,,,,,,,,,,,,,,,,,,,,,,,,,,,,,,,,,,,,,,,,,,,grid,31.022192448471742,2.0,1.2183181841108526,0.9286159873008728,0.8458072723417789,0.0035011583822779357,3.856457765113196,2.0,False,2.396625353047373,False
36,000036.jpg,,,,29.022192448471742,28.845583222977467,-0.17660922549427482,,True,,,,,,,,,,,,,,,,,,,,,,,,,,,,,,,,,,,,,,,,,,,,,grid,32.02219244847174,3.0,1.2596050840704625,0.9600853323936462,0.8351531856249338,0.005142906215041876,5.664811026156173,3.0,False,2.9306546549845716,False
36,000036.jpg,,,,29.022192448471742,28.845583222977467,-0.17660922549427482,,True,,,,,,,,,,,,,,,,,,,,,,,,,,,,,,,,,,,,,,,,,,,,,clamped_raw_observation,28.845583222977467,-0.17660922549427482,0.9230090277557841,0.7035279870033264,0.9340259373122726,0.0007823712464111546,0.8617666894750811,,False,1.20972303957711,False
37,000037.jpg,,,,29.022192448471742,28.845128052763954,-0.17706439570778798,,True,,,,,,,,,,,,,,,,,,,,,,,,,,,,,,,,,,,,,,,,,,,,,prediction,29.022192448471742,0.0,0.7939697667644949,0.5997034311294556,0.9561726329876212,0.0004916545779754719,0.5770851894830128,,False,0.9820684311476269,True
37,000037.jpg,,,,29.022192448471742,28.845128052763954,-0.17706439570778798,,True,,,,,,,,,,,,,,,,,,,,,,,,,,,,,,,,,,,,,,,,,,,,,grid,26.022192448471742,-3.0,1.308327282693244,0.9882093667984009,0.8288109031360603,0.005809505004435778,6.818973007619567,-3.0,False,3.2742596314620753,False
37,000037.jpg,,,,29.022192448471742,28.845128052763954,-0.17706439570778798,,True,,,,,,,,,,,,,,,,,,,,,,,,,,,,,,,,,,,,,,,,,,,,,grid,27.022192448471742,-2.0,1.2624247240793696,0.9535381197929382,0.838530753112289,0.0042012671086316304,4.931285365910677,-2.0,False,2.71671531244475,False
37,000037.jpg,,,,29.022192448471742,28.845128052763954,-0.17706439570778798,,True,,,,,,,,,,,,,,,,,,,,,,,,,,,,,,,,,,,,,,,,,,,,,grid,28.022192448471742,-1.0,1.1773307472025605,0.889264702796936,0.8647673046785582,0.0023669264434526363,2.7782070101671312,-1.0,False,2.037115195065785,False
37,000037.jpg,,,,29.022192448471742,28.845128052763954,-0.17706439570778798,,True,,,,,,,,,,,,,,,,,,,,,,,,,,,,,,,,,,,,,,,,,,,,,grid,28.522192448471742,-0.5,1.0673093168493932,0.8061630129814148,0.9003363208959166,0.001347412820905447,1.5815412240559936,-0.5,False,1.5773583019674748,False
37,000037.jpg,,,,29.022192448471742,28.845128052763954,-0.17706439570778798,,True,,,,,,,,,,,,,,,,,,,,,,,,,,,,,,,,,,,,,,,,,,,,,grid,29.522192448471742,0.5,0.8767311597429747,0.662214994430542,0.9471042946945819,0.0007014171715127304,0.8232964350618879,0.5,False,1.1504509738138646,False
37,000037.jpg,,,,29.022192448471742,28.845128052763954,-0.17706439570778798,,True,,,,,,,,,,,,,,,,,,,,,,,,,,,,,,,,,,,,,,,,,,,,,grid,30.022192448471742,1.0,1.1035370854325128,0.8335266709327698,0.8864960997341128,0.0016424804537867506,1.92788023615832,1.0,False,1.72901104473798,False
37,000037.jpg,,,,29.022192448471742,28.845128052763954,-0.17706439570778798,,True,,,,,,,,,,,,,,,,,,,,,,,,,,,,,,,,,,,,,,,,,,,,,grid,31.022192448471742,2.0,1.2315481913064434,0.930216372013092,0.8460319416809001,0.003589796368032694,4.213564583863041,2.0,False,2.4989073955913037,False
37,000037.jpg,,,,29.022192448471742,28.845128052763954,-0.17706439570778798,,True,,,,,,,,,,,,,,,,,,,,,,,,,,,,,,,,,,,,,,,,,,,,,grid,32.02219244847174,3.0,1.2620497303825307,0.9532548785209656,0.8356429715976122,0.005230806108253698,6.139718553136471,3.0,False,3.0513363970690364,False
37,000037.jpg,,,,29.022192448471742,28.845128052763954,-0.17706439570778798,,True,,,,,,,,,,,,,,,,,,,,,,,,,,,,,,,,,,,,,,,,,,,,,clamped_raw_observation,28.845128052763954,-0.17706439570778798,0.8995285196042712,0.6794343590736389,0.9374196615660932,0.0007028950203675777,0.8250310770740473,,False,1.1736785591779233,False
38,000038.jpg,,,,29.022192448471742,28.842717092383765,-0.17947535608797693,,True,,,,,,,,,,,,,,,,,,,,,,,,,,,,,,,,,,,,,,,,,,,,,prediction,29.022192448471742,0.0,0.8025492867318605,0.5745901465415955,0.959175759285047,0.0004353068846588333,0.6242548825609258,,False,0.999437248087045,True
38,000038.jpg,,,,29.022192448471742,28.842717092383765,-0.17947535608797693,,True,,,,,,,,,,,,,,,,,,,,,,,,,,,,,,,,,,,,,,,,,,,,,grid,26.022192448471742,-3.0,1.3730504092991598,0.9830439686775208,0.8282773087024731,0.005833706197639306,8.365867174732202,-3.0,False,3.726239894279737,False
38,000038.jpg,,,,29.022192448471742,28.842717092383765,-0.17947535608797693,,True,,,,,,,,,,,,,,,,,,,,,,,,,,,,,,,,,,,,,,,,,,,,,grid,27.022192448471742,-2.0,1.3306396935268061,0.9526797533035278,0.8396996351201284,0.004243477092434962,6.085388004060855,-2.0,False,3.0722870594218916,False
38,000038.jpg,,,,29.022192448471742,28.842717092383765,-0.17947535608797693,,True,,,,,,,,,,,,,,,,,,,,,,,,,,,,,,,,,,,,,,,,,,,,,grid,28.022192448471742,-1.0,1.2283564462536356,0.8794494271278381,0.8691896846521302,0.00238494590545694,3.4201483564681587,-1.0,False,2.244203850718545,False
38,000038.jpg,,,,29.022192448471742,28.842717092383765,-0.17947535608797693,,True,,,,,,,,,,,,,,,,,,,,,,,,,,,,,,,,,,,,,,,,,,,,,grid,28.522192448471742,-0.5,1.1249104210609744,0.8053866028785706,0.9013942994130193,0.0013438184008312721,1.9271121766236328,-0.5,False,1.7202941658038633,False
38,000038.jpg,,,,29.022192448471742,28.842717092383765,-0.17947535608797693,,True,,,,,,,,,,,,,,,,,,,,,,,,,,,,,,,,,,,,,,,,,,,,,grid,29.522192448471742,0.5,0.9319881895663513,0.6672627329826355,0.9453737815303802,0.0006549618798696125,0.9392526647501334,0.5,False,1.2364275742235045,False
38,000038.jpg,,,,29.022192448471742,28.842717092383765,-0.17947535608797693,,True,,,,,,,,,,,,,,,,,,,,,,,,,,,,,,,,,,,,,,,,,,,,,grid,30.022192448471742,1.0,1.1503449288663303,0.8235965967178345,0.8907475630607604,0.001613027707207948,2.3131736653322053,1.0,False,1.8678907821386213,False
38,000038.jpg,,,,29.022192448471742,28.842717092383765,-0.17947535608797693,,True,,,,,,,,,,,,,,,,,,,,,,,,,,,,,,,,,,,,,,,,,,,,,grid,31.022192448471742,2.0,1.3039288523439378,0.9335559606552124,0.8448819869207311,0.0035523310070857406,5.09424512636374,2.0,False,2.7926081470141417,False
38,000038.jpg,,,,29.022192448471742,28.842717092383765,-0.17947535608797693,,True,,,,,,,,,,,,,,,,,,,,,,,,,,,,,,,,,,,,,,,,,,,,,grid,32.02219244847174,3.0,1.346168818670249,0.963797926902771,0.833865082582715,0.005188501517598827,7.440606890640677,3.0,False,3.462455458747703,False
38,000038.jpg,,,,29.022192448471742,28.842717092383765,-0.17947535608797693,,True,,,,,,,,,,,,,,,,,,,,,,,,,,,,,,,,,,,,,,,,,,,,,clamped_raw_observation,28.842717092383765,-0.17947535608797693,0.9524822856815559,0.6819356083869934,0.9396802453684934,0.0007101379451341927,1.0183782870542912,,False,1.2727808727592747,False
39,000039.jpg,,,,29.022192448471742,28.84721020446429,-0.17498224400745244,,True,,,,,,,,,,,,,,,,,,,,,,,,,,,,,,,,,,,,,,,,,,,,,prediction,29.022192448471742,0.0,0.8011758900949789,0.5765267610549927,0.9580597780884461,0.0004261449600259463,0.5835270810124051,,False,0.9889978822596341,True
39,000039.jpg,,,,29.022192448471742,28.84721020446429,-0.17498224400745244,,True,,,,,,,,,,,,,,,,,,,,,,,,,,,,,,,,,,,,,,,,,,,,,grid,26.022192448471742,-3.0,1.372201634785752,0.9874373078346252,0.8264347272115946,0.005828315857797861,7.980805732190346,-3.0,False,3.6309683406217435,False
39,000039.jpg,,,,29.022192448471742,28.84721020446429,-0.17498224400745244,,True,,,,,,,,,,,,,,,,,,,,,,,,,,,,,,,,,,,,,,,,,,,,,grid,27.022192448471742,-2.0,1.320973748057322,0.9505736827850342,0.8395299863738519,0.004267230086649458,5.8431861222041945,-2.0,False,3.002240292234519,False
39,000039.jpg,,,,29.022192448471742,28.84721020446429,-0.17498224400745244,,True,,,,,,,,,,,,,,,,,,,,,,,,,,,,,,,,,,,,,,,,,,,,,grid,28.022192448471742,-1.0,1.2293496747301,0.8846409320831299,0.8670477269107576,0.002385202368410925,3.2660955923964448,-1.0,False,2.2088258459184535,False
39,000039.jpg,,,,29.022192448471742,28.84721020446429,-0.17498224400745244,,True,,,,,,,,,,,,,,,,,,,,,,,,,,,,,,,,,,,,,,,,,,,,,grid,28.522192448471742,-0.5,1.120690833360046,0.8064499497413635,0.9027411562759914,0.0013545312588879217,1.8547812265356902,-0.5,False,1.6966449837179771,False
39,000039.jpg,,,,29.022192448471742,28.84721020446429,-0.17498224400745244,,True,,,,,,,,,,,,,,,,,,,,,,,,,,,,,,,,,,,,,,,,,,,,,grid,29.522192448471742,0.5,0.9114441214896475,0.6558758616447449,0.9498486966677875,0.0006627155235037208,0.9074669214630362,0.5,False,1.203462155187619,False
39,000039.jpg,,,,29.022192448471742,28.84721020446429,-0.17498224400745244,,True,,,,,,,,,,,,,,,,,,,,,,,,,,,,,,,,,,,,,,,,,,,,,grid,30.022192448471742,1.0,1.1446149171984157,0.8236657381057739,0.8916101859880727,0.0016476059875761468,2.2560931203558825,1.0,False,1.8470280112993136,False
39,000039.jpg,,,,29.022192448471742,28.84721020446429,-0.17498224400745244,,True,,,,,,,,,,,,,,,,,,,,,,,,,,,,,,,,,,,,,,,,,,,,,grid,31.022192448471742,2.0,1.3071389576172148,0.9406181573867798,0.8411049567325559,0.003592496815448006,4.919263107410913,2.0,False,2.7558497777373874,False
39,000039.jpg,,,,29.022192448471742,28.84721020446429,-0.17498224400745244,,True,,,,,,,,,,,,,,,,,,,,,,,,,,,,,,,,,,,,,,,,,,,,,grid,32.02219244847174,3.0,1.3326963693966742,0.9590092897415161,0.8334247641968536,0.00525234779343009,7.192123488156702,3.0,False,3.387302477238996,False
39,000039.jpg,,,,29.022192448471742,28.84721020446429,-0.17498224400745244,,True,,,,,,,,,,,,,,,,,,,,,,,,,,,,,,,,,,,,,,,,,,,,,clamped_raw_observation,28.84721020446429,-0.17498224400745244,0.9613940216668792,0.6918198466300964,0.939655630076625,0.0007101864224144568,0.9724695794147581,,False,1.270105253764167,False
40,000040.jpg,,,,29.022192448471742,28.837580389449016,-0.18461205902272582,,True,,,,,,,,,,,,,,,,,,,,,,,,,,,,,,,,,,,,,,,,,,,,,prediction,29.022192448471742,0.0,0.8589974590764163,0.629131019115448,0.9598206435730614,0.0005086667515570298,0.6835227078074235,,False,1.0700574924552109,True
40,000040.jpg,,,,29.022192448471742,28.837580389449016,-0.18461205902272582,,True,,,,,,,,,,,,,,,,,,,,,,,,,,,,,,,,,,,,,,,,,,,,,grid,26.022192448471742,-3.0,1.3453477464948975,0.9853346943855286,0.8291717953226657,0.005852710688486695,7.864600242816065,-3.0,False,3.572326011876248,False
40,000040.jpg,,,,29.022192448471742,28.837580389449016,-0.18461205902272582,,True,,,,,,,,,,,,,,,,,,,,,,,,,,,,,,,,,,,,,,,,,,,,,grid,27.022192448471742,-2.0,1.3048275757674896,0.9556576609611511,0.8390188148408652,0.004332225653342903,5.821443214720767,-2.0,False,2.9811695646068164,False
40,000040.jpg,,,,29.022192448471742,28.837580389449016,-0.18461205902272582,,True,,,,,,,,,,,,,,,,,,,,,,,,,,,,,,,,,,,,,,,,,,,,,grid,28.022192448471742,-1.0,1.215027794556131,0.8898881673812866,0.8612273606470898,0.0024371567415073514,3.274937805954578,-1.0,False,2.2025348853976854,False
40,000040.jpg,,,,29.022192448471742,28.837580389449016,-0.18461205902272582,,True,,,,,,,,,,,,,,,,,,,,,,,,,,,,,,,,,,,,,,,,,,,,,grid,28.522192448471742,-0.5,1.11345034179825,0.8154926896095276,0.9011253736592227,0.0014013683248776942,1.8830935364340642,-0.5,False,1.6980983522475432,False
40,000040.jpg,,,,29.022192448471742,28.837580389449016,-0.18461205902272582,,True,,,,,,,,,,,,,,,,,,,,,,,,,,,,,,,,,,,,,,,,,,,,,grid,29.522192448471742,0.5,0.9110592921775655,0.6672611832618713,0.9424476877088096,0.0006966771616134793,0.9361623469904464,0.5,False,1.2176521912163674,False
40,000040.jpg,,,,29.022192448471742,28.837580389449016,-0.18461205902272582,,True,,,,,,,,,,,,,,,,,,,,,,,,,,,,,,,,,,,,,,,,,,,,,grid,30.022192448471742,1.0,1.1244353480541207,0.8235381245613098,0.8891155266397046,0.0016275224819158514,2.1869889676322942,1.0,False,1.8120670633224896,False
40,000040.jpg,,,,29.022192448471742,28.837580389449016,-0.18461205902272582,,True,,,,,,,,,,,,,,,,,,,,,,,,,,,,,,,,,,,,,,,,,,,,,grid,31.022192448471742,2.0,1.2792288815329984,0.9369091391563416,0.8416564093546686,0.003539519190477828,4.7562411618336276,2.0,False,2.686632762636737,False
40,000040.jpg,,,,29.022192448471742,28.837580389449016,-0.18461205902272582,,True,,,,,,,,,,,,,,,,,,,,,,,,,,,,,,,,,,,,,,,,,,,,,grid,32.02219244847174,3.0,1.3106715697979225,0.9599378108978271,0.834323896606295,0.005212767825772365,7.00467480631839,3.0,False,3.317516374771225,False
40,000040.jpg,,,,29.022192448471742,28.837580389449016,-0.18461205902272582,,True,,,,,,,,,,,,,,,,,,,,,,,,,,,,,,,,,,,,,,,,,,,,,clamped_raw_observation,28.837580389449016,-0.18461205902272582,0.9633057821107976,0.70552659034729,0.936838403376121,0.0007773169587987164,1.0445223535377095,,False,1.293136328889786,False
41,000041.jpg,,,,29.022192448471742,28.84374617658756,-0.17844627188418372,,True,,,,,,,,,,,,,,,,,,,,,,,,,,,,,,,,,,,,,,,,,,,,,prediction,29.022192448471742,0.0,0.8785086859115209,0.6610755324363708,0.9547720860909527,0.0005436168139567599,0.6086693153756699,,False,1.0759039286644856,True
41,000041.jpg,,,,29.022192448471742,28.84374617658756,-0.17844627188418372,,True,,,,,,,,,,,,,,,,,,,,,,,,,,,,,,,,,,,,,,,,,,,,,grid,26.022192448471742,-3.0,1.2997830779579134,0.9780834317207336,0.8317393850139285,0.005877809443821509,6.581183948375918,-3.0,False,3.2033396800379643,False
41,000041.jpg,,,,29.022192448471742,28.84374617658756,-0.17844627188418372,,True,,,,,,,,,,,,,,,,,,,,,,,,,,,,,,,,,,,,,,,,,,,,,grid,27.022192448471742,-2.0,1.2757833542392552,0.9600237011909485,0.8358203658688054,0.004331651298950116,4.850003095724359,-2.0,False,2.7124637623015397,False
41,000041.jpg,,,,29.022192448471742,28.84374617658756,-0.17844627188418372,,True,,,,,,,,,,,,,,,,,,,,,,,,,,,,,,,,,,,,,,,,,,,,,grid,28.022192448471742,-1.0,1.1715569309071692,0.8815935850143433,0.8658067034546391,0.002440058179975798,2.732050414468612,-1.0,False,2.018762831069683,False
41,000041.jpg,,,,29.022192448471742,28.84374617658756,-0.17844627188418372,,True,,,,,,,,,,,,,,,,,,,,,,,,,,,,,,,,,,,,,,,,,,,,,grid,28.522192448471742,-0.5,1.0874801937644696,0.8183260560035706,0.8991997728845438,0.0014201879869991292,1.590136337873222,-0.5,False,1.6008145053482312,False
41,000041.jpg,,,,29.022192448471742,28.84374617658756,-0.17844627188418372,,True,,,,,,,,,,,,,,,,,,,,,,,,,,,,,,,,,,,,,,,,,,,,,grid,29.522192448471742,0.5,0.8852096173788568,0.6661179661750793,0.9424226831561952,0.0007490012455188358,0.8386312998805375,0.5,False,1.1674447591927959,False
41,000041.jpg,,,,29.022192448471742,28.84374617658756,-0.17844627188418372,,True,,,,,,,,,,,,,,,,,,,,,,,,,,,,,,,,,,,,,,,,,,,,,grid,30.022192448471742,1.0,1.0931857836774124,0.8226194977760315,0.8886601962419489,0.001636440303021421,1.8322667241348969,1.0,False,1.6925922684691876,False
41,000041.jpg,,,,29.022192448471742,28.84374617658756,-0.17844627188418372,,True,,,,,,,,,,,,,,,,,,,,,,,,,,,,,,,,,,,,,,,,,,,,,grid,31.022192448471742,2.0,1.241510210211447,0.9342332482337952,0.8442839652939194,0.003573939281826218,4.00161864021448,2.0,False,2.457630904971148,False
41,000041.jpg,,,,29.022192448471742,28.84374617658756,-0.17844627188418372,,True,,,,,,,,,,,,,,,,,,,,,,,,,,,,,,,,,,,,,,,,,,,,,grid,32.02219244847174,3.0,1.2674397052407593,0.9537451267242432,0.8385351053070494,0.0052252877891684575,5.850577575267922,3.0,False,2.9815489937506903,False
41,000041.jpg,,,,29.022192448471742,28.84374617658756,-0.17844627188418372,,True,,,,,,,,,,,,,,,,,,,,,,,,,,,,,,,,,,,,,,,,,,,,,clamped_raw_observation,28.84374617658756,-0.17844627188418372,0.9432701255274138,0.709808349609375,0.9339945705211236,0.000803950543437774,0.9001561657161887,,False,1.239667984591863,False
42,000042.jpg,,,,29.022192448471742,28.840588284193643,-0.18160416427809878,,True,,,,,,,,,,,,,,,,,,,,,,,,,,,,,,,,,,,,,,,,,,,,,prediction,29.022192448471742,0.0,0.8829945706027561,0.6747543215751648,0.9539706090151194,0.0005798023485112935,0.6245736866803391,,False,1.0851673832577213,True
42,000042.jpg,,,,29.022192448471742,28.840588284193643,-0.18160416427809878,,True,,,,,,,,,,,,,,,,,,,,,,,,,,,,,,,,,,,,,,,,,,,,,grid,26.022192448471742,-3.0,1.2944399689998327,0.9891668558120728,0.8288999576091565,0.005910704843699932,6.367119285714823,-3.0,False,3.147319832819382,False
42,000042.jpg,,,,29.022192448471742,28.840588284193643,-0.18160416427809878,,True,,,,,,,,,,,,,,,,,,,,,,,,,,,,,,,,,,,,,,,,,,,,,grid,27.022192448471742,-2.0,1.2492905934959553,0.9546652436256409,0.8390384343648438,0.004314985436697801,4.648181176033687,-2.0,False,2.6322974531395333,False
42,000042.jpg,,,,29.022192448471742,28.840588284193643,-0.18160416427809878,,True,,,,,,,,,,,,,,,,,,,,,,,,,,,,,,,,,,,,,,,,,,,,,grid,28.022192448471742,-1.0,1.1744212584520384,0.8974526524543762,0.8616998728274693,0.002459557979212453,2.64948080777021,-1.0,False,2.0050915875671214,False
42,000042.jpg,,,,29.022192448471742,28.840588284193643,-0.18160416427809878,,True,,,,,,,,,,,,,,,,,,,,,,,,,,,,,,,,,,,,,,,,,,,,,grid,28.522192448471742,-0.5,1.0803848438634895,0.8255932331085205,0.8961600960859121,0.001420963662288462,1.5306880275201475,-0.5,False,1.5818967546576144,False
42,000042.jpg,,,,29.022192448471742,28.840588284193643,-0.18160416427809878,,True,,,,,,,,,,,,,,,,,,,,,,,,,,,,,,,,,,,,,,,,,,,,,grid,29.522192448471742,0.5,0.8813215568473679,0.6734758615493774,0.9411120531298572,0.0007601112592965364,0.8188057408270842,0.5,False,1.1599109389242817,False
42,000042.jpg,,,,29.022192448471742,28.840588284193643,-0.18160416427809878,,True,,,,,,,,,,,,,,,,,,,,,,,,,,,,,,,,,,,,,,,,,,,,,grid,30.022192448471742,1.0,1.0772774171768882,0.8232186436653137,0.8921153030945316,0.0016680557552414637,1.796860146073081,1.0,False,1.6643771506006269,False
42,000042.jpg,,,,29.022192448471742,28.840588284193643,-0.18160416427809878,,True,,,,,,,,,,,,,,,,,,,,,,,,,,,,,,,,,,,,,,,,,,,,,grid,31.022192448471742,2.0,1.221810158919537,0.9336656332015991,0.8429242616928077,0.0035618642577901483,3.836905277556996,2.0,False,2.3981122166159783,False
42,000042.jpg,,,,29.022192448471742,28.840588284193643,-0.18160416427809878,,True,,,,,,,,,,,,,,,,,,,,,,,,,,,,,,,,,,,,,,,,,,,,,grid,32.02219244847174,3.0,1.2558136233504642,0.959649920463562,0.8354175498092412,0.005189899743224184,5.590654857555713,3.0,False,2.908059787930151,False
42,000042.jpg,,,,29.022192448471742,28.840588284193643,-0.18160416427809878,,True,,,,,,,,,,,,,,,,,,,,,,,,,,,,,,,,,,,,,,,,,,,,,clamped_raw_observation,28.840588284193643,-0.18160416427809878,0.9224566821334704,0.7049099206924438,0.9333933870284019,0.0008176534271721417,0.8807912157426722,,False,1.2147092239690795,False
43,000043.jpg,,,,29.022192448471742,28.846383540970976,-0.17580890750076605,,True,,,,,,,,,,,,,,,,,,,,,,,,,,,,,,,,,,,,,,,,,,,,,prediction,29.022192448471742,0.0,0.8222096950371323,0.6247178316116333,0.9495004765771172,0.0005456216458696872,0.6012703722967596,,False,1.023026811534205,True
43,000043.jpg,,,,29.022192448471742,28.846383540970976,-0.17580890750076605,,True,,,,,,,,,,,,,,,,,,,,,,,,,,,,,,,,,,,,,,,,,,,,,grid,26.022192448471742,-3.0,1.307046117996879,0.993098258972168,0.8273378755251174,0.005864186057200034,6.462282720125531,-3.0,False,3.1852789225031444,False
43,000043.jpg,,,,29.022192448471742,28.846383540970976,-0.17580890750076605,,True,,,,,,,,,,,,,,,,,,,,,,,,,,,,,,,,,,,,,,,,,,,,,grid,27.022192448471742,-2.0,1.265063556549781,0.9611997604370117,0.8358633106223744,0.004307744558900595,4.747097543318706,-2.0,False,2.675974631757083,False
43,000043.jpg,,,,29.022192448471742,28.846383540970976,-0.17580890750076605,,True,,,,,,,,,,,,,,,,,,,,,,,,,,,,,,,,,,,,,,,,,,,,,grid,28.022192448471742,-1.0,1.171260104422961,0.8899275660514832,0.8634694814134924,0.002403754934978982,2.6489173140505744,-1.0,False,2.0000199515221118,False
43,000043.jpg,,,,29.022192448471742,28.846383540970976,-0.17580890750076605,,True,,,,,,,,,,,,,,,,,,,,,,,,,,,,,,,,,,,,,,,,,,,,,grid,28.522192448471742,-0.5,1.0643075271577205,0.8086646199226379,0.9023016909662159,0.0013773051711420219,1.5177784812749193,-0.5,False,1.5564504565102344,False
43,000043.jpg,,,,29.022192448471742,28.846383540970976,-0.17580890750076605,,True,,,,,,,,,,,,,,,,,,,,,,,,,,,,,,,,,,,,,,,,,,,,,grid,29.522192448471742,0.5,0.8801206176512396,0.6687187552452087,0.9437462491615773,0.0007106603976959983,0.7831416607714451,0.5,False,1.1471597836825234,False
43,000043.jpg,,,,29.022192448471742,28.846383540970976,-0.17580890750076605,,True,,,,,,,,,,,,,,,,,,,,,,,,,,,,,,,,,,,,,,,,,,,,,grid,30.022192448471742,1.0,1.0890607550346785,0.8274722099304199,0.8896635718572387,0.0016482341258476179,1.8163398647811595,1.0,False,1.6834821493727297,False
43,000043.jpg,,,,29.022192448471742,28.846383540970976,-0.17580890750076605,,True,,,,,,,,,,,,,,,,,,,,,,,,,,,,,,,,,,,,,,,,,,,,,grid,31.022192448471742,2.0,1.2246905013011293,0.9305241703987122,0.8463303561972676,0.0035855311434715986,3.9512245561307684,2.0,False,2.4261662841365537,False
43,000043.jpg,,,,29.022192448471742,28.846383540970976,-0.17580890750076605,,True,,,,,,,,,,,,,,,,,,,,,,,,,,,,,,,,,,,,,,,,,,,,,grid,32.02219244847174,3.0,1.2649753816232785,0.9611327648162842,0.8349984114096092,0.005192832089960575,5.722456408466728,3.0,False,2.9505910723303512,False
43,000043.jpg,,,,29.022192448471742,28.846383540970976,-0.17580890750076605,,True,,,,,,,,,,,,,,,,,,,,,,,,,,,,,,,,,,,,,,,,,,,,,clamped_raw_observation,28.846383540970976,-0.17580890750076605,0.8952982367838808,0.6802507638931274,0.9344794718819501,0.0007411839324049652,0.8167783341277967,,False,1.1702876156589028,False
44,000044.jpg,,,,29.022192448471742,28.859256870397758,-0.1629355780739843,,True,,,,,,,,,,,,,,,,,,,,,,,,,,,,,,,,,,,,,,,,,,,,,prediction,29.022192448471742,0.0,0.89564092057388,0.6404634714126587,0.9495651560322472,0.0005409368604887277,0.7925134657090785,,False,1.1442041309689024,True
44,000044.jpg,,,,29.022192448471742,28.859256870397758,-0.1629355780739843,,True,,,,,,,,,,,,,,,,,,,,,,,,,,,,,,,,,,,,,,,,,,,,,grid,26.022192448471742,-3.0,1.4076440426325716,1.006591558456421,0.8236456330375571,0.005825663606325786,8.535038360176062,-3.0,False,3.80775799963903,False
44,000044.jpg,,,,29.022192448471742,28.859256870397758,-0.1629355780739843,,True,,,,,,,,,,,,,,,,,,,,,,,,,,,,,,,,,,,,,,,,,,,,,grid,27.022192448471742,-2.0,1.344631486048592,0.961531937122345,0.8382697973080248,0.004320210427977145,6.329435446080155,-2.0,False,3.1487205502606064,False
44,000044.jpg,,,,29.022192448471742,28.859256870397758,-0.1629355780739843,,True,,,,,,,,,,,,,,,,,,,,,,,,,,,,,,,,,,,,,,,,,,,,,grid,28.022192448471742,-1.0,1.2570869798749909,0.8989297747612,0.8623670330058038,0.0024152930515507856,3.5385872304175456,-1.0,False,2.309366754473573,False
44,000044.jpg,,,,29.022192448471742,28.859256870397758,-0.1629355780739843,,True,,,,,,,,,,,,,,,,,,,,,,,,,,,,,,,,,,,,,,,,,,,,,grid,28.522192448471742,-0.5,1.131514305156898,0.8091340661048889,0.9014941697390936,0.001391526583271722,2.0386918246588337,-0.5,False,1.754693091582513,False
44,000044.jpg,,,,29.022192448471742,28.859256870397758,-0.1629355780739843,,True,,,,,,,,,,,,,,,,,,,,,,,,,,,,,,,,,,,,,,,,,,,,,grid,29.522192448471742,0.5,0.9329020775826917,0.6671085357666016,0.9443082188156015,0.0007313183353592952,1.0714367439640708,0.5,False,1.2714530447581078,False
44,000044.jpg,,,,29.022192448471742,28.859256870397758,-0.1629355780739843,,True,,,,,,,,,,,,,,,,,,,,,,,,,,,,,,,,,,,,,,,,,,,,,grid,30.022192448471742,1.0,1.1596452575815115,0.8292502164840698,0.8913683913419302,0.001654572532667468,2.424074060966433,1.0,False,1.9042953814811894,False
44,000044.jpg,,,,29.022192448471742,28.859256870397758,-0.1629355780739843,,True,,,,,,,,,,,,,,,,,,,,,,,,,,,,,,,,,,,,,,,,,,,,,grid,31.022192448471742,2.0,1.3092096730473712,0.9362021684646606,0.8433150457776916,0.0035854763506601253,5.252994381474229,2.0,False,2.839143222638237,False
44,000044.jpg,,,,29.022192448471742,28.859256870397758,-0.1629355780739843,,True,,,,,,,,,,,,,,,,,,,,,,,,,,,,,,,,,,,,,,,,,,,,,grid,32.02219244847174,3.0,1.348005269891038,0.9639444947242737,0.8334891597720818,0.005227818076188366,7.65914938374392,3.0,False,3.519303456054936,False
44,000044.jpg,,,,29.022192448471742,28.859256870397758,-0.1629355780739843,,True,,,,,,,,,,,,,,,,,,,,,,,,,,,,,,,,,,,,,,,,,,,,,clamped_raw_observation,28.859256870397758,-0.1629355780739843,0.9622087198259062,0.6880654096603394,0.9330887152257131,0.0007658219547010958,1.121987159255371,,False,1.3145048617562551,False
45,000045.jpg,,,,29.022192448471742,28.845863345556666,-0.17632910291507642,,True,,,,,,,,,,,,,,,,,,,,,,,,,,,,,,,,,,,,,,,,,,,,,prediction,29.022192448471742,0.0,0.8825657110947723,0.6592409014701843,0.9579449152542373,0.0005488416888207818,0.7049470005722583,,False,1.1008575459835996,True
45,000045.jpg,,,,29.022192448471742,28.845863345556666,-0.17632910291507642,,True,,,,,,,,,,,,,,,,,,,,,,,,,,,,,,,,,,,,,,,,,,,,,grid,26.022192448471742,-3.0,1.3193047631556647,0.9854673147201538,0.8293255649717514,0.00586016895249486,7.526958337993332,-3.0,False,3.461718782682246,False
45,000045.jpg,,,,29.022192448471742,28.845863345556666,-0.17632910291507642,,True,,,,,,,,,,,,,,,,,,,,,,,,,,,,,,,,,,,,,,,,,,,,,grid,27.022192448471742,-2.0,1.2949277771243344,0.9672586917877197,0.8330155367231639,0.004329580736036102,5.561029739125227,-2.0,False,2.912169675182477,False
45,000045.jpg,,,,29.022192448471742,28.845863345556666,-0.17632910291507642,,True,,,,,,,,,,,,,,,,,,,,,,,,,,,,,,,,,,,,,,,,,,,,,grid,28.022192448471742,-1.0,1.1896287570713528,0.8886045813560486,0.8650423728813559,0.002456667289758722,3.1554094242372632,-1.0,False,2.1434387402493127,False
45,000045.jpg,,,,29.022192448471742,28.845863345556666,-0.17632910291507642,,True,,,,,,,,,,,,,,,,,,,,,,,,,,,,,,,,,,,,,,,,,,,,,grid,28.522192448471742,-0.5,1.0918432014549746,0.8155627250671387,0.9008474576271186,0.0014114083023741841,1.8128507174431499,-0.5,False,1.6592084231886435,False
45,000045.jpg,,,,29.022192448471742,28.845863345556666,-0.17632910291507642,,True,,,,,,,,,,,,,,,,,,,,,,,,,,,,,,,,,,,,,,,,,,,,,grid,29.522192448471742,0.5,0.9117936766502004,0.681073009967804,0.9394774011299435,0.0007382027591423442,0.9481674433107609,0.5,False,1.224358136347947,False
45,000045.jpg,,,,29.022192448471742,28.845863345556666,-0.17632910291507642,,True,,,,,,,,,,,,,,,,,,,,,,,,,,,,,,,,,,,,,,,,,,,,,grid,30.022192448471742,1.0,1.101976140573075,0.8231316208839417,0.8896362994350282,0.0016410078290694703,2.107754513881077,1.0,False,1.7692784696083161,False
45,000045.jpg,,,,29.022192448471742,28.845863345556666,-0.17632910291507642,,True,,,,,,,,,,,,,,,,,,,,,,,,,,,,,,,,,,,,,,,,,,,,,grid,31.022192448471742,2.0,1.2532702537890896,0.9361422061920166,0.8429378531073446,0.0035439457666749754,4.551939091536589,2.0,False,2.6083171735658923,False
45,000045.jpg,,,,29.022192448471742,28.845863345556666,-0.17632910291507642,,True,,,,,,,,,,,,,,,,,,,,,,,,,,,,,,,,,,,,,,,,,,,,,grid,32.02219244847174,3.0,1.2839679882590846,0.9590721726417542,0.8345338983050847,0.005183653285106023,6.658023451522582,3.0,False,3.203939952834645,False
45,000045.jpg,,,,29.022192448471742,28.845863345556666,-0.17632910291507642,,True,,,,,,,,,,,,,,,,,,,,,,,,,,,,,,,,,,,,,,,,,,,,,clamped_raw_observation,28.845863345556666,-0.17632910291507642,0.9514878108686136,0.7107229232788086,0.9348340395480226,0.0007965681482649719,1.0231335161096957,,False,1.2777270234354672,False
46,000046.jpg,,,,29.022192448471742,28.841072725473794,-0.18111972299794843,,True,,,,,,,,,,,,,,,,,,,,,,,,,,,,,,,,,,,,,,,,,,,,,prediction,29.022192448471742,0.0,0.8622167134210639,0.6528292298316956,0.9561869357408391,0.0005463296644544849,0.5864809346214817,,False,1.0526500113355952,True
46,000046.jpg,,,,29.022192448471742,28.841072725473794,-0.18111972299794843,,True,,,,,,,,,,,,,,,,,,,,,,,,,,,,,,,,,,,,,,,,,,,,,grid,26.022192448471742,-3.0,1.3024205093244419,0.9861304759979248,0.8275269959284829,0.005856437996650736,6.286843737943553,-3.0,False,3.136604447881847,False
46,000046.jpg,,,,29.022192448471742,28.841072725473794,-0.18111972299794843,,True,,,,,,,,,,,,,,,,,,,,,,,,,,,,,,,,,,,,,,,,,,,,,grid,27.022192448471742,-2.0,1.278326729200919,0.967887818813324,0.8332448220924057,0.004333553796944519,4.652038588463339,-2.0,False,2.668091554224348,False
46,000046.jpg,,,,29.022192448471742,28.841072725473794,-0.18111972299794843,,True,,,,,,,,,,,,,,,,,,,,,,,,,,,,,,,,,,,,,,,,,,,,,grid,28.022192448471742,-1.0,1.1689352947219553,0.8850618600845337,0.8657992565055762,0.0024511709343641996,2.6313142302795285,-1.0,False,1.9909645957862614,False
46,000046.jpg,,,,29.022192448471742,28.841072725473794,-0.18111972299794843,,True,,,,,,,,,,,,,,,,,,,,,,,,,,,,,,,,,,,,,,,,,,,,,grid,28.522192448471742,-0.5,1.0686017883310943,0.8090941309928894,0.9029031687024253,0.0013998701761011034,1.5027504868297537,-0.5,False,1.5563862413361076,False
46,000046.jpg,,,,29.022192448471742,28.841072725473794,-0.18111972299794843,,True,,,,,,,,,,,,,,,,,,,,,,,,,,,,,,,,,,,,,,,,,,,,,grid,29.522192448471742,0.5,0.8795644775742242,0.6659641265869141,0.9428040361125863,0.0007335256911270941,0.7874345123299203,0.5,False,1.1486190695441179,False
46,000046.jpg,,,,29.022192448471742,28.841072725473794,-0.18111972299794843,,True,,,,,,,,,,,,,,,,,,,,,,,,,,,,,,,,,,,,,,,,,,,,,grid,30.022192448471742,1.0,1.105757698731117,0.8372268080711365,0.885962117188883,0.001644070347538218,1.7648976007379287,1.0,False,1.6910199817267164,False
46,000046.jpg,,,,29.022192448471742,28.841072725473794,-0.18111972299794843,,True,,,,,,,,,,,,,,,,,,,,,,,,,,,,,,,,,,,,,,,,,,,,,grid,31.022192448471742,2.0,1.2193706872561827,0.9232491254806519,0.8470702779252965,0.003541857392216722,3.802158236744112,2.0,False,2.382839968516914,False
46,000046.jpg,,,,29.022192448471742,28.841072725473794,-0.18111972299794843,,True,,,,,,,,,,,,,,,,,,,,,,,,,,,,,,,,,,,,,,,,,,,,,grid,32.02219244847174,3.0,1.2662339834864544,0.9587317705154419,0.8355284121083377,0.005197992043880125,5.5800067805101135,3.0,False,2.915707266505645,False
46,000046.jpg,,,,29.022192448471742,28.841072725473794,-0.18111972299794843,,True,,,,,,,,,,,,,,,,,,,,,,,,,,,,,,,,,,,,,,,,,,,,,clamped_raw_observation,28.841072725473794,-0.18111972299794843,0.9280857410175074,0.7027021050453186,0.9332802265887767,0.0008091343333944678,0.868599841740886,,False,1.2173890665538907,False
47,000047.jpg,,,,29.022192448471742,28.84913094312509,-0.1730615053466522,,True,,,,,,,,,,,,,,,,,,,,,,,,,,,,,,,,,,,,,,,,,,,,,prediction,29.022192448471742,0.0,0.9234059172708852,0.6987036466598511,0.9492375886524823,0.0006303875804102669,0.7102714428857266,,False,1.1517361893398346,True
47,000047.jpg,,,,29.022192448471742,28.84913094312509,-0.1730615053466522,,True,,,,,,,,,,,,,,,,,,,,,,,,,,,,,,,,,,,,,,,,,,,,,grid,26.022192448471742,-3.0,1.31736861143557,0.9967991709709167,0.8232801418439716,0.005896288435906172,6.643476846919957,-3.0,False,3.244957681321588,False
47,000047.jpg,,,,29.022192448471742,28.84913094312509,-0.1730615053466522,,True,,,,,,,,,,,,,,,,,,,,,,,,,,,,,,,,,,,,,,,,,,,,,grid,27.022192448471742,-2.0,1.2590576838910545,0.9526776671409607,0.8381914893617022,0.004359058104455471,4.9114458877176865,-2.0,False,2.708727666458774,False
47,000047.jpg,,,,29.022192448471742,28.84913094312509,-0.1730615053466522,,True,,,,,,,,,,,,,,,,,,,,,,,,,,,,,,,,,,,,,,,,,,,,,grid,28.022192448471742,-1.0,1.1801631807323976,0.8929814100265503,0.8636524822695035,0.002477105241268873,2.7910085296267737,-1.0,False,2.044262830869587,False
47,000047.jpg,,,,29.022192448471742,28.84913094312509,-0.1730615053466522,,True,,,,,,,,,,,,,,,,,,,,,,,,,,,,,,,,,,,,,,,,,,,,,grid,28.522192448471742,-0.5,1.0731910706222691,0.8120399713516235,0.9003191489361703,0.0014428211337265868,1.6256580559709775,-0.5,False,1.594286435678843,False
47,000047.jpg,,,,29.022192448471742,28.84913094312509,-0.1730615053466522,,True,,,,,,,,,,,,,,,,,,,,,,,,,,,,,,,,,,,,,,,,,,,,,grid,29.522192448471742,0.5,0.896172131284426,0.6780969500541687,0.9377659574468085,0.0007889825452972824,0.8889638506127318,0.5,False,1.1956471364908003,False
47,000047.jpg,,,,29.022192448471742,28.84913094312509,-0.1730615053466522,,True,,,,,,,,,,,,,,,,,,,,,,,,,,,,,,,,,,,,,,,,,,,,,grid,30.022192448471742,1.0,1.08289012776735,0.8193788528442383,0.8926418439716312,0.0016757507692091167,1.8881049591560777,1.0,False,1.6922745235847383,False
47,000047.jpg,,,,29.022192448471742,28.84913094312509,-0.1730615053466522,,True,,,,,,,,,,,,,,,,,,,,,,,,,,,,,,,,,,,,,,,,,,,,,grid,31.022192448471742,2.0,1.2281053982170107,0.929257333278656,0.8442553191489361,0.00356776841605703,4.019882528627429,2.0,False,2.448820711224932,False
47,000047.jpg,,,,29.022192448471742,28.84913094312509,-0.1730615053466522,,True,,,,,,,,,,,,,,,,,,,,,,,,,,,,,,,,,,,,,,,,,,,,,grid,32.02219244847174,3.0,1.2857231195916135,0.9728543162345886,0.8316489361702127,0.005242350200812022,5.906670367489985,3.0,False,3.0207417752938968,False
47,000047.jpg,,,,29.022192448471742,28.84913094312509,-0.1730615053466522,,True,,,,,,,,,,,,,,,,,,,,,,,,,,,,,,,,,,,,,,,,,,,,,clamped_raw_observation,28.84913094312509,-0.1730615053466522,0.9476735685844005,0.7170659899711609,0.9300354609929078,0.0008460200624540448,0.9532292658405938,,False,1.2611372692120408,False
48,000048.jpg,,,,29.022192448471742,28.844740441732995,-0.17745200673874706,,True,,,,,,,,,,,,,,,,,,,,,,,,,,,,,,,,,,,,,,,,,,,,,prediction,29.022192448471742,0.0,0.7791661488063718,0.6023533940315247,0.9522782325795216,0.0004902186919935048,0.5073643161239139,,False,0.9537289952578287,True
48,000048.jpg,,,,29.022192448471742,28.844740441732995,-0.17745200673874706,,True,,,,,,,,,,,,,,,,,,,,,,,,,,,,,,,,,,,,,,,,,,,,,grid,26.022192448471742,-3.0,1.292532572770037,0.9992238283157349,0.8263168131265802,0.005830971524119377,6.034912433963334,-3.0,False,3.06494386813429,False
48,000048.jpg,,,,29.022192448471742,28.844740441732995,-0.17745200673874706,,True,,,,,,,,,,,,,,,,,,,,,,,,,,,,,,,,,,,,,,,,,,,,,grid,27.022192448471742,-2.0,1.2553352974502152,0.9704675674438477,0.832416853793518,0.004271808196790516,4.421216652436148,-2.0,False,2.588222606765734,False
48,000048.jpg,,,,29.022192448471742,28.844740441732995,-0.17745200673874706,,True,,,,,,,,,,,,,,,,,,,,,,,,,,,,,,,,,,,,,,,,,,,,,grid,28.022192448471742,-1.0,1.1342736442674484,0.8768779039382935,0.8704669625333734,0.0024163572816178203,2.5008704884621347,-1.0,False,1.9190243038496086,False
48,000048.jpg,,,,29.022192448471742,28.844740441732995,-0.17745200673874706,,True,,,,,,,,,,,,,,,,,,,,,,,,,,,,,,,,,,,,,,,,,,,,,grid,28.522192448471742,-0.5,1.047144433523546,0.8095205426216125,0.9008080343724031,0.0013617673345531027,1.4093957731513314,-0.5,False,1.5136853424389758,False
48,000048.jpg,,,,29.022192448471742,28.844740441732995,-0.17745200673874706,,True,,,,,,,,,,,,,,,,,,,,,,,,,,,,,,,,,,,,,,,,,,,,,grid,29.522192448471742,0.5,0.8607730155876205,0.6654415726661682,0.946673267676857,0.0006919766359108811,0.716178836887971,0.5,False,1.1081444571327561,False
48,000048.jpg,,,,29.022192448471742,28.844740441732995,-0.17745200673874706,,True,,,,,,,,,,,,,,,,,,,,,,,,,,,,,,,,,,,,,,,,,,,,,grid,30.022192448471742,1.0,1.0713438266478212,0.8282284736633301,0.8874940325689128,0.0016653519123792648,1.7235983611599066,1.0,False,1.644749384368885,False
48,000048.jpg,,,,29.022192448471742,28.844740441732995,-0.17745200673874706,,True,,,,,,,,,,,,,,,,,,,,,,,,,,,,,,,,,,,,,,,,,,,,,grid,31.022192448471742,2.0,1.2101637959987157,0.9355466365814209,0.843096345279983,0.003605379373766482,3.731479174936342,2.0,False,2.359937244452818,False
48,000048.jpg,,,,29.022192448471742,28.844740441732995,-0.17745200673874706,,True,,,,,,,,,,,,,,,,,,,,,,,,,,,,,,,,,,,,,,,,,,,,,grid,32.02219244847174,3.0,1.2466815049703794,0.9637775421142578,0.8346446947327475,0.005276085343211889,5.460618853769806,3.0,False,2.8671915236800833,False
48,000048.jpg,,,,29.022192448471742,28.844740441732995,-0.17745200673874706,,True,,,,,,,,,,,,,,,,,,,,,,,,,,,,,,,,,,,,,,,,,,,,,clamped_raw_observation,28.844740441732995,-0.17745200673874706,0.8763469122213693,0.6774813532829285,0.9380094418020758,0.0007383477932307869,0.76417184675427,,False,1.1347039923100233,False
49,000049.jpg,,,,29.022192448471742,28.84570814609313,-0.17648430237861135,,True,,,,,,,,,,,,,,,,,,,,,,,,,,,,,,,,,,,,,,,,,,,,,prediction,29.022192448471742,0.0,0.8618202932071121,0.6193782687187195,0.9613092070250133,0.0004647227421325321,0.6800574290053744,,False,1.0705254434334424,True
49,000049.jpg,,,,29.022192448471742,28.84570814609313,-0.17648430237861135,,True,,,,,,,,,,,,,,,,,,,,,,,,,,,,,,,,,,,,,,,,,,,,,grid,26.022192448471742,-3.0,1.3889664336508771,0.9982308745384216,0.8249955650168529,0.005835397091383736,8.539296194073781,-3.0,False,3.7887949171524693,False
49,000049.jpg,,,,29.022192448471742,28.84570814609313,-0.17648430237861135,,True,,,,,,,,,,,,,,,,,,,,,,,,,,,,,,,,,,,,,,,,,,,,,grid,27.022192448471742,-2.0,1.3354107865344476,0.9597411751747131,0.8372006386375732,0.00427694502286613,6.258717236218646,-2.0,False,3.122889456951536,False
49,000049.jpg,,,,29.022192448471742,28.84570814609313,-0.17648430237861135,,True,,,,,,,,,,,,,,,,,,,,,,,,,,,,,,,,,,,,,,,,,,,,,grid,28.022192448471742,-1.0,1.2321071474541432,0.8854982852935791,0.8656732304417243,0.002433447322497765,3.561013438171471,-1.0,False,2.2866872765552864,False
49,000049.jpg,,,,29.022192448471742,28.84570814609313,-0.17648430237861135,,True,,,,,,,,,,,,,,,,,,,,,,,,,,,,,,,,,,,,,,,,,,,,,grid,28.522192448471742,-0.5,1.1257618461856933,0.8090693950653076,0.9019691325172964,0.0013941489548111956,2.040144085716052,-0.5,False,1.7488287350974099,False
49,000049.jpg,,,,29.022192448471742,28.84570814609313,-0.17648430237861135,,True,,,,,,,,,,,,,,,,,,,,,,,,,,,,,,,,,,,,,,,,,,,,,grid,29.522192448471742,0.5,0.9434998911885265,0.6780802607536316,0.9431257761220507,0.0006758638677032044,0.9890332504897962,0.5,False,1.2626324276889247,False
49,000049.jpg,,,,29.022192448471742,28.84570814609313,-0.17648430237861135,,True,,,,,,,,,,,,,,,,,,,,,,,,,,,,,,,,,,,,,,,,,,,,,grid,30.022192448471742,1.0,1.141500778930914,0.8203807473182678,0.8909703743125776,0.0016389281178514163,2.3983445205115306,1.0,False,1.880116534746219,False
49,000049.jpg,,,,29.022192448471742,28.84570814609313,-0.17648430237861135,,True,,,,,,,,,,,,,,,,,,,,,,,,,,,,,,,,,,,,,,,,,,,,,grid,31.022192448471742,2.0,1.2960077634332408,0.931422770023346,0.8449175093134647,0.0035866645242397985,5.2485872412150965,2.0,False,2.8232370644235503,False
49,000049.jpg,,,,29.022192448471742,28.84570814609313,-0.17648430237861135,,True,,,,,,,,,,,,,,,,,,,,,,,,,,,,,,,,,,,,,,,,,,,,,grid,32.02219244847174,3.0,1.3441200170648238,0.9660003781318665,0.8306546035125066,0.005265852436423302,7.7058463999475295,3.0,False,3.5299270135391994,False
49,000049.jpg,,,,29.022192448471742,28.84570814609313,-0.17648430237861135,,True,,,,,,,,,,,,,,,,,,,,,,,,,,,,,,,,,,,,,,,,,,,,,clamped_raw_observation,28.84570814609313,-0.17648430237861135,0.9804491823879341,0.7046352028846741,0.9410324640766365,0.0007569084409624338,1.1076307692438736,,False,1.3216189396936244,False
50,000050.jpg,,,,29.022192448471742,28.848638300726236,-0.17355414774550582,,True,,,,,,,,,,,,,,,,,,,,,,,,,,,,,,,,,,,,,,,,,,,,,prediction,29.022192448471742,0.0,0.9153886254617479,0.6866881847381592,0.9516512784090909,0.0005924419965595007,0.643940452550058,,False,1.1247224601901715,True
50,000050.jpg,,,,29.022192448471742,28.848638300726236,-0.17355414774550582,,True,,,,,,,,,,,,,,,,,,,,,,,,,,,,,,,,,,,,,,,,,,,,,grid,26.022192448471742,-3.0,1.3255593435704818,0.9943819642066956,0.8248757102272727,0.005839122847343485,6.346692892552419,-3.0,False,3.1773568564813135,False
50,000050.jpg,,,,29.022192448471742,28.848638300726236,-0.17355414774550582,,True,,,,,,,,,,,,,,,,,,,,,,,,,,,,,,,,,,,,,,,,,,,,,grid,27.022192448471742,-2.0,1.2802156210100732,0.9603669047355652,0.836612215909091,0.004301391153906782,4.675292741444549,-2.0,False,2.6724265904621194,False
50,000050.jpg,,,,29.022192448471742,28.848638300726236,-0.17355414774550582,,True,,,,,,,,,,,,,,,,,,,,,,,,,,,,,,,,,,,,,,,,,,,,,grid,28.022192448471742,-1.0,1.1952350944543688,0.8966178894042969,0.8612571022727272,0.0024540046773230038,2.6673208375710193,-1.0,False,2.0308082015743962,False
50,000050.jpg,,,,29.022192448471742,28.848638300726236,-0.17355414774550582,,True,,,,,,,,,,,,,,,,,,,,,,,,,,,,,,,,,,,,,,,,,,,,,grid,28.522192448471742,-0.5,1.0822564611733678,0.8118658065795898,0.9023792613636363,0.0014379643156037976,1.5629604206286998,-0.5,False,1.5856173049669062,False
50,000050.jpg,,,,29.022192448471742,28.848638300726236,-0.17355414774550582,,True,,,,,,,,,,,,,,,,,,,,,,,,,,,,,,,,,,,,,,,,,,,,,grid,29.522192448471742,0.5,0.8946146473259402,0.671104371547699,0.9423650568181818,0.000759035930968821,0.8250156871529756,0.5,False,1.1735035122960022,False
50,000050.jpg,,,,29.022192448471742,28.848638300726236,-0.17355414774550582,,True,,,,,,,,,,,,,,,,,,,,,,,,,,,,,,,,,,,,,,,,,,,,,grid,30.022192448471742,1.0,1.1025203325609958,0.827066957950592,0.8889026988636364,0.0016886893621024985,1.83547992607499,1.0,False,1.702487615216107,False
50,000050.jpg,,,,29.022192448471742,28.848638300726236,-0.17355414774550582,,True,,,,,,,,,,,,,,,,,,,,,,,,,,,,,,,,,,,,,,,,,,,,,grid,31.022192448471742,2.0,1.23271475076955,0.9247336387634277,0.8461470170454546,0.003584470173033575,3.896052877378364,2.0,False,2.4205809530686864,False
50,000050.jpg,,,,29.022192448471742,28.848638300726236,-0.17355414774550582,,True,,,,,,,,,,,,,,,,,,,,,,,,,,,,,,,,,,,,,,,,,,,,,grid,32.02219244847174,3.0,1.2783871823046036,0.9589952826499939,0.8348366477272727,0.005215062953842183,5.668386134130018,3.0,False,2.950647068109835,False
50,000050.jpg,,,,29.022192448471742,28.848638300726236,-0.17355414774550582,,True,,,,,,,,,,,,,,,,,,,,,,,,,,,,,,,,,,,,,,,,,,,,,clamped_raw_observation,28.848638300726236,-0.17355414774550582,0.950942191795211,0.7133590579032898,0.9307350852272728,0.0008209784864448011,0.8923426447909352,,False,1.2484993921980372,False
51,000051.jpg,,,,29.022192448471742,28.847806823838255,-0.17438562463348717,,True,,,,,,,,,,,,,,,,,,,,,,,,,,,,,,,,,,,,,,,,,,,,,prediction,29.022192448471742,0.0,0.8950814804000905,0.685581386089325,0.954355301875421,0.0005969617244166633,0.635150101441883,,False,1.0995137038851404,True
51,000051.jpg,,,,29.022192448471742,28.847806823838255,-0.17438562463348717,,True,,,,,,,,,,,,,,,,,,,,,,,,,,,,,,,,,,,,,,,,,,,,,grid,26.022192448471742,-3.0,1.3015035884900312,0.9968775510787964,0.8257524727904421,0.005836437689140439,6.209801799167584,-3.0,False,3.118201565491485,False
51,000051.jpg,,,,29.022192448471742,28.847806823838255,-0.17438562463348717,,True,,,,,,,,,,,,,,,,,,,,,,,,,,,,,,,,,,,,,,,,,,,,,grid,27.022192448471742,-2.0,1.2557964967758568,0.9618685245513916,0.8385861665544014,0.004315402669211228,4.591464294951999,-2.0,False,2.625076403959455,False
51,000051.jpg,,,,29.022192448471742,28.847806823838255,-0.17438562463348717,,True,,,,,,,,,,,,,,,,,,,,,,,,,,,,,,,,,,,,,,,,,,,,,grid,28.022192448471742,-1.0,1.1637898800122113,0.891396701335907,0.8631368100116992,0.0024565878168990216,2.613738766298622,-1.0,False,1.9840877615751678,False
51,000051.jpg,,,,29.022192448471742,28.847806823838255,-0.17438562463348717,,True,,,,,,,,,,,,,,,,,,,,,,,,,,,,,,,,,,,,,,,,,,,,,grid,28.522192448471742,-0.5,1.0623894634801385,0.8137297630310059,0.8991562378133088,0.001432425924576819,1.5240599758585691,-0.5,False,1.5592482196314719,False
51,000051.jpg,,,,29.022192448471742,28.847806823838255,-0.17438562463348717,,True,,,,,,,,,,,,,,,,,,,,,,,,,,,,,,,,,,,,,,,,,,,,,grid,29.522192448471742,0.5,0.8797320641838836,0.6738246083259583,0.9406175771971497,0.0007738920491343985,0.8233988770269964,0.5,False,1.159964206243483,False
51,000051.jpg,,,,29.022192448471742,28.847806823838255,-0.17438562463348717,,True,,,,,,,,,,,,,,,,,,,,,,,,,,,,,,,,,,,,,,,,,,,,,grid,30.022192448471742,1.0,1.0688430414296344,0.8186728358268738,0.8928634736058425,0.0016924307371179264,1.8006976166088786,1.0,False,1.6561539719760117,False
51,000051.jpg,,,,29.022192448471742,28.847806823838255,-0.17438562463348717,,True,,,,,,,,,,,,,,,,,,,,,,,,,,,,,,,,,,,,,,,,,,,,,grid,31.022192448471742,2.0,1.2180363227858202,0.9329463839530945,0.8433722125713475,0.0035895861607665815,3.8192164101863697,2.0,False,2.389468212761065,False
51,000051.jpg,,,,29.022192448471742,28.847806823838255,-0.17438562463348717,,True,,,,,,,,,,,,,,,,,,,,,,,,,,,,,,,,,,,,,,,,,,,,,grid,32.02219244847174,3.0,1.2449845300427045,0.9535871744155884,0.838479809976247,0.005291325738653541,5.6298183655776635,3.0,False,2.9039593114608735,False
51,000051.jpg,,,,29.022192448471742,28.847806823838255,-0.17438562463348717,,True,,,,,,,,,,,,,,,,,,,,,,,,,,,,,,,,,,,,,,,,,,,,,clamped_raw_observation,28.847806823838255,-0.17438562463348717,0.9357761954480607,0.716751217842102,0.9325876555464956,0.0008056984903911749,0.8572400155195651,,False,1.2227301125204608,False
52,000052.jpg,,,,29.022192448471742,28.846494744432817,-0.17569770403892448,,True,,,,,,,,,,,,,,,,,,,,,,,,,,,,,,,,,,,,,,,,,,,,,prediction,29.022192448471742,0.0,0.8574679390046152,0.6646324396133423,0.9542323182364163,0.000542121046843628,0.5481126480742164,,False,1.040263782786753,True
52,000052.jpg,,,,29.022192448471742,28.846494744432817,-0.17569770403892448,,True,,,,,,,,,,,,,,,,,,,,,,,,,,,,,,,,,,,,,,,,,,,,,grid,26.022192448471742,-3.0,1.2914462923008625,1.0010136365890503,0.8272451070444429,0.005879897779474656,5.944883271139945,-3.0,False,3.0404220030414058,False
52,000052.jpg,,,,29.022192448471742,28.846494744432817,-0.17569770403892448,,True,,,,,,,,,,,,,,,,,,,,,,,,,,,,,,,,,,,,,,,,,,,,,grid,27.022192448471742,-2.0,1.2391126495546014,0.9604492783546448,0.8380202077298099,0.0043168225868915515,4.364532742537494,-2.0,False,2.552225627459165,False
52,000052.jpg,,,,29.022192448471742,28.846494744432817,-0.17569770403892448,,True,,,,,,,,,,,,,,,,,,,,,,,,,,,,,,,,,,,,,,,,,,,,,grid,28.022192448471742,-1.0,1.1555573942781703,0.8956847190856934,0.8616901010386491,0.002456050307955593,2.483194935771119,-1.0,False,1.9446660271823009,False
52,000052.jpg,,,,29.022192448471742,28.846494744432817,-0.17569770403892448,,True,,,,,,,,,,,,,,,,,,,,,,,,,,,,,,,,,,,,,,,,,,,,,grid,28.522192448471742,-0.5,1.0597111840123616,0.8213933110237122,0.8974952306931393,0.001416455100600918,1.4321099698837954,-0.5,False,1.5352434457901711,False
52,000052.jpg,,,,29.022192448471742,28.846494744432817,-0.17569770403892448,,True,,,,,,,,,,,,,,,,,,,,,,,,,,,,,,,,,,,,,,,,,,,,,grid,29.522192448471742,0.5,0.8695467317205361,0.6739948391914368,0.9421854023881863,0.0007318008089593301,0.7398887787089551,0.5,False,1.1273335240095885,False
52,000052.jpg,,,,29.022192448471742,28.846494744432817,-0.17569770403892448,,True,,,,,,,,,,,,,,,,,,,,,,,,,,,,,,,,,,,,,,,,,,,,,grid,30.022192448471742,1.0,1.0660855107008913,0.8263341188430786,0.8899703243128665,0.0016699321568012238,1.6883884916436807,1.0,False,1.628212309298945,False
52,000052.jpg,,,,29.022192448471742,28.846494744432817,-0.17569770403892448,,True,,,,,,,,,,,,,,,,,,,,,,,,,,,,,,,,,,,,,,,,,,,,,grid,31.022192448471742,2.0,1.203348657360389,0.9327282309532166,0.842100614710662,0.003603019363557299,3.6428404614065966,2.0,False,2.331958158001376,False
52,000052.jpg,,,,29.022192448471742,28.846494744432817,-0.17569770403892448,,True,,,,,,,,,,,,,,,,,,,,,,,,,,,,,,,,,,,,,,,,,,,,,grid,32.02219244847174,3.0,1.2405709479793332,0.9615796208381653,0.8324383522928002,0.005236885355164607,5.294764179314936,3.0,False,2.821823640515267,False
52,000052.jpg,,,,29.022192448471742,28.846494744432817,-0.17569770403892448,,True,,,,,,,,,,,,,,,,,,,,,,,,,,,,,,,,,,,,,,,,,,,,,clamped_raw_observation,28.846494744432817,-0.17569770403892448,0.9316562183731913,0.7221365571022034,0.9312336607079771,0.0007864678530798604,0.7951600110098416,,False,1.2044834915388425,False
53,000053.jpg,,,,29.022192448471742,28.841998493940395,-0.18019395453134734,,True,,,,,,,,,,,,,,,,,,,,,,,,,,,,,,,,,,,,,,,,,,,,,prediction,29.022192448471742,0.0,0.8205790510970922,0.6259326934814453,0.9581408520504787,0.0005123362934682518,0.5477343531030605,,False,0.9993717873223786,True
53,000053.jpg,,,,29.022192448471742,28.841998493940395,-0.18019395453134734,,True,,,,,,,,,,,,,,,,,,,,,,,,,,,,,,,,,,,,,,,,,,,,,grid,26.022192448471742,-3.0,1.3188477051637508,1.0060089826583862,0.8226163294925574,0.005875541673352321,6.281491392690362,-3.0,False,3.156604223843784,False
53,000053.jpg,,,,29.022192448471742,28.841998493940395,-0.18019395453134734,,True,,,,,,,,,,,,,,,,,,,,,,,,,,,,,,,,,,,,,,,,,,,,,grid,27.022192448471742,-2.0,1.269803270280158,0.9685981869697571,0.832864298483159,0.004346763637537758,4.647087858994683,-2.0,False,2.65871093654567,False
53,000053.jpg,,,,29.022192448471742,28.841998493940395,-0.18019395453134734,,True,,,,,,,,,,,,,,,,,,,,,,,,,,,,,,,,,,,,,,,,,,,,,grid,28.022192448471742,-1.0,1.1584553084268108,0.8836626410484314,0.8660153277049152,0.0024315879369775453,2.599589883936523,-1.0,False,1.9723374517060264,False
53,000053.jpg,,,,29.022192448471742,28.841998493940395,-0.18019395453134734,,True,,,,,,,,,,,,,,,,,,,,,,,,,,,,,,,,,,,,,,,,,,,,,grid,28.522192448471742,-0.5,1.0564068551203285,0.8058207035064697,0.9026000460185136,0.0013907354247445862,1.486823357863852,-0.5,False,1.5405126485677776,False
53,000053.jpg,,,,29.022192448471742,28.841998493940395,-0.18019395453134734,,True,,,,,,,,,,,,,,,,,,,,,,,,,,,,,,,,,,,,,,,,,,,,,grid,29.522192448471742,0.5,0.8785367489641384,0.6701424717903137,0.9425830545673375,0.0007277891321185356,0.7780731417207052,0.5,False,1.145471979826977,False
53,000053.jpg,,,,29.022192448471742,28.841998493940395,-0.18019395453134734,,True,,,,,,,,,,,,,,,,,,,,,,,,,,,,,,,,,,,,,,,,,,,,,grid,30.022192448471742,1.0,1.0751735604558308,0.8201358318328857,0.8908653250500009,0.0016686651506461203,1.7839556527365381,1.0,False,1.6602971485899645,False
53,000053.jpg,,,,29.022192448471742,28.841998493940395,-0.18019395453134734,,True,,,,,,,,,,,,,,,,,,,,,,,,,,,,,,,,,,,,,,,,,,,,,grid,31.022192448471742,2.0,1.2184084651149851,0.929394543170929,0.8466521531354537,0.003576833133896192,3.8239617371038874,2.0,False,2.3877467462555035,False
53,000053.jpg,,,,29.022192448471742,28.841998493940395,-0.18019395453134734,,True,,,,,,,,,,,,,,,,,,,,,,,,,,,,,,,,,,,,,,,,,,,,,grid,32.02219244847174,3.0,1.2606924696102177,0.9616485238075256,0.8314306447901733,0.0052383646834641695,5.600290917889002,3.0,False,2.919334554292295,False
53,000053.jpg,,,,29.022192448471742,28.841998493940395,-0.18019395453134734,,True,,,,,,,,,,,,,,,,,,,,,,,,,,,,,,,,,,,,,,,,,,,,,clamped_raw_observation,28.841998493940395,-0.18019395453134734,0.9076251891181114,0.6923309564590454,0.9372201277898724,0.0007793660430858532,0.833213576477917,,False,1.1841142740836588,False
54,000054.jpg,,,,29.022192448471742,28.841151634373944,-0.18104081409779837,,True,,,,,,,,,,,,,,,,,,,,,,,,,,,,,,,,,,,,,,,,,,,,,prediction,29.022192448471742,0.0,0.8464597584344556,0.6333163976669312,0.9561605906783571,0.0005090295162517577,0.599052859113264,,False,1.0400623825344146,True
54,000054.jpg,,,,29.022192448471742,28.841151634373944,-0.18104081409779837,,True,,,,,,,,,,,,,,,,,,,,,,,,,,,,,,,,,,,,,,,,,,,,,grid,26.022192448471742,-3.0,1.3315183334663734,0.9962344765663147,0.8264172375847503,0.005897058329234521,6.939970158308927,-3.0,False,3.3300936354588546,False
54,000054.jpg,,,,29.022192448471742,28.841151634373944,-0.18104081409779837,,True,,,,,,,,,,,,,,,,,,,,,,,,,,,,,,,,,,,,,,,,,,,,,grid,27.022192448471742,-2.0,1.2788172953243697,0.9568038582801819,0.8375634517766497,0.004327253942998747,5.092541324028955,-2.0,False,2.7743891745549587,False
54,000054.jpg,,,,29.022192448471742,28.841151634373944,-0.18104081409779837,,True,,,,,,,,,,,,,,,,,,,,,,,,,,,,,,,,,,,,,,,,,,,,,grid,28.022192448471742,-1.0,1.189490431398454,0.8899700045585632,0.8638848461183487,0.002448578190524131,2.881616328649976,-1.0,False,2.076009667442599,False
54,000054.jpg,,,,29.022192448471742,28.841151634373944,-0.18104081409779837,,True,,,,,,,,,,,,,,,,,,,,,,,,,,,,,,,,,,,,,,,,,,,,,grid,28.522192448471742,-0.5,1.089403341996068,0.8150854110717773,0.9007312484469845,0.0014064843611170847,1.6552251901411674,-0.5,False,1.6174783910843753,False
54,000054.jpg,,,,29.022192448471742,28.841151634373944,-0.18104081409779837,,True,,,,,,,,,,,,,,,,,,,,,,,,,,,,,,,,,,,,,,,,,,,,,grid,29.522192448471742,0.5,0.909432677709144,0.6804323792457581,0.9384828369599943,0.0007143484253901988,0.8406830114374121,0.5,False,1.1961205936085026,False
54,000054.jpg,,,,29.022192448471742,28.841151634373944,-0.18104081409779837,,True,,,,,,,,,,,,,,,,,,,,,,,,,,,,,,,,,,,,,,,,,,,,,grid,30.022192448471742,1.0,1.1005618110899256,0.8234341144561768,0.8896560292499379,0.0016569405367287497,1.9499752651221554,1.0,False,1.7283995981205267,False
54,000054.jpg,,,,29.022192448471742,28.841151634373944,-0.18104081409779837,,True,,,,,,,,,,,,,,,,,,,,,,,,,,,,,,,,,,,,,,,,,,,,,grid,31.022192448471742,2.0,1.2465130381566618,0.9326339960098267,0.8434027901032978,0.0035832366750886044,4.216942449423083,2.0,False,2.5173458604091348,False
54,000054.jpg,,,,29.022192448471742,28.841151634373944,-0.18104081409779837,,True,,,,,,,,,,,,,,,,,,,,,,,,,,,,,,,,,,,,,,,,,,,,,grid,32.02219244847174,3.0,1.2991250908774568,0.9719980359077454,0.8283873486919172,0.005200296679201226,6.119984194338847,3.0,False,3.0907337907702512,False
54,000054.jpg,,,,29.022192448471742,28.841151634373944,-0.18104081409779837,,True,,,,,,,,,,,,,,,,,,,,,,,,,,,,,,,,,,,,,,,,,,,,,clamped_raw_observation,28.841151634373944,-0.18104081409779837,0.9369168248408419,0.7009958624839783,0.935412303432608,0.0007884508037629226,0.9278906098457487,,False,1.2389083982926052,False
55,000055.jpg,,,,29.022192448471742,28.845055888559386,-0.17713655991235555,,True,,,,,,,,,,,,,,,,,,,,,,,,,,,,,,,,,,,,,,,,,,,,,prediction,29.022192448471742,0.0,0.9291058033322277,0.6945503950119019,0.9492520322310962,0.0006147833773866296,0.7228867868075834,,False,1.1605754678030273,True
55,000055.jpg,,,,29.022192448471742,28.845055888559386,-0.17713655991235555,,True,,,,,,,,,,,,,,,,,,,,,,,,,,,,,,,,,,,,,,,,,,,,,grid,26.022192448471742,-3.0,1.335891693031919,0.9986420273780823,0.8225333072448816,0.005922732564310233,6.964184898321191,-3.0,False,3.344404610367335,False
55,000055.jpg,,,,29.022192448471742,28.845055888559386,-0.17713655991235555,,True,,,,,,,,,,,,,,,,,,,,,,,,,,,,,,,,,,,,,,,,,,,,,grid,27.022192448471742,-2.0,1.2826261226494526,0.9588235020637512,0.8354470908411747,0.004331264256810148,5.092873061613324,-2.0,False,2.7803972972116093,False
55,000055.jpg,,,,29.022192448471742,28.845055888559386,-0.17713655991235555,,True,,,,,,,,,,,,,,,,,,,,,,,,,,,,,,,,,,,,,,,,,,,,,grid,28.022192448471742,-1.0,1.1900773097236752,0.8896389007568359,0.8648855369181238,0.002457001518147687,2.889040266809536,-1.0,False,2.077451839507935,False
55,000055.jpg,,,,29.022192448471742,28.845055888559386,-0.17713655991235555,,True,,,,,,,,,,,,,,,,,,,,,,,,,,,,,,,,,,,,,,,,,,,,,grid,28.522192448471742,-0.5,1.1035646512132269,0.8249666094779968,0.8948753979971185,0.0014233245165087283,1.6736016687653348,-0.5,False,1.6420896704074421,False
55,000055.jpg,,,,29.022192448471742,28.845055888559386,-0.17713655991235555,,True,,,,,,,,,,,,,,,,,,,,,,,,,,,,,,,,,,,,,,,,,,,,,grid,29.522192448471742,0.5,0.9013608935269053,0.6738097667694092,0.9399135523577439,0.000787124988467743,0.9255329188439728,0.5,False,1.2078305708801544,False
55,000055.jpg,,,,29.022192448471742,28.845055888559386,-0.17713655991235555,,True,,,,,,,,,,,,,,,,,,,,,,,,,,,,,,,,,,,,,,,,,,,,,grid,30.022192448471742,1.0,1.095359184037966,0.8188326358795166,0.8928831889574699,0.001675498914361621,1.9701183718582564,1.0,False,1.72500558804506,False
55,000055.jpg,,,,29.022192448471742,28.845055888559386,-0.17713655991235555,,True,,,,,,,,,,,,,,,,,,,,,,,,,,,,,,,,,,,,,,,,,,,,,grid,31.022192448471742,2.0,1.2404420910621794,0.9272889494895935,0.8473291947562213,0.0035674630974729857,4.194765230233372,2.0,False,2.5018042038643014,False
55,000055.jpg,,,,29.022192448471742,28.845055888559386,-0.17713655991235555,,True,,,,,,,,,,,,,,,,,,,,,,,,,,,,,,,,,,,,,,,,,,,,,grid,32.02219244847174,3.0,1.277511928150435,0.9550004005432129,0.8355716039061527,0.005229951580986381,6.149585419192091,3.0,False,3.069336679042305,False
55,000055.jpg,,,,29.022192448471742,28.845055888559386,-0.17713655991235555,,True,,,,,,,,,,,,,,,,,,,,,,,,,,,,,,,,,,,,,,,,,,,,,clamped_raw_observation,28.845055888559386,-0.17713655991235555,0.9571877471742403,0.7155429720878601,0.931980291360572,0.0008254879697536429,0.9706416405404009,,False,1.273181962746139,False
56,000056.jpg,,,,29.022192448471742,28.849339497087044,-0.17285295138469792,,True,,,,,,,,,,,,,,,,,,,,,,,,,,,,,,,,,,,,,,,,,,,,,prediction,29.022192448471742,0.0,0.9572496986879829,0.7416295409202576,0.9445452604611443,0.0007240961955782647,0.7261772227608825,,False,1.1942487439170593,False
56,000056.jpg,,,,29.022192448471742,28.849339497087044,-0.17285295138469792,,True,,,,,,,,,,,,,,,,,,,,,,,,,,,,,,,,,,,,,,,,,,,,,grid,26.022192448471742,-3.0,1.2885496663603155,0.9983043074607849,0.8245089666951324,0.0059527144767344,5.9698223702879,-3.0,False,3.046496292237158,False
56,000056.jpg,,,,29.022192448471742,28.849339497087044,-0.17285295138469792,,True,,,,,,,,,,,,,,,,,,,,,,,,,,,,,,,,,,,,,,,,,,,,,grid,27.022192448471742,-2.0,1.245934538089024,0.9652882218360901,0.8349167378309138,0.004386088655640681,4.398694121286679,-2.0,False,2.57069133057978,False
56,000056.jpg,,,,29.022192448471742,28.849339497087044,-0.17285295138469792,,True,,,,,,,,,,,,,,,,,,,,,,,,,,,,,,,,,,,,,,,,,,,,,grid,28.022192448471742,-1.0,1.1601452021571679,0.8988229036331177,0.8591125818388842,0.002503942775850495,2.5111390199574024,-1.0,False,1.9588173753076343,False
56,000056.jpg,,,,29.022192448471742,28.849339497087044,-0.17285295138469792,,True,,,,,,,,,,,,,,,,,,,,,,,,,,,,,,,,,,,,,,,,,,,,,grid,28.522192448471742,-0.5,1.0562417555600587,0.8183236718177795,0.8965271847423855,0.0014594704650032024,1.4636649321588737,-0.5,False,1.5406308038573917,False
56,000056.jpg,,,,29.022192448471742,28.849339497087044,-0.17285295138469792,,True,,,,,,,,,,,,,,,,,,,,,,,,,,,,,,,,,,,,,,,,,,,,,grid,29.522192448471742,0.5,0.8923127084045934,0.6913195848464966,0.9342442356959864,0.0008535700326319784,0.8560231631014136,0.5,False,1.1870742634839604,True
56,000056.jpg,,,,29.022192448471742,28.849339497087044,-0.17285295138469792,,True,,,,,,,,,,,,,,,,,,,,,,,,,,,,,,,,,,,,,,,,,,,,,grid,30.022192448471742,1.0,1.0802549346622605,0.8369278907775879,0.886777682892115,0.0016917013272177428,1.6965632177625471,1.0,False,1.6476180562107823,False
56,000056.jpg,,,,29.022192448471742,28.849339497087044,-0.17285295138469792,,True,,,,,,,,,,,,,,,,,,,,,,,,,,,,,,,,,,,,,,,,,,,,,grid,31.022192448471742,2.0,1.2179451789846465,0.9436034560203552,0.8408233703387418,0.0035418812185525894,3.552060461501829,2.0,False,2.325136924021362,False
56,000056.jpg,,,,29.022192448471742,28.849339497087044,-0.17285295138469792,,True,,,,,,,,,,,,,,,,,,,,,,,,,,,,,,,,,,,,,,,,,,,,,grid,32.02219244847174,3.0,1.2407797291830824,0.9612945318222046,0.8338136920011386,0.0052408163125316305,5.255878235618763,3.0,False,2.8109355960866345,False
56,000056.jpg,,,,29.022192448471742,28.849339497087044,-0.17285295138469792,,True,,,,,,,,,,,,,,,,,,,,,,,,,,,,,,,,,,,,,,,,,,,,,clamped_raw_observation,28.849339497087044,-0.17285295138469792,0.9441014470208616,0.731442928314209,0.9246370623398804,0.000890259766795983,0.8928183422802995,,False,1.2478545587925969,False
57,000057.jpg,,,,29.522192448471742,29.845799332494693,0.3236068840229507,,True,,,,,,,,,,,,,,,,,,,,,,,,,,,,,,,,,,,,,,,,,,,,,prediction,29.522192448471742,0.0,0.8743699270754428,0.6911152005195618,0.9341380355519104,0.0008666655242753526,0.7541666314213702,,False,1.1287735493788749,True
57,000057.jpg,,,,29.522192448471742,29.845799332494693,0.3236068840229507,,True,,,,,,,,,,,,,,,,,,,,,,,,,,,,,,,,,,,,,,,,,,,,,grid,26.522192448471742,-3.0,1.2454057453586522,0.9843875169754028,0.8297109847201669,0.0052570917177945375,4.5746865899590565,-3.0,False,2.649366408128249,False
57,000057.jpg,,,,29.522192448471742,29.845799332494693,0.3236068840229507,,True,,,,,,,,,,,,,,,,,,,,,,,,,,,,,,,,,,,,,,,,,,,,,grid,27.522192448471742,-2.0,1.1890478558687094,0.9398413896560669,0.8434931445789577,0.0035359493922442198,3.076959873597113,-2.0,False,2.17479467968903,False
57,000057.jpg,,,,29.522192448471742,29.845799332494693,0.3236068840229507,,True,,,,,,,,,,,,,,,,,,,,,,,,,,,,,,,,,,,,,,,,,,,,,grid,28.522192448471742,-1.0,1.0388668547123079,0.8211360573768616,0.8947884536523615,0.0015076355387767155,1.3119345166534322,-1.0,False,1.5020620302233045,False
57,000057.jpg,,,,29.522192448471742,29.845799332494693,0.3236068840229507,,True,,,,,,,,,,,,,,,,,,,,,,,,,,,,,,,,,,,,,,,,,,,,,grid,29.022192448471742,-0.5,0.9470569449508388,0.7485681176185608,0.9484194198299071,0.0007597874694814285,0.6611620520316478,-0.5,False,1.1789280381288436,False
57,000057.jpg,,,,29.522192448471742,29.845799332494693,0.3236068840229507,,True,,,,,,,,,,,,,,,,,,,,,,,,,,,,,,,,,,,,,,,,,,,,,grid,30.022192448471742,0.5,1.0383666648694119,0.8207406997680664,0.8917574482500401,0.001680242654401809,1.4621360918910982,0.5,False,1.5271432395921463,False
57,000057.jpg,,,,29.522192448471742,29.845799332494693,0.3236068840229507,,True,,,,,,,,,,,,,,,,,,,,,,,,,,,,,,,,,,,,,,,,,,,,,grid,30.522192448471742,1.0,1.1318076022370922,0.8945978283882141,0.8606807281544743,0.0026292658876627684,2.2879698592692033,1.0,False,1.873119338899919,False
57,000057.jpg,,,,29.522192448471742,29.845799332494693,0.3236068840229507,,True,,,,,,,,,,,,,,,,,,,,,,,,,,,,,,,,,,,,,,,,,,,,,grid,31.522192448471742,2.0,1.2025654995696013,0.9505259394645691,0.837698575427461,0.0043976081845661,3.826769679846584,2.0,False,2.381559344103786,False
57,000057.jpg,,,,29.522192448471742,29.845799332494693,0.3236068840229507,,True,,,,,,,,,,,,,,,,,,,,,,,,,,,,,,,,,,,,,,,,,,,,,grid,32.52219244847174,3.0,1.2263682922019628,0.9693400263786316,0.8277675753739726,0.005894631613045931,5.129469608010338,3.0,False,2.7709681188305746,False
57,000057.jpg,,,,29.522192448471742,29.845799332494693,0.3236068840229507,,True,,,,,,,,,,,,,,,,,,,,,,,,,,,,,,,,,,,,,,,,,,,,,clamped_raw_observation,29.845799332494693,0.3236068840229507,0.9865042249941841,0.7797478437423706,0.906876816374561,0.0013887798801685374,1.2085071053082692,,False,1.391462391467379,False
58,000058.jpg,,,,29.522192448471742,29.842537958389187,0.3203455099174448,,True,,,,,,,,,,,,,,,,,,,,,,,,,,,,,,,,,,,,,,,,,,,,,prediction,29.522192448471742,0.0,0.8583457770709653,0.6903754472732544,0.9348918427711058,0.0008285128666708866,0.6738821004102167,,False,1.0919244594024136,True
58,000058.jpg,,,,29.522192448471742,29.842537958389187,0.3203455099174448,,True,,,,,,,,,,,,,,,,,,,,,,,,,,,,,,,,,,,,,,,,,,,,,grid,26.522192448471742,-3.0,1.2245796116368153,0.9849407076835632,0.829050996044332,0.005277828391020496,4.2927928156828274,-3.0,False,2.55872681951319,False
58,000058.jpg,,,,29.522192448471742,29.842537958389187,0.3203455099174448,,True,,,,,,,,,,,,,,,,,,,,,,,,,,,,,,,,,,,,,,,,,,,,,grid,27.522192448471742,-2.0,1.1665243325401453,0.9382463097572327,0.8439471152132854,0.0035267104394733906,2.8684974417362037,-2.0,False,2.099701577760911,False
58,000058.jpg,,,,29.522192448471742,29.842537958389187,0.3203455099174448,,True,,,,,,,,,,,,,,,,,,,,,,,,,,,,,,,,,,,,,,,,,,,,,grid,28.522192448471742,-1.0,1.0115268410494387,0.8135803937911987,0.9002352018816151,0.0014861934469081461,1.2088154594902614,-1.0,False,1.443495504040389,False
58,000058.jpg,,,,29.522192448471742,29.842537958389187,0.3203455099174448,,True,,,,,,,,,,,,,,,,,,,,,,,,,,,,,,,,,,,,,,,,,,,,,grid,29.022192448471742,-0.5,0.894991429568692,0.7198498845100403,0.9511421545917822,0.0006803951206772277,0.553408536518199,-0.5,False,1.0972014091064595,False
58,000058.jpg,,,,29.522192448471742,29.842537958389187,0.3203455099174448,,True,,,,,,,,,,,,,,,,,,,,,,,,,,,,,,,,,,,,,,,,,,,,,grid,30.022192448471742,0.5,1.0238734495967488,0.8235108852386475,0.8904885784540821,0.0016795220338584234,1.3660618698772033,0.5,False,1.4899003386119674,False
58,000058.jpg,,,,29.522192448471742,29.842537958389187,0.3203455099174448,,True,,,,,,,,,,,,,,,,,,,,,,,,,,,,,,,,,,,,,,,,,,,,,grid,30.522192448471742,1.0,1.1012445466786522,0.8857411742210388,0.8642243683404013,0.002643624320626259,2.150227451551243,1.0,False,1.804577041226062,False
58,000058.jpg,,,,29.522192448471742,29.842537958389187,0.3203455099174448,,True,,,,,,,,,,,,,,,,,,,,,,,,,,,,,,,,,,,,,,,,,,,,,grid,31.522192448471742,2.0,1.1856959390309967,0.9536662101745605,0.8361605074658779,0.004417564137838781,3.5930852973538405,2.0,False,2.3078067559035786,False
58,000058.jpg,,,,29.522192448471742,29.842537958389187,0.3203455099174448,,True,,,,,,,,,,,,,,,,,,,,,,,,,,,,,,,,,,,,,,,,,,,,,grid,32.52219244847174,3.0,1.2100129908915547,0.9732246398925781,0.8291044510174264,0.005954971459383766,4.843556251645401,3.0,False,2.6817976027854784,False
58,000058.jpg,,,,29.522192448471742,29.842537958389187,0.3203455099174448,,True,,,,,,,,,,,,,,,,,,,,,,,,,,,,,,,,,,,,,,,,,,,,,clamped_raw_observation,29.842537958389187,0.3203455099174448,0.9739180988389715,0.7833313345909119,0.9050461494601048,0.001365920645184815,1.1109899560998164,,False,1.356229803701344,False
59,000059.jpg,,,,29.522192448471742,29.83976165932347,0.3175692108517296,,True,,,,,,,,,,,,,,,,,,,,,,,,,,,,,,,,,,,,,,,,,,,,,prediction,29.522192448471742,0.0,0.842208313963144,0.6834230422973633,0.9394435060894302,0.0007891260902397335,0.658457101226373,,False,1.0673790831803072,False
59,000059.jpg,,,,29.522192448471742,29.83976165932347,0.3175692108517296,,True,,,,,,,,,,,,,,,,,,,,,,,,,,,,,,,,,,,,,,,,,,,,,grid,26.522192448471742,-3.0,1.2233348241860131,0.992694079875946,0.827060183127389,0.005236854039443036,4.369699307888452,-3.0,False,2.578699468030737,False
59,000059.jpg,,,,29.522192448471742,29.83976165932347,0.3175692108517296,,True,,,,,,,,,,,,,,,,,,,,,,,,,,,,,,,,,,,,,,,,,,,,,grid,27.522192448471742,-2.0,1.160944732947739,0.9420666694641113,0.842617121521913,0.0034923398246367774,2.9140538956571014,-2.0,False,2.1068410853401014,False
59,000059.jpg,,,,29.522192448471742,29.83976165932347,0.3175692108517296,,True,,,,,,,,,,,,,,,,,,,,,,,,,,,,,,,,,,,,,,,,,,,,,grid,28.522192448471742,-1.0,1.0124998778842544,0.8216087818145752,0.8947106409458618,0.0014732247703553487,1.2292779617112557,-1.0,False,1.4551087273662067,False
59,000059.jpg,,,,29.522192448471742,29.83976165932347,0.3175692108517296,,True,,,,,,,,,,,,,,,,,,,,,,,,,,,,,,,,,,,,,,,,,,,,,grid,29.022192448471742,-0.5,0.8610336038291972,0.6986991167068481,0.9555338252289093,0.0006391172161481032,0.5332877403165094,-0.5,False,1.0538217136794152,True
59,000059.jpg,,,,29.522192448471742,29.83976165932347,0.3175692108517296,,True,,,,,,,,,,,,,,,,,,,,,,,,,,,,,,,,,,,,,,,,,,,,,grid,30.022192448471742,0.5,1.007752238060257,0.8177562355995178,0.89085252022402,0.0016895429386446874,1.4097766624843162,0.5,False,1.4843438834573162,False
59,000059.jpg,,,,29.522192448471742,29.83976165932347,0.3175692108517296,,True,,,,,,,,,,,,,,,,,,,,,,,,,,,,,,,,,,,,,,,,,,,,,grid,30.522192448471742,1.0,1.1033391549796083,0.8953217267990112,0.8611254333718553,0.002659843109237651,2.2194077791718945,1.0,False,1.8270656664007268,False
59,000059.jpg,,,,29.522192448471742,29.83976165932347,0.3175692108517296,,True,,,,,,,,,,,,,,,,,,,,,,,,,,,,,,,,,,,,,,,,,,,,,grid,31.522192448471742,2.0,1.171651914962194,0.9507551789283752,0.839896879722642,0.004415218252688646,3.684115691909175,2.0,False,2.312783958216846,False
59,000059.jpg,,,,29.522192448471742,29.83976165932347,0.3175692108517296,,True,,,,,,,,,,,,,,,,,,,,,,,,,,,,,,,,,,,,,,,,,,,,,grid,32.52219244847174,3.0,1.1965960667491642,0.9709964990615845,0.830918303849231,0.005964265670627356,4.976661059618731,3.0,False,2.699843027804616,False
59,000059.jpg,,,,29.522192448471742,29.83976165932347,0.3175692108517296,,True,,,,,,,,,,,,,,,,,,,,,,,,,,,,,,,,,,,,,,,,,,,,,clamped_raw_observation,29.83976165932347,0.3175692108517296,0.9556074558695732,0.7754425406455994,0.9084007467330429,0.0013380979265396793,1.1165263609503377,,False,1.3358653756996666,False
60,000060.jpg,,,,29.022192448471742,28.84448937311899,-0.17770307535275265,,True,,,,,,,,,,,,,,,,,,,,,,,,,,,,,,,,,,,,,,,,,,,,,prediction,29.022192448471742,0.0,0.9518860033904223,0.7269776463508606,0.9485077951002228,0.0007044209633022547,0.6582199985017372,,False,1.1679332079156337,False
60,000060.jpg,,,,29.022192448471742,28.84448937311899,-0.17770307535275265,,True,,,,,,,,,,,,,,,,,,,,,,,,,,,,,,,,,,,,,,,,,,,,,grid,26.022192448471742,-3.0,1.3323349842150485,1.0175354480743408,0.8191180400890868,0.005968863144516945,5.577382410118917,-3.0,False,2.9975625466556908,False
60,000060.jpg,,,,29.022192448471742,28.84448937311899,-0.17770307535275265,,True,,,,,,,,,,,,,,,,,,,,,,,,,,,,,,,,,,,,,,,,,,,,,grid,27.022192448471742,-2.0,1.2740017230731577,0.9729849696159363,0.8334075723830735,0.0044163172521318,4.126663581183183,-2.0,False,2.5322600459858804,False
60,000060.jpg,,,,29.022192448471742,28.84448937311899,-0.17770307535275265,,True,,,,,,,,,,,,,,,,,,,,,,,,,,,,,,,,,,,,,,,,,,,,,grid,28.022192448471742,-1.0,1.1797017486640486,0.9009658694267273,0.8605790645879733,0.002503209786179165,2.339031385415202,-1.0,False,1.933880530429876,False
60,000060.jpg,,,,29.022192448471742,28.84448937311899,-0.17770307535275265,,True,,,,,,,,,,,,,,,,,,,,,,,,,,,,,,,,,,,,,,,,,,,,,grid,28.522192448471742,-0.5,1.0675967890182845,0.8153486847877502,0.8979599109131403,0.0014674888419297834,1.371240428178277,-0.5,False,1.5274469851497134,False
60,000060.jpg,,,,29.022192448471742,28.84448937311899,-0.17770307535275265,,True,,,,,,,,,,,,,,,,,,,,,,,,,,,,,,,,,,,,,,,,,,,,,grid,29.522192448471742,0.5,0.8904230676087299,0.6800369620323181,0.9379599109131403,0.0008212267324173202,0.7673648098819789,0.5,False,1.159304359166084,True
60,000060.jpg,,,,29.022192448471742,28.84448937311899,-0.17770307535275265,,True,,,,,,,,,,,,,,,,,,,,,,,,,,,,,,,,,,,,,,,,,,,,,grid,30.022192448471742,1.0,1.0884662034395438,0.831287145614624,0.8878396436525613,0.001681737252511084,1.5714368956864608,1.0,False,1.6234857837085979,False
60,000060.jpg,,,,29.022192448471742,28.84448937311899,-0.17770307535275265,,True,,,,,,,,,,,,,,,,,,,,,,,,,,,,,,,,,,,,,,,,,,,,,grid,31.022192448471742,2.0,1.2274223994671725,0.9374112486839294,0.8426726057906458,0.0035586804151535034,3.3252767018028395,2.0,False,2.276068969127236,False
60,000060.jpg,,,,29.022192448471742,28.84448937311899,-0.17770307535275265,,True,,,,,,,,,,,,,,,,,,,,,,,,,,,,,,,,,,,,,,,,,,,,,grid,32.02219244847174,3.0,1.265297152074903,0.9663370847702026,0.8305389755011136,0.005203764846858879,4.862464730813443,3.0,False,2.74037435927715,False
60,000060.jpg,,,,29.022192448471742,28.84448937311899,-0.17770307535275265,,True,,,,,,,,,,,,,,,,,,,,,,,,,,,,,,,,,,,,,,,,,,,,,clamped_raw_observation,28.84448937311899,-0.17770307535275265,0.9550868548904395,0.7294222116470337,0.9250244988864142,0.0008840847488803168,0.8261001480640465,,False,1.2419184852806195,False
61,000061.jpg,,,,29.522192448471742,29.84102971385289,0.3188372653811484,,True,,,,,,,,,,,,,,,,,,,,,,,,,,,,,,,,,,,,,,,,,,,,,prediction,29.522192448471742,0.0,0.8881771111345557,0.7080304622650146,0.9293935566505969,0.0008718589961063117,0.7595527294988871,,False,1.1486717368586805,True
61,000061.jpg,,,,29.522192448471742,29.84102971385289,0.3188372653811484,,True,,,,,,,,,,,,,,,,,,,,,,,,,,,,,,,,,,,,,,,,,,,,,grid,26.522192448471742,-3.0,1.2530981535757624,0.9989355206489563,0.8237596285556722,0.0052856529752413435,4.604795227735349,-3.0,False,2.670537331953927,False
61,000061.jpg,,,,29.522192448471742,29.84102971385289,0.3188372653811484,,True,,,,,,,,,,,,,,,,,,,,,,,,,,,,,,,,,,,,,,,,,,,,,grid,27.522192448471742,-2.0,1.1903911199486001,0.9489471912384033,0.8418871079643498,0.003506931670320531,3.055195317424066,-2.0,False,2.1723028413402665,False
61,000061.jpg,,,,29.522192448471742,29.84102971385289,0.3188372653811484,,True,,,,,,,,,,,,,,,,,,,,,,,,,,,,,,,,,,,,,,,,,,,,,grid,28.522192448471742,-1.0,1.0330663119973722,0.8235321640968323,0.8941348086741501,0.0014902964661208291,1.2983277727934277,-1.0,False,1.4935134465215791,False
61,000061.jpg,,,,29.522192448471742,29.84102971385289,0.3188372653811484,,True,,,,,,,,,,,,,,,,,,,,,,,,,,,,,,,,,,,,,,,,,,,,,grid,29.022192448471742,-0.5,0.9346399002806643,0.7450693249702454,0.9435717716542437,0.0007342016130375365,0.6396273269825236,-0.5,False,1.1659749603720515,False
61,000061.jpg,,,,29.522192448471742,29.84102971385289,0.3188372653811484,,True,,,,,,,,,,,,,,,,,,,,,,,,,,,,,,,,,,,,,,,,,,,,,grid,30.022192448471742,0.5,1.0362195150309133,0.8260458111763,0.8905413338551581,0.0017105344547114025,1.4901963732441788,0.5,False,1.5332272744867996,False
61,000061.jpg,,,,29.522192448471742,29.84102971385289,0.3188372653811484,,True,,,,,,,,,,,,,,,,,,,,,,,,,,,,,,,,,,,,,,,,,,,,,grid,30.522192448471742,1.0,1.1157877956866198,0.8894754648208618,0.86471100990874,0.002662191982381046,2.319268592396346,1.0,False,1.8608939338769666,False
61,000061.jpg,,,,29.522192448471742,29.84102971385289,0.3188372653811484,,True,,,,,,,,,,,,,,,,,,,,,,,,,,,,,,,,,,,,,,,,,,,,,grid,31.522192448471742,2.0,1.2017625995217558,0.9580122232437134,0.8386672122106986,0.004434447347496946,3.8632354562522613,2.0,False,2.3889042513741225,False
61,000061.jpg,,,,29.522192448471742,29.84102971385289,0.3188372653811484,,True,,,,,,,,,,,,,,,,,,,,,,,,,,,,,,,,,,,,,,,,,,,,,grid,32.52219244847174,3.0,1.2251025976091376,0.976618230342865,0.8288474196360273,0.005943902612974246,5.178254137105499,3.0,False,2.780818712249485,False
61,000061.jpg,,,,29.522192448471742,29.84102971385289,0.3188372653811484,,True,,,,,,,,,,,,,,,,,,,,,,,,,,,,,,,,,,,,,,,,,,,,,clamped_raw_observation,29.84102971385289,0.3188372653811484,0.9898038310235491,0.7890444993972778,0.905609022823902,0.0013746292194506775,1.197559904004675,,False,1.3931499021622502,False
62,000062.jpg,,,,29.522192448471742,29.847601854497697,0.3254094060259547,,True,,,,,,,,,,,,,,,,,,,,,,,,,,,,,,,,,,,,,,,,,,,,,prediction,29.522192448471742,0.0,0.8582244596238643,0.6884770393371582,0.934581442709636,0.0008425095681256304,0.7264693145744432,,False,1.1052603455578391,True
62,000062.jpg,,,,29.522192448471742,29.847601854497697,0.3254094060259547,,True,,,,,,,,,,,,,,,,,,,,,,,,,,,,,,,,,,,,,,,,,,,,,grid,26.522192448471742,-3.0,1.2454208252017667,0.9990901947021484,0.8251098645896602,0.005210520583204925,4.492866858566607,-3.0,False,2.633527675253758,False
62,000062.jpg,,,,29.522192448471742,29.847601854497697,0.3254094060259547,,True,,,,,,,,,,,,,,,,,,,,,,,,,,,,,,,,,,,,,,,,,,,,,grid,27.522192448471742,-2.0,1.1814993179960331,0.9478116631507874,0.8396155632569938,0.003479589785759648,3.000340058196361,-2.0,False,2.1519687692881297,False
62,000062.jpg,,,,29.522192448471742,29.847601854497697,0.3254094060259547,,True,,,,,,,,,,,,,,,,,,,,,,,,,,,,,,,,,,,,,,,,,,,,,grid,28.522192448471742,-1.0,1.0216020428467005,0.8195403218269348,0.8972632105470006,0.001471796480473131,1.2690834867800076,-1.0,False,1.4716097039947018,False
62,000062.jpg,,,,29.522192448471742,29.847601854497697,0.3254094060259547,,True,,,,,,,,,,,,,,,,,,,,,,,,,,,,,,,,,,,,,,,,,,,,,grid,29.022192448471742,-0.5,0.916125177262334,0.7349256277084351,0.9488906356068455,0.0007017031457507983,0.6050563965254571,-0.5,False,1.1334986407868526,False
62,000062.jpg,,,,29.522192448471742,29.847601854497697,0.3254094060259547,,True,,,,,,,,,,,,,,,,,,,,,,,,,,,,,,,,,,,,,,,,,,,,,grid,30.022192448471742,0.5,1.03059566831262,0.8267551064491272,0.8891707456500768,0.0017032456526067108,1.4686547768874592,0.5,False,1.523588616884408,False
62,000062.jpg,,,,29.522192448471742,29.847601854497697,0.3254094060259547,,True,,,,,,,,,,,,,,,,,,,,,,,,,,,,,,,,,,,,,,,,,,,,,grid,30.522192448471742,1.0,1.1179076305537183,0.8967977166175842,0.8620708135338883,0.002648331457749009,2.283572331596325,1.0,False,1.8567298999189112,False
62,000062.jpg,,,,29.522192448471742,29.847601854497697,0.3254094060259547,,True,,,,,,,,,,,,,,,,,,,,,,,,,,,,,,,,,,,,,,,,,,,,,grid,31.522192448471742,2.0,1.2037848508187836,0.9656893610954285,0.8344885490728501,0.004438259988091886,3.826971008323914,2.0,False,2.386039053826912,False
62,000062.jpg,,,,29.522192448471742,29.847601854497697,0.3254094060259547,,True,,,,,,,,,,,,,,,,,,,,,,,,,,,,,,,,,,,,,,,,,,,,,grid,32.52219244847174,3.0,1.2130462551599814,0.9731189608573914,0.8318982457393976,0.0059101594767222805,5.096143315775204,3.0,False,2.745183838364385,False
62,000062.jpg,,,,29.522192448471742,29.847601854497697,0.3254094060259547,,True,,,,,,,,,,,,,,,,,,,,,,,,,,,,,,,,,,,,,,,,,,,,,clamped_raw_observation,29.847601854497697,0.3254094060259547,0.975693271632246,0.7827118039131165,0.9085176319268284,0.001374841221453001,1.1854820379306592,,False,1.3733084313688608,False
63,000063.jpg,,,,29.522192448471742,29.842437263008208,0.3202448145364656,,True,,,,,,,,,,,,,,,,,,,,,,,,,,,,,,,,,,,,,,,,,,,,,prediction,29.522192448471742,0.0,0.8566232378674568,0.6923666596412659,0.9364897930024468,0.0007689526440420499,0.6469103939518757,,False,1.081861043352979,False
63,000063.jpg,,,,29.522192448471742,29.842437263008208,0.3202448145364656,,True,,,,,,,,,,,,,,,,,,,,,,,,,,,,,,,,,,,,,,,,,,,,,grid,26.522192448471742,-3.0,1.230021482716741,0.9941661953926086,0.8264185315497133,0.005278567783534527,4.440794099358432,-3.0,False,2.6038014760066357,False
63,000063.jpg,,,,29.522192448471742,29.842437263008208,0.3202448145364656,,True,,,,,,,,,,,,,,,,,,,,,,,,,,,,,,,,,,,,,,,,,,,,,grid,27.522192448471742,-2.0,1.1715545851341607,0.9469102621078491,0.8441535246736083,0.0034958754355708757,2.9410369712028324,-2.0,False,2.1226603032612608,False
63,000063.jpg,,,,29.522192448471742,29.842437263008208,0.3202448145364656,,True,,,,,,,,,,,,,,,,,,,,,,,,,,,,,,,,,,,,,,,,,,,,,grid,28.522192448471742,-1.0,1.0199730785741188,0.8243943452835083,0.8966262435034202,0.001448305449836577,1.2184415469220928,-1.0,False,1.4579572218012218,False
63,000063.jpg,,,,29.522192448471742,29.842437263008208,0.3202448145364656,,True,,,,,,,,,,,,,,,,,,,,,,,,,,,,,,,,,,,,,,,,,,,,,grid,29.022192448471742,-0.5,0.8583986537664665,0.6938016414642334,0.9527602650425961,0.0006097524213449409,0.5129772062839739,-0.5,False,1.0488826902948638,True
63,000063.jpg,,,,29.522192448471742,29.842437263008208,0.3202448145364656,,True,,,,,,,,,,,,,,,,,,,,,,,,,,,,,,,,,,,,,,,,,,,,,grid,30.022192448471742,0.5,1.0260457015282145,0.8293025493621826,0.8877855369612974,0.0016810637898743153,1.4142582732394597,0.5,False,1.506824732876782,False
63,000063.jpg,,,,29.522192448471742,29.842437263008208,0.3202448145364656,,True,,,,,,,,,,,,,,,,,,,,,,,,,,,,,,,,,,,,,,,,,,,,,grid,30.522192448471742,1.0,1.1194585361295846,0.9048035740852356,0.8587808754978479,0.002653728355653584,2.2325489993415575,1.0,False,1.848814910467126,False
63,000063.jpg,,,,29.522192448471742,29.842437263008208,0.3202448145364656,,True,,,,,,,,,,,,,,,,,,,,,,,,,,,,,,,,,,,,,,,,,,,,,grid,31.522192448471742,2.0,1.2038694405976076,0.9730287790298462,0.830847814827383,0.004430825084758301,3.7275986022308296,2.0,False,2.364921276327932,False
63,000063.jpg,,,,29.522192448471742,29.842437263008208,0.3202448145364656,,True,,,,,,,,,,,,,,,,,,,,,,,,,,,,,,,,,,,,,,,,,,,,,grid,32.52219244847174,3.0,1.2098489233531386,0.9778617024421692,0.8265614116554446,0.005904808485259612,4.967642692962488,3.0,False,2.715198184938316,False
63,000063.jpg,,,,29.522192448471742,29.842437263008208,0.3202448145364656,,True,,,,,,,,,,,,,,,,,,,,,,,,,,,,,,,,,,,,,,,,,,,,,clamped_raw_observation,29.842437263008208,0.3202448145364656,0.9788645494466418,0.7911683320999146,0.9051990498472969,0.001320821912183116,1.1111912159624797,,False,1.3610706480260588,False
64,000064.jpg,,,,29.022192448471742,28.854379846203017,-0.1678126022687252,,True,,,,,,,,,,,,,,,,,,,,,,,,,,,,,,,,,,,,,,,,,,,,,prediction,29.022192448471742,0.0,0.8208035489651894,0.6352947950363159,0.9502921880041587,0.0005500014085555449,0.5170296769457423,,False,0.9997687801974662,True
64,000064.jpg,,,,29.022192448471742,28.854379846203017,-0.1678126022687252,,True,,,,,,,,,,,,,,,,,,,,,,,,,,,,,,,,,,,,,,,,,,,,,grid,26.022192448471742,-3.0,1.3134186890696404,1.0165746212005615,0.8183952963109024,0.005875490761051576,5.523264200472317,-3.0,False,2.9658394428768173,False
64,000064.jpg,,,,29.022192448471742,28.854379846203017,-0.1678126022687252,,True,,,,,,,,,,,,,,,,,,,,,,,,,,,,,,,,,,,,,,,,,,,,,grid,27.022192448471742,-2.0,1.2547911623028876,0.9711974263191223,0.8337037966514896,0.004311721577929954,4.053240555095731,-2.0,False,2.4943975044253306,False
64,000064.jpg,,,,29.022192448471742,28.854379846203017,-0.1678126022687252,,True,,,,,,,,,,,,,,,,,,,,,,,,,,,,,,,,,,,,,,,,,,,,,grid,28.022192448471742,-1.0,1.1626862406211151,0.8999090194702148,0.8632094073781953,0.002441554155666381,2.2951867699121316,-1.0,False,1.9032735257209528,False
64,000064.jpg,,,,29.022192448471742,28.854379846203017,-0.1678126022687252,,True,,,,,,,,,,,,,,,,,,,,,,,,,,,,,,,,,,,,,,,,,,,,,grid,28.522192448471742,-0.5,1.047750326731852,0.8109496235847473,0.9002258631197791,0.0013822068091637145,1.2993456542065358,-0.5,False,1.4873608771637068,False
64,000064.jpg,,,,29.022192448471742,28.854379846203017,-0.1678126022687252,,True,,,,,,,,,,,,,,,,,,,,,,,,,,,,,,,,,,,,,,,,,,,,,grid,29.522192448471742,0.5,0.867188652133597,0.671196460723877,0.9436776252106264,0.0007353815017268062,0.6912965209820685,0.5,False,1.1113351571684877,False
64,000064.jpg,,,,29.022192448471742,28.854379846203017,-0.1678126022687252,,True,,,,,,,,,,,,,,,,,,,,,,,,,,,,,,,,,,,,,,,,,,,,,grid,30.022192448471742,1.0,1.0739421654395596,0.831221878528595,0.886638224644176,0.0016887276724446565,1.5874910670255478,1.0,False,1.6141767075517706,False
64,000064.jpg,,,,29.022192448471742,28.854379846203017,-0.1678126022687252,,True,,,,,,,,,,,,,,,,,,,,,,,,,,,,,,,,,,,,,,,,,,,,,grid,31.022192448471742,2.0,1.2115030712524564,0.9376928210258484,0.8441723729968093,0.0036342827370390296,3.4164131222784193,2.0,False,2.281433978825252,False
64,000064.jpg,,,,29.022192448471742,28.854379846203017,-0.1678126022687252,,True,,,,,,,,,,,,,,,,,,,,,,,,,,,,,,,,,,,,,,,,,,,,,grid,32.02219244847174,3.0,1.2463365256061434,0.9646536111831665,0.8340264582511742,0.00525821039142708,4.942988831850839,3.0,False,2.738057275317679,False
64,000064.jpg,,,,29.022192448471742,28.854379846203017,-0.1678126022687252,,True,,,,,,,,,,,,,,,,,,,,,,,,,,,,,,,,,,,,,,,,,,,,,clamped_raw_observation,28.854379846203017,-0.1678126022687252,0.8748913685419007,0.6771582961082458,0.9357186390850751,0.0007739787106402218,0.7275798870700214,,False,1.1261020792923928,False
65,000065.jpg,,,,29.022192448471742,28.84595437714583,-0.17623807132591196,,True,,,,,,,,,,,,,,,,,,,,,,,,,,,,,,,,,,,,,,,,,,,,,prediction,29.022192448471742,0.0,0.8037674225601796,0.5862745046615601,0.9599034248412769,0.00041785802265318733,0.5575304558252874,,False,0.9832466116752245,True
65,000065.jpg,,,,29.022192448471742,28.84595437714583,-0.17623807132591196,,True,,,,,,,,,,,,,,,,,,,,,,,,,,,,,,,,,,,,,,,,,,,,,grid,26.022192448471742,-3.0,1.3969033387544028,1.018912672996521,0.8210855763212018,0.005865591500575344,7.826213033403771,-3.0,False,3.6223710207841435,False
65,000065.jpg,,,,29.022192448471742,28.84595437714583,-0.17623807132591196,,True,,,,,,,,,,,,,,,,,,,,,,,,,,,,,,,,,,,,,,,,,,,,,grid,27.022192448471742,-2.0,1.3514212697134809,0.985737681388855,0.8304569435750693,0.004333901296680172,5.782542955853116,-2.0,False,3.026600065101691,False
65,000065.jpg,,,,29.022192448471742,28.84595437714583,-0.17623807132591196,,True,,,,,,,,,,,,,,,,,,,,,,,,,,,,,,,,,,,,,,,,,,,,,grid,28.022192448471742,-1.0,1.2432423355280737,0.9068310856819153,0.8592864168827685,0.0024393549732243023,3.254729157779527,-1.0,False,2.2276382080901866,False
65,000065.jpg,,,,29.022192448471742,28.84595437714583,-0.17623807132591196,,True,,,,,,,,,,,,,,,,,,,,,,,,,,,,,,,,,,,,,,,,,,,,,grid,28.522192448471742,-0.5,1.1217681348007646,0.8182268142700195,0.8987570419386569,0.0013710511848330498,1.8293361634801195,-0.5,False,1.6953451337321377,False
65,000065.jpg,,,,29.022192448471742,28.84595437714583,-0.17623807132591196,,True,,,,,,,,,,,,,,,,,,,,,,,,,,,,,,,,,,,,,,,,,,,,,grid,29.522192448471742,0.5,0.920000003268658,0.6710554957389832,0.9478494142895466,0.0006737330598601451,0.898933799531603,0.5,False,1.211884038862012,False
65,000065.jpg,,,,29.022192448471742,28.84595437714583,-0.17623807132591196,,True,,,,,,,,,,,,,,,,,,,,,,,,,,,,,,,,,,,,,,,,,,,,,grid,30.022192448471742,1.0,1.1237176441670225,0.819648802280426,0.8910310292408119,0.0016662577205958466,2.2232178781385916,1.0,False,1.8184910844608584,False
65,000065.jpg,,,,29.022192448471742,28.84595437714583,-0.17623807132591196,,True,,,,,,,,,,,,,,,,,,,,,,,,,,,,,,,,,,,,,,,,,,,,,grid,31.022192448471742,2.0,1.2897948083577624,0.9407868385314941,0.842868639899848,0.003599916740010182,4.8032181080241605,2.0,False,2.7077306954639546,False
65,000065.jpg,,,,29.022192448471742,28.84595437714583,-0.17623807132591196,,True,,,,,,,,,,,,,,,,,,,,,,,,,,,,,,,,,,,,,,,,,,,,,grid,32.02219244847174,3.0,1.328072264799217,0.9687067270278931,0.8324778681927927,0.005256558341595034,7.013605601379355,3.0,False,3.338995796951263,False
65,000065.jpg,,,,29.022192448471742,28.84595437714583,-0.17623807132591196,,True,,,,,,,,,,,,,,,,,,,,,,,,,,,,,,,,,,,,,,,,,,,,,clamped_raw_observation,28.84595437714583,-0.17623807132591196,0.9749008738593814,0.7111006379127502,0.9381024769739783,0.0007295441658546528,0.9734002203691351,,False,1.2854355941174642,False
66,000066.jpg,,,,29.022192448471742,28.842053421551384,-0.180139026920358,,True,,,,,,,,,,,,,,,,,,,,,,,,,,,,,,,,,,,,,,,,,,,,,prediction,29.022192448471742,0.0,0.8698521623458,0.6542519927024841,0.9550630191922085,0.0005100047565065324,0.6166292775761956,,False,1.0689464625476404,True
66,000066.jpg,,,,29.022192448471742,28.842053421551384,-0.180139026920358,,True,,,,,,,,,,,,,,,,,,,,,,,,,,,,,,,,,,,,,,,,,,,,,grid,26.022192448471742,-3.0,1.3516043706704626,1.016597867012024,0.8212009452878831,0.005855449863399069,7.079623813479382,-3.0,False,3.390309378752425,False
66,000066.jpg,,,,29.022192448471742,28.842053421551384,-0.180139026920358,,True,,,,,,,,,,,,,,,,,,,,,,,,,,,,,,,,,,,,,,,,,,,,,grid,27.022192448471742,-2.0,1.296720095235363,0.975317120552063,0.8336436551131481,0.0042922213130320115,5.189577731748426,-2.0,False,2.8204708730593215,False
66,000066.jpg,,,,29.022192448471742,28.842053421551384,-0.180139026920358,,True,,,,,,,,,,,,,,,,,,,,,,,,,,,,,,,,,,,,,,,,,,,,,grid,28.022192448471742,-1.0,1.1879732704474784,0.8935241103172302,0.8615905184760814,0.002462282330573847,2.9770612044692473,-1.0,False,2.1006480530887086,False
66,000066.jpg,,,,29.022192448471742,28.842053421551384,-0.180139026920358,,True,,,,,,,,,,,,,,,,,,,,,,,,,,,,,,,,,,,,,,,,,,,,,grid,28.522192448471742,-0.5,1.0977622193858994,0.8256726264953613,0.8975042967631052,0.0014127381728030741,1.708093322240841,-0.5,False,1.6422812531830044,False
66,000066.jpg,,,,29.022192448471742,28.842053421551384,-0.180139026920358,,True,,,,,,,,,,,,,,,,,,,,,,,,,,,,,,,,,,,,,,,,,,,,,grid,29.522192448471742,0.5,0.912733672392443,0.6865049600601196,0.9429246634202234,0.0007164708125249793,0.8662603120762249,0.5,False,1.2013740869912757,False
66,000066.jpg,,,,29.022192448471742,28.842053421551384,-0.180139026920358,,True,,,,,,,,,,,,,,,,,,,,,,,,,,,,,,,,,,,,,,,,,,,,,grid,30.022192448471742,1.0,1.095417313252674,0.8239089250564575,0.8907727012317388,0.0016565266608571012,2.0028496305934715,1.0,False,1.7353570196693033,False
66,000066.jpg,,,,29.022192448471742,28.842053421551384,-0.180139026920358,,True,,,,,,,,,,,,,,,,,,,,,,,,,,,,,,,,,,,,,,,,,,,,,grid,31.022192448471742,2.0,1.2475542526009915,0.9383374452590942,0.8464623317101118,0.003578773350454867,4.326972243976827,2.0,False,2.5428349818850866,False
66,000066.jpg,,,,29.022192448471742,28.842053421551384,-0.180139026920358,,True,,,,,,,,,,,,,,,,,,,,,,,,,,,,,,,,,,,,,,,,,,,,,grid,32.02219244847174,3.0,1.2866984942041433,0.9677794575691223,0.8321397880263535,0.005225214719151457,6.317628093356022,3.0,False,3.123965729516795,False
66,000066.jpg,,,,29.022192448471742,28.842053421551384,-0.180139026920358,,True,,,,,,,,,,,,,,,,,,,,,,,,,,,,,,,,,,,,,,,,,,,,,clamped_raw_observation,28.842053421551384,-0.180139026920358,0.9673260826944342,0.7275661826133728,0.9335075909481524,0.0007883551200696578,0.9531731654659998,,False,1.2775159539203924,False
67,000067.jpg,,,,29.022192448471742,28.85037877546523,-0.17181367300651118,,True,,,,,,,,,,,,,,,,,,,,,,,,,,,,,,,,,,,,,,,,,,,,,prediction,29.022192448471742,0.0,0.8861512110714499,0.6771934032440186,0.9527619250804488,0.0005638430205484232,0.577015275167619,,False,1.0776431047829058,True
67,000067.jpg,,,,29.022192448471742,28.85037877546523,-0.17181367300651118,,True,,,,,,,,,,,,,,,,,,,,,,,,,,,,,,,,,,,,,,,,,,,,,grid,26.022192448471742,-3.0,1.3301513873435828,1.0164966583251953,0.8210926804985155,0.005859091334665815,5.995968869874595,-3.0,False,3.098050924313716,False
67,000067.jpg,,,,29.022192448471742,28.85037877546523,-0.17181367300651118,,True,,,,,,,,,,,,,,,,,,,,,,,,,,,,,,,,,,,,,,,,,,,,,grid,27.022192448471742,-2.0,1.279650747187153,0.9779042601585388,0.8300531583906697,0.00435109855607152,4.45274702198326,-2.0,False,2.6227843442922985,False
67,000067.jpg,,,,29.022192448471742,28.85037877546523,-0.17181367300651118,,True,,,,,,,,,,,,,,,,,,,,,,,,,,,,,,,,,,,,,,,,,,,,,grid,28.022192448471742,-1.0,1.1633781384336817,0.8890491724014282,0.8639394101018721,0.002476004883646965,2.533848229360542,-1.0,False,1.962900785671945,False
67,000067.jpg,,,,29.022192448471742,28.85037877546523,-0.17181367300651118,,True,,,,,,,,,,,,,,,,,,,,,,,,,,,,,,,,,,,,,,,,,,,,,grid,28.522192448471742,-0.5,1.0774490614483876,0.8233824968338013,0.8954966487101534,0.0014265289743586134,1.4598549218069565,-0.5,False,1.561916143189973,False
67,000067.jpg,,,,29.022192448471742,28.85037877546523,-0.17181367300651118,,True,,,,,,,,,,,,,,,,,,,,,,,,,,,,,,,,,,,,,,,,,,,,,grid,29.522192448471742,0.5,0.903872956149967,0.6907362937927246,0.9398367912955358,0.000733049469999969,0.7501746518598318,0.5,False,1.166579827819389,False
67,000067.jpg,,,,29.022192448471742,28.85037877546523,-0.17181367300651118,,True,,,,,,,,,,,,,,,,,,,,,,,,,,,,,,,,,,,,,,,,,,,,,grid,30.022192448471742,1.0,1.0816505779347068,0.826593279838562,0.8895229967820506,0.001671651368572687,1.7107037584381308,1.0,False,1.6498035207621888,False
67,000067.jpg,,,,29.022192448471742,28.85037877546523,-0.17181367300651118,,True,,,,,,,,,,,,,,,,,,,,,,,,,,,,,,,,,,,,,,,,,,,,,grid,31.022192448471742,2.0,1.2276831485010824,0.9381908178329468,0.843636105036713,0.003575896106970807,3.6594346315179336,2.0,False,2.358905701343853,False
67,000067.jpg,,,,29.022192448471742,28.85037877546523,-0.17181367300651118,,True,,,,,,,,,,,,,,,,,,,,,,,,,,,,,,,,,,,,,,,,,,,,,grid,32.02219244847174,3.0,1.270959907059348,0.9712627530097961,0.8304442903621526,0.005223162705078721,5.345183953123726,3.0,False,2.866811604978127,False
67,000067.jpg,,,,29.022192448471742,28.85037877546523,-0.17181367300651118,,True,,,,,,,,,,,,,,,,,,,,,,,,,,,,,,,,,,,,,,,,,,,,,clamped_raw_observation,28.85037877546523,-0.17181367300651118,0.9494641054169752,0.7255768775939941,0.9353387736234822,0.0007936991945219537,0.812241248782242,,False,1.2223400541792488,False
68,000068.jpg,,,,29.022192448471742,28.84312653204637,-0.1790659164253725,,True,,,,,,,,,,,,,,,,,,,,,,,,,,,,,,,,,,,,,,,,,,,,,prediction,29.022192448471742,0.0,0.9276163926845962,0.7231791615486145,0.9456869009584664,0.0006384983522972713,0.6159867981574804,,False,1.1359261912654999,True
68,000068.jpg,,,,29.022192448471742,28.84312653204637,-0.1790659164253725,,True,,,,,,,,,,,,,,,,,,,,,,,,,,,,,,,,,,,,,,,,,,,,,grid,26.022192448471742,-3.0,1.2859282270341617,1.0025227069854736,0.8220143859210738,0.005877325932184855,5.670108888564394,-3.0,False,2.9714410632541863,False
68,000068.jpg,,,,29.022192448471742,28.84312653204637,-0.1790659164253725,,True,,,,,,,,,,,,,,,,,,,,,,,,,,,,,,,,,,,,,,,,,,,,,grid,27.022192448471742,-2.0,1.259307714373615,0.9817690849304199,0.8306173809056348,0.004353192479660113,4.199711851504673,-2.0,False,2.5386182963441484,False
68,000068.jpg,,,,29.022192448471742,28.84312653204637,-0.1790659164253725,,True,,,,,,,,,,,,,,,,,,,,,,,,,,,,,,,,,,,,,,,,,,,,,grid,28.022192448471742,-1.0,1.1521116558743603,0.8981979489326477,0.8615310475306549,0.0025144358708833656,2.425784335550868,-1.0,False,1.9270266922314225,False
68,000068.jpg,,,,29.022192448471742,28.84312653204637,-0.1790659164253725,,True,,,,,,,,,,,,,,,,,,,,,,,,,,,,,,,,,,,,,,,,,,,,,grid,28.522192448471742,-0.5,1.062795152300269,0.8285658955574036,0.8932300497974192,0.0014667853829450905,1.4150708899619526,-0.5,False,1.538332824993338,False
68,000068.jpg,,,,29.022192448471742,28.84312653204637,-0.1790659164253725,,True,,,,,,,,,,,,,,,,,,,,,,,,,,,,,,,,,,,,,,,,,,,,,grid,29.522192448471742,0.5,0.8865655663957733,0.6911755204200745,0.9333892587502454,0.0008035214511134351,0.7751916729955398,0.5,False,1.1619742258944128,False
68,000068.jpg,,,,29.022192448471742,28.84312653204637,-0.1790659164253725,,True,,,,,,,,,,,,,,,,,,,,,,,,,,,,,,,,,,,,,,,,,,,,,grid,30.022192448471742,1.0,1.0591072202945513,0.825690746307373,0.8893747657379478,0.0017133101549309988,1.6529039312152864,1.0,False,1.612958437360425,False
68,000068.jpg,,,,29.022192448471742,28.84312653204637,-0.1790659164253725,,True,,,,,,,,,,,,,,,,,,,,,,,,,,,,,,,,,,,,,,,,,,,,,grid,31.022192448471742,2.0,1.2108720024514346,0.9440081119537354,0.842682992128795,0.003586705153187116,3.4602485899885838,2.0,False,2.2932511578197854,False
68,000068.jpg,,,,29.022192448471742,28.84312653204637,-0.1790659164253725,,True,,,,,,,,,,,,,,,,,,,,,,,,,,,,,,,,,,,,,,,,,,,,,grid,32.02219244847174,3.0,1.252009680964867,0.9760794639587402,0.8283863137415889,0.005220016969057421,5.035974685805212,3.0,False,2.772617038674581,False
68,000068.jpg,,,,29.022192448471742,28.84312653204637,-0.1790659164253725,,True,,,,,,,,,,,,,,,,,,,,,,,,,,,,,,,,,,,,,,,,,,,,,clamped_raw_observation,28.84312653204637,-0.1790659164253725,0.935269556888513,0.7291456460952759,0.9278919092580363,0.0008728642327090105,0.8420896342145613,,False,1.2232720336768783,False
69,000069.jpg,,,,29.022192448471742,28.84251925419062,-0.17967319428112205,,True,,,,,,,,,,,,,,,,,,,,,,,,,,,,,,,,,,,,,,,,,,,,,prediction,29.022192448471742,0.0,0.8445387644661347,0.6567928194999695,0.9466700184949094,0.0005873347448262697,0.5641863712219682,,False,1.0389153387767174,True
69,000069.jpg,,,,29.022192448471742,28.84251925419062,-0.17967319428112205,,True,,,,,,,,,,,,,,,,,,,,,,,,,,,,,,,,,,,,,,,,,,,,,grid,26.022192448471742,-3.0,1.296630583752863,1.008381962776184,0.82137149629204,0.005916076557089885,5.6829087569188355,-3.0,False,2.985986276690532,False
69,000069.jpg,,,,29.022192448471742,28.84251925419062,-0.17967319428112205,,True,,,,,,,,,,,,,,,,,,,,,,,,,,,,,,,,,,,,,,,,,,,,,grid,27.022192448471742,-2.0,1.2486108877825417,0.9710373282432556,0.8335278590795641,0.0043114107102155685,4.141486920143899,-2.0,False,2.5104547587389523,False
69,000069.jpg,,,,29.022192448471742,28.84251925419062,-0.17967319428112205,,True,,,,,,,,,,,,,,,,,,,,,,,,,,,,,,,,,,,,,,,,,,,,,grid,28.022192448471742,-1.0,1.1519729156648815,0.8958825469017029,0.8623116841141297,0.002448779142772158,2.3522664556365145,-1.0,False,1.9077278454598803,False
69,000069.jpg,,,,29.022192448471742,28.84251925419062,-0.17967319428112205,,True,,,,,,,,,,,,,,,,,,,,,,,,,,,,,,,,,,,,,,,,,,,,,grid,28.522192448471742,-0.5,1.0439985554367253,0.8119115233421326,0.8996426711676931,0.0014064178879683216,1.3509873400546388,-0.5,False,1.4971027192826918,False
69,000069.jpg,,,,29.022192448471742,28.84251925419062,-0.17967319428112205,,True,,,,,,,,,,,,,,,,,,,,,,,,,,,,,,,,,,,,,,,,,,,,,grid,29.522192448471742,0.5,0.8577781930113734,0.66708904504776,0.943186511285486,0.0007445335504598916,0.7151895674267058,0.5,False,1.1083890735825637,False
69,000069.jpg,,,,29.022192448471742,28.84251925419062,-0.17967319428112205,,True,,,,,,,,,,,,,,,,,,,,,,,,,,,,,,,,,,,,,,,,,,,,,grid,30.022192448471742,1.0,1.061134656627279,0.8252381682395935,0.8889766748666751,0.0017002700478769839,1.6332580302104625,1.0,False,1.6104724893132194,False
69,000069.jpg,,,,29.022192448471742,28.84251925419062,-0.17967319428112205,,True,,,,,,,,,,,,,,,,,,,,,,,,,,,,,,,,,,,,,,,,,,,,,grid,31.022192448471742,2.0,1.200995252592404,0.934006929397583,0.8466538578944534,0.003613292317216595,3.4708831693886006,2.0,False,2.2820621870451006,False
69,000069.jpg,,,,29.022192448471742,28.84251925419062,-0.17967319428112205,,True,,,,,,,,,,,,,,,,,,,,,,,,,,,,,,,,,,,,,,,,,,,,,grid,32.02219244847174,3.0,1.2510656796506192,0.9729464054107666,0.8300084394246826,0.005241341656073928,5.03476689455786,3.0,False,2.7697489638654016,False
69,000069.jpg,,,,29.022192448471742,28.84251925419062,-0.17967319428112205,,True,,,,,,,,,,,,,,,,,,,,,,,,,,,,,,,,,,,,,,,,,,,,,clamped_raw_observation,28.84251925419062,-0.17967319428112205,0.8868767772504583,0.6897188425064087,0.9298629940205778,0.0007955019876438504,0.7641492073509168,,False,1.1534412808960435,False
70,000070.jpg,,,,29.022192448471742,28.842244731093786,-0.17994771737795645,,True,,,,,,,,,,,,,,,,,,,,,,,,,,,,,,,,,,,,,,,,,,,,,prediction,29.022192448471742,0.0,0.8588451846891717,0.6472111940383911,0.9527400075044222,0.00048748202971182764,0.6181455573616468,,False,1.0606415665251612,True
70,000070.jpg,,,,29.022192448471742,28.842244731093786,-0.17994771737795645,,True,,,,,,,,,,,,,,,,,,,,,,,,,,,,,,,,,,,,,,,,,,,,,grid,26.022192448471742,-3.0,1.341355779858398,1.0108230113983154,0.8208408526453088,0.005925664522995551,7.513965594732875,-3.0,False,3.489006325896308,False
70,000070.jpg,,,,29.022192448471742,28.842244731093786,-0.17994771737795645,,True,,,,,,,,,,,,,,,,,,,,,,,,,,,,,,,,,,,,,,,,,,,,,grid,27.022192448471742,-2.0,1.3012736033288232,0.9806177616119385,0.8313649114656851,0.004337291466072202,5.499848788928732,-2.0,False,2.904870889095321,False
70,000070.jpg,,,,29.022192448471742,28.842244731093786,-0.17994771737795645,,True,,,,,,,,,,,,,,,,,,,,,,,,,,,,,,,,,,,,,,,,,,,,,grid,28.022192448471742,-1.0,1.190741124790853,0.8973223567008972,0.8624189254382046,0.002455515379551798,3.1136859009970483,-1.0,False,2.1367436746019104,False
70,000070.jpg,,,,29.022192448471742,28.842244731093786,-0.17994771737795645,,True,,,,,,,,,,,,,,,,,,,,,,,,,,,,,,,,,,,,,,,,,,,,,grid,28.522192448471742,-0.5,1.0819452558272047,0.8153356313705444,0.8986902996408598,0.0014024708264817793,1.7783857822031113,-0.5,False,1.6428514017371227,False
70,000070.jpg,,,,29.022192448471742,28.842244731093786,-0.17994771737795645,,True,,,,,,,,,,,,,,,,,,,,,,,,,,,,,,,,,,,,,,,,,,,,,grid,29.522192448471742,0.5,0.9019816933066499,0.6797181367874146,0.9406614612182179,0.0007340843634059032,0.930846595999151,0.5,False,1.2090318810882197,False
70,000070.jpg,,,,29.022192448471742,28.842244731093786,-0.17994771737795645,,True,,,,,,,,,,,,,,,,,,,,,,,,,,,,,,,,,,,,,,,,,,,,,grid,30.022192448471742,1.0,1.0877057438622684,0.8196766376495361,0.8910250683438454,0.0016637126100249588,2.109650194123917,1.0,False,1.7540932240494023,False
70,000070.jpg,,,,29.022192448471742,28.842244731093786,-0.17994771737795645,,True,,,,,,,,,,,,,,,,,,,,,,,,,,,,,,,,,,,,,,,,,,,,,grid,31.022192448471742,2.0,1.2504889256733316,0.9423472881317139,0.8434077224078474,0.0036057561713581285,4.572234507950908,2.0,False,2.6101398302532113,False
70,000070.jpg,,,,29.022192448471742,28.842244731093786,-0.17994771737795645,,True,,,,,,,,,,,,,,,,,,,,,,,,,,,,,,,,,,,,,,,,,,,,,grid,32.02219244847174,3.0,1.2944966655925567,0.9755107760429382,0.8297032179677309,0.005291097719843189,6.709311009927576,3.0,False,3.23212120010672,False
70,000070.jpg,,,,29.022192448471742,28.842244731093786,-0.17994771737795645,,True,,,,,,,,,,,,,,,,,,,,,,,,,,,,,,,,,,,,,,,,,,,,,clamped_raw_observation,28.842244731093786,-0.17994771737795645,0.9406018780630523,0.7088216543197632,0.9338002751621491,0.0007694664721687635,0.975712441320214,,False,1.2561281447522954,False
71,000071.jpg,,,,29.022192448471742,28.847691210502262,-0.17450123796947992,,True,,,,,,,,,,,,,,,,,,,,,,,,,,,,,,,,,,,,,,,,,,,,,prediction,29.022192448471742,0.0,0.8611808248922955,0.6502771377563477,0.9562164098889288,0.0005228457448538393,0.6081126627832644,,False,1.056992580699183,True
71,000071.jpg,,,,29.022192448471742,28.847691210502262,-0.17450123796947992,,True,,,,,,,,,,,,,,,,,,,,,,,,,,,,,,,,,,,,,,,,,,,,,grid,26.022192448471742,-3.0,1.3366203927136877,1.0092812776565552,0.8238086707273379,0.005931991618126631,6.899394810060874,-3.0,False,3.3276604245015684,False
71,000071.jpg,,,,29.022192448471742,28.847691210502262,-0.17450123796947992,,True,,,,,,,,,,,,,,,,,,,,,,,,,,,,,,,,,,,,,,,,,,,,,grid,27.022192448471742,-2.0,1.3058689189361996,0.9860608577728271,0.8283410963812253,0.0043500234217693405,5.059435506970056,-2.0,False,2.802386699297488,False
71,000071.jpg,,,,29.022192448471742,28.847691210502262,-0.17450123796947992,,True,,,,,,,,,,,,,,,,,,,,,,,,,,,,,,,,,,,,,,,,,,,,,grid,28.022192448471742,-1.0,1.1835592407162794,0.893704891204834,0.865317090648513,0.0024556390708312392,2.8561104855415,-1.0,False,2.062269771453141,False
71,000071.jpg,,,,29.022192448471742,28.847691210502262,-0.17450123796947992,,True,,,,,,,,,,,,,,,,,,,,,,,,,,,,,,,,,,,,,,,,,,,,,grid,28.522192448471742,-0.5,1.086602987291437,0.8204932808876038,0.8970261554998209,0.0014303690598656733,1.6636370216627996,-0.5,False,1.620486087207316,False
71,000071.jpg,,,,29.022192448471742,28.847691210502262,-0.17450123796947992,,True,,,,,,,,,,,,,,,,,,,,,,,,,,,,,,,,,,,,,,,,,,,,,grid,29.522192448471742,0.5,0.8930599805848632,0.6743490695953369,0.9408455750627015,0.0007281782357798269,0.846931260891639,0.5,False,1.1789472207450713,False
71,000071.jpg,,,,29.022192448471742,28.847691210502262,-0.17450123796947992,,True,,,,,,,,,,,,,,,,,,,,,,,,,,,,,,,,,,,,,,,,,,,,,grid,30.022192448471742,1.0,1.0772624720309467,0.8134402632713318,0.8927624507345038,0.0016637547232676297,1.9350837698169367,1.0,False,1.6982709637506772,False
71,000071.jpg,,,,29.022192448471742,28.847691210502262,-0.17450123796947992,,True,,,,,,,,,,,,,,,,,,,,,,,,,,,,,,,,,,,,,,,,,,,,,grid,31.022192448471742,2.0,1.2381218846859596,0.9349051117897034,0.8453600859906844,0.0036116514820605516,4.200648128856696,2.0,False,2.5029238309094493,False
71,000071.jpg,,,,29.022192448471742,28.847691210502262,-0.17450123796947992,,True,,,,,,,,,,,,,,,,,,,,,,,,,,,,,,,,,,,,,,,,,,,,,grid,32.02219244847174,3.0,1.2824011210197035,0.9683403372764587,0.8320852740953063,0.005259941875313719,6.117745609226287,3.0,False,3.0697522492309686,False
71,000071.jpg,,,,29.022192448471742,28.847691210502262,-0.17450123796947992,,True,,,,,,,,,,,,,,,,,,,,,,,,,,,,,,,,,,,,,,,,,,,,,clamped_raw_observation,28.847691210502262,-0.17450123796947992,0.9228931111312135,0.696876049041748,0.9382300250806163,0.0007784558983985335,0.9054083233799782,,False,1.216250204034676,False
72,000072.jpg,,,,29.022192448471742,28.84351036207525,-0.17868208639649197,,True,,,,,,,,,,,,,,,,,,,,,,,,,,,,,,,,,,,,,,,,,,,,,prediction,29.022192448471742,0.0,0.9593972405451417,0.7239168286323547,0.9423914017017465,0.0007304881971019009,0.8040594059236779,,False,1.2180206903243147,True
72,000072.jpg,,,,29.022192448471742,28.84351036207525,-0.17868208639649197,,True,,,,,,,,,,,,,,,,,,,,,,,,,,,,,,,,,,,,,,,,,,,,,grid,26.022192448471742,-3.0,1.3371838848746282,1.0089771747589111,0.8211553963278101,0.005955442941437165,6.555246111439008,-3.0,False,3.24484001640657,False
72,000072.jpg,,,,29.022192448471742,28.84351036207525,-0.17868208639649197,,True,,,,,,,,,,,,,,,,,,,,,,,,,,,,,,,,,,,,,,,,,,,,,grid,27.022192448471742,-2.0,1.2915432529034754,0.9745388627052307,0.8336766681594268,0.00436209375038743,4.801422560193174,-2.0,False,2.7182222247923424,False
72,000072.jpg,,,,29.022192448471742,28.84351036207525,-0.17868208639649197,,True,,,,,,,,,,,,,,,,,,,,,,,,,,,,,,,,,,,,,,,,,,,,,grid,28.022192448471742,-1.0,1.1919903704087553,0.8994208574295044,0.8626959247648903,0.002481271881454935,2.7311734848735307,-1.0,False,2.042087816862247,False
72,000072.jpg,,,,29.022192448471742,28.84351036207525,-0.17868208639649197,,True,,,,,,,,,,,,,,,,,,,,,,,,,,,,,,,,,,,,,,,,,,,,,grid,28.522192448471742,-0.5,1.0692136349905903,0.8067792057991028,0.8983788625167936,0.0014714972348883748,1.6196992602984281,-0.5,False,1.5907595875484035,False
72,000072.jpg,,,,29.022192448471742,28.84351036207525,-0.17868208639649197,,True,,,,,,,,,,,,,,,,,,,,,,,,,,,,,,,,,,,,,,,,,,,,,grid,29.522192448471742,0.5,0.9230962946485559,0.6965258121490479,0.9330586654724585,0.0008571278594899923,0.9434535975206427,0.5,False,1.240901028556258,False
72,000072.jpg,,,,29.022192448471742,28.84351036207525,-0.17868208639649197,,True,,,,,,,,,,,,,,,,,,,,,,,,,,,,,,,,,,,,,,,,,,,,,grid,30.022192448471742,1.0,1.0930720405658696,0.8247816562652588,0.8902642185400806,0.0017175103227297466,1.8904895866089149,1.0,False,1.7054302186780177,False
72,000072.jpg,,,,29.022192448471742,28.84351036207525,-0.17868208639649197,,True,,,,,,,,,,,,,,,,,,,,,,,,,,,,,,,,,,,,,,,,,,,,,grid,31.022192448471742,2.0,1.244003860557351,0.9386678338050842,0.8437975817286162,0.003630378399975598,3.9960124080626778,2.0,False,2.459209380844404,False
72,000072.jpg,,,,29.022192448471742,28.84351036207525,-0.17868208639649197,,True,,,,,,,,,,,,,,,,,,,,,,,,,,,,,,,,,,,,,,,,,,,,,grid,32.02219244847174,3.0,1.2946523476157314,0.9768848419189453,0.8292700403045231,0.005288867900768916,5.821536883378068,3.0,False,3.010766528155725,False
72,000072.jpg,,,,29.022192448471742,28.84351036207525,-0.17868208639649197,,True,,,,,,,,,,,,,,,,,,,,,,,,,,,,,,,,,,,,,,,,,,,,,clamped_raw_observation,28.84351036207525,-0.17868208639649197,0.9472212233966585,0.714729368686676,0.9244603672189879,0.0009235805385590842,1.0165990663541074,,False,1.282271085358092,False
73,000073.jpg,,,,29.022192448471742,28.85047599671705,-0.17171645175469052,,True,,,,,,,,,,,,,,,,,,,,,,,,,,,,,,,,,,,,,,,,,,,,,prediction,29.022192448471742,0.0,0.8741941684336874,0.6871949434280396,0.9363483487781316,0.0007071173749864101,0.7654996041176803,,False,1.1292207206849758,True
73,000073.jpg,,,,29.022192448471742,28.85047599671705,-0.17171645175469052,,True,,,,,,,,,,,,,,,,,,,,,,,,,,,,,,,,,,,,,,,,,,,,,grid,26.022192448471742,-3.0,1.28277474249141,1.008375883102417,0.8208701563562203,0.005917987786233425,6.406598773820285,-3.0,False,3.153554279590261,False
73,000073.jpg,,,,29.022192448471742,28.85047599671705,-0.17171645175469052,,True,,,,,,,,,,,,,,,,,,,,,,,,,,,,,,,,,,,,,,,,,,,,,grid,27.022192448471742,-2.0,1.2462268532296765,0.9796459674835205,0.8306737271458728,0.0043129381180430455,4.669030261078587,-2.0,False,2.6428106913534504,False
73,000073.jpg,,,,29.022192448471742,28.85047599671705,-0.17171645175469052,,True,,,,,,,,,,,,,,,,,,,,,,,,,,,,,,,,,,,,,,,,,,,,,grid,28.022192448471742,-1.0,1.143951178289701,0.8992481231689453,0.8595119682278436,0.0024433866686498127,2.6451217205542377,-1.0,False,1.9757196402004167,False
73,000073.jpg,,,,29.022192448471742,28.85047599671705,-0.17171645175469052,,True,,,,,,,,,,,,,,,,,,,,,,,,,,,,,,,,,,,,,,,,,,,,,grid,28.522192448471742,-0.5,1.0294066867120677,0.8092058897018433,0.8967226018819994,0.0014339766348712146,1.5523710562606592,-0.5,False,1.535776848895233,False
73,000073.jpg,,,,29.022192448471742,28.85047599671705,-0.17171645175469052,,True,,,,,,,,,,,,,,,,,,,,,,,,,,,,,,,,,,,,,,,,,,,,,grid,29.522192448471742,0.5,0.8970598772633062,0.7051694393157959,0.9349708397438191,0.0008405278883098314,0.9099249834773349,0.5,False,1.2045702833888206,False
73,000073.jpg,,,,29.022192448471742,28.85047599671705,-0.17171645175469052,,True,,,,,,,,,,,,,,,,,,,,,,,,,,,,,,,,,,,,,,,,,,,,,grid,30.022192448471742,1.0,1.0644523461725253,0.8367549180984497,0.8881713120326309,0.0017134932956347864,1.8549656476648404,1.0,False,1.6700224460561046,False
73,000073.jpg,,,,29.022192448471742,28.85047599671705,-0.17171645175469052,,True,,,,,,,,,,,,,,,,,,,,,,,,,,,,,,,,,,,,,,,,,,,,,grid,31.022192448471742,2.0,1.2058753927221622,0.9479261040687561,0.8404236287523704,0.003655683210430046,3.957509954295258,2.0,False,2.414829252543606,False
73,000073.jpg,,,,29.022192448471742,28.85047599671705,-0.17171645175469052,,True,,,,,,,,,,,,,,,,,,,,,,,,,,,,,,,,,,,,,,,,,,,,,grid,32.02219244847174,3.0,1.2416839198401322,0.9760748147964478,0.8289920927403485,0.005301943553301196,5.739691647633964,3.0,False,2.9376147390082745,False
73,000073.jpg,,,,29.022192448471742,28.85047599671705,-0.17171645175469052,,True,,,,,,,,,,,,,,,,,,,,,,,,,,,,,,,,,,,,,,,,,,,,,clamped_raw_observation,28.85047599671705,-0.17171645175469052,0.8830815273579538,0.6941812038421631,0.9239328777416008,0.0008499928129216036,0.9201713673163044,,False,1.1943429849980698,False
74,000074.jpg,,,,29.022192448471742,28.842362636309986,-0.1798298121617563,,True,,,,,,,,,,,,,,,,,,,,,,,,,,,,,,,,,,,,,,,,,,,,,prediction,29.022192448471742,0.0,0.8315012756699406,0.6169768571853638,0.9509388032719397,0.0005389225892334556,0.7232251263163788,,False,1.0613687539770955,True
74,000074.jpg,,,,29.022192448471742,28.842362636309986,-0.1798298121617563,,True,,,,,,,,,,,,,,,,,,,,,,,,,,,,,,,,,,,,,,,,,,,,,grid,26.022192448471742,-3.0,1.3507177787204871,1.002237319946289,0.8232472390771268,0.005975088104605675,8.018468580712943,-3.0,False,3.622087684821596,False
74,000074.jpg,,,,29.022192448471742,28.842362636309986,-0.1798298121617563,,True,,,,,,,,,,,,,,,,,,,,,,,,,,,,,,,,,,,,,,,,,,,,,grid,27.022192448471742,-2.0,1.317926060545984,0.9779057502746582,0.8331095956612791,0.004309158539399505,5.782818889457383,-2.0,False,2.9905211872490507,False
74,000074.jpg,,,,29.022192448471742,28.842362636309986,-0.1798298121617563,,True,,,,,,,,,,,,,,,,,,,,,,,,,,,,,,,,,,,,,,,,,,,,,grid,28.022192448471742,-1.0,1.200501608474359,0.8907763957977295,0.8664017612629544,0.002422980653742949,3.2515996255749493,-1.0,False,2.1769997536051418,False
74,000074.jpg,,,,29.022192448471742,28.842362636309986,-0.1798298121617563,,True,,,,,,,,,,,,,,,,,,,,,,,,,,,,,,,,,,,,,,,,,,,,,grid,28.522192448471742,-0.5,1.086879143637921,0.80646812915802,0.9035064167964345,0.0014089352916926146,1.8907676624862813,-0.5,False,1.6710646424630566,False
74,000074.jpg,,,,29.022192448471742,28.842362636309986,-0.1798298121617563,,True,,,,,,,,,,,,,,,,,,,,,,,,,,,,,,,,,,,,,,,,,,,,,grid,29.522192448471742,0.5,0.8955043127612862,0.6644673347473145,0.9462850596932109,0.0007137963208757961,0.957902757544157,0.5,False,1.2036949424541146,False
74,000074.jpg,,,,29.022192448471742,28.842362636309986,-0.1798298121617563,,True,,,,,,,,,,,,,,,,,,,,,,,,,,,,,,,,,,,,,,,,,,,,,grid,30.022192448471742,1.0,1.11288504157806,0.8257645964622498,0.8887755284683814,0.001675697722627471,2.24875839559647,1.0,False,1.8162991120087961,False
74,000074.jpg,,,,29.022192448471742,28.842362636309986,-0.1798298121617563,,True,,,,,,,,,,,,,,,,,,,,,,,,,,,,,,,,,,,,,,,,,,,,,grid,31.022192448471742,2.0,1.2711297268087816,0.9431827068328857,0.8409493636900607,0.003591890369231502,4.820256968068417,2.0,False,2.695244605135825,False
74,000074.jpg,,,,29.022192448471742,28.842362636309986,-0.1798298121617563,,True,,,,,,,,,,,,,,,,,,,,,,,,,,,,,,,,,,,,,,,,,,,,,grid,32.02219244847174,3.0,1.3171247754694788,0.9773111939430237,0.8306574307755643,0.005295944671767454,7.107069420956086,3.0,False,3.353234699932936,False
74,000074.jpg,,,,29.022192448471742,28.842362636309986,-0.1798298121617563,,True,,,,,,,,,,,,,,,,,,,,,,,,,,,,,,,,,,,,,,,,,,,,,clamped_raw_observation,28.842362636309986,-0.1798298121617563,0.9159251533065199,0.6796196699142456,0.9345433066638028,0.0007614840190702429,1.021898853160546,,False,1.2422514542977063,False
75,000075.jpg,,,,29.022192448471742,28.841893055332065,-0.18029939313967702,,True,,,,,,,,,,,,,,,,,,,,,,,,,,,,,,,,,,,,,,,,,,,,,prediction,29.022192448471742,0.0,0.8775398093283377,0.6381280422210693,0.946770848233443,0.0005473121079072977,0.7653693647577678,,False,1.1221113022843368,True
75,000075.jpg,,,,29.022192448471742,28.841893055332065,-0.18029939313967702,,True,,,,,,,,,,,,,,,,,,,,,,,,,,,,,,,,,,,,,,,,,,,,,grid,26.022192448471742,-3.0,1.387180523326582,1.008727788925171,0.8215205263910742,0.00591481477022171,8.27136465270969,-3.0,False,3.7235011601129298,False
75,000075.jpg,,,,29.022192448471742,28.841893055332065,-0.18029939313967702,,True,,,,,,,,,,,,,,,,,,,,,,,,,,,,,,,,,,,,,,,,,,,,,grid,27.022192448471742,-2.0,1.3445325954116507,0.9777151346206665,0.8342690602202832,0.004305126378312707,6.02035254430952,-2.0,False,3.075351671268747,False
75,000075.jpg,,,,29.022192448471742,28.841893055332065,-0.18029939313967702,,True,,,,,,,,,,,,,,,,,,,,,,,,,,,,,,,,,,,,,,,,,,,,,grid,28.022192448471742,-1.0,1.2433626802557043,0.9041465520858765,0.8613753397225004,0.002418220683466643,3.381675650162026,-1.0,False,2.2574062530737105,False
75,000075.jpg,,,,29.022192448471742,28.841893055332065,-0.18029939313967702,,True,,,,,,,,,,,,,,,,,,,,,,,,,,,,,,,,,,,,,,,,,,,,,grid,28.522192448471742,-0.5,1.1135982452502167,0.8097846508026123,0.8999070233156916,0.001392151394005244,1.9468051458801419,-0.5,False,1.7153925084045605,False
75,000075.jpg,,,,29.022192448471742,28.841893055332065,-0.18029939313967702,,True,,,,,,,,,,,,,,,,,,,,,,,,,,,,,,,,,,,,,,,,,,,,,grid,29.522192448471742,0.5,0.9250860038868757,0.6727026104927063,0.9433199828350737,0.0007276347023434937,1.0175351538224606,0.5,False,1.2511498095074172,False
75,000075.jpg,,,,29.022192448471742,28.841893055332065,-0.18029939313967702,,True,,,,,,,,,,,,,,,,,,,,,,,,,,,,,,,,,,,,,,,,,,,,,grid,30.022192448471742,1.0,1.1379439230887136,0.8274883031845093,0.8901981118581033,0.0017109021622066696,2.3925509451228972,1.0,False,1.8758835475113347,False
75,000075.jpg,,,,29.022192448471742,28.841893055332065,-0.18029939313967702,,True,,,,,,,,,,,,,,,,,,,,,,,,,,,,,,,,,,,,,,,,,,,,,grid,31.022192448471742,2.0,1.3023882728157226,0.9470686912536621,0.8419396366757259,0.0036805125030999384,5.146883242271977,2.0,False,2.807169446707991,False
75,000075.jpg,,,,29.022192448471742,28.841893055332065,-0.18029939313967702,,True,,,,,,,,,,,,,,,,,,,,,,,,,,,,,,,,,,,,,,,,,,,,,grid,32.02219244847174,3.0,1.3660062311322185,0.9933302998542786,0.8255971963953654,0.005330679627756278,7.454501410580974,3.0,False,3.4940343873820963,False
75,000075.jpg,,,,29.022192448471742,28.841893055332065,-0.18029939313967702,,True,,,,,,,,,,,,,,,,,,,,,,,,,,,,,,,,,,,,,,,,,,,,,clamped_raw_observation,28.841893055332065,-0.18029939313967702,0.9494487308637766,0.6904186606407166,0.9298383636103562,0.0007734736427664757,1.0816370076017474,,False,1.2954286009480473,False
76,000076.jpg,,,,29.022192448471742,28.842283547711304,-0.17990890076043797,,True,,,,,,,,,,,,,,,,,,,,,,,,,,,,,,,,,,,,,,,,,,,,,prediction,29.022192448471742,0.0,0.8178146003681012,0.5990082621574402,0.9530573327867976,0.0004351828683866188,0.6164057435626559,,False,1.0188587034719676,True
76,000076.jpg,,,,29.022192448471742,28.842283547711304,-0.17990890076043797,,True,,,,,,,,,,,,,,,,,,,,,,,,,,,,,,,,,,,,,,,,,,,,,grid,26.022192448471742,-3.0,1.3981008703198308,1.0240389108657837,0.820213505373278,0.00592272263020277,8.389117568713935,-3.0,False,3.7651667571250362,False
76,000076.jpg,,,,29.022192448471742,28.842283547711304,-0.17990890076043797,,True,,,,,,,,,,,,,,,,,,,,,,,,,,,,,,,,,,,,,,,,,,,,,grid,27.022192448471742,-2.0,1.3362359727259803,0.9787259697914124,0.8317620430931546,0.004348492948338389,6.159332602257167,-2.0,False,3.1043070801971173,False
76,000076.jpg,,,,29.022192448471742,28.842283547711304,-0.17990890076043797,,True,,,,,,,,,,,,,,,,,,,,,,,,,,,,,,,,,,,,,,,,,,,,,grid,28.022192448471742,-1.0,1.2279607446687224,0.8994197845458984,0.8621125982427688,0.0024013214861042798,3.4013019898110586,-1.0,False,2.246173643878718,False
76,000076.jpg,,,,29.022192448471742,28.842283547711304,-0.17990890076043797,,True,,,,,,,,,,,,,,,,,,,,,,,,,,,,,,,,,,,,,,,,,,,,,grid,28.522192448471742,-0.5,1.1085825893229515,0.8119812607765198,0.901249309404573,0.0013711120700463653,1.9420832400364993,-0.5,False,1.7078540899275032,False
76,000076.jpg,,,,29.022192448471742,28.842283547711304,-0.17990890076043797,,True,,,,,,,,,,,,,,,,,,,,,,,,,,,,,,,,,,,,,,,,,,,,,grid,29.522192448471742,0.5,0.9155050290634205,0.6705616116523743,0.9429880059168434,0.0006721030464783931,0.9519864135533579,0.5,False,1.2255136265349165,False
76,000076.jpg,,,,29.022192448471742,28.842283547711304,-0.17990890076043797,,True,,,,,,,,,,,,,,,,,,,,,,,,,,,,,,,,,,,,,,,,,,,,,grid,30.022192448471742,1.0,1.1264095427331846,0.8250386118888855,0.88980770258951,0.0016781374288257211,2.37696293847823,1.0,False,1.860842574763232,False
76,000076.jpg,,,,29.022192448471742,28.842283547711304,-0.17990890076043797,,True,,,,,,,,,,,,,,,,,,,,,,,,,,,,,,,,,,,,,,,,,,,,,grid,31.022192448471742,2.0,1.2954341512463186,0.9488406777381897,0.8430254317335282,0.003640741303873559,5.156852471820463,2.0,False,2.801621837467906,False
76,000076.jpg,,,,29.022192448471742,28.842283547711304,-0.17990890076043797,,True,,,,,,,,,,,,,,,,,,,,,,,,,,,,,,,,,,,,,,,,,,,,,grid,32.02219244847174,3.0,1.351152149034652,0.9896513223648071,0.8281976795993655,0.0053329266762981815,7.553713328504228,3.0,False,3.5013828015613435,False
76,000076.jpg,,,,29.022192448471742,28.842283547711304,-0.17990890076043797,,True,,,,,,,,,,,,,,,,,,,,,,,,,,,,,,,,,,,,,,,,,,,,,clamped_raw_observation,28.842283547711304,-0.17990890076043797,0.954981624646386,0.6994762420654297,0.9356988825720447,0.0007297209861765926,1.0335981486243817,,False,1.2830795462532498,False
77,000077.jpg,,,,29.022192448471742,28.843836346805745,-0.17835610166599736,,True,,,,,,,,,,,,,,,,,,,,,,,,,,,,,,,,,,,,,,,,,,,,,prediction,29.022192448471742,0.0,0.8265216277848307,0.6121158003807068,0.9499856692462023,0.0004997565799082319,0.628402922540802,,False,1.033636689173829,True
77,000077.jpg,,,,29.022192448471742,28.843836346805745,-0.17835610166599736,,True,,,,,,,,,,,,,,,,,,,,,,,,,,,,,,,,,,,,,,,,,,,,,grid,26.022192448471742,-3.0,1.372869651886402,1.0167371034622192,0.8203819145887074,0.005917361627022426,7.44059706194263,-3.0,False,3.502637002783352,False
77,000077.jpg,,,,29.022192448471742,28.843836346805745,-0.17835610166599736,,True,,,,,,,,,,,,,,,,,,,,,,,,,,,,,,,,,,,,,,,,,,,,,grid,27.022192448471742,-2.0,1.3316182541089066,0.9861866235733032,0.8316673832043565,0.0043004394974559546,5.407450060802503,-2.0,False,2.911813386105176,False
77,000077.jpg,,,,29.022192448471742,28.843836346805745,-0.17835610166599736,,True,,,,,,,,,,,,,,,,,,,,,,,,,,,,,,,,,,,,,,,,,,,,,grid,28.022192448471742,-1.0,1.2075881672249729,0.8943308591842651,0.8651476067641158,0.0024153966611872115,3.037163255087214,-1.0,False,2.1317313742326607,False
77,000077.jpg,,,,29.022192448471742,28.843836346805745,-0.17835610166599736,,True,,,,,,,,,,,,,,,,,,,,,,,,,,,,,,,,,,,,,,,,,,,,,grid,28.522192448471742,-0.5,1.0970291383187651,0.8124516606330872,0.9009028374892519,0.0013556056752956163,1.7045629860943248,-0.5,False,1.6372670473530944,False
77,000077.jpg,,,,29.022192448471742,28.843836346805745,-0.17835610166599736,,True,,,,,,,,,,,,,,,,,,,,,,,,,,,,,,,,,,,,,,,,,,,,,grid,29.522192448471742,0.5,0.9005821450514371,0.6669644713401794,0.94701203783319,0.0007009561328838269,0.8813948633912524,0.5,False,1.1889188230660601,False
77,000077.jpg,,,,29.022192448471742,28.843836346805745,-0.17835610166599736,,True,,,,,,,,,,,,,,,,,,,,,,,,,,,,,,,,,,,,,,,,,,,,,grid,30.022192448471742,1.0,1.12071252326544,0.8299914002418518,0.8896173688736028,0.0016966450881833832,2.1333920848520136,1.0,False,1.794443175604841,False
77,000077.jpg,,,,29.022192448471742,28.843836346805745,-0.17835610166599736,,True,,,,,,,,,,,,,,,,,,,,,,,,,,,,,,,,,,,,,,,,,,,,,grid,31.022192448471742,2.0,1.2900251282043853,0.9553830623626709,0.8399075666380051,0.0036515304818749428,4.591500179904365,2.0,False,2.6579926065424715,False
77,000077.jpg,,,,29.022192448471742,28.843836346805745,-0.17835610166599736,,True,,,,,,,,,,,,,,,,,,,,,,,,,,,,,,,,,,,,,,,,,,,,,grid,32.02219244847174,3.0,1.3317632833328585,0.9862940311431885,0.8273323301805675,0.005353660322725773,6.731788891522694,3.0,False,3.2773781760329643,False
77,000077.jpg,,,,29.022192448471742,28.843836346805745,-0.17835610166599736,,True,,,,,,,,,,,,,,,,,,,,,,,,,,,,,,,,,,,,,,,,,,,,,clamped_raw_observation,28.843836346805745,-0.17835610166599736,0.9335710621467126,0.6913958191871643,0.9332186873029521,0.0007323121244553477,0.9208224518110519,,False,1.2359086708465032,False
78,000078.jpg,,,,29.022192448471742,28.841309132755782,-0.18088331571595972,,True,,,,,,,,,,,,,,,,,,,,,,,,,,,,,,,,,,,,,,,,,,,,,prediction,29.022192448471742,0.0,0.8939636961304047,0.6586363911628723,0.9518561068428233,0.0005668068382268151,0.7495188216753143,,False,1.12948729470641,True
78,000078.jpg,,,,29.022192448471742,28.841309132755782,-0.18088331571595972,,True,,,,,,,,,,,,,,,,,,,,,,,,,,,,,,,,,,,,,,,,,,,,,grid,26.022192448471742,-3.0,1.3827018627309482,1.018718957901001,0.8207259280534214,0.005994998927538593,7.927505861027423,-3.0,False,3.6338523999343826,False
78,000078.jpg,,,,29.022192448471742,28.841309132755782,-0.18088331571595972,,True,,,,,,,,,,,,,,,,,,,,,,,,,,,,,,,,,,,,,,,,,,,,,grid,27.022192448471742,-2.0,1.327142972253522,0.9777854084968567,0.832304157392116,0.004378187043281893,5.789509533831038,-2.0,False,3.0022161983191658,False
78,000078.jpg,,,,29.022192448471742,28.841309132755782,-0.18088331571595972,,True,,,,,,,,,,,,,,,,,,,,,,,,,,,,,,,,,,,,,,,,,,,,,grid,28.022192448471742,-1.0,1.2279853627312718,0.9047300815582275,0.8587276513247648,0.0024805276383024952,3.2801335961468276,-1.0,False,2.219291110443214,False
78,000078.jpg,,,,29.022192448471742,28.841309132755782,-0.18088331571595972,,True,,,,,,,,,,,,,,,,,,,,,,,,,,,,,,,,,,,,,,,,,,,,,grid,28.522192448471742,-0.5,1.1051531877933878,0.8142322897911072,0.8985962518848281,0.0013964260385061304,1.846568404524104,-0.5,False,1.6831990370395855,False
78,000078.jpg,,,,29.022192448471742,28.841309132755782,-0.18088331571595972,,True,,,,,,,,,,,,,,,,,,,,,,,,,,,,,,,,,,,,,,,,,,,,,grid,29.522192448471742,0.5,0.9185428973067711,0.6767453551292419,0.9394700940618942,0.0007474552548956126,0.9883998288676207,0.5,False,1.241172760461782,False
78,000078.jpg,,,,29.022192448471742,28.841309132755782,-0.18088331571595972,,True,,,,,,,,,,,,,,,,,,,,,,,,,,,,,,,,,,,,,,,,,,,,,grid,30.022192448471742,1.0,1.1220005119419687,0.8266447186470032,0.8875565448409564,0.0016935623328511913,2.239487526514935,1.0,False,1.8243158487297462,False
78,000078.jpg,,,,29.022192448471742,28.841309132755782,-0.18088331571595972,,True,,,,,,,,,,,,,,,,,,,,,,,,,,,,,,,,,,,,,,,,,,,,,grid,31.022192448471742,2.0,1.2779842462965108,0.9415672421455383,0.8446363179435629,0.003604450806354483,4.766356964953141,2.0,False,2.684937169591233,False
78,000078.jpg,,,,29.022192448471742,28.841309132755782,-0.18088331571595972,,True,,,,,,,,,,,,,,,,,,,,,,,,,,,,,,,,,,,,,,,,,,,,,grid,32.02219244847174,3.0,1.3448200986734167,0.9908092021942139,0.8279600775472105,0.005325696275879939,7.042451375120508,3.0,False,3.367472864906333,False
78,000078.jpg,,,,29.022192448471742,28.841309132755782,-0.18088331571595972,,True,,,,,,,,,,,,,,,,,,,,,,,,,,,,,,,,,,,,,,,,,,,,,clamped_raw_observation,28.841309132755782,-0.18088331571595972,0.9601952175170879,0.7074331045150757,0.9305844761973145,0.0008109579406057795,1.0723728068853202,,False,1.3031304425125823,False
79,000079.jpg,,,,29.022192448471742,28.838337051097454,-0.18385539737428758,,True,,,,,,,,,,,,,,,,,,,,,,,,,,,,,,,,,,,,,,,,,,,,,prediction,29.022192448471742,0.0,0.82015628489709,0.6148359775543213,0.9523458830291709,0.0004838834380886207,0.5635040577495821,,False,1.0086864163053146,True
79,000079.jpg,,,,29.022192448471742,28.838337051097454,-0.18385539737428758,,True,,,,,,,,,,,,,,,,,,,,,,,,,,,,,,,,,,,,,,,,,,,,,grid,26.022192448471742,-3.0,1.3564188860139241,1.0168490409851074,0.8223523494754994,0.005982132085288565,6.966462248366315,-3.0,False,3.3656820986300033,False
79,000079.jpg,,,,29.022192448471742,28.838337051097454,-0.18385539737428758,,True,,,,,,,,,,,,,,,,,,,,,,,,,,,,,,,,,,,,,,,,,,,,,grid,27.022192448471742,-2.0,1.3147979603342854,0.9856476187705994,0.8297348757005317,0.004356443338717024,5.0732744820118905,-2.0,False,2.813381705136726,False
79,000079.jpg,,,,29.022192448471742,28.838337051097454,-0.18385539737428758,,True,,,,,,,,,,,,,,,,,,,,,,,,,,,,,,,,,,,,,,,,,,,,,grid,28.022192448471742,-1.0,1.204217661556159,0.9027503132820129,0.8617078603247593,0.002425497203754882,2.8246007380930913,-1.0,False,2.078659985754672,False
79,000079.jpg,,,,29.022192448471742,28.838337051097454,-0.18385539737428758,,True,,,,,,,,,,,,,,,,,,,,,,,,,,,,,,,,,,,,,,,,,,,,,grid,28.522192448471742,-0.5,1.0786690380554145,0.8086318969726562,0.9020513004742061,0.0013832056138198823,1.6108052368321693,-0.5,False,1.5943190467892505,False
79,000079.jpg,,,,29.022192448471742,28.838337051097454,-0.18385539737428758,,True,,,,,,,,,,,,,,,,,,,,,,,,,,,,,,,,,,,,,,,,,,,,,grid,29.522192448471742,0.5,0.8963582316165359,0.6719613075256348,0.945825549647938,0.0007193663623183966,0.837734529158925,0.5,False,1.174966314258329,False
79,000079.jpg,,,,29.022192448471742,28.838337051097454,-0.18385539737428758,,True,,,,,,,,,,,,,,,,,,,,,,,,,,,,,,,,,,,,,,,,,,,,,grid,30.022192448471742,1.0,1.114354760085326,0.835383951663971,0.8862085069693921,0.001689376028177018,1.9673544742572355,1.0,False,1.7499848716802429,False
79,000079.jpg,,,,29.022192448471742,28.838337051097454,-0.18385539737428758,,True,,,,,,,,,,,,,,,,,,,,,,,,,,,,,,,,,,,,,,,,,,,,,grid,31.022192448471742,2.0,1.2713154854764896,0.9530506730079651,0.8411589308808737,0.003678725411494573,4.2840414313664485,2.0,False,2.561166912437228,False
79,000079.jpg,,,,29.022192448471742,28.838337051097454,-0.18385539737428758,,True,,,,,,,,,,,,,,,,,,,,,,,,,,,,,,,,,,,,,,,,,,,,,grid,32.02219244847174,3.0,1.3232055029279666,0.9919503927230835,0.8265555395890214,0.0053423442489778,6.221400496957676,3.0,False,3.142000087578364,False
79,000079.jpg,,,,29.022192448471742,28.838337051097454,-0.18385539737428758,,True,,,,,,,,,,,,,,,,,,,,,,,,,,,,,,,,,,,,,,,,,,,,,clamped_raw_observation,28.838337051097454,-0.18385539737428758,0.9337620682063413,0.7000013589859009,0.9339165109929588,0.0007667275688921412,0.892888787361359,,False,1.228583415974951,False
80,000080.jpg,,,,29.022192448471742,28.83654866292764,-0.18564378554410155,,True,,,,,,,,,,,,,,,,,,,,,,,,,,,,,,,,,,,,,,,,,,,,,prediction,29.022192448471742,0.0,0.8573464148185531,0.6421692371368408,0.9525218826230449,0.0004840563148415337,0.6154797796866087,,False,1.0586944771171605,True
80,000080.jpg,,,,29.022192448471742,28.83654866292764,-0.18564378554410155,,True,,,,,,,,,,,,,,,,,,,,,,,,,,,,,,,,,,,,,,,,,,,,,grid,26.022192448471742,-3.0,1.3656380478739323,1.0228896141052246,0.8198270914047927,0.005992557853460312,7.619564241434293,-3.0,False,3.5407020168277126,False
80,000080.jpg,,,,29.022192448471742,28.83654866292764,-0.18564378554410155,,True,,,,,,,,,,,,,,,,,,,,,,,,,,,,,,,,,,,,,,,,,,,,,grid,27.022192448471742,-2.0,1.3096217288826617,0.9809322953224182,0.8311630076051083,0.004382848662013809,5.572811770422022,-2.0,False,2.9316616638830593,False
80,000080.jpg,,,,29.022192448471742,28.83654866292764,-0.18564378554410155,,True,,,,,,,,,,,,,,,,,,,,,,,,,,,,,,,,,,,,,,,,,,,,,grid,28.022192448471742,-1.0,1.2087842856020823,0.9054030776023865,0.8596642272922944,0.002446154811574767,3.110296836020521,-1.0,False,2.156694267314918,False
80,000080.jpg,,,,29.022192448471742,28.83654866292764,-0.18564378554410155,,True,,,,,,,,,,,,,,,,,,,,,,,,,,,,,,,,,,,,,,,,,,,,,grid,28.522192448471742,-0.5,1.1019389465436695,0.8253738284111023,0.8970081790787774,0.0013838826368252437,1.759612991939096,-0.5,False,1.659834015449666,False
80,000080.jpg,,,,29.022192448471742,28.83654866292764,-0.18564378554410155,,True,,,,,,,,,,,,,,,,,,,,,,,,,,,,,,,,,,,,,,,,,,,,,grid,29.522192448471742,0.5,0.91175424620277,0.6829217672348022,0.9435356579136175,0.0006942743784748018,0.8827729923234613,0.5,False,1.2039118363700176,False
80,000080.jpg,,,,29.022192448471742,28.83654866292764,-0.18564378554410155,,True,,,,,,,,,,,,,,,,,,,,,,,,,,,,,,,,,,,,,,,,,,,,,grid,30.022192448471742,1.0,1.1172619535027477,0.8368510603904724,0.887412110776295,0.001654263527598232,2.1034035096579013,1.0,False,1.7857007201409283,False
80,000080.jpg,,,,29.022192448471742,28.83654866292764,-0.18564378554410155,,True,,,,,,,,,,,,,,,,,,,,,,,,,,,,,,,,,,,,,,,,,,,,,grid,31.022192448471742,2.0,1.2722430329043264,0.9529349207878113,0.8420325728224997,0.003614984064673384,4.596468484093966,2.0,False,2.639327581105318,False
80,000080.jpg,,,,29.022192448471742,28.83654866292764,-0.18564378554410155,,True,,,,,,,,,,,,,,,,,,,,,,,,,,,,,,,,,,,,,,,,,,,,,grid,32.02219244847174,3.0,1.3227256547844848,0.9907473921775818,0.8291003013344813,0.005338700488209724,6.788181663060857,3.0,False,3.2806707692152175,False
80,000080.jpg,,,,29.022192448471742,28.83654866292764,-0.18564378554410155,,True,,,,,,,,,,,,,,,,,,,,,,,,,,,,,,,,,,,,,,,,,,,,,clamped_raw_observation,28.83654866292764,-0.18564378554410155,0.966439721344025,0.723882257938385,0.9325764098148945,0.0007726558978902176,0.9824354465093857,,False,1.2850414867228,False
81,000081.jpg,,,,29.022192448471742,28.846771526370503,-0.17542092210123883,,True,,,,,,,,,,,,,,,,,,,,,,,,,,,,,,,,,,,,,,,,,,,,,prediction,29.022192448471742,0.0,0.9252310887657906,0.700284481048584,0.9493455871835217,0.0006183208994722614,0.669032067210186,,False,1.1431435183848155,True
81,000081.jpg,,,,29.022192448471742,28.846771526370503,-0.17542092210123883,,True,,,,,,,,,,,,,,,,,,,,,,,,,,,,,,,,,,,,,,,,,,,,,grid,26.022192448471742,-3.0,1.3367303344497856,1.0117380619049072,0.8227721356029181,0.006006642089535792,6.499272752358459,-3.0,False,3.228776386936482,False
81,000081.jpg,,,,29.022192448471742,28.846771526370503,-0.17542092210123883,,True,,,,,,,,,,,,,,,,,,,,,,,,,,,,,,,,,,,,,,,,,,,,,grid,27.022192448471742,-2.0,1.2937546792831993,0.9792108535766602,0.8317658417965956,0.004376326610023777,4.735248058395125,-2.0,False,2.705800852085385,False
81,000081.jpg,,,,29.022192448471742,28.846771526370503,-0.17542092210123883,,True,,,,,,,,,,,,,,,,,,,,,,,,,,,,,,,,,,,,,,,,,,,,,grid,28.022192448471742,-1.0,1.1765438868430704,0.8904969096183777,0.8621620655128022,0.0024449591680119434,2.6454808301250194,-1.0,False,2.005752028861523,False
81,000081.jpg,,,,29.022192448471742,28.846771526370503,-0.17542092210123883,,True,,,,,,,,,,,,,,,,,,,,,,,,,,,,,,,,,,,,,,,,,,,,,grid,28.522192448471742,-0.5,1.0929910155400044,0.8272578120231628,0.8938635388356458,0.0014174127621420969,1.5336609051309744,-0.5,False,1.5975427029871019,False
81,000081.jpg,,,,29.022192448471742,28.846771526370503,-0.17542092210123883,,True,,,,,,,,,,,,,,,,,,,,,,,,,,,,,,,,,,,,,,,,,,,,,grid,29.522192448471742,0.5,0.9054510543531992,0.6853134632110596,0.9390108711200115,0.0007846121831486622,0.8489616173386284,0.5,False,1.1936805875678447,False
81,000081.jpg,,,,29.022192448471742,28.846771526370503,-0.17542092210123883,,True,,,,,,,,,,,,,,,,,,,,,,,,,,,,,,,,,,,,,,,,,,,,,grid,30.022192448471742,1.0,1.0914342666975057,0.8260795474052429,0.8884816192247175,0.0016761462999663006,1.813614297964492,1.0,False,1.686356221963911,False
81,000081.jpg,,,,29.022192448471742,28.846771526370503,-0.17542092210123883,,True,,,,,,,,,,,,,,,,,,,,,,,,,,,,,,,,,,,,,,,,,,,,,grid,31.022192448471742,2.0,1.2483872789175272,0.9448733925819397,0.8422257187812903,0.0035982551829268536,3.893363632764147,2.0,False,2.439502468327274,False
81,000081.jpg,,,,29.022192448471742,28.846771526370503,-0.17542092210123883,,True,,,,,,,,,,,,,,,,,,,,,,,,,,,,,,,,,,,,,,,,,,,,,grid,32.02219244847174,3.0,1.3105777729057189,0.9919438362121582,0.8285295379773995,0.005319797821963827,5.756097419651218,3.0,False,3.011072589841124,False
81,000081.jpg,,,,29.022192448471742,28.846771526370503,-0.17542092210123883,,True,,,,,,,,,,,,,,,,,,,,,,,,,,,,,,,,,,,,,,,,,,,,,clamped_raw_observation,28.846771526370503,-0.17542092210123883,0.9497060187542244,0.7188089489936829,0.9309826920326134,0.000812580071700116,0.8792232732345451,,False,1.2437917726932846,False
82,000082.jpg,,,,29.022192448471742,28.84724407100191,-0.17494837746983194,,True,,,,,,,,,,,,,,,,,,,,,,,,,,,,,,,,,,,,,,,,,,,,,prediction,29.022192448471742,0.0,0.9136751385931134,0.7166506052017212,0.9466712078299215,0.0006441787263611332,0.62718972080215,,False,1.1238013609637294,True
82,000082.jpg,,,,29.022192448471742,28.84724407100191,-0.17494837746983194,,True,,,,,,,,,,,,,,,,,,,,,,,,,,,,,,,,,,,,,,,,,,,,,grid,26.022192448471742,-3.0,1.297071048310468,1.0173711776733398,0.8211020686193669,0.0060429647564888,5.883592896414096,-3.0,False,3.0368672037946247,False
82,000082.jpg,,,,29.022192448471742,28.84724407100191,-0.17494837746983194,,True,,,,,,,,,,,,,,,,,,,,,,,,,,,,,,,,,,,,,,,,,,,,,grid,27.022192448471742,-2.0,1.25576569541553,0.9849728941917419,0.8292582368336142,0.004386157457095881,4.2704807817078105,-2.0,False,2.5541276540088687,False
82,000082.jpg,,,,29.022192448471742,28.84724407100191,-0.17494837746983194,,True,,,,,,,,,,,,,,,,,,,,,,,,,,,,,,,,,,,,,,,,,,,,,grid,28.022192448471742,-1.0,1.1544735680636722,0.9055233597755432,0.8576166063169971,0.0025026901081825295,2.4366863511188583,-1.0,False,1.9360285495263898,False
82,000082.jpg,,,,29.022192448471742,28.84724407100191,-0.17494837746983194,,True,,,,,,,,,,,,,,,,,,,,,,,,,,,,,,,,,,,,,,,,,,,,,grid,28.522192448471742,-0.5,1.041890562658556,0.8172177076339722,0.8944896569031656,0.0014586903368278097,1.420220115401544,-0.5,False,1.5174559346057763,False
82,000082.jpg,,,,29.022192448471742,28.84724407100191,-0.17494837746983194,,True,,,,,,,,,,,,,,,,,,,,,,,,,,,,,,,,,,,,,,,,,,,,,grid,29.522192448471742,0.5,0.8894191399840601,0.6976251602172852,0.9319004768221417,0.0008037950901780277,0.7825965024313372,0.5,False,1.1681677887697526,False
82,000082.jpg,,,,29.022192448471742,28.84724407100191,-0.17494837746983194,,True,,,,,,,,,,,,,,,,,,,,,,,,,,,,,,,,,,,,,,,,,,,,,grid,30.022192448471742,1.0,1.0420685345149894,0.8173573017120361,0.8928225719714624,0.001680767280049622,1.6364401958172377,1.0,False,1.5883560114978363,False
82,000082.jpg,,,,29.022192448471742,28.84724407100191,-0.17494837746983194,,True,,,,,,,,,,,,,,,,,,,,,,,,,,,,,,,,,,,,,,,,,,,,,grid,31.022192448471742,2.0,1.1988823337019423,0.9403558373451233,0.847470691571362,0.003632504648218552,3.5367041519646283,2.0,False,2.2955876801217374,False
82,000082.jpg,,,,29.022192448471742,28.84724407100191,-0.17494837746983194,,True,,,,,,,,,,,,,,,,,,,,,,,,,,,,,,,,,,,,,,,,,,,,,grid,32.02219244847174,3.0,1.2929436514657524,1.0141338109970093,0.8196321657763597,0.005337729196374615,5.196956601318879,3.0,False,2.8625506360191126,False
82,000082.jpg,,,,29.022192448471742,28.84724407100191,-0.17494837746983194,,True,,,,,,,,,,,,,,,,,,,,,,,,,,,,,,,,,,,,,,,,,,,,,clamped_raw_observation,28.84724407100191,-0.17494837746983194,0.9319639125965167,0.7309955954551697,0.9241565984297135,0.0008424836560152471,0.8202647299165117,,False,1.218121947970026,False
83,000083.jpg,,,,29.022192448471742,28.843882161678636,-0.17831028679310634,,True,,,,,,,,,,,,,,,,,,,,,,,,,,,,,,,,,,,,,,,,,,,,,prediction,29.022192448471742,0.0,0.9049815422598319,0.7046955823898315,0.9448511643725276,0.0006731143318271885,0.6877296325527283,,False,1.1320627860254864,True
83,000083.jpg,,,,29.022192448471742,28.843882161678636,-0.17831028679310634,,True,,,,,,,,,,,,,,,,,,,,,,,,,,,,,,,,,,,,,,,,,,,,,grid,26.022192448471742,-3.0,1.2948736800440472,1.0082987546920776,0.8191418905615122,0.0060646745065848036,6.196356506989763,-3.0,False,3.1148209162299754,False
83,000083.jpg,,,,29.022192448471742,28.843882161678636,-0.17831028679310634,,True,,,,,,,,,,,,,,,,,,,,,,,,,,,,,,,,,,,,,,,,,,,,,grid,27.022192448471742,-2.0,1.2605787265273019,0.9815937876701355,0.8307945656648826,0.004438249704738458,4.53461721774878,-2.0,False,2.623438465299614,False
83,000083.jpg,,,,29.022192448471742,28.843882161678636,-0.17831028679310634,,True,,,,,,,,,,,,,,,,,,,,,,,,,,,,,,,,,,,,,,,,,,,,,grid,28.022192448471742,-1.0,1.1498351176925403,0.8953593969345093,0.8622800579948807,0.0024661655770614743,2.519713317532081,-1.0,False,1.9474833890806797,False
83,000083.jpg,,,,29.022192448471742,28.843882161678636,-0.17831028679310634,,True,,,,,,,,,,,,,,,,,,,,,,,,,,,,,,,,,,,,,,,,,,,,,grid,28.522192448471742,-0.5,1.0479590470636206,0.8160300254821777,0.8934433565432187,0.0014407666749320924,1.472049975901644,-0.5,False,1.5375281844958129,False
83,000083.jpg,,,,29.022192448471742,28.843882161678636,-0.17831028679310634,,True,,,,,,,,,,,,,,,,,,,,,,,,,,,,,,,,,,,,,,,,,,,,,grid,29.522192448471742,0.5,0.8822281589021328,0.6869778633117676,0.9350779529955072,0.0008279060227020333,0.8458823083375356,0.5,False,1.1736207829910095,False
83,000083.jpg,,,,29.022192448471742,28.843882161678636,-0.17831028679310634,,True,,,,,,,,,,,,,,,,,,,,,,,,,,,,,,,,,,,,,,,,,,,,,grid,30.022192448471742,1.0,1.0626009297033634,0.8274314403533936,0.8888789446363685,0.0017080804682336748,1.745167941380904,1.0,False,1.640013970412221,False
83,000083.jpg,,,,29.022192448471742,28.843882161678636,-0.17831028679310634,,True,,,,,,,,,,,,,,,,,,,,,,,,,,,,,,,,,,,,,,,,,,,,,grid,31.022192448471742,2.0,1.226410378863038,0.9549874067306519,0.8401560849875598,0.0036237272433936596,3.7024090674245986,2.0,False,2.371856560731628,False
83,000083.jpg,,,,29.022192448471742,28.843882161678636,-0.17831028679310634,,True,,,,,,,,,,,,,,,,,,,,,,,,,,,,,,,,,,,,,,,,,,,,,grid,32.02219244847174,3.0,1.2710099312110752,0.9897164106369019,0.8271072368303292,0.005325999615403513,5.4416428016538045,3.0,False,2.894313394794197,False
83,000083.jpg,,,,29.022192448471742,28.843882161678636,-0.17831028679310634,,True,,,,,,,,,,,,,,,,,,,,,,,,,,,,,,,,,,,,,,,,,,,,,clamped_raw_observation,28.843882161678636,-0.17831028679310634,0.9273297715805379,0.7220978140830994,0.9199527449120232,0.0008748933129633466,0.8938898314849667,,False,1.2361987931435496,False
84,000084.jpg,,,,29.022192448471742,28.840004760822495,-0.18218768764924675,,True,,,,,,,,,,,,,,,,,,,,,,,,,,,,,,,,,,,,,,,,,,,,,prediction,29.022192448471742,0.0,0.8922369804531499,0.6951135396957397,0.9414182385986324,0.00064525764901191,0.7164040111079447,,False,1.1299197446315037,True
84,000084.jpg,,,,29.022192448471742,28.840004760822495,-0.18218768764924675,,True,,,,,,,,,,,,,,,,,,,,,,,,,,,,,,,,,,,,,,,,,,,,,grid,26.022192448471742,-3.0,1.307720680241308,1.0188037157058716,0.8176140136762567,0.006039249865959088,6.705139930819093,-3.0,False,3.2563916492698244,False
84,000084.jpg,,,,29.022192448471742,28.840004760822495,-0.18218768764924675,,True,,,,,,,,,,,,,,,,,,,,,,,,,,,,,,,,,,,,,,,,,,,,,grid,27.022192448471742,-2.0,1.250122622555037,0.9739308953285217,0.83277994149003,0.004416909961340328,4.9039201904113225,-2.0,False,2.7033227286678376,False
84,000084.jpg,,,,29.022192448471742,28.840004760822495,-0.18218768764924675,,True,,,,,,,,,,,,,,,,,,,,,,,,,,,,,,,,,,,,,,,,,,,,,grid,28.022192448471742,-1.0,1.1503747686505827,0.8962205052375793,0.8610657429509845,0.002460457539806763,2.7317485556003316,-1.0,False,2.002246164599681,False
84,000084.jpg,,,,29.022192448471742,28.840004760822495,-0.18218768764924675,,True,,,,,,,,,,,,,,,,,,,,,,,,,,,,,,,,,,,,,,,,,,,,,grid,28.522192448471742,-0.5,1.0466229660359048,0.8153907656669617,0.8974819175476066,0.001433168964770933,1.5911907383501098,-0.5,False,1.5619387330758254,False
84,000084.jpg,,,,29.022192448471742,28.840004760822495,-0.18218768764924675,,True,,,,,,,,,,,,,,,,,,,,,,,,,,,,,,,,,,,,,,,,,,,,,grid,29.522192448471742,0.5,0.8782823003417518,0.6842418909072876,0.9379722526338461,0.0007967918160526702,0.884646394990012,0.5,False,1.1764716464554086,False
84,000084.jpg,,,,29.022192448471742,28.840004760822495,-0.18218768764924675,,True,,,,,,,,,,,,,,,,,,,,,,,,,,,,,,,,,,,,,,,,,,,,,grid,30.022192448471742,1.0,1.0572103171721996,0.8236390352249146,0.8918642425112623,0.0017111818306148052,1.8998574120968768,1.0,False,1.6703104276851566,False
84,000084.jpg,,,,29.022192448471742,28.840004760822495,-0.18218768764924675,,True,,,,,,,,,,,,,,,,,,,,,,,,,,,,,,,,,,,,,,,,,,,,,grid,31.022192448471742,2.0,1.2229383248523384,0.9527524709701538,0.8423461421110253,0.0036499977577477694,4.052447945699969,2.0,False,2.4537041691663055,False
84,000084.jpg,,,,29.022192448471742,28.840004760822495,-0.18218768764924675,,True,,,,,,,,,,,,,,,,,,,,,,,,,,,,,,,,,,,,,,,,,,,,,grid,32.02219244847174,3.0,1.2806973545278766,0.9977506995201111,0.8236803848017661,0.005348192838331063,5.937886683600457,3.0,False,3.0314886406262245,False
84,000084.jpg,,,,29.022192448471742,28.840004760822495,-0.18218768764924675,,True,,,,,,,,,,,,,,,,,,,,,,,,,,,,,,,,,,,,,,,,,,,,,clamped_raw_observation,28.840004760822495,-0.18218768764924675,0.8971934487766703,0.6989749670028687,0.926216415097726,0.0008433115096219505,0.9362953682638331,,False,1.21051650637438,False
85,000085.jpg,,,,29.022192448471742,28.84023339293796,-0.1819590555337811,,True,,,,,,,,,,,,,,,,,,,,,,,,,,,,,,,,,,,,,,,,,,,,,prediction,29.022192448471742,0.0,0.8604600944927561,0.6536309123039246,0.9553863873591765,0.0005552636672897885,0.6519291180914093,,False,1.0680559866564319,True
85,000085.jpg,,,,29.022192448471742,28.84023339293796,-0.1819590555337811,,True,,,,,,,,,,,,,,,,,,,,,,,,,,,,,,,,,,,,,,,,,,,,,grid,26.022192448471742,-3.0,1.3267129450430615,1.007810354232788,0.8221574344023324,0.006040074862539768,7.09158713294054,-3.0,False,3.367452293875864,False
85,000085.jpg,,,,29.022192448471742,28.84023339293796,-0.1819590555337811,,True,,,,,,,,,,,,,,,,,,,,,,,,,,,,,,,,,,,,,,,,,,,,,grid,27.022192448471742,-2.0,1.281001193537369,0.9730863571166992,0.8333153367166972,0.0044272954886158305,5.198040162633333,-2.0,False,2.8071958974790054,False
85,000085.jpg,,,,29.022192448471742,28.84023339293796,-0.1819590555337811,,True,,,,,,,,,,,,,,,,,,,,,,,,,,,,,,,,,,,,,,,,,,,,,grid,28.022192448471742,-1.0,1.1806408725228175,0.8968496918678284,0.8619839470179607,0.0025020107083643475,2.93758394551674,-1.0,False,2.0830529118840415,False
85,000085.jpg,,,,29.022192448471742,28.84023339293796,-0.1819590555337811,,True,,,,,,,,,,,,,,,,,,,,,,,,,,,,,,,,,,,,,,,,,,,,,grid,28.522192448471742,-0.5,1.0703345898522725,0.8130577802658081,0.8974732750242954,0.001416485484999915,1.6630804200328402,-0.5,False,1.6036314198361872,False
85,000085.jpg,,,,29.022192448471742,28.84023339293796,-0.1819590555337811,,True,,,,,,,,,,,,,,,,,,,,,,,,,,,,,,,,,,,,,,,,,,,,,grid,29.522192448471742,0.5,0.8823514734117208,0.6702602505683899,0.941097073750135,0.0007423421581430981,0.8715759683007149,0.5,False,1.1741483917367646,False
85,000085.jpg,,,,29.022192448471742,28.84023339293796,-0.1819590555337811,,True,,,,,,,,,,,,,,,,,,,,,,,,,,,,,,,,,,,,,,,,,,,,,grid,30.022192448471742,1.0,1.0802654861493248,0.8206015825271606,0.8895907569376957,0.0016663709927039843,1.9564683152943494,1.0,False,1.7097918080352164,False
85,000085.jpg,,,,29.022192448471742,28.84023339293796,-0.1819590555337811,,True,,,,,,,,,,,,,,,,,,,,,,,,,,,,,,,,,,,,,,,,,,,,,grid,31.022192448471742,2.0,1.2469570132737582,0.9472253918647766,0.8415217939027463,0.0036104198079556227,4.2389551847120295,2.0,False,2.525174015549019,False
85,000085.jpg,,,,29.022192448471742,28.84023339293796,-0.1819590555337811,,True,,,,,,,,,,,,,,,,,,,,,,,,,,,,,,,,,,,,,,,,,,,,,grid,32.02219244847174,3.0,1.3023041603381043,0.9892687201499939,0.8238311197494871,0.005333738401532173,6.262285067584684,3.0,False,3.134044307484788,False
85,000085.jpg,,,,29.022192448471742,28.84023339293796,-0.1819590555337811,,True,,,,,,,,,,,,,,,,,,,,,,,,,,,,,,,,,,,,,,,,,,,,,clamped_raw_observation,28.84023339293796,-0.1819590555337811,0.9303638307723924,0.7067318558692932,0.9300651477522226,0.0008079043085065981,0.948551786069008,,False,1.2428954012034352,False
86,000086.jpg,,,,29.022192448471742,28.837369561247982,-0.18482288722375984,,True,,,,,,,,,,,,,,,,,,,,,,,,,,,,,,,,,,,,,,,,,,,,,prediction,29.022192448471742,0.0,0.9395651870982786,0.7089328765869141,0.9438091128133204,0.0006318525605214139,0.7284855155281843,,False,1.1778774531670044,True
86,000086.jpg,,,,29.022192448471742,28.837369561247982,-0.18482288722375984,,True,,,,,,,,,,,,,,,,,,,,,,,,,,,,,,,,,,,,,,,,,,,,,grid,26.022192448471742,-3.0,1.3436352838408079,1.0138170719146729,0.8213759125400079,0.0060396040789783,6.963276507781946,-3.0,False,3.353078498246286,False
86,000086.jpg,,,,29.022192448471742,28.837369561247982,-0.18482288722375984,,True,,,,,,,,,,,,,,,,,,,,,,,,,,,,,,,,,,,,,,,,,,,,,grid,27.022192448471742,-2.0,1.2987066396123157,0.9799169301986694,0.8290178731973964,0.004433927359059453,5.112034135484804,-2.0,False,2.80769730028612,False
86,000086.jpg,,,,29.022192448471742,28.837369561247982,-0.18482288722375984,,True,,,,,,,,,,,,,,,,,,,,,,,,,,,,,,,,,,,,,,,,,,,,,grid,28.022192448471742,-1.0,1.1995532493106464,0.9051024317741394,0.8591901319811558,0.0025110794037270048,2.8951136519043623,-1.0,False,2.094141530305581,False
86,000086.jpg,,,,29.022192448471742,28.837369561247982,-0.18482288722375984,,True,,,,,,,,,,,,,,,,,,,,,,,,,,,,,,,,,,,,,,,,,,,,,grid,28.522192448471742,-0.5,1.0750740068577502,0.8111787438392639,0.8976516704426943,0.0014170245849527419,1.6337385488056826,-0.5,False,1.6008569736164764,False
86,000086.jpg,,,,29.022192448471742,28.837369561247982,-0.18482288722375984,,True,,,,,,,,,,,,,,,,,,,,,,,,,,,,,,,,,,,,,,,,,,,,,grid,29.522192448471742,0.5,0.9033367032778833,0.6815972924232483,0.937947279462006,0.000785132918584471,0.9052079467418289,0.5,False,1.2066914105013344,False
86,000086.jpg,,,,29.022192448471742,28.837369561247982,-0.18482288722375984,,True,,,,,,,,,,,,,,,,,,,,,,,,,,,,,,,,,,,,,,,,,,,,,grid,30.022192448471742,1.0,1.09399048673975,0.8254518508911133,0.8904052936311001,0.0017025787189292412,1.9629641680378205,1.0,False,1.724326235118105,False
86,000086.jpg,,,,29.022192448471742,28.837369561247982,-0.18482288722375984,,True,,,,,,,,,,,,,,,,,,,,,,,,,,,,,,,,,,,,,,,,,,,,,grid,31.022192448471742,2.0,1.2575114768493656,0.9488338232040405,0.8421440644442046,0.003691586976250013,4.256163240505663,2.0,False,2.5394082225315766,False
86,000086.jpg,,,,29.022192448471742,28.837369561247982,-0.18482288722375984,,True,,,,,,,,,,,,,,,,,,,,,,,,,,,,,,,,,,,,,,,,,,,,,grid,32.02219244847174,3.0,1.324700714007989,0.9995303153991699,0.8239831697054698,0.005436987926562627,6.268498697439806,3.0,False,3.1578422186624704,False
86,000086.jpg,,,,29.022192448471742,28.837369561247982,-0.18482288722375984,,True,,,,,,,,,,,,,,,,,,,,,,,,,,,,,,,,,,,,,,,,,,,,,clamped_raw_observation,28.837369561247982,-0.18482288722375984,0.9540886527663168,0.7198913097381592,0.9272305534577624,0.00082563774776645,0.9519074193904249,,False,1.2703796407728736,False
87,000087.jpg,,,,29.022192448471742,28.840738735970035,-0.18145371250170683,,True,,,,,,,,,,,,,,,,,,,,,,,,,,,,,,,,,,,,,,,,,,,,,prediction,29.022192448471742,0.0,0.8665679735963013,0.6751623749732971,0.9558255897069335,0.0005824599841920038,0.5966613982685293,,False,1.0599077334565001,True
87,000087.jpg,,,,29.022192448471742,28.840738735970035,-0.18145371250170683,,True,,,,,,,,,,,,,,,,,,,,,,,,,,,,,,,,,,,,,,,,,,,,,grid,26.022192448471742,-3.0,1.3116916479835294,1.021968126296997,0.8198713366690493,0.006021222642933329,6.168030798549147,-3.0,False,3.1238280109517667,False
87,000087.jpg,,,,29.022192448471742,28.840738735970035,-0.18145371250170683,,True,,,,,,,,,,,,,,,,,,,,,,,,,,,,,,,,,,,,,,,,,,,,,grid,27.022192448471742,-2.0,1.2595830991725359,0.9813691973686218,0.8317905646890636,0.004434029610517125,4.5421391669424995,-2.0,False,2.6233273262190973,False
87,000087.jpg,,,,29.022192448471742,28.840738735970035,-0.18145371250170683,,True,,,,,,,,,,,,,,,,,,,,,,,,,,,,,,,,,,,,,,,,,,,,,grid,28.022192448471742,-1.0,1.1678704558971111,0.9099138379096985,0.8586311651179414,0.0025033254253988466,2.5643609675806833,-1.0,False,1.9803295326743406,False
87,000087.jpg,,,,29.022192448471742,28.840738735970035,-0.18145371250170683,,True,,,,,,,,,,,,,,,,,,,,,,,,,,,,,,,,,,,,,,,,,,,,,grid,28.522192448471742,-0.5,1.0542751705198072,0.8214092254638672,0.895228734810579,0.00144717648314933,1.4824612289461134,-0.5,False,1.5446617429457565,False
87,000087.jpg,,,,29.022192448471742,28.840738735970035,-0.18145371250170683,,True,,,,,,,,,,,,,,,,,,,,,,,,,,,,,,,,,,,,,,,,,,,,,grid,29.522192448471742,0.5,0.878620452339754,0.6845527291297913,0.9389742673338098,0.0007546882116002962,0.773088857279803,0.5,False,1.1479183993258948,False
87,000087.jpg,,,,29.022192448471742,28.840738735970035,-0.18145371250170683,,True,,,,,,,,,,,,,,,,,,,,,,,,,,,,,,,,,,,,,,,,,,,,,grid,30.022192448471742,1.0,1.054950838855397,0.8219356536865234,0.8894746247319514,0.0016847976464002083,1.7258760202989336,1.0,False,1.626945219198179,False
87,000087.jpg,,,,29.022192448471742,28.840738735970035,-0.18145371250170683,,True,,,,,,,,,,,,,,,,,,,,,,,,,,,,,,,,,,,,,,,,,,,,,grid,31.022192448471742,2.0,1.2134196972926294,0.9454022645950317,0.8423338098641887,0.0036581307649612427,3.7473225225913533,2.0,False,2.3679165180762793,False
87,000087.jpg,,,,29.022192448471742,28.840738735970035,-0.18145371250170683,,True,,,,,,,,,,,,,,,,,,,,,,,,,,,,,,,,,,,,,,,,,,,,,grid,32.02219244847174,3.0,1.2920074525482994,1.0066317319869995,0.8211758398856326,0.005406226652363936,5.538040107992606,3.0,False,2.945341639660818,False
87,000087.jpg,,,,29.022192448471742,28.840738735970035,-0.18145371250170683,,True,,,,,,,,,,,,,,,,,,,,,,,,,,,,,,,,,,,,,,,,,,,,,clamped_raw_observation,28.840738735970035,-0.18145371250170683,0.933077698339487,0.7269815802574158,0.9298606147248034,0.0008200383163057268,0.8400323141846187,,False,1.2186687735358892,False
88,000088.jpg,,,,29.022192448471742,28.84133658571426,-0.18085586275748256,,True,,,,,,,,,,,,,,,,,,,,,,,,,,,,,,,,,,,,,,,,,,,,,prediction,29.022192448471742,0.0,0.9504647705367363,0.7189106941223145,0.9474736557687111,0.0006764063339990874,0.6742350692983683,,False,1.1715498820926171,True
88,000088.jpg,,,,29.022192448471742,28.84133658571426,-0.18085586275748256,,True,,,,,,,,,,,,,,,,,,,,,,,,,,,,,,,,,,,,,,,,,,,,,grid,26.022192448471742,-3.0,1.3474413309841717,1.0191750526428223,0.819111951724759,0.006020193453878164,6.000868629610738,-3.0,False,3.1185465366620972,False
88,000088.jpg,,,,29.022192448471742,28.84133658571426,-0.18085586275748256,,True,,,,,,,,,,,,,,,,,,,,,,,,,,,,,,,,,,,,,,,,,,,,,grid,27.022192448471742,-2.0,1.291558700379309,0.9769066572189331,0.8316851301450059,0.004430663771927357,4.416441338805147,-2.0,False,2.62398390493559,False
88,000088.jpg,,,,29.022192448471742,28.84133658571426,-0.18085586275748256,,True,,,,,,,,,,,,,,,,,,,,,,,,,,,,,,,,,,,,,,,,,,,,,grid,28.022192448471742,-1.0,1.193586278492895,0.9028024673461914,0.85931730163019,0.002488502262470623,2.480514168852077,-1.0,False,1.9843975190757244,False
88,000088.jpg,,,,29.022192448471742,28.84133658571426,-0.18085586275748256,,True,,,,,,,,,,,,,,,,,,,,,,,,,,,,,,,,,,,,,,,,,,,,,grid,28.522192448471742,-0.5,1.0800067423603525,0.8168933987617493,0.8953796271278033,0.00146033883599254,1.4556511475332474,-0.5,False,1.563539902115861,False
88,000088.jpg,,,,29.022192448471742,28.84133658571426,-0.18085586275748256,,True,,,,,,,,,,,,,,,,,,,,,,,,,,,,,,,,,,,,,,,,,,,,,grid,29.522192448471742,0.5,0.9114956455983404,0.6894353032112122,0.9359812663244168,0.0008290112600661814,0.8263501334696306,0.5,False,1.1971019126413311,False
88,000088.jpg,,,,29.022192448471742,28.84133658571426,-0.18085586275748256,,True,,,,,,,,,,,,,,,,,,,,,,,,,,,,,,,,,,,,,,,,,,,,,grid,30.022192448471742,1.0,1.09793830031053,0.8304564356803894,0.8868774205169774,0.0017307570669800043,1.7252013358518878,1.0,False,1.6723612137565247,False
88,000088.jpg,,,,29.022192448471742,28.84133658571426,-0.18085586275748256,,True,,,,,,,,,,,,,,,,,,,,,,,,,,,,,,,,,,,,,,,,,,,,,grid,31.022192448471742,2.0,1.2625559124968342,0.954969584941864,0.840385481401423,0.0037152967415750027,3.7033706370100363,2.0,False,2.40801309034792,False
88,000088.jpg,,,,29.022192448471742,28.84133658571426,-0.18085586275748256,,True,,,,,,,,,,,,,,,,,,,,,,,,,,,,,,,,,,,,,,,,,,,,,grid,32.02219244847174,3.0,1.3196160132792032,0.9981285929679871,0.8254705935332793,0.005389244295656681,5.371944818530958,3.0,False,2.927131624378663,False
88,000088.jpg,,,,29.022192448471742,28.84133658571426,-0.18085586275748256,,True,,,,,,,,,,,,,,,,,,,,,,,,,,,,,,,,,,,,,,,,,,,,,clamped_raw_observation,28.84133658571426,-0.18085586275748256,0.9521260893884421,0.7201672792434692,0.9286859407367378,0.0008671004325151443,0.8643170396542771,,False,1.244945084447998,False
89,000089.jpg,,,,29.022192448471742,28.849077972981178,-0.17311447549056425,,True,,,,,,,,,,,,,,,,,,,,,,,,,,,,,,,,,,,,,,,,,,,,,prediction,29.022192448471742,0.0,0.8318044189144765,0.644746720790863,0.9526366836698039,0.0005580555298365653,0.5315881146044976,,False,1.012064763895797,True
89,000089.jpg,,,,29.022192448471742,28.849077972981178,-0.17311447549056425,,True,,,,,,,,,,,,,,,,,,,,,,,,,,,,,,,,,,,,,,,,,,,,,grid,26.022192448471742,-3.0,1.3054010877150486,1.0118401050567627,0.8199403692794023,0.006031048018485308,5.745007931692263,-3.0,False,3.0117127013587117,False
89,000089.jpg,,,,29.022192448471742,28.849077972981178,-0.17311447549056425,,True,,,,,,,,,,,,,,,,,,,,,,,,,,,,,,,,,,,,,,,,,,,,,grid,27.022192448471742,-2.0,1.2716303998861918,0.9856638312339783,0.8297111861484302,0.004417455095487337,4.207944371141467,-2.0,False,2.5539053065231285,False
89,000089.jpg,,,,29.022192448471742,28.849077972981178,-0.17311447549056425,,True,,,,,,,,,,,,,,,,,,,,,,,,,,,,,,,,,,,,,,,,,,,,,grid,28.022192448471742,-1.0,1.1570412920316895,0.8968437314033508,0.8631906027731877,0.002489627222530544,2.371549371942676,-1.0,False,1.9167380322441707,False
89,000089.jpg,,,,29.022192448471742,28.849077972981178,-0.17311447549056425,,True,,,,,,,,,,,,,,,,,,,,,,,,,,,,,,,,,,,,,,,,,,,,,grid,28.522192448471742,-0.5,1.0548189160144799,0.8176093101501465,0.8964006034916302,0.0014401367322231333,1.3718340368016475,-0.5,False,1.5163768217232614,False
89,000089.jpg,,,,29.022192448471742,28.849077972981178,-0.17311447549056425,,True,,,,,,,,,,,,,,,,,,,,,,,,,,,,,,,,,,,,,,,,,,,,,grid,29.522192448471742,0.5,0.8735509147918097,0.677105188369751,0.9407105395502551,0.0007399815270521989,0.704885739458649,0.5,False,1.1240618101062168,False
89,000089.jpg,,,,29.022192448471742,28.849077972981178,-0.17311447549056425,,True,,,,,,,,,,,,,,,,,,,,,,,,,,,,,,,,,,,,,,,,,,,,,grid,30.022192448471742,1.0,1.0597539664688478,0.8214345574378967,0.8905273367339608,0.0017177610231253009,1.6362911839466912,1.0,False,1.6082994257215597,False
89,000089.jpg,,,,29.022192448471742,28.849077972981178,-0.17311447549056425,,True,,,,,,,,,,,,,,,,,,,,,,,,,,,,,,,,,,,,,,,,,,,,,grid,31.022192448471742,2.0,1.2370814325234105,0.9588842988014221,0.8401824843738774,0.0037171797982106605,3.540881677411986,2.0,False,2.3421193675025296,False
89,000089.jpg,,,,29.022192448471742,28.849077972981178,-0.17311447549056425,,True,,,,,,,,,,,,,,,,,,,,,,,,,,,,,,,,,,,,,,,,,,,,,grid,32.02219244847174,3.0,1.2819285122449646,0.9936460852622986,0.8251670378619154,0.005440451282386978,5.182421972682007,3.0,False,2.842366967553551,False
89,000089.jpg,,,,29.022192448471742,28.849077972981178,-0.17311447549056425,,True,,,,,,,,,,,,,,,,,,,,,,,,,,,,,,,,,,,,,,,,,,,,,clamped_raw_observation,28.849077972981178,-0.17311447549056425,0.9152886443548589,0.7094568610191345,0.9275810043824988,0.0008062426350079477,0.7680042206250614,,False,1.1849021293933424,False
90,000090.jpg,,,,29.022192448471742,28.845934040917427,-0.17625840755431454,,True,,,,,,,,,,,,,,,,,,,,,,,,,,,,,,,,,,,,,,,,,,,,,prediction,29.022192448471742,0.0,0.971541181042956,0.7351574897766113,0.9453721544280311,0.0007156020146794617,0.8516805612423144,,False,1.2390891669255035,True
90,000090.jpg,,,,29.022192448471742,28.845934040917427,-0.17625840755431454,,True,,,,,,,,,,,,,,,,,,,,,,,,,,,,,,,,,,,,,,,,,,,,,grid,26.022192448471742,-3.0,1.3469712062509365,1.0192424058914185,0.8180082780275458,0.0060133778024464846,7.15687893087298,-3.0,False,3.4081826609416357,False
90,000090.jpg,,,,29.022192448471742,28.845934040917427,-0.17625840755431454,,True,,,,,,,,,,,,,,,,,,,,,,,,,,,,,,,,,,,,,,,,,,,,,grid,27.022192448471742,-2.0,1.2991615877073404,0.9830652475357056,0.8273745807464498,0.004408162708083789,5.246416880128431,-2.0,False,2.8433912269929986,False
90,000090.jpg,,,,29.022192448471742,28.845934040917427,-0.17625840755431454,,True,,,,,,,,,,,,,,,,,,,,,,,,,,,,,,,,,,,,,,,,,,,,,grid,28.022192448471742,-1.0,1.1786158154752517,0.8918492197990417,0.8636979947191893,0.0024804220302030444,2.9520979307854383,-1.0,False,2.082942303452422,False
90,000090.jpg,,,,29.022192448471742,28.845934040917427,-0.17625840755431454,,True,,,,,,,,,,,,,,,,,,,,,,,,,,,,,,,,,,,,,,,,,,,,,grid,28.522192448471742,-0.5,1.083225641593593,0.8196682333946228,0.8905659030899878,0.0014625147838766377,1.7406259155309591,-0.5,False,1.642816217386345,False
90,000090.jpg,,,,29.022192448471742,28.845934040917427,-0.17625840755431454,,True,,,,,,,,,,,,,,,,,,,,,,,,,,,,,,,,,,,,,,,,,,,,,grid,29.522192448471742,0.5,0.9188703497530482,0.69530189037323,0.932723185613359,0.0008318498730659485,0.9900340583578412,0.5,False,1.2486556787291494,False
90,000090.jpg,,,,29.022192448471742,28.845934040917427,-0.17625840755431454,,True,,,,,,,,,,,,,,,,,,,,,,,,,,,,,,,,,,,,,,,,,,,,,grid,30.022192448471742,1.0,1.1080724614826438,0.8384696245193481,0.8840362520516664,0.0017520155912886064,2.0851780619459896,1.0,False,1.7753307249174748,False
90,000090.jpg,,,,29.022192448471742,28.845934040917427,-0.17625840755431454,,True,,,,,,,,,,,,,,,,,,,,,,,,,,,,,,,,,,,,,,,,,,,,,grid,31.022192448471742,2.0,1.274010479247803,0.9640336036682129,0.8382038107471633,0.0037137606414034963,4.419967639144946,2.0,False,2.600798578286876,False
90,000090.jpg,,,,29.022192448471742,28.845934040917427,-0.17625840755431454,,True,,,,,,,,,,,,,,,,,,,,,,,,,,,,,,,,,,,,,,,,,,,,,grid,32.02219244847174,3.0,1.3154213731094606,0.9953688979148865,0.8232355669735246,0.0054173381843914585,6.447496696035166,3.0,False,3.1940599801447274,False
90,000090.jpg,,,,29.022192448471742,28.845934040917427,-0.17625840755431454,,True,,,,,,,,,,,,,,,,,,,,,,,,,,,,,,,,,,,,,,,,,,,,,clamped_raw_observation,28.845934040917427,-0.17625840755431454,0.96759779651909,0.7321735620498657,0.9237672161564262,0.0009188114199787378,1.0935321726195226,,False,1.322501375744174,False
91,000091.jpg,,,,29.022192448471742,28.844307232699578,-0.17788521577216443,,True,,,,,,,,,,,,,,,,,,,,,,,,,,,,,,,,,,,,,,,,,,,,,prediction,29.022192448471742,0.0,0.8827050155487729,0.6893227100372314,0.9387627054837495,0.0006659890059381723,0.6182581038636075,,False,1.0985068360309254,True
91,000091.jpg,,,,29.022192448471742,28.844307232699578,-0.17788521577216443,,True,,,,,,,,,,,,,,,,,,,,,,,,,,,,,,,,,,,,,,,,,,,,,grid,26.022192448471742,-3.0,1.3037349340851556,1.0181137323379517,0.8191025939802449,0.006018203838417928,5.5868839584874115,-3.0,False,2.971353329726764,False
91,000091.jpg,,,,29.022192448471742,28.844307232699578,-0.17788521577216443,,True,,,,,,,,,,,,,,,,,,,,,,,,,,,,,,,,,,,,,,,,,,,,,grid,27.022192448471742,-2.0,1.2431435304045428,0.9707966446876526,0.8353978810748794,0.004407083460440238,4.0912312959013,-2.0,False,2.4905534733049888,False
91,000091.jpg,,,,29.022192448471742,28.844307232699578,-0.17788521577216443,,True,,,,,,,,,,,,,,,,,,,,,,,,,,,,,,,,,,,,,,,,,,,,,grid,28.022192448471742,-1.0,1.1636688952108956,0.9087332487106323,0.8560672606349605,0.002487612538971007,2.3093273278963546,-1.0,False,1.9149334665500237,False
91,000091.jpg,,,,29.022192448471742,28.844307232699578,-0.17788521577216443,,True,,,,,,,,,,,,,,,,,,,,,,,,,,,,,,,,,,,,,,,,,,,,,grid,28.522192448471742,-0.5,1.0353170056016494,0.8085005879402161,0.8961870103795063,0.0014276581447726737,1.3253390216392424,-0.5,False,1.4854647506319536,False
91,000091.jpg,,,,29.022192448471742,28.844307232699578,-0.17788521577216443,,True,,,,,,,,,,,,,,,,,,,,,,,,,,,,,,,,,,,,,,,,,,,,,grid,29.522192448471742,0.5,0.8784844871385549,0.6860268115997314,0.9371851639388344,0.0008139468360847483,0.7556119140655254,0.5,False,1.1452023017161017,False
91,000091.jpg,,,,29.022192448471742,28.844307232699578,-0.17788521577216443,,True,,,,,,,,,,,,,,,,,,,,,,,,,,,,,,,,,,,,,,,,,,,,,grid,30.022192448471742,1.0,1.074810957406445,0.8393422365188599,0.8868293207608052,0.0017404982742543023,1.6157581479929783,1.0,False,1.6219211736438846,False
91,000091.jpg,,,,29.022192448471742,28.844307232699578,-0.17788521577216443,,True,,,,,,,,,,,,,,,,,,,,,,,,,,,,,,,,,,,,,,,,,,,,,grid,31.022192448471742,2.0,1.2368340327730565,0.9658694267272949,0.838140652170016,0.0037021919464071593,3.4368587957400933,2.0,False,2.3179080795380638,False
91,000091.jpg,,,,29.022192448471742,28.844307232699578,-0.17788521577216443,,True,,,,,,,,,,,,,,,,,,,,,,,,,,,,,,,,,,,,,,,,,,,,,grid,32.02219244847174,3.0,1.2871045439450233,1.005126714706421,0.8224010899377947,0.005411958942810695,5.02408815211052,3.0,False,2.8107254920348583,False
91,000091.jpg,,,,29.022192448471742,28.844307232699578,-0.17788521577216443,,True,,,,,,,,,,,,,,,,,,,,,,,,,,,,,,,,,,,,,,,,,,,,,clamped_raw_observation,28.844307232699578,-0.17788521577216443,0.902516143544067,0.7047936320304871,0.9226646110822293,0.0008483812756215533,0.7875784647229811,,False,1.1820827051157479,False
92,000092.jpg,,,,29.022192448471742,28.849004084485074,-0.17318836398666804,,True,,,,,,,,,,,,,,,,,,,,,,,,,,,,,,,,,,,,,,,,,,,,,prediction,29.022192448471742,0.0,0.8218354762969853,0.6217623353004456,0.95388562918304,0.0004933189823835468,0.6091184751297779,,False,1.0202294658963897,True
92,000092.jpg,,,,29.022192448471742,28.849004084485074,-0.17318836398666804,,True,,,,,,,,,,,,,,,,,,,,,,,,,,,,,,,,,,,,,,,,,,,,,grid,26.022192448471742,-3.0,1.3390380637678292,1.0130536556243896,0.8204948771778723,0.006066002727796634,7.489909092563214,-3.0,False,3.48102045973076,False
92,000092.jpg,,,,29.022192448471742,28.849004084485074,-0.17318836398666804,,True,,,,,,,,,,,,,,,,,,,,,,,,,,,,,,,,,,,,,,,,,,,,,grid,27.022192448471742,-2.0,1.3051980885628753,0.9874519109725952,0.8269185910893398,0.00440969232780238,5.4448037931249305,-2.0,False,2.8994804457547683,False
92,000092.jpg,,,,29.022192448471742,28.849004084485074,-0.17318836398666804,,True,,,,,,,,,,,,,,,,,,,,,,,,,,,,,,,,,,,,,,,,,,,,,grid,28.022192448471742,-1.0,1.1959368804094397,0.9047899842262268,0.8582297105740073,0.0024860845878720284,3.069656971016159,-1.0,False,2.135121412589472,False
92,000092.jpg,,,,29.022192448471742,28.849004084485074,-0.17318836398666804,,True,,,,,,,,,,,,,,,,,,,,,,,,,,,,,,,,,,,,,,,,,,,,,grid,28.522192448471742,-0.5,1.0729461402625005,0.8117409348487854,0.8972026340815704,0.0014109824066205572,1.7421901095373757,-0.5,False,1.6262910335652738,False
92,000092.jpg,,,,29.022192448471742,28.849004084485074,-0.17318836398666804,,True,,,,,,,,,,,,,,,,,,,,,,,,,,,,,,,,,,,,,,,,,,,,,grid,29.522192448471742,0.5,0.9044144352674551,0.6842377185821533,0.9389388311711615,0.0007095862626253316,0.8761513700020874,0.5,False,1.1995134465968154,False
92,000092.jpg,,,,29.022192448471742,28.849004084485074,-0.17318836398666804,,True,,,,,,,,,,,,,,,,,,,,,,,,,,,,,,,,,,,,,,,,,,,,,grid,30.022192448471742,1.0,1.1053197002597839,0.8362332582473755,0.8853241463458399,0.0017296875594183803,2.135706685263385,1.0,False,1.7839222252297902,False
92,000092.jpg,,,,29.022192448471742,28.849004084485074,-0.17318836398666804,,True,,,,,,,,,,,,,,,,,,,,,,,,,,,,,,,,,,,,,,,,,,,,,grid,31.022192448471742,2.0,1.2697243599510843,0.9606141448020935,0.8398557355870162,0.0036953551849971213,4.5627863425663255,2.0,False,2.6305652100056496,False
92,000092.jpg,,,,29.022192448471742,28.849004084485074,-0.17318836398666804,,True,,,,,,,,,,,,,,,,,,,,,,,,,,,,,,,,,,,,,,,,,,,,,grid,32.02219244847174,3.0,1.3177113460183671,0.9969188570976257,0.8245321275412248,0.005407999192054073,6.677448748173112,3.0,False,3.25254140552042,False
92,000092.jpg,,,,29.022192448471742,28.849004084485074,-0.17318836398666804,,True,,,,,,,,,,,,,,,,,,,,,,,,,,,,,,,,,,,,,,,,,,,,,clamped_raw_observation,28.849004084485074,-0.17318836398666804,0.9303550075168256,0.7038631439208984,0.9311693671385763,0.0007916595204733312,0.9774901375227713,,False,1.2487538256785422,False
93,000093.jpg,,,,29.022192448471742,28.8393337523749,-0.1828586960968437,,True,,,,,,,,,,,,,,,,,,,,,,,,,,,,,,,,,,,,,,,,,,,,,prediction,29.022192448471742,0.0,0.9143448362251158,0.6787155866622925,0.9527537796976242,0.0005902351161542659,0.7065665754385033,,False,1.1382327003871173,True
93,000093.jpg,,,,29.022192448471742,28.8393337523749,-0.1828586960968437,,True,,,,,,,,,,,,,,,,,,,,,,,,,,,,,,,,,,,,,,,,,,,,,grid,26.022192448471742,-3.0,1.369349140173828,1.0164639949798584,0.8217782577393808,0.006044213815281789,7.2354886041134066,-3.0,False,3.4464430334627987,False
93,000093.jpg,,,,29.022192448471742,28.8393337523749,-0.1828586960968437,,True,,,,,,,,,,,,,,,,,,,,,,,,,,,,,,,,,,,,,,,,,,,,,grid,27.022192448471742,-2.0,1.3376452582690417,0.9929302930831909,0.8264038876889849,0.004455074512710174,5.333140397133309,-2.0,False,2.904526469863384,False
93,000093.jpg,,,,29.022192448471742,28.8393337523749,-0.1828586960968437,,True,,,,,,,,,,,,,,,,,,,,,,,,,,,,,,,,,,,,,,,,,,,,,grid,28.022192448471742,-1.0,1.21676821630233,0.9032036066055298,0.8587293016558676,0.0025068269072410962,3.000906002691135,-1.0,False,2.1382654153192457,False
93,000093.jpg,,,,29.022192448471742,28.8393337523749,-0.1828586960968437,,True,,,,,,,,,,,,,,,,,,,,,,,,,,,,,,,,,,,,,,,,,,,,,grid,28.522192448471742,-0.5,1.0961319063923274,0.8136556148529053,0.8983081353491721,0.0014430216106120497,1.7274316789843889,-0.5,False,1.6446816907892523,False
93,000093.jpg,,,,29.022192448471742,28.8393337523749,-0.1828586960968437,,True,,,,,,,,,,,,,,,,,,,,,,,,,,,,,,,,,,,,,,,,,,,,,grid,29.522192448471742,0.5,0.9236541327543345,0.6856258511543274,0.9377069834413247,0.0007791134315387657,0.932671564489916,0.5,False,1.2341150404354886,False
93,000093.jpg,,,,29.022192448471742,28.8393337523749,-0.1828586960968437,,True,,,,,,,,,,,,,,,,,,,,,,,,,,,,,,,,,,,,,,,,,,,,,grid,30.022192448471742,1.0,1.1120328288505887,0.825458824634552,0.8892368610511159,0.0016979693027678877,2.032627884415546,1.0,False,1.7609529389033594,False
93,000093.jpg,,,,29.022192448471742,28.8393337523749,-0.1828586960968437,,True,,,,,,,,,,,,,,,,,,,,,,,,,,,,,,,,,,,,,,,,,,,,,grid,31.022192448471742,2.0,1.2882830617134855,0.9562888741493225,0.841792656587473,0.003632366502036651,4.3482820486925755,2.0,False,2.5935609172991563,False
93,000093.jpg,,,,29.022192448471742,28.8393337523749,-0.1828586960968437,,True,,,,,,,,,,,,,,,,,,,,,,,,,,,,,,,,,,,,,,,,,,,,,grid,32.02219244847174,3.0,1.3454336388922792,0.9987115859985352,0.8248200143988481,0.005395293080558379,6.45866986067436,3.0,False,3.2252810896620208,False
93,000093.jpg,,,,29.022192448471742,28.8393337523749,-0.1828586960968437,,True,,,,,,,,,,,,,,,,,,,,,,,,,,,,,,,,,,,,,,,,,,,,,clamped_raw_observation,28.8393337523749,-0.1828586960968437,0.967438138767015,0.7181265950202942,0.9292656587473002,0.0008301805161560575,0.9938036356055179,,False,1.2921091498039998,False
94,000094.jpg,,,,29.022192448471742,28.852885652208386,-0.16930679626335632,,True,,,,,,,,,,,,,,,,,,,,,,,,,,,,,,,,,,,,,,,,,,,,,prediction,29.022192448471742,0.0,0.8980299447892801,0.6862019300460815,0.9486391808137968,0.0005979408791366344,0.6400306941289953,,False,1.1093984375077321,True
94,000094.jpg,,,,29.022192448471742,28.852885652208386,-0.16930679626335632,,True,,,,,,,,,,,,,,,,,,,,,,,,,,,,,,,,,,,,,,,,,,,,,grid,26.022192448471742,-3.0,1.3217537911883601,1.0099774599075317,0.8198329291296147,0.006031700409948826,6.4562794330633855,-3.0,False,3.205990720324592,False
94,000094.jpg,,,,29.022192448471742,28.852885652208386,-0.16930679626335632,,True,,,,,,,,,,,,,,,,,,,,,,,,,,,,,,,,,,,,,,,,,,,,,grid,27.022192448471742,-2.0,1.2864452647558349,0.9829975366592407,0.8278451450642235,0.004435693146660924,4.74792719925725,-2.0,False,2.705581919505924,False
94,000094.jpg,,,,29.022192448471742,28.852885652208386,-0.16930679626335632,,True,,,,,,,,,,,,,,,,,,,,,,,,,,,,,,,,,,,,,,,,,,,,,grid,28.022192448471742,-1.0,1.183701796121045,0.904489278793335,0.8570915296865176,0.0024934091682856283,2.6689233942822375,-1.0,False,2.023841115005087,False
94,000094.jpg,,,,29.022192448471742,28.852885652208386,-0.16930679626335632,,True,,,,,,,,,,,,,,,,,,,,,,,,,,,,,,,,,,,,,,,,,,,,,grid,28.522192448471742,-0.5,1.0694238198697905,0.8171672821044922,0.8946016347794844,0.0014154772507026792,1.5151144852299367,-0.5,False,1.56860080639779,False
94,000094.jpg,,,,29.022192448471742,28.852885652208386,-0.16930679626335632,,True,,,,,,,,,,,,,,,,,,,,,,,,,,,,,,,,,,,,,,,,,,,,,grid,29.522192448471742,0.5,0.9025917969190298,0.6896877288818359,0.9357585556453786,0.0007541778710825989,0.8072654056078067,0.5,False,1.1836495926756028,False
94,000094.jpg,,,,29.022192448471742,28.852885652208386,-0.16930679626335632,,True,,,,,,,,,,,,,,,,,,,,,,,,,,,,,,,,,,,,,,,,,,,,,grid,30.022192448471742,1.0,1.1019996968749808,0.8420591354370117,0.8822779125123507,0.0016685221926309168,1.7859715807709038,1.0,False,1.696214679555356,False
94,000094.jpg,,,,29.022192448471742,28.852885652208386,-0.16930679626335632,,True,,,,,,,,,,,,,,,,,,,,,,,,,,,,,,,,,,,,,,,,,,,,,grid,31.022192448471742,2.0,1.256965849604592,0.9604717493057251,0.8409233809395491,0.003664429842804869,3.9223736956467135,2.0,False,2.4566358925767213,False
94,000094.jpg,,,,29.022192448471742,28.852885652208386,-0.16930679626335632,,True,,,,,,,,,,,,,,,,,,,,,,,,,,,,,,,,,,,,,,,,,,,,,grid,32.02219244847174,3.0,1.310194478179172,1.0011447668075562,0.8221683283930656,0.005389044526964426,5.7683861893927215,3.0,False,3.0201226971342865,False
94,000094.jpg,,,,29.022192448471742,28.852885652208386,-0.16930679626335632,,True,,,,,,,,,,,,,,,,,,,,,,,,,,,,,,,,,,,,,,,,,,,,,clamped_raw_observation,28.852885652208386,-0.16930679626335632,0.9482444841348062,0.7245718240737915,0.9252133297404114,0.0007991555903572589,0.8554091634476544,,False,1.241962649144209,False
95,000095.jpg,,,,29.022192448471742,28.848524231849723,-0.17366821662201914,,True,,,,,,,,,,,,,,,,,,,,,,,,,,,,,,,,,,,,,,,,,,,,,prediction,29.022192448471742,0.0,0.9433907688889642,0.7167590260505676,0.9485814007880107,0.0006471208228807276,0.7011272479291666,,False,1.1700911800832452,True
95,000095.jpg,,,,29.022192448471742,28.848524231849723,-0.17366821662201914,,True,,,,,,,,,,,,,,,,,,,,,,,,,,,,,,,,,,,,,,,,,,,,,grid,26.022192448471742,-3.0,1.3232264893297208,1.005346417427063,0.8216900850979616,0.0060171974667658406,6.519371577844386,-3.0,False,3.2213792986928556,False
95,000095.jpg,,,,29.022192448471742,28.848524231849723,-0.17366821662201914,,True,,,,,,,,,,,,,,,,,,,,,,,,,,,,,,,,,,,,,,,,,,,,,grid,27.022192448471742,-2.0,1.2863534933608476,0.9773314595222473,0.8308115790799345,0.004442948188322286,4.813740998324246,-2.0,False,2.7189771638619744,False
95,000095.jpg,,,,29.022192448471742,28.848524231849723,-0.17366821662201914,,True,,,,,,,,,,,,,,,,,,,,,,,,,,,,,,,,,,,,,,,,,,,,,grid,28.022192448471742,-1.0,1.1858967358730124,0.9010075330734253,0.8593814655560154,0.002505120704881847,2.7141892571550135,-1.0,False,2.03506258460575,False
95,000095.jpg,,,,29.022192448471742,28.848524231849723,-0.17366821662201914,,True,,,,,,,,,,,,,,,,,,,,,,,,,,,,,,,,,,,,,,,,,,,,,grid,28.522192448471742,-0.5,1.0831956518055343,0.8229784369468689,0.892377165680154,0.001427981226394574,1.5471555109285624,-0.5,False,1.5926073638575209,False
95,000095.jpg,,,,29.022192448471742,28.848524231849723,-0.17366821662201914,,True,,,,,,,,,,,,,,,,,,,,,,,,,,,,,,,,,,,,,,,,,,,,,grid,29.522192448471742,0.5,0.9104313017031401,0.6917174458503723,0.9361675332385802,0.0008312281376371781,0.9005995108432137,0.5,False,1.2144136461753632,False
95,000095.jpg,,,,29.022192448471742,28.848524231849723,-0.17366821662201914,,True,,,,,,,,,,,,,,,,,,,,,,,,,,,,,,,,,,,,,,,,,,,,,grid,30.022192448471742,1.0,1.0896444035243962,0.8278779983520508,0.88809528093122,0.0016690514554890494,1.8083446124169809,1.0,False,1.6836352756974213,False
95,000095.jpg,,,,29.022192448471742,28.848524231849723,-0.17366821662201914,,True,,,,,,,,,,,,,,,,,,,,,,,,,,,,,,,,,,,,,,,,,,,,,grid,31.022192448471742,2.0,1.262548945587005,0.959245502948761,0.8400949930734217,0.0036355663711826005,3.9389779379126777,2.0,False,2.4671984369917523,False
95,000095.jpg,,,,29.022192448471742,28.848524231849723,-0.17366821662201914,,True,,,,,,,,,,,,,,,,,,,,,,,,,,,,,,,,,,,,,,,,,,,,,grid,32.02219244847174,3.0,1.3258727988999286,1.0073570013046265,0.82088048504039,0.005366902332752943,5.814805101954262,3.0,False,3.0486935893481037,False
95,000095.jpg,,,,29.022192448471742,28.848524231849723,-0.17366821662201914,,True,,,,,,,,,,,,,,,,,,,,,,,,,,,,,,,,,,,,,,,,,,,,,clamped_raw_observation,28.848524231849723,-0.17366821662201914,0.956996998778047,0.7270966172218323,0.9245272835219401,0.0008315211161971092,0.9009169403620357,,False,1.2629089968452765,False
96,000096.jpg,,,,29.022192448471742,28.846775026870034,-0.1754174216017077,,True,,,,,,,,,,,,,,,,,,,,,,,,,,,,,,,,,,,,,,,,,,,,,prediction,29.022192448471742,0.0,0.9184880885776316,0.7234201431274414,0.9413087677000306,0.0006824030230442683,0.6952021722241277,,False,1.150979863933633,True
96,000096.jpg,,,,29.022192448471742,28.846775026870034,-0.1754174216017077,,True,,,,,,,,,,,,,,,,,,,,,,,,,,,,,,,,,,,,,,,,,,,,,grid,26.022192448471742,-3.0,1.2824795004662073,1.0101072788238525,0.8202198672160348,0.006002039260541399,6.1146134920217,-3.0,False,3.0809130062555976,False
96,000096.jpg,,,,29.022192448471742,28.846775026870034,-0.1754174216017077,,True,,,,,,,,,,,,,,,,,,,,,,,,,,,,,,,,,,,,,,,,,,,,,grid,27.022192448471742,-2.0,1.2487340587665536,0.9835286736488342,0.8299717519206895,0.004438860962788264,4.522116226514867,-2.0,False,2.609291363474581,False
96,000096.jpg,,,,29.022192448471742,28.846775026870034,-0.1754174216017077,,True,,,,,,,,,,,,,,,,,,,,,,,,,,,,,,,,,,,,,,,,,,,,,grid,28.022192448471742,-1.0,1.1443024301122415,0.901276171207428,0.8586336565969162,0.0024702006485313177,2.5165317249437487,-1.0,False,1.9448017047512625,False
96,000096.jpg,,,,29.022192448471742,28.846775026870034,-0.1754174216017077,,True,,,,,,,,,,,,,,,,,,,,,,,,,,,,,,,,,,,,,,,,,,,,,grid,28.522192448471742,-0.5,1.048261471985831,0.8256323337554932,0.8919555947390201,0.0014293526764959097,1.4561616112739078,-0.5,False,1.5353462800652877,False
96,000096.jpg,,,,29.022192448471742,28.846775026870034,-0.1754174216017077,,True,,,,,,,,,,,,,,,,,,,,,,,,,,,,,,,,,,,,,,,,,,,,,grid,29.522192448471742,0.5,0.8938075981220336,0.7039812803268433,0.929991543568614,0.0008742468586812416,0.890644230302438,0.5,False,1.201477112129029,False
96,000096.jpg,,,,29.022192448471742,28.846775026870034,-0.1754174216017077,,True,,,,,,,,,,,,,,,,,,,,,,,,,,,,,,,,,,,,,,,,,,,,,grid,30.022192448471742,1.0,1.0504748684376917,0.8273756504058838,0.8896525666168876,0.001706923086506625,1.7389381311136696,1.0,False,1.6255568345992213,False
96,000096.jpg,,,,29.022192448471742,28.846775026870034,-0.1754174216017077,,True,,,,,,,,,,,,,,,,,,,,,,,,,,,,,,,,,,,,,,,,,,,,,grid,31.022192448471742,2.0,1.2090303517891257,0.9522572159767151,0.8430702243653179,0.0036888318912436566,3.7580196118150346,2.0,False,2.3654650303775666,False
96,000096.jpg,,,,29.022192448471742,28.846775026870034,-0.1754174216017077,,True,,,,,,,,,,,,,,,,,,,,,,,,,,,,,,,,,,,,,,,,,,,,,grid,32.02219244847174,3.0,1.2705027311396078,1.0006741285324097,0.8232066068119254,0.005398288757229845,5.4995390459690565,3.0,False,2.9121808858199465,False
96,000096.jpg,,,,29.022192448471742,28.846775026870034,-0.1754174216017077,,True,,,,,,,,,,,,,,,,,,,,,,,,,,,,,,,,,,,,,,,,,,,,,clamped_raw_observation,28.846775026870034,-0.1754174216017077,0.9139211421513157,0.7198231220245361,0.9232443908670541,0.0008760057195710639,0.8924360803821602,,False,1.2190482940278529,False
97,000097.jpg,,,,29.022192448471742,28.843136002333154,-0.1790564461385884,,True,,,,,,,,,,,,,,,,,,,,,,,,,,,,,,,,,,,,,,,,,,,,,prediction,29.022192448471742,0.0,0.8444911468329468,0.6528323292732239,0.949017343126816,0.0005887893106167515,0.6342305934176075,,False,1.0540314520605327,True
97,000097.jpg,,,,29.022192448471742,28.843136002333154,-0.1790564461385884,,True,,,,,,,,,,,,,,,,,,,,,,,,,,,,,,,,,,,,,,,,,,,,,grid,26.022192448471742,-3.0,1.2963669801279856,1.0021541118621826,0.8215877713811337,0.0059686436628301935,6.429288616346928,-3.0,False,3.1721013628335837,False
97,000097.jpg,,,,29.022192448471742,28.843136002333154,-0.1790564461385884,,True,,,,,,,,,,,,,,,,,,,,,,,,,,,,,,,,,,,,,,,,,,,,,grid,27.022192448471742,-2.0,1.2612314986526951,0.9749926924705505,0.8313150818429553,0.004409950769816835,4.750299713752636,-2.0,False,2.677491345247899,False
97,000097.jpg,,,,29.022192448471742,28.843136002333154,-0.1790564461385884,,True,,,,,,,,,,,,,,,,,,,,,,,,,,,,,,,,,,,,,,,,,,,,,grid,28.022192448471742,-1.0,1.1541018702510086,0.8921763300895691,0.8604067784374944,0.002441232635950049,2.6296408502171933,-1.0,False,1.9811053043678124,False
97,000097.jpg,,,,29.022192448471742,28.843136002333154,-0.1790564461385884,,True,,,,,,,,,,,,,,,,,,,,,,,,,,,,,,,,,,,,,,,,,,,,,grid,28.522192448471742,-0.5,1.0528933206554776,0.813937246799469,0.8933424771254805,0.0014374045034249623,1.5483397791875915,-0.5,False,1.5616357883268948,False
97,000097.jpg,,,,29.022192448471742,28.843136002333154,-0.1790564461385884,,True,,,,,,,,,,,,,,,,,,,,,,,,,,,,,,,,,,,,,,,,,,,,,grid,29.522192448471742,0.5,0.8695031826743099,0.6721678376197815,0.9421053581418852,0.0007454010386330386,0.8029292219505908,0.5,False,1.1431301300200722,False
97,000097.jpg,,,,29.022192448471742,28.843136002333154,-0.1790564461385884,,True,,,,,,,,,,,,,,,,,,,,,,,,,,,,,,,,,,,,,,,,,,,,,grid,30.022192448471742,1.0,1.0813761662275372,0.8359558582305908,0.8858529894786233,0.0016970547925059993,1.8280292265935243,1.0,False,1.682530483397295,False
97,000097.jpg,,,,29.022192448471742,28.843136002333154,-0.1790564461385884,,True,,,,,,,,,,,,,,,,,,,,,,,,,,,,,,,,,,,,,,,,,,,,,grid,31.022192448471742,2.0,1.2407875310842373,0.9591885209083557,0.838209019869701,0.003675759343119959,3.959445233483082,2.0,False,2.4524398195853068,False
97,000097.jpg,,,,29.022192448471742,28.843136002333154,-0.1790564461385884,,True,,,,,,,,,,,,,,,,,,,,,,,,,,,,,,,,,,,,,,,,,,,,,grid,32.02219244847174,3.0,1.3067743975988149,1.0101995468139648,0.8218043348793561,0.005397331280012925,5.813883776198808,3.0,False,3.0284410067691603,False
97,000097.jpg,,,,29.022192448471742,28.843136002333154,-0.1790564461385884,,True,,,,,,,,,,,,,,,,,,,,,,,,,,,,,,,,,,,,,,,,,,,,,clamped_raw_observation,28.843136002333154,-0.1790564461385884,0.9075476984788116,0.7015780806541443,0.9258270018588367,0.0008045566210057586,0.866650283857972,,False,1.2037549609686256,False
98,000098.jpg,,,,29.022192448471742,28.851704885191936,-0.1704875632798064,,True,,,,,,,,,,,,,,,,,,,,,,,,,,,,,,,,,,,,,,,,,,,,,prediction,29.022192448471742,0.0,0.851584497943496,0.6383969187736511,0.954464622514415,0.0005003185845756283,0.6182836490604375,,False,1.0516907876941903,True
98,000098.jpg,,,,29.022192448471742,28.851704885191936,-0.1704875632798064,,True,,,,,,,,,,,,,,,,,,,,,,,,,,,,,,,,,,,,,,,,,,,,,grid,26.022192448471742,-3.0,1.3457297627367684,1.0088367462158203,0.8214330620969625,0.006008741213008761,7.425481599069643,-3.0,False,3.4706671004072165,False
98,000098.jpg,,,,29.022192448471742,28.851704885191936,-0.1704875632798064,,True,,,,,,,,,,,,,,,,,,,,,,,,,,,,,,,,,,,,,,,,,,,,,grid,27.022192448471742,-2.0,1.3167222038026043,0.9870910048484802,0.8272529683318065,0.004407454902927081,5.446644167260894,-2.0,False,2.9111302772860213,False
98,000098.jpg,,,,29.022192448471742,28.851704885191936,-0.1704875632798064,,True,,,,,,,,,,,,,,,,,,,,,,,,,,,,,,,,,,,,,,,,,,,,,grid,28.022192448471742,-1.0,1.2060790304973217,0.9041464924812317,0.8612203840419608,0.0024622605027010045,3.042812031135417,-1.0,False,2.135561654239215,False
98,000098.jpg,,,,29.022192448471742,28.851704885191936,-0.1704875632798064,,True,,,,,,,,,,,,,,,,,,,,,,,,,,,,,,,,,,,,,,,,,,,,,grid,28.522192448471742,-0.5,1.0887503309568052,0.8161901235580444,0.8961577841245891,0.001394701636551569,1.7235442451714873,-0.5,False,1.6384786081250877,False
98,000098.jpg,,,,29.022192448471742,28.851704885191936,-0.1704875632798064,,True,,,,,,,,,,,,,,,,,,,,,,,,,,,,,,,,,,,,,,,,,,,,,grid,29.522192448471742,0.5,0.9169070625585883,0.6873664855957031,0.94449533868621,0.0007022831996437162,0.8678674603260141,0.5,False,1.2043785889538816,False
98,000098.jpg,,,,29.022192448471742,28.851704885191936,-0.1704875632798064,,True,,,,,,,,,,,,,,,,,,,,,,,,,,,,,,,,,,,,,,,,,,,,,grid,30.022192448471742,1.0,1.109171618098507,0.8314990997314453,0.8871225593217295,0.001641247363295406,2.0282204980449103,1.0,False,1.759104183288005,False
98,000098.jpg,,,,29.022192448471742,28.851704885191936,-0.1704875632798064,,True,,,,,,,,,,,,,,,,,,,,,,,,,,,,,,,,,,,,,,,,,,,,,grid,31.022192448471742,2.0,1.2789439118657058,0.958770215511322,0.8391622209049595,0.003662478101129333,4.526016811649921,2.0,False,2.6312858938732266,False
98,000098.jpg,,,,29.022192448471742,28.851704885191936,-0.1704875632798064,,True,,,,,,,,,,,,,,,,,,,,,,,,,,,,,,,,,,,,,,,,,,,,,grid,32.02219244847174,3.0,1.3434321075408855,1.007114291191101,0.8207145551543892,0.005376815136211614,6.644560056788763,3.0,False,3.273857566583687,False
98,000098.jpg,,,,29.022192448471742,28.851704885191936,-0.1704875632798064,,True,,,,,,,,,,,,,,,,,,,,,,,,,,,,,,,,,,,,,,,,,,,,,clamped_raw_observation,28.851704885191936,-0.1704875632798064,0.9514335100821568,0.7132495045661926,0.9382263656122577,0.0007588712323922664,0.9377978136240065,,False,1.2527712247742948,False
99,000099.jpg,,,,29.022192448471742,28.847247856965566,-0.17494459150617558,,True,,,,,,,,,,,,,,,,,,,,,,,,,,,,,,,,,,,,,,,,,,,,,prediction,29.022192448471742,0.0,0.9372825489476976,0.7103212475776672,0.9414586814726968,0.0006476663984358311,0.6845823799416015,,False,1.166969462460401,True
99,000099.jpg,,,,29.022192448471742,28.847247856965566,-0.17494459150617558,,True,,,,,,,,,,,,,,,,,,,,,,,,,,,,,,,,,,,,,,,,,,,,,grid,26.022192448471742,-3.0,1.3395506267851955,1.0151808261871338,0.821698740409322,0.006015578129639228,6.358456765178448,-3.0,False,3.1974660776704855,False
99,000099.jpg,,,,29.022192448471742,28.847247856965566,-0.17494459150617558,,True,,,,,,,,,,,,,,,,,,,,,,,,,,,,,,,,,,,,,,,,,,,,,grid,27.022192448471742,-2.0,1.299459921918374,0.984798014163971,0.8293712827700214,0.004380307742394507,4.629978498818409,-2.0,False,2.687583263852955,False
99,000099.jpg,,,,29.022192448471742,28.847247856965566,-0.17494459150617558,,True,,,,,,,,,,,,,,,,,,,,,,,,,,,,,,,,,,,,,,,,,,,,,grid,28.022192448471742,-1.0,1.1788629063356322,0.8934033513069153,0.8613911199755628,0.0024652552868550024,2.6057710196401715,-1.0,False,1.9989145412701121,False
99,000099.jpg,,,,29.022192448471742,28.847247856965566,-0.17494459150617558,,True,,,,,,,,,,,,,,,,,,,,,,,,,,,,,,,,,,,,,,,,,,,,,grid,28.522192448471742,-0.5,1.0741445119615234,0.814042329788208,0.8944710976946436,0.001435843432166924,1.5176842837458682,-0.5,False,1.5740944852033467,False
99,000099.jpg,,,,29.022192448471742,28.847247856965566,-0.17494459150617558,,True,,,,,,,,,,,,,,,,,,,,,,,,,,,,,,,,,,,,,,,,,,,,,grid,29.522192448471742,0.5,0.9107065766612559,0.6901805996894836,0.9347564372091351,0.0007896311096070955,0.8346388597529055,0.5,False,1.199609854390347,False
99,000099.jpg,,,,29.022192448471742,28.847247856965566,-0.17494459150617558,,True,,,,,,,,,,,,,,,,,,,,,,,,,,,,,,,,,,,,,,,,,,,,,grid,30.022192448471742,1.0,1.1003203157178696,0.8338797092437744,0.885630603920723,0.0017064943288763363,1.8037618623420895,1.0,False,1.6956301773826687,False
99,000099.jpg,,,,29.022192448471742,28.847247856965566,-0.17494459150617558,,True,,,,,,,,,,,,,,,,,,,,,,,,,,,,,,,,,,,,,,,,,,,,,grid,31.022192448471742,2.0,1.2742350689673316,0.9656813144683838,0.8364508651824699,0.003675630626579126,3.885135878913568,2.0,False,2.4690681735132536,False
99,000099.jpg,,,,29.022192448471742,28.847247856965566,-0.17494459150617558,,True,,,,,,,,,,,,,,,,,,,,,,,,,,,,,,,,,,,,,,,,,,,,,grid,32.02219244847174,3.0,1.3224965891688818,1.0022563934326172,0.8233877778376727,0.005374865994478266,5.681225030746553,3.0,False,3.009415069017847,False
99,000099.jpg,,,,29.022192448471742,28.847247856965566,-0.17494459150617558,,True,,,,,,,,,,,,,,,,,,,,,,,,,,,,,,,,,,,,,,,,,,,,,clamped_raw_observation,28.847247856965566,-0.17494459150617558,0.950192938960221,0.7201054096221924,0.9222683413293083,0.0008441212703473866,0.8922348752526733,,False,1.2562316541892662,False
