frame_id,gt_east,gt_north,gt_alt,gt_yaw,init_east,init_north,init_alt,init_yaw,refined_east,refined_north,refined_alt,refined_yaw,selected_method,init_xy_error_m,refined_xy_error_m,selected_xy_error_m,init_alt_error_m,refined_alt_error_m,selected_alt_error_m,init_yaw_error_deg,refined_yaw_error_deg,selected_yaw_error_deg,init_chamfer,refined_chamfer,gt_chamfer,init_overlap,refined_overlap,gt_overlap,feature_loss_initial,feature_loss_refined,feature_loss_drop,safe_gate_accepted,refine_success,renderer_backend_init,renderer_backend_refined,renderer_backend_gt,alt,chamfer,east,final_gate_pass,method,north,overlap,pose_gate_pass,pose_gate_reason,score,selectable,selected,temporal_gate_pass,temporal_gate_reason,visual_gate_pass,visual_gate_reason,xy_error_m,yaw,yaw_error_deg
000000.jpg,,,,,,,,,,,,,,,,,,,,,,,,,,,,,,,,,,,,,111.18,0.9393740892410278,254476.53949200793,True,init,3364557.073594403,0.8440766706711373,True,disabled,1.1559233293288627,True,True,True,disabled,True,init,4.08052824670161,28.179385999999994,1.0206139999999948
000000.jpg,,,,,,,,,,,,,,,,,,,,,,,,,,,,,,,,,,,,,111.36907129827887,0.9932422041893005,254472.73829204368,False,raw_refined_full,3364558.955051914,0.8285488874146062,False,pose_yaw_jump,5.05306448358032,True,False,True,no_prediction,True,ok,7.014966834051118,-152.8403499264502,177.95965007354982
000000.jpg,,,,,,,,,,,,,,,,,,,,,,,,,,,,,,,,,,,,,111.36907129827887,0.9902956485748291,254472.73829204368,True,refined_corrected_yaw,3364558.955051914,0.8280109734449803,True,ok,1.4624403648897517,True,False,True,no_prediction,True,ok,7.014966834051118,27.159650073549813,2.040349926450176
000000.jpg,,,,,,,,,,,,,,,,,,,,,,,,,,,,,,,,,,,,,111.18,0.9902956485748291,254472.73829204368,True,refined_freeze_alt_corrected_yaw,3364558.955051914,0.8280109734449803,True,ok,1.4586589389241744,True,False,True,no_prediction,True,ok,7.014966834051118,27.159650073549813,2.040349926450176
000000.jpg,,,,,,,,,,,,,,,,,,,,,,,,,,,,,,,,,,,,,111.18,0.9786387085914612,254472.73829204368,True,refined_freeze_alt_init_yaw,3364558.955051914,0.8288716357963817,True,ok,1.4249942951985635,True,False,True,no_prediction,True,ok,7.014966834051118,28.179385999999994,1.0206139999999948
000001.jpg,,,,,,,,,,,,,,,,,,,,,,,,,,,,,,,,,,,,,111.45484400000001,0.9381085634231567,254477.02735200932,True,init,3364557.946516403,0.8415974269632807,True,disabled,1.1584025730367193,True,True,True,disabled,True,init,4.080532679852053,28.179385999999994,1.0206139999999948
000001.jpg,,,,,,,,,,,,,,,,,,,,,,,,,,,,,,,,,,,,,111.58081671688706,0.9945999383926392,254473.12654658468,False,raw_refined_full,3364560.0478383475,0.8259805235414992,False,pose_yaw_jump,8.869331368058313,True,False,False,temporal_xy,True,ok,7.254372320875632,-152.84255871190769,177.95744128809235
000001.jpg,,,,,,,,,,,,,,,,,,,,,,,,,,,,,,,,,,,,,111.58081671688706,0.9867740869522095,254473.12654658468,False,refined_corrected_yaw,3364560.0478383475,0.8282497989815063,True,ok,1.7101019483503546,True,False,False,temporal_xy,True,ok,7.254372320875632,27.157441288092315,2.042558711907674
000001.jpg,,,,,,,,,,,,,,,,,,,,,,,,,,,,,,,,,,,,,111.45484400000001,0.9867740869522095,254473.12654658468,False,refined_freeze_alt_corrected_yaw,3364560.0478383475,0.8282497989815063,True,ok,1.7075824940126134,True,False,False,temporal_xy,True,ok,7.254372320875632,27.157441288092315,2.042558711907674
000001.jpg,,,,,,,,,,,,,,,,,,,,,,,,,,,,,,,,,,,,,111.45484400000001,0.9773126840591431,254473.12654658468,False,refined_freeze_alt_init_yaw,3364560.0478383475,0.8302331814526936,True,ok,1.6546357068987536,True,False,False,temporal_xy,True,ok,7.254372320875632,28.179385999999994,1.0206139999999948
000001.jpg,,,,,,,,,,,,,,,,,,,,,,,,,,,,,,,,,,,,,111.45484400000001,0.9381085634231567,254477.02735200932,True,temporal_predicted,3364557.946516403,0.8415974269632807,True,ok,1.1584025730367193,False,False,True,ok,True,ok,4.080532679852053,28.179385999999994,1.0206139999999948
000002.jpg,,,,,,,,,,,,,,,,,,,,,,,,,,,,,,,,,,,,,111.20342300000002,0.9376869797706604,254477.51521200893,True,init,3364558.819438402,0.8410221659503896,True,disabled,1.1589778340496104,True,True,True,disabled,True,init,4.080537070047708,28.179385999999994,1.0206139999999948
000002.jpg,,,,,,,,,,,,,,,,,,,,,,,,,,,,,,,,,,,,,111.12972958385944,0.984089732170105,254473.9361640978,False,raw_refined_full,3364560.785079648,0.8282718405050199,False,pose_yaw_jump,8.818504508344954,True,False,False,temporal_xy,True,ok,6.973273449011801,-152.83885487941532,177.96114512058466
000002.jpg,,,,,,,,,,,,,,,,,,,,,,,,,,,,,,,,,,,,,111.12972958385944,0.9822609424591064,254473.9361640978,False,refined_corrected_yaw,3364560.785079648,0.8281826773900173,True,ok,1.6698867899659429,True,False,False,temporal_xy,True,ok,6.973273449011801,27.161145120584678,2.038854879415311
000002.jpg,,,,,,,,,,,,,,,,,,,,,,,,,,,,,,,,,,,,,111.20342300000002,0.9822609424591064,254473.9361640978,False,refined_freeze_alt_corrected_yaw,3364560.7850796473,0.8281826773900173,True,ok,1.6684129216207149,True,False,False,temporal_xy,True,ok,6.9732734486081345,27.161145120584678,2.038854879415311
000002.jpg,,,,,,,,,,,,,,,,,,,,,,,,,,,,,,,,,,,,,111.20342300000002,0.9661078453063965,254473.9361640978,False,refined_freeze_alt_init_yaw,3364560.7850796473,0.8323555111721384,True,ok,1.6062839181134685,True,False,False,temporal_xy,True,ok,6.9732734486081345,28.179385999999994,1.0206139999999948
000002.jpg,,,,,,,,,,,,,,,,,,,,,,,,,,,,,,,,,,,,,111.20342300000002,0.9376869797706604,254477.51521200893,True,temporal_predicted,3364558.819438402,0.8410221659503896,True,ok,1.1589778340496104,False,False,True,ok,True,ok,4.080537070047708,28.179385999999994,1.0206139999999948
000003.jpg,,,,,,,,,,,,,,,,,,,,,,,,,,,,,,,,,,,,,110.76070200000001,0.9358202815055847,254478.00307200936,True,init,3364559.692360401,0.8423341985142755,True,disabled,1.1576658014857246,True,True,True,disabled,True,init,4.080530355171533,28.179385999999994,1.0206139999999948
000003.jpg,,,,,,,,,,,,,,,,,,,,,,,,,,,,,,,,,,,,,110.68412367906421,0.9781869053840637,254474.3563601642,False,raw_refined_full,3364561.7095512357,0.8296249888123154,False,pose_yaw_jump,8.821389928418476,True,False,False,temporal_xy,True,ok,7.051765926646319,-152.8363800083017,177.96361999169835
000003.jpg,,,,,,,,,,,,,,,,,,,,,,,,,,,,,,,,,,,,,110.68412367906421,0.9749197363853455,254474.3563601642,False,refined_corrected_yaw,3364561.7095512357,0.830394701512575,True,ok,1.6702925692169344,True,False,False,temporal_xy,True,ok,7.051765926646319,27.16361999169831,2.036380008301677
000003.jpg,,,,,,,,,,,,,,,,,,,,,,,,,,,,,,,,,,,,,110.76070200000001,0.9749197363853455,254474.3563601642,False,refined_freeze_alt_corrected_yaw,3364561.7095512357,0.830394701512575,True,ok,1.6687610027982185,True,False,False,temporal_xy,True,ok,7.051765926646319,27.16361999169831,2.036380008301677
000003.jpg,,,,,,,,,,,,,,,,,,,,,,,,,,,,,,,,,,,,,110.76070200000001,0.979573130607605,254474.3563601642,False,refined_freeze_alt_init_yaw,3364561.7095512357,0.8285688713863779,True,ok,1.6349287223763502,True,False,False,temporal_xy,True,ok,7.051765926646319,28.179385999999994,1.0206139999999948
000003.jpg,,,,,,,,,,,,,,,,,,,,,,,,,,,,,,,,,,,,,110.76070200000001,0.9358202815055847,254478.00307200936,True,temporal_predicted,3364559.692360401,0.8423341985142755,True,ok,1.1576658014857246,False,False,True,ok,True,ok,4.080530355171533,28.179385999999994,1.0206139999999948
000004.jpg,,,,,,,,,,,,,,,,,,,,,,,,,,,,,,,,,,,,,110.31851900000001,0.9384872317314148,254478.4909320093,True,init,3364560.5652824007,0.8408844299766974,True,disabled,1.1591155700233027,True,True,True,disabled,True,init,4.080534740235231,28.179385999999994,1.0206139999999948
000004.jpg,,,,,,,,,,,,,,,,,,,,,,,,,,,,,,,,,,,,,110.42022171989083,0.981985867023468,254474.97507151368,False,raw_refined_full,3364562.86981168,0.8275076934023516,False,pose_yaw_jump,8.829734455671254,True,False,False,temporal_xy,True,ok,7.238995766666681,-152.84397891465542,177.95602108534456
000004.jpg,,,,,,,,,,,,,,,,,,,,,,,,,,,,,,,,,,,,,110.42022171989083,0.9790241718292236,254474.97507151368,False,refined_corrected_yaw,3364562.86981168,0.8287528683494316,True,ok,1.6777920288284893,True,False,False,temporal_xy,True,ok,7.238995766666681,27.156021085344577,2.043978914655412
000004.jpg,,,,,,,,,,,,,,,,,,,,,,,,,,,,,,,,,,,,,110.31851900000001,0.9790241718292236,254474.97507151365,False,refined_freeze_alt_corrected_yaw,3364562.869811679,0.8287528683494316,True,ok,1.6757579743565247,True,False,False,temporal_xy,True,ok,7.238995765448462,27.156021085344577,2.043978914655412
000004.jpg,,,,,,,,,,,,,,,,,,,,,,,,,,,,,,,,,,,,,110.31851900000001,0.9846226572990417,254474.97507151365,False,refined_freeze_alt_init_yaw,3364562.869811679,0.8243947560346514,True,ok,1.645146926034056,True,False,False,temporal_xy,True,ok,7.238995765448462,28.179385999999994,1.0206139999999948
000004.jpg,,,,,,,,,,,,,,,,,,,,,,,,,,,,,,,,,,,,,110.31851900000001,0.9384872317314148,254478.4909320093,True,temporal_predicted,3364560.5652824007,0.8408844299766974,True,ok,1.1591155700233027,False,False,True,ok,True,ok,4.080534740235231,28.179385999999994,1.0206139999999948
000005.jpg,,,,,,,,,,,,,,,,,,,,,,,,,,,,,,,,,,,,,109.876675,0.9408660531044006,254478.9787920087,True,init,3364561.4382044007,0.8409748259239421,True,disabled,1.1590251740760578,True,True,True,disabled,True,init,4.080527994487972,28.179385999999994,1.0206139999999948
000005.jpg,,,,,,,,,,,,,,,,,,,,,,,,,,,,,,,,,,,,,110.27665308304131,0.9827938079833984,254475.2009706181,False,raw_refined_full,3364563.511742929,0.8293697554008213,False,pose_yaw_jump,8.842167129398232,True,False,False,temporal_xy,True,ok,7.1668739601347395,-152.84355697215457,177.95644302784547
000005.jpg,,,,,,,,,,,,,,,,,,,,,,,,,,,,,,,,,,,,,110.27665308304131,0.9806971549987793,254475.2009706181,False,refined_corrected_yaw,3364563.511742929,0.8292626316729156,True,ok,1.6929357490184471,True,False,False,temporal_xy,True,ok,7.1668739601347395,27.156443027845427,2.043556972154562
000005.jpg,,,,,,,,,,,,,,,,,,,,,,,,,,,,,,,,,,,,,109.876675,0.9806971549987793,254475.2009706181,False,refined_freeze_alt_corrected_yaw,3364563.511742929,0.8292626316729156,True,ok,1.6849361873576212,True,False,False,temporal_xy,True,ok,7.1668739601347395,27.156443027845427,2.043556972154562
000005.jpg,,,,,,,,,,,,,,,,,,,,,,,,,,,,,,,,,,,,,109.876675,0.9667290449142456,254475.2009706181,False,refined_freeze_alt_init_yaw,3364563.511742929,0.8323513658275308,True,ok,1.6260837208609802,True,False,False,temporal_xy,True,ok,7.1668739601347395,28.179385999999994,1.0206139999999948
000005.jpg,,,,,,,,,,,,,,,,,,,,,,,,,,,,,,,,,,,,,109.876675,0.9408660531044006,254478.9787920087,True,temporal_predicted,3364561.4382044007,0.8409748259239421,True,ok,1.1590251740760578,False,False,True,ok,True,ok,4.080527994487972,28.179385999999994,1.0206139999999948
000006.jpg,,,,,,,,,,,,,,,,,,,,,,,,,,,,,,,,,,,,,109.63750900000001,0.9363812208175659,254479.4666520087,True,init,3364562.3111264003,0.8404854558700713,True,disabled,1.1595145441299288,True,True,True,disabled,True,init,4.0805323221646175,28.179385999999994,1.0206139999999948
000006.jpg,,,,,,,,,,,,,,,,,,,,,,,,,,,,,,,,,,,,,109.76361420191824,0.979398787021637,254475.6293758394,False,raw_refined_full,3364564.52679051,0.830872292410754,False,pose_yaw_jump,8.850045630138242,True,False,False,temporal_xy,True,ok,7.319415549598837,-152.84086540771565,177.95913459228439
000006.jpg,,,,,,,,,,,,,,,,,,,,,,,,,,,,,,,,,,,,,109.76361420191824,0.9835885167121887,254475.6293758394,False,refined_corrected_yaw,3364564.52679051,0.8277093661709046,True,ok,1.7091384763951236,True,False,False,temporal_xy,True,ok,7.319415549598837,27.159134592284346,2.0408654077156427
000006.jpg,,,,,,,,,,,,,,,,,,,,,,,,,,,,,,,,,,,,,109.63750900000001,0.9835885167121887,254475.6293758394,False,refined_freeze_alt_corrected_yaw,3364564.52679051,0.8277093661709046,True,ok,1.706616372356759,True,False,False,temporal_xy,True,ok,7.319415549598837,27.159134592284346,2.0408654077156427
000006.jpg,,,,,,,,,,,,,,,,,,,,,,,,,,,,,,,,,,,,,109.63750900000001,0.9685172438621521,254475.6293758394,False,refined_freeze_alt_init_yaw,3364564.52679051,0.8330756792295254,True,ok,1.6443447711384525,True,False,False,temporal_xy,True,ok,7.319415549598837,28.179385999999994,1.0206139999999948
000006.jpg,,,,,,,,,,,,,,,,,,,,,,,,,,,,,,,,,,,,,109.63750900000001,0.9363812208175659,254479.4666520087,True,temporal_predicted,3364562.3111264003,0.8404854558700713,True,ok,1.1595145441299288,False,False,True,ok,True,ok,4.0805323221646175,28.179385999999994,1.0206139999999948
000007.jpg,,,,,,,,,,,,,,,,,,,,,,,,,,,,,,,,,,,,,109.390883,0.9356274604797363,254479.95451200838,True,init,3364563.1840484003,0.8426397735314933,True,disabled,1.1573602264685068,True,True,True,disabled,True,init,4.080536633002663,28.179385999999994,1.0206139999999948
000007.jpg,,,,,,,,,,,,,,,,,,,,,,,,,,,,,,,,,,,,,109.43489011749625,0.9763261079788208,254476.3860145092,False,raw_refined_full,3364565.30182311,0.830378627034678,False,pose_yaw_jump,8.816883713924183,True,False,False,temporal_xy,True,ok,7.100402228736203,-152.8437085514019,177.9562914485981
000007.jpg,,,,,,,,,,,,,,,,,,,,,,,,,,,,,,,,,,,,,109.43489011749625,0.9727222323417664,254476.3860145092,False,refined_corrected_yaw,3364565.30182311,0.8305024769992922,True,ok,1.6659079596675652,True,False,False,temporal_xy,True,ok,7.100402228736203,27.156291448598097,2.043708551401892
000007.jpg,,,,,,,,,,,,,,,,,,,,,,,,,,,,,,,,,,,,,109.390883,0.9727222323417664,254476.3860145092,False,refined_freeze_alt_corrected_yaw,3364565.3018231085,0.8305024769992922,True,ok,1.6650278172463442,True,False,False,temporal_xy,True,ok,7.100402227516958,27.156291448598097,2.043708551401892
000007.jpg,,,,,,,,,,,,,,,,,,,,,,,,,,,,,,,,,,,,,109.390883,0.9671425819396973,254476.3860145092,False,refined_freeze_alt_init_yaw,3364565.3018231085,0.8313163481953291,True,ok,1.6173266254730256,True,False,False,temporal_xy,True,ok,7.100402227516958,28.179385999999994,1.0206139999999948
000007.jpg,,,,,,,,,,,,,,,,,,,,,,,,,,,,,,,,,,,,,109.390883,0.9356274604797363,254479.95451200838,True,temporal_predicted,3364563.1840484003,0.8426397735314933,True,ok,1.1573602264685068,False,False,True,ok,True,ok,4.080536633002663,28.179385999999994,1.0206139999999948
000008.jpg,,,,,,,,,,,,,,,,,,,,,,,,,,,,,,,,,,,,,109.320049,0.9295533299446106,254480.44237200858,True,init,3364564.0569704,0.8447834890412419,True,disabled,1.1552165109587582,True,True,True,disabled,True,init,4.080529864870089,28.179385999999994,1.0206139999999948
000008.jpg,,,,,,,,,,,,,,,,,,,,,,,,,,,,,,,,,,,,,109.52693744748831,0.9764530658721924,254476.88957509137,False,raw_refined_full,3364566.165697738,0.8286739369827004,False,pose_yaw_jump,8.82740853692547,True,False,False,temporal_xy,True,ok,7.0848384549957615,-152.83669041970194,177.96330958029807
000008.jpg,,,,,,,,,,,,,,,,,,,,,,,,,,,,,,,,,,,,,109.52693744748831,0.9752004742622375,254476.88957509137,False,refined_corrected_yaw,3364566.165697738,0.8298639479947426,True,ok,1.6771710501260984,True,False,False,temporal_xy,True,ok,7.0848384549957615,27.163309580298062,2.0366904197019267
000008.jpg,,,,,,,,,,,,,,,,,,,,,,,,,,,,,,,,,,,,,109.320049,0.9752004742622375,254476.88957509137,False,refined_freeze_alt_corrected_yaw,3364566.165697738,0.8298639479947426,True,ok,1.6730332811763322,True,False,False,temporal_xy,True,ok,7.0848384549957615,27.163309580298062,2.0366904197019267
000008.jpg,,,,,,,,,,,,,,,,,,,,,,,,,,,,,,,,,,,,,109.320049,0.9632731676101685,254476.88957509137,False,refined_freeze_alt_init_yaw,3364566.165697738,0.8321018791517175,True,ok,1.6173210696017764,True,False,False,temporal_xy,True,ok,7.0848384549957615,28.179385999999994,1.0206139999999948
000008.jpg,,,,,,,,,,,,,,,,,,,,,,,,,,,,,,,,,,,,,109.320049,0.9295533299446106,254480.44237200858,True,temporal_predicted,3364564.0569704,0.8447834890412419,True,ok,1.1552165109587582,False,False,True,ok,True,ok,4.080529864870089,28.179385999999994,1.0206139999999948
000009.jpg,,,,,,,,,,,,,,,,,,,,,,,,,,,,,,,,,,,,,109.330906,0.9362465143203735,254480.93023200837,True,init,3364564.9298924,0.8414709463393976,True,disabled,1.1585290536606023,True,True,True,disabled,True,init,4.080534145358186,28.179385999999994,1.0206139999999948
000009.jpg,,,,,,,,,,,,,,,,,,,,,,,,,,,,,,,,,,,,,109.60991121549159,0.9911043643951416,254477.17196751432,False,raw_refined_full,3364566.7993403487,0.8237546540558663,False,pose_yaw_jump,8.847937171582174,True,False,False,temporal_xy,True,ok,6.982190365358401,-152.8378039517872,177.96219604821283
000009.jpg,,,,,,,,,,,,,,,,,,,,,,,,,,,,,,,,,,,,,109.60991121549159,0.9891644716262817,254477.17196751432,False,refined_corrected_yaw,3364566.7993403487,0.8257486192232358,True,ok,1.6967950193371923,True,False,False,temporal_xy,True,ok,6.982190365358401,27.16219604821279,2.037803951787197
000009.jpg,,,,,,,,,,,,,,,,,,,,,,,,,,,,,,,,,,,,,109.330906,0.9891644716262817,254477.17196751432,False,refined_freeze_alt_corrected_yaw,3364566.7993403487,0.8257486192232358,True,ok,1.6912149150273603,True,False,False,temporal_xy,True,ok,6.982190365358401,27.16219604821279,2.037803951787197
000009.jpg,,,,,,,,,,,,,,,,,,,,,,,,,,,,,,,,,,,,,109.330906,0.9656800031661987,254477.17196751432,False,refined_freeze_alt_init_yaw,3364566.7993403487,0.8296483210107463,True,ok,1.6215439773647748,True,False,False,temporal_xy,True,ok,6.982190365358401,28.179385999999994,1.0206139999999948
000009.jpg,,,,,,,,,,,,,,,,,,,,,,,,,,,,,,,,,,,,,109.330906,0.9362465143203735,254480.93023200837,True,temporal_predicted,3364564.9298924,0.8414709463393976,True,ok,1.1585290536606023,False,False,True,ok,True,ok,4.080534145358186,28.179385999999994,1.0206139999999948
000010.jpg,,,,,,,,,,,,,,,,,,,,,,,,,,,,,,,,,,,,,109.352755,0.9241200089454651,254481.41809200888,True,init,3364565.8028144003,0.8482653854306508,True,disabled,1.1517346145693492,True,True,True,disabled,True,init,4.080538410955168,28.179385999999994,1.0206139999999948
000010.jpg,,,,,,,,,,,,,,,,,,,,,,,,,,,,,,,,,,,,,109.67426070477813,0.9865717887878418,254477.6451127104,False,raw_refined_full,3364567.794732585,0.8262029251748746,False,pose_yaw_jump,8.863055245379291,True,False,False,temporal_xy,True,ok,7.094429150668006,-152.84217250643562,177.95782749356442
000010.jpg,,,,,,,,,,,,,,,,,,,,,,,,,,,,,,,,,,,,,109.67426070477813,0.984861433506012,254477.6451127104,False,refined_corrected_yaw,3364567.794732585,0.8262029251748746,True,ok,1.7134695030083562,True,False,False,temporal_xy,True,ok,7.094429150668006,27.157827493564383,2.0421725064356053
000010.jpg,,,,,,,,,,,,,,,,,,,,,,,,,,,,,,,,,,,,,109.352755,0.984861433506012,254477.6451127104,False,refined_freeze_alt_corrected_yaw,3364567.794732585,0.8262029251748746,True,ok,1.7070393889127937,True,False,False,temporal_xy,True,ok,7.094429150668006,27.157827493564383,2.0421725064356053
000010.jpg,,,,,,,,,,,,,,,,,,,,,,,,,,,,,,,,,,,,,109.352755,0.9657420516014099,254477.6451127104,False,refined_freeze_alt_init_yaw,3364567.794732585,0.8307425987423162,True,ok,1.640948090450081,True,False,False,temporal_xy,True,ok,7.094429150668006,28.179385999999994,1.0206139999999948
000010.jpg,,,,,,,,,,,,,,,,,,,,,,,,,,,,,,,,,,,,,109.352755,0.9241200089454651,254481.41809200888,True,temporal_predicted,3364565.8028144003,0.8482653854306508,True,ok,1.1517346145693492,False,False,True,ok,True,ok,4.080538410955168,28.179385999999994,1.0206139999999948
000011.jpg,,,,,,,,,,,,,,,,,,,,,,,,,,,,,,,,,,,,,109.452592,0.9370633363723755,254481.90595200882,True,init,3364566.6757364,0.8421192006214251,True,disabled,1.157880799378575,True,True,True,disabled,True,init,4.080531568158928,28.179385999999994,1.0206139999999948
000011.jpg,,,,,,,,,,,,,,,,,,,,,,,,,,,,,,,,,,,,,109.7470930442214,0.9792741537094116,254478.20376693114,False,raw_refined_full,3364568.3879053458,0.8283666407739566,False,pose_yaw_jump,8.816196861203364,True,False,False,temporal_xy,True,ok,6.818917602870234,-152.8396582854691,177.9603417145309
000011.jpg,,,,,,,,,,,,,,,,,,,,,,,,,,,,,,,,,,,,,109.7470930442214,0.9720951914787292,254478.20376693114,False,refined_corrected_yaw,3364568.3879053458,0.831226608290375,True,ok,1.6607032387702885,True,False,False,temporal_xy,True,ok,6.818917602870234,27.160341714530887,2.039658285469102
000011.jpg,,,,,,,,,,,,,,,,,,,,,,,,,,,,,,,,,,,,,109.452592,0.9720951914787292,254478.20376693114,False,refined_freeze_alt_corrected_yaw,3364568.3879053458,0.831226608290375,True,ok,1.6548132178858606,True,False,False,temporal_xy,True,ok,6.818917602870234,27.160341714530887,2.039658285469102
000011.jpg,,,,,,,,,,,,,,,,,,,,,,,,,,,,,,,,,,,,,109.452592,0.9602328538894653,254478.20376693114,False,refined_freeze_alt_init_yaw,3364568.3879053458,0.8338394181201892,True,ok,1.5987795802759628,True,False,False,temporal_xy,True,ok,6.818917602870234,28.179385999999994,1.0206139999999948
000011.jpg,,,,,,,,,,,,,,,,,,,,,,,,,,,,,,,,,,,,,109.452592,0.9370633363723755,254481.90595200882,True,temporal_predicted,3364566.6757364,0.8421192006214251,True,ok,1.157880799378575,False,False,True,ok,True,ok,4.080531568158928,28.179385999999994,1.0206139999999948
000012.jpg,,,,,,,,,,,,,,,,,,,,,,,,,,,,,,,,,,,,,109.641196,0.9387311339378357,254482.39381200838,True,init,3364567.5486584003,0.8426525892053179,True,disabled,1.157347410794682,True,True,True,disabled,True,init,4.080535827140624,28.179385999999994,1.0206139999999948
000012.jpg,,,,,,,,,,,,,,,,,,,,,,,,,,,,,,,,,,,,,109.94058672618121,0.9666037559509277,254478.48166650473,False,raw_refined_full,3364569.4945967793,0.8327654089938028,False,pose_yaw_jump,8.828157403766859,True,False,False,temporal_xy,True,ok,7.128507489650009,-152.845954569547,177.954045430453
000012.jpg,,,,,,,,,,,,,,,,,,,,,,,,,,,,,,,,,,,,,109.94058672618121,0.9729419350624084,254478.48166650473,False,refined_corrected_yaw,3364569.4945967793,0.8317590352937022,True,ok,1.6886249465467982,True,False,False,temporal_xy,True,ok,7.128507489650009,27.15404543045301,2.0459545695469785
000012.jpg,,,,,,,,,,,,,,,,,,,,,,,,,,,,,,,,,,,,,109.641196,0.9729419350624084,254478.48166650473,False,refined_freeze_alt_corrected_yaw,3364569.4945967807,0.8317590352937022,True,ok,1.6826371320853895,True,False,False,temporal_xy,True,ok,7.128507490830772,27.15404543045301,2.0459545695469785
000012.jpg,,,,,,,,,,,,,,,,,,,,,,,,,,,,,,,,,,,,,109.641196,0.9608653783798218,254478.48166650473,False,refined_freeze_alt_init_yaw,3364569.4945967807,0.8334716361517682,True,ok,1.6270461421178086,True,False,False,temporal_xy,True,ok,7.128507490830772,28.179385999999994,1.0206139999999948
000012.jpg,,,,,,,,,,,,,,,,,,,,,,,,,,,,,,,,,,,,,109.641196,0.9387311339378357,254482.39381200838,True,temporal_predicted,3364567.5486584003,0.8426525892053179,True,ok,1.157347410794682,False,False,True,ok,True,ok,4.080535827140624,28.179385999999994,1.0206139999999948
000013.jpg,,,,,,,,,,,,,,,,,,,,,,,,,,,,,,,,,,,,,109.47422499999999,0.9381279945373535,254482.8816720086,True,init,3364568.4215804003,0.8415112335735481,True,disabled,1.1584887664264518,True,True,True,disabled,True,init,4.080528953534998,28.179385999999994,1.0206139999999948
000013.jpg,,,,,,,,,,,,,,,,,,,,,,,,,,,,,,,,,,,,,109.51931915897876,0.9736458659172058,254479.2015785843,False,raw_refined_full,3364570.281977687,0.8298184258866751,False,pose_yaw_jump,8.808236387395329,True,False,False,temporal_xy,True,ok,6.933821554283612,-152.83878691598636,177.96121308401365
000013.jpg,,,,,,,,,,,,,,,,,,,,,,,,,,,,,,,,,,,,,109.51931915897876,0.9790570139884949,254479.2015785843,False,refined_corrected_yaw,3364570.281977687,0.8282464321039988,True,ok,1.6693718392186963,True,False,False,temporal_xy,True,ok,6.933821554283612,27.16121308401364,2.03878691598635
000013.jpg,,,,,,,,,,,,,,,,,,,,,,,,,,,,,,,,,,,,,109.47422499999999,0.9790570139884949,254479.2015785843,False,refined_freeze_alt_corrected_yaw,3364570.281977687,0.8282464321039988,True,ok,1.6684699560391207,True,False,False,temporal_xy,True,ok,6.933821554283612,27.16121308401364,2.03878691598635
000013.jpg,,,,,,,,,,,,,,,,,,,,,,,,,,,,,,,,,,,,,109.47422499999999,0.9781565070152283,254479.2015785843,False,refined_freeze_alt_init_yaw,3364570.281977687,0.8263565069944891,True,ok,1.6286730667356206,True,False,False,temporal_xy,True,ok,6.933821554283612,28.179385999999994,1.0206139999999948
000013.jpg,,,,,,,,,,,,,,,,,,,,,,,,,,,,,,,,,,,,,109.47422499999999,0.9381279945373535,254482.8816720086,True,temporal_predicted,3364568.4215804003,0.8415112335735481,True,ok,1.1584887664264518,False,False,True,ok,True,ok,4.080528953534998,28.179385999999994,1.0206139999999948
000014.jpg,,,,,,,,,,,,,,,,,,,,,,,,,,,,,,,,,,,,,109.404569,0.9405413866043091,254483.36953200947,True,init,3364569.2945024,0.8420529918774163,True,disabled,1.1579470081225836,True,True,True,disabled,True,init,4.080533154223037,28.179385999999994,1.0206139999999948
000014.jpg,,,,,,,,,,,,,,,,,,,,,,,,,,,,,,,,,,,,,109.61970819160342,0.9686615467071533,254479.62280856483,False,raw_refined_full,3364571.237413618,0.8352782605611322,False,pose_yaw_jump,8.808600339120584,True,False,False,temporal_xy,True,ok,7.03890170616559,-152.83918073646078,177.96081926353924
000014.jpg,,,,,,,,,,,,,,,,,,,,,,,,,,,,,,,,,,,,,109.61970819160342,0.9672117233276367,254479.62280856483,False,refined_corrected_yaw,3364571.237413618,0.8356329585358068,True,ok,1.6598214718647322,True,False,False,temporal_xy,True,ok,7.03890170616559,27.160819263539224,2.0391807364607644
000014.jpg,,,,,,,,,,,,,,,,,,,,,,,,,,,,,,,,,,,,,109.404569,0.9672117233276367,254479.62280856483,False,refined_freeze_alt_corrected_yaw,3364571.237413618,0.8356329585358068,True,ok,1.6555186880326636,True,False,False,temporal_xy,True,ok,7.03890170616559,27.160819263539224,2.0391807364607644
000014.jpg,,,,,,,,,,,,,,,,,,,,,,,,,,,,,,,,,,,,,109.404569,0.9590636491775513,254479.62280856483,False,refined_freeze_alt_init_yaw,3364571.237413618,0.833203277409286,True,ok,1.6085425252077066,True,False,False,temporal_xy,True,ok,7.03890170616559,28.179385999999994,1.0206139999999948
000014.jpg,,,,,,,,,,,,,,,,,,,,,,,,,,,,,,,,,,,,,109.404569,0.9405413866043091,254483.36953200947,True,temporal_predicted,3364569.2945024,0.8420529918774163,True,ok,1.1579470081225836,False,False,True,ok,True,ok,4.080533154223037,28.179385999999994,1.0206139999999948
000015.jpg,,,,,,,,,,,,,,,,,,,,,,,,,,,,,,,,,,,,,109.44685799999999,0.9348942041397095,254483.85739200987,True,init,3364570.167424399,0.8432822648969218,True,disabled,1.1567177351030782,True,True,True,disabled,True,init,4.080537338596758,28.179385999999994,1.0206139999999948
000015.jpg,,,,,,,,,,,,,,,,,,,,,,,,,,,,,,,,,,,,,109.65239403862506,0.9867972135543823,254480.1782333277,False,raw_refined_full,3364572.0764086447,0.8287030499858797,False,pose_yaw_jump,8.834713956115847,True,False,False,temporal_xy,True,ok,6.975016580030985,-152.84024397534162,177.95975602465842
000015.jpg,,,,,,,,,,,,,,,,,,,,,,,,,,,,,,,,,,,,,109.65239403862506,0.9785016179084778,254480.1782333277,False,refined_corrected_yaw,3364572.0764086447,0.831280005648122,True,ok,1.6747529532605328,True,False,False,temporal_xy,True,ok,6.975016580030985,27.15975602465838,2.0402439753416104
000015.jpg,,,,,,,,,,,,,,,,,,,,,,,,,,,,,,,,,,,,,109.44685799999999,0.9785184264183044,254480.17823332772,False,refined_freeze_alt_corrected_yaw,3364572.0764086447,0.831280005648122,True,ok,1.6706602115356466,True,False,False,temporal_xy,True,ok,6.975016580016063,27.15975602465838,2.0402439753416104
000015.jpg,,,,,,,,,,,,,,,,,,,,,,,,,,,,,,,,,,,,,109.44685799999999,0.9662356376647949,254480.17823332772,False,refined_freeze_alt_init_yaw,3364572.0764086447,0.8328155888167185,True,ok,1.6152012702984662,True,False,False,temporal_xy,True,ok,6.975016580016063,28.179385999999994,1.0206139999999948
000015.jpg,,,,,,,,,,,,,,,,,,,,,,,,,,,,,,,,,,,,,109.44685799999999,0.9348942041397095,254483.85739200987,True,temporal_predicted,3364570.167424399,0.8432822648969218,True,ok,1.1567177351030782,False,False,True,ok,True,ok,4.080537338596758,28.179385999999994,1.0206139999999948
000016.jpg,,,,,,,,,,,,,,,,,,,,,,,,,,,,,,,,,,,,,106.789363,0.9469160437583923,254484.34525200966,True,init,3364571.040346399,0.8404529715214473,True,disabled,1.1595470284785527,True,True,True,disabled,True,init,4.0805304182644955,28.179385999999994,1.0206139999999948
000016.jpg,,,,,,,,,,,,,,,,,,,,,,,,,,,,,,,,,,,,,106.88640202209353,0.9850065112113953,254480.671436738,False,raw_refined_full,3364573.081561137,0.8281040209172497,False,pose_yaw_jump,8.823586434079331,True,False,False,temporal_xy,True,ok,7.0861646303541,-152.83552653236313,177.96447346763688
000016.jpg,,,,,,,,,,,,,,,,,,,,,,,,,,,,,,,,,,,,,106.88640202209353,0.9759231209754944,254480.671436738,False,refined_corrected_yaw,3364573.081561137,0.831125008833298,True,ok,1.6623248683816112,True,False,False,temporal_xy,True,ok,7.0861646303541,27.164473467636867,2.0355265323631215
000016.jpg,,,,,,,,,,,,,,,,,,,,,,,,,,,,,,,,,,,,,106.789363,0.9759641885757446,254480.671436738,False,refined_freeze_alt_corrected_yaw,3364573.0815611365,0.831125008833298,True,ok,1.6604274577602278,True,False,False,temporal_xy,True,ok,7.086164629951899,27.164473467636867,2.0355265323631215
000016.jpg,,,,,,,,,,,,,,,,,,,,,,,,,,,,,,,,,,,,,106.789363,0.9782965779304504,254480.671436738,False,refined_freeze_alt_init_yaw,3364573.0815611365,0.8281746873012508,True,ok,1.6252444207125447,True,False,False,temporal_xy,True,ok,7.086164629951899,28.179385999999994,1.0206139999999948
000016.jpg,,,,,,,,,,,,,,,,,,,,,,,,,,,,,,,,,,,,,106.789363,0.9469160437583923,254484.34525200966,True,temporal_predicted,3364571.040346399,0.8404529715214473,True,ok,1.1595470284785527,False,False,True,ok,True,ok,4.0805304182644955,28.179385999999994,1.0206139999999948
000017.jpg,,,,,,,,,,,,,,,,,,,,,,,,,,,,,,,,,,,,,105.916381,0.9395542144775391,254484.83311201152,True,init,3364571.9132683994,0.8438350836250487,True,disabled,1.1561649163749514,True,True,True,disabled,True,init,4.080534595649677,28.179385999999994,1.0206139999999948
000017.jpg,,,,,,,,,,,,,,,,,,,,,,,,,,,,,,,,,,,,,106.20212698541582,0.9701310396194458,254481.02682634277,False,raw_refined_full,3364573.694037878,0.834429475619674,False,pose_yaw_jump,8.812628055399466,True,False,False,temporal_xy,True,ok,6.932328219321856,-152.83664773390294,177.9633522660971
000017.jpg,,,,,,,,,,,,,,,,,,,,,,,,,,,,,,,,,,,,,106.20212698541582,0.9678078889846802,254481.02682634277,False,refined_corrected_yaw,3364573.694037878,0.8356493759060853,True,ok,1.6610037957009403,True,False,False,temporal_xy,True,ok,6.932328219321856,27.163352266097064,2.0366477339029245
000017.jpg,,,,,,,,,,,,,,,,,,,,,,,,,,,,,,,,,,,,,105.916381,0.9678078889846802,254481.02682634277,False,refined_freeze_alt_corrected_yaw,3364573.694037878,0.8356493759060853,True,ok,1.6552888759926239,True,False,False,temporal_xy,True,ok,6.932328219321856,27.163352266097064,2.0366477339029245
000017.jpg,,,,,,,,,,,,,,,,,,,,,,,,,,,,,,,,,,,,,105.916381,0.9708026647567749,254481.02682634277,False,refined_freeze_alt_init_yaw,3364573.694037878,0.8316007213323433,True,ok,1.6218836244955308,True,False,False,temporal_xy,True,ok,6.932328219321856,28.179385999999994,1.0206139999999948
000017.jpg,,,,,,,,,,,,,,,,,,,,,,,,,,,,,,,,,,,,,105.916381,0.9395542144775391,254484.83311201152,True,temporal_predicted,3364571.9132683994,0.8438350836250487,True,ok,1.1561649163749514,False,False,True,ok,True,ok,4.080534595649677,28.179385999999994,1.0206139999999948
000018.jpg,,,,,,,,,,,,,,,,,,,,,,,,,,,,,,,,,,,,,100.209358,0.936651349067688,254485.32097201145,True,init,3364572.786190398,0.8406098528245352,True,disabled,1.1593901471754648,True,True,True,disabled,True,init,4.080527641246818,28.179385999999994,1.0206139999999948
000018.jpg,,,,,,,,,,,,,,,,,,,,,,,,,,,,,,,,,,,,,100.39380544610322,0.9840452075004578,254481.73043020157,False,raw_refined_full,3364574.943238347,0.8273199964748391,False,pose_yaw_jump,8.83576296543047,True,False,False,temporal_xy,True,ok,7.145426703637906,-152.83944838029905,177.96055161970094
000018.jpg,,,,,,,,,,,,,,,,,,,,,,,,,,,,,,,,,,,,,100.39380544610322,0.980567991733551,254481.73043020157,False,refined_corrected_yaw,3364574.943238347,0.827425751299903,True,ok,1.6827691215725518,True,False,False,temporal_xy,True,ok,7.145426703637906,27.160551619700954,2.039448380299035
000018.jpg,,,,,,,,,,,,,,,,,,,,,,,,,,,,,,,,,,,,,100.209358,0.980567991733551,254481.73043020157,False,refined_freeze_alt_corrected_yaw,3364574.9432383464,0.827425751299903,True,ok,1.6790801726265072,True,False,False,temporal_xy,True,ok,7.145426703231491,27.160551619700954,2.039448380299035
000018.jpg,,,,,,,,,,,,,,,,,,,,,,,,,,,,,,,,,,,,,100.209358,0.9688146710395813,254481.73043020157,False,refined_freeze_alt_init_yaw,3364574.9432383464,0.8320613377985371,True,ok,1.6211429765001193,True,False,False,temporal_xy,True,ok,7.145426703231491,28.179385999999994,1.0206139999999948
000018.jpg,,,,,,,,,,,,,,,,,,,,,,,,,,,,,,,,,,,,,100.209358,0.936651349067688,254485.32097201145,True,temporal_predicted,3364572.786190398,0.8406098528245352,True,ok,1.1593901471754648,False,False,True,ok,True,ok,4.080527641246818,28.179385999999994,1.0206139999999948
000019.jpg,,,,,,,,,,,,,,,,,,,,,,,,,,,,,,,,,,,,,100.24981299999999,0.9450746178627014,254485.80883201107,True,init,3364573.659112397,0.8399397536989457,True,disabled,1.1600602463010543,True,True,True,disabled,True,init,4.080531762109371,28.179385999999994,1.0206139999999948
000019.jpg,,,,,,,,,,,,,,,,,,,,,,,,,,,,,,,,,,,,,100.4964677002281,0.9663388133049011,254482.24031118542,False,raw_refined_full,3364575.5157205896,0.8336138920882431,False,pose_yaw_jump,8.784571404150462,True,False,False,temporal_xy,True,ok,6.8736494353453494,-152.84094397153018,177.95905602846983
000019.jpg,,,,,,,,,,,,,,,,,,,,,,,,,,,,,,,,,,,,,100.4964677002281,0.9718837738037109,254482.24031118542,False,refined_corrected_yaw,3364575.5157205896,0.8323558075662266,True,ok,1.6440180221872573,True,False,False,temporal_xy,True,ok,6.8736494353453494,27.15905602846982,2.0409439715301687
000019.jpg,,,,,,,,,,,,,,,,,,,,,,,,,,,,,,,,,,,,,100.24981299999999,0.9718837738037109,254482.24031118542,False,refined_freeze_alt_corrected_yaw,3364575.5157205896,0.8323558075662266,True,ok,1.6390849281826951,True,False,False,temporal_xy,True,ok,6.8736494353453494,27.15905602846982,2.0409439715301687
000019.jpg,,,,,,,,,,,,,,,,,,,,,,,,,,,,,,,,,,,,,100.24981299999999,0.9597418308258057,254482.24031118542,False,refined_freeze_alt_init_yaw,3364575.5157205896,0.8344998671037477,True,ok,1.5832800673318297,True,False,False,temporal_xy,True,ok,6.8736494353453494,28.179385999999994,1.0206139999999948
000019.jpg,,,,,,,,,,,,,,,,,,,,,,,,,,,,,,,,,,,,,100.24981299999999,0.9450746178627014,254485.80883201107,True,temporal_predicted,3364573.659112397,0.8399397536989457,True,ok,1.1600602463010543,False,False,True,ok,True,ok,4.080531762109371,28.179385999999994,1.0206139999999948
000020.jpg,,,,,,,,,,,,,,,,,,,,,,,,,,,,,,,,,,,,,100.26392399999999,0.9269004464149475,254486.29669201258,True,init,3364574.532034397,0.8458071130594641,True,disabled,1.1541928869405358,True,True,True,disabled,True,init,4.080535868078798,28.179385999999994,1.0206139999999948
000020.jpg,,,,,,,,,,,,,,,,,,,,,,,,,,,,,,,,,,,,,100.19074491318315,0.9780663847923279,254482.77113111777,False,raw_refined_full,3364576.8269131463,0.8302870678073959,False,pose_yaw_jump,8.837956968600386,True,False,False,temporal_xy,True,ok,7.235072059165755,-152.84197099566452,177.95802900433546
000020.jpg,,,,,,,,,,,,,,,,,,,,,,,,,,,,,,,,,,,,,100.19074491318315,0.9810030460357666,254482.77113111777,False,refined_corrected_yaw,3364576.8269131463,0.82828961323623,True,ok,1.693064333266859,True,False,False,temporal_xy,True,ok,7.235072059165755,27.158029004335475,2.0419709956645136
000020.jpg,,,,,,,,,,,,,,,,,,,,,,,,,,,,,,,,,,,,,100.26392399999999,0.9810030460357666,254482.77113111777,False,refined_freeze_alt_corrected_yaw,3364576.826913146,0.82828961323623,True,ok,1.691600751505119,True,False,False,temporal_xy,True,ok,7.235072058755506,27.158029004335475,2.0419709956645136
000020.jpg,,,,,,,,,,,,,,,,,,,,,,,,,,,,,,,,,,,,,100.26392399999999,0.9639670252799988,254482.77113111777,False,refined_freeze_alt_init_yaw,3364576.826913146,0.8334158240825851,True,ok,1.6272407025725455,True,False,False,temporal_xy,True,ok,7.235072058755506,28.179385999999994,1.0206139999999948
000020.jpg,,,,,,,,,,,,,,,,,,,,,,,,,,,,,,,,,,,,,100.26392399999999,0.9269004464149475,254486.29669201258,True,temporal_predicted,3364574.532034397,0.8458071130594641,True,ok,1.1541928869405358,False,False,True,ok,True,ok,4.080535868078798,28.179385999999994,1.0206139999999948
000021.jpg,,,,,,,,,,,,,,,,,,,,,,,,,,,,,,,,,,,,,100.17371499999999,0.9426195025444031,254486.78455201356,True,init,3364575.4049563967,0.8396030545096245,True,disabled,1.1603969454903755,True,True,True,disabled,True,init,4.080528867017414,28.179385999999994,1.0206139999999948
000021.jpg,,,,,,,,,,,,,,,,,,,,,,,,,,,,,,,,,,,,,100.15319706033915,0.978526771068573,254483.07001097366,False,raw_refined_full,3364577.546156662,0.8276207903719605,False,pose_yaw_jump,8.830085643796345,True,False,False,temporal_xy,True,ok,7.193061958089871,-152.83822913355166,177.96177086644832
000021.jpg,,,,,,,,,,,,,,,,,,,,,,,,,,,,,,,,,,,,,100.15319706033915,0.9765920639038086,254483.07001097366,False,refined_corrected_yaw,3364577.546156662,0.8283949748390048,True,ok,1.6775093817753794,True,False,False,temporal_xy,True,ok,7.193061958089871,27.161770866448336,2.0382291335516527
000021.jpg,,,,,,,,,,,,,,,,,,,,,,,,,,,,,,,,,,,,,100.17371499999999,0.9765920639038086,254483.07001097364,False,refined_freeze_alt_corrected_yaw,3364577.5461566607,0.8283949748390048,True,ok,1.677099022914918,True,False,False,temporal_xy,True,ok,7.193061956896396,27.161770866448336,2.0382291335516527
000021.jpg,,,,,,,,,,,,,,,,,,,,,,,,,,,,,,,,,,,,,100.17371499999999,0.972797155380249,254483.07001097364,False,refined_freeze_alt_init_yaw,3364577.5461566607,0.8295562515395714,True,ok,1.6312072231893646,True,False,False,temporal_xy,True,ok,7.193061956896396,28.179385999999994,1.0206139999999948
000021.jpg,,,,,,,,,,,,,,,,,,,,,,,,,,,,,,,,,,,,,100.17371499999999,0.9426195025444031,254486.78455201356,True,temporal_predicted,3364575.4049563967,0.8396030545096245,True,ok,1.1603969454903755,False,False,True,ok,True,ok,4.080528867017414,28.179385999999994,1.0206139999999948
000022.jpg,,,,,,,,,,,,,,,,,,,,,,,,,,,,,,,,,,,,,100.07705999999999,0.9225107431411743,254487.27241201518,True,init,3364576.277878397,0.8483922801193651,True,disabled,1.151607719880635,True,True,True,disabled,True,init,4.080532939881787,28.179385999999994,1.0206139999999948
000022.jpg,,,,,,,,,,,,,,,,,,,,,,,,,,,,,,,,,,,,,100.24390164669603,0.9775001406669617,254483.56364237197,False,raw_refined_full,3364578.2575912555,0.8296046474670246,False,pose_yaw_jump,8.843076407602226,True,False,False,temporal_xy,True,ok,7.050926986789639,-152.84119406241064,177.95880593758937
000022.jpg,,,,,,,,,,,,,,,,,,,,,,,,,,,,,,,,,,,,,100.24390164669603,0.9817675352096558,254483.56364237197,False,refined_corrected_yaw,3364578.2575912555,0.8280507831123197,True,ok,1.700750874376048,True,False,False,temporal_xy,True,ok,7.050926986789639,27.158805937589364,2.041194062410625
000022.jpg,,,,,,,,,,,,,,,,,,,,,,,,,,,,,,,,,,,,,100.07705999999999,0.9817675352096558,254483.5636423719,False,refined_freeze_alt_corrected_yaw,3364578.257591255,0.8280507831123197,True,ok,1.697414041425334,True,False,False,temporal_xy,True,ok,7.050926986419259,27.158805937589364,2.041194062410625
000022.jpg,,,,,,,,,,,,,,,,,,,,,,,,,,,,,,,,,,,,,100.07705999999999,0.9525708556175232,254483.5636423719,False,refined_freeze_alt_init_yaw,3364578.257591255,0.8357671322373881,True,ok,1.6172253412067015,True,False,False,temporal_xy,True,ok,7.050926986419259,28.179385999999994,1.0206139999999948
000022.jpg,,,,,,,,,,,,,,,,,,,,,,,,,,,,,,,,,,,,,100.07705999999999,0.9225107431411743,254487.27241201518,True,temporal_predicted,3364576.277878397,0.8483922801193651,True,ok,1.151607719880635,False,False,True,ok,True,ok,4.080532939881787,28.179385999999994,1.0206139999999948
000023.jpg,,,,,,,,,,,,,,,,,,,,,,,,,,,,,,,,,,,,,99.97129199999999,0.9333581924438477,254487.76027201518,True,init,3364577.150800397,0.8444773071370726,True,disabled,1.1555226928629274,True,True,True,disabled,True,init,4.0805370233259515,28.179385999999994,1.0206139999999948
000023.jpg,,,,,,,,,,,,,,,,,,,,,,,,,,,,,,,,,,,,,100.0502849444747,0.9785349369049072,254484.05486531762,False,raw_refined_full,3364579.601134186,0.829900355621281,False,pose_yaw_jump,8.85649982198721,True,False,False,temporal_xy,True,ok,7.457596344632136,-152.83504724157677,177.96495275842324
000023.jpg,,,,,,,,,,,,,,,,,,,,,,,,,,,,,,,,,,,,,100.0502849444747,0.9811654686927795,254484.05486531762,False,refined_corrected_yaw,3364579.601134186,0.8289848948980669,True,ok,1.7086246451783396,True,False,False,temporal_xy,True,ok,7.457596344632136,27.164952758423226,2.0350472415767626
000023.jpg,,,,,,,,,,,,,,,,,,,,,,,,,,,,,,,,,,,,,99.97129199999999,0.9811654686927795,254484.05486531762,False,refined_freeze_alt_corrected_yaw,3364579.601134185,0.8289848948980669,True,ok,1.7070447862374745,True,False,False,temporal_xy,True,ok,7.457596343816707,27.164952758423226,2.0350472415767626
000023.jpg,,,,,,,,,,,,,,,,,,,,,,,,,,,,,,,,,,,,,99.97129199999999,0.9661698341369629,254484.05486531762,False,refined_freeze_alt_init_yaw,3364579.601134185,0.8322946375127637,True,ok,1.6470913905725912,True,False,False,temporal_xy,True,ok,7.457596343816707,28.179385999999994,1.0206139999999948
000023.jpg,,,,,,,,,,,,,,,,,,,,,,,,,,,,,,,,,,,,,99.97129199999999,0.9333581924438477,254487.76027201518,True,temporal_predicted,3364577.150800397,0.8444773071370726,True,ok,1.1555226928629274,False,False,True,ok,True,ok,4.0805370233259515,28.179385999999994,1.0206139999999948
000024.jpg,,,,,,,,,,,,,,,,,,,,,,,,,,,,,,,,,,,,,99.95137,0.9299672842025757,254488.24813201462,True,init,3364578.023722396,0.8458115553044215,True,disabled,1.1541884446955786,True,True,True,disabled,True,init,4.080529973243478,28.179385999999994,1.0206139999999948
000024.jpg,,,,,,,,,,,,,,,,,,,,,,,,,,,,,,,,,,,,,100.1426114719361,0.9827630519866943,254484.63356434437,False,raw_refined_full,3364580.3492169585,0.8272354852380279,False,pose_yaw_jump,8.854057489163758,True,False,False,temporal_xy,True,ok,7.304426646501396,-152.84631476927674,177.9536852307233
000024.jpg,,,,,,,,,,,,,,,,,,,,,,,,,,,,,,,,,,,,,100.1426114719361,0.9848536849021912,254484.63356434437,False,refined_corrected_yaw,3364580.3492169585,0.826670433677073,True,ok,1.7070047019035524,True,False,False,temporal_xy,True,ok,7.304426646501396,27.153685230723255,2.0463147692767336
000024.jpg,,,,,,,,,,,,,,,,,,,,,,,,,,,,,,,,,,,,,99.95137,0.9848536849021912,254484.6335643444,False,refined_freeze_alt_corrected_yaw,3364580.349216959,0.826670433677073,True,ok,1.7031798724875777,True,False,False,temporal_xy,True,ok,7.304426646895707,27.153685230723255,2.0463147692767336
000024.jpg,,,,,,,,,,,,,,,,,,,,,,,,,,,,,,,,,,,,,99.95137,0.9823011159896851,254484.6335643444,False,refined_freeze_alt_init_yaw,3364580.349216959,0.828347930498658,True,ok,1.6577295505824061,True,False,False,temporal_xy,True,ok,7.304426646895707,28.179385999999994,1.0206139999999948
000024.jpg,,,,,,,,,,,,,,,,,,,,,,,,,,,,,,,,,,,,,99.95137,0.9299672842025757,254488.24813201462,True,temporal_predicted,3364578.023722396,0.8458115553044215,True,ok,1.1541884446955786,False,False,True,ok,True,ok,4.080529973243478,28.179385999999994,1.0206139999999948
000025.jpg,,,,,,,,,,,,,,,,,,,,,,,,,,,,,,,,,,,,,99.972323,0.9304454922676086,254488.7359920148,True,init,3364578.896644396,0.8457936493912674,True,disabled,1.1542063506087326,True,True,True,disabled,True,init,4.08053400074938,28.179385999999994,1.0206139999999948
000025.jpg,,,,,,,,,,,,,,,,,,,,,,,,,,,,,,,,,,,,,100.15178893506527,0.9672117233276367,254485.04451137586,False,raw_refined_full,3364581.2454674863,0.8312158747548284,False,pose_yaw_jump,8.840675222015456,True,False,False,temporal_xy,True,ok,7.362080298647561,-152.8359061346301,177.96409386536993
000025.jpg,,,,,,,,,,,,,,,,,,,,,,,,,,,,,,,,,,,,,100.15178893506527,0.9760535359382629,254485.04451137586,False,refined_corrected_yaw,3364581.2454674863,0.8281412895587793,True,ok,1.7026157019744628,True,False,False,temporal_xy,True,ok,7.362080298647561,27.164093865369892,2.035906134630096
000025.jpg,,,,,,,,,,,,,,,,,,,,,,,,,,,,,,,,,,,,,99.972323,0.9760535359382629,254485.04451137586,False,refined_freeze_alt_corrected_yaw,3364581.2454674863,0.8281412895587793,True,ok,1.6990263832731576,True,False,False,temporal_xy,True,ok,7.362080298647561,27.164093865369892,2.035906134630096
000025.jpg,,,,,,,,,,,,,,,,,,,,,,,,,,,,,,,,,,,,,99.972323,0.9652122259140015,254485.04451137586,False,refined_freeze_alt_init_yaw,3364581.2454674863,0.8331595780396869,True,ok,1.6417446682633066,True,False,False,temporal_xy,True,ok,7.362080298647561,28.179385999999994,1.0206139999999948
000025.jpg,,,,,,,,,,,,,,,,,,,,,,,,,,,,,,,,,,,,,99.972323,0.9304454922676086,254488.7359920148,True,temporal_predicted,3364578.896644396,0.8457936493912674,True,ok,1.1542063506087326,False,False,True,ok,True,ok,4.08053400074938,28.179385999999994,1.0206139999999948
000026.jpg,,,,,,,,,,,,,,,,,,,,,,,,,,,,,,,,,,,,,99.99123900000001,0.9418153762817383,254489.22385201446,True,init,3364579.769566396,0.8404840097644931,True,disabled,1.1595159902355068,True,True,True,disabled,True,init,4.08052691936307,28.179385999999994,1.0206139999999948
000026.jpg,,,,,,,,,,,,,,,,,,,,,,,,,,,,,,,,,,,,,100.2352514974773,0.9796052575111389,254485.36344435636,False,raw_refined_full,3364582.0426843422,0.8285945101069528,False,pose_yaw_jump,8.856333704462267,True,False,False,temporal_xy,True,ok,7.380627286985485,-152.84219630354008,177.9578036964599
000026.jpg,,,,,,,,,,,,,,,,,,,,,,,,,,,,,,,,,,,,,100.2352514974773,0.9869877696037292,254485.36344435636,False,refined_corrected_yaw,3364582.0426843422,0.82409862840484,True,ok,1.7176014653109892,True,False,False,temporal_xy,True,ok,7.380627286985485,27.157803696459922,2.0421963035400665
000026.jpg,,,,,,,,,,,,,,,,,,,,,,,,,,,,,,,,,,,,,99.99123900000001,0.9869877696037292,254485.36344435636,False,refined_freeze_alt_corrected_yaw,3364582.0426843422,0.82409862840484,True,ok,1.7127212153614435,True,False,False,temporal_xy,True,ok,7.380627286985485,27.157803696459922,2.0421963035400665
000026.jpg,,,,,,,,,,,,,,,,,,,,,,,,,,,,,,,,,,,,,99.99123900000001,0.9809794425964355,254485.36344435636,False,refined_freeze_alt_init_yaw,3364582.0426843422,0.8260128905358177,True,ok,1.6635641442975635,True,False,False,temporal_xy,True,ok,7.380627286985485,28.179385999999994,1.0206139999999948
000026.jpg,,,,,,,,,,,,,,,,,,,,,,,,,,,,,,,,,,,,,99.99123900000001,0.9418153762817383,254489.22385201446,True,temporal_predicted,3364579.769566396,0.8404840097644931,True,ok,1.1595159902355068,False,False,True,ok,True,ok,4.08052691936307,28.179385999999994,1.0206139999999948
000027.jpg,,,,,,,,,,,,,,,,,,,,,,,,,,,,,,,,,,,,,99.988105,0.928132951259613,254489.71171201483,True,init,3364580.6424883953,0.8460858965072523,True,disabled,1.1539141034927476,True,True,True,disabled,True,init,4.0805309128334315,28.179385999999994,1.0206139999999948
000027.jpg,,,,,,,,,,,,,,,,,,,,,,,,,,,,,,,,,,,,,100.31476974394172,0.9692507386207581,254486.03131609847,False,raw_refined_full,3364582.752122853,0.8342314011624825,False,pose_yaw_jump,8.829944017658322,True,False,False,temporal_xy,True,ok,7.148631283863426,-152.8383003193648,177.9616996806352
000027.jpg,,,,,,,,,,,,,,,,,,,,,,,,,,,,,,,,,,,,,100.31476974394172,0.9607987999916077,254486.03131609847,False,refined_corrected_yaw,3364582.752122853,0.8357330883522075,True,ok,1.6709182978398984,True,False,False,temporal_xy,True,ok,7.148631283863426,27.161699680635195,2.0383003193647937
000027.jpg,,,,,,,,,,,,,,,,,,,,,,,,,,,,,,,,,,,,,99.988105,0.9607987999916077,254486.03131609847,False,refined_freeze_alt_corrected_yaw,3364582.752122853,0.8357330883522075,True,ok,1.664385002961064,True,False,False,temporal_xy,True,ok,7.148631283863426,27.161699680635195,2.0383003193647937
000027.jpg,,,,,,,,,,,,,,,,,,,,,,,,,,,,,,,,,,,,,99.988105,0.9589730501174927,254486.03131609847,False,refined_freeze_alt_init_yaw,3364582.752122853,0.8331890535837323,True,ok,1.624254463895796,True,False,False,temporal_xy,True,ok,7.148631283863426,28.179385999999994,1.0206139999999948
000027.jpg,,,,,,,,,,,,,,,,,,,,,,,,,,,,,,,,,,,,,99.988105,0.928132951259613,254489.71171201483,True,temporal_predicted,3364580.6424883953,0.8460858965072523,True,ok,1.1539141034927476,False,False,True,ok,True,ok,4.0805309128334315,28.179385999999994,1.0206139999999948
000028.jpg,,,,,,,,,,,,,,,,,,,,,,,,,,,,,,,,,,,,,99.93579000000001,0.9335961937904358,254490.19957201474,True,init,3364581.5154103953,0.8428054058828726,True,disabled,1.1571945941171276,True,True,True,disabled,True,init,4.080534890821977,28.179385999999994,1.0206139999999948
000028.jpg,,,,,,,,,,,,,,,,,,,,,,,,,,,,,,,,,,,,,100.02563703432679,0.9787565469741821,254486.50481017376,False,raw_refined_full,3364583.687138165,0.8278597297058564,False,pose_yaw_jump,8.840837125563935,True,False,False,temporal_xy,True,ok,7.209605960127943,-152.84056699056708,177.95943300943293
000028.jpg,,,,,,,,,,,,,,,,,,,,,,,,,,,,,,,,,,,,,100.02563703432679,0.9856456518173218,254486.50481017376,False,refined_corrected_yaw,3364583.687138165,0.8262874304390072,True,ok,1.7006343622114068,True,False,False,temporal_xy,True,ok,7.209605960127943,27.159433009432917,2.040566990567072
000028.jpg,,,,,,,,,,,,,,,,,,,,,,,,,,,,,,,,,,,,,99.93579000000001,0.9857733249664307,254486.50481017376,False,refined_freeze_alt_corrected_yaw,3364583.6871381644,0.82626976415511,True,ok,1.6989918419300127,True,False,False,temporal_xy,True,ok,7.2096059597241995,27.159433009432917,2.040566990567072
000028.jpg,,,,,,,,,,,,,,,,,,,,,,,,,,,,,,,,,,,,,99.93579000000001,0.9751170873641968,254486.50481017376,False,refined_freeze_alt_init_yaw,3364583.6871381644,0.8279480611253422,True,ok,1.645101242553244,True,False,False,temporal_xy,True,ok,7.2096059597241995,28.179385999999994,1.0206139999999948
000028.jpg,,,,,,,,,,,,,,,,,,,,,,,,,,,,,,,,,,,,,99.93579000000001,0.9335961937904358,254490.19957201474,True,temporal_predicted,3364581.5154103953,0.8428054058828726,True,ok,1.1571945941171276,False,False,True,ok,True,ok,4.080534890821977,28.179385999999994,1.0206139999999948
000029.jpg,,,,,,,,,,,,,,,,,,,,,,,,,,,,,,,,,,,,,100.01466900000001,0.9379119873046875,254490.6874320151,True,init,3364582.3883323944,0.8415996897913142,True,disabled,1.1584003102086857,True,True,True,disabled,True,init,4.080527761870225,28.179385999999994,1.0206139999999948
000029.jpg,,,,,,,,,,,,,,,,,,,,,,,,,,,,,,,,,,,,,100.09934022277594,0.9664953351020813,254486.91310618594,False,raw_refined_full,3364584.511711829,0.8327340665538635,False,pose_yaw_jump,8.821986602879713,True,False,False,temporal_xy,True,ok,7.207924212467149,-152.84365324807501,177.95634675192503
000029.jpg,,,,,,,,,,,,,,,,,,,,,,,,,,,,,,,,,,,,,100.09934022277594,0.9653107523918152,254486.91310618594,False,refined_corrected_yaw,3364584.511711829,0.8335272137619854,True,ok,1.6713623629771113,True,False,False,temporal_xy,True,ok,7.207924212467149,27.156346751924985,2.043653248075003
000029.jpg,,,,,,,,,,,,,,,,,,,,,,,,,,,,,,,,,,,,,100.01466900000001,0.9653107523918152,254486.91310618594,False,refined_freeze_alt_corrected_yaw,3364584.511711829,0.8335272137619854,True,ok,1.6696689385215926,True,False,False,temporal_xy,True,ok,7.207924212467149,27.156346751924985,2.043653248075003
000029.jpg,,,,,,,,,,,,,,,,,,,,,,,,,,,,,,,,,,,,,100.01466900000001,0.9701303243637085,254486.91310618594,False,refined_freeze_alt_init_yaw,3364584.511711829,0.8309715172024816,True,ok,1.6364416837461184,True,False,False,temporal_xy,True,ok,7.207924212467149,28.179385999999994,1.0206139999999948
000029.jpg,,,,,,,,,,,,,,,,,,,,,,,,,,,,,,,,,,,,,100.01466900000001,0.9379119873046875,254490.6874320151,True,temporal_predicted,3364582.3883323944,0.8415996897913142,True,ok,1.1584003102086857,False,False,True,ok,True,ok,4.080527761870225,28.179385999999994,1.0206139999999948
000030.jpg,,,,,,,,,,,,,,,,,,,,,,,,,,,,,,,,,,,,,100.36765500000001,0.9328207969665527,254491.1752920152,True,init,3364583.261254395,0.8440320258454191,True,disabled,1.155967974154581,True,True,True,disabled,True,init,4.080531708587551,28.179385999999994,1.0206139999999948
000030.jpg,,,,,,,,,,,,,,,,,,,,,,,,,,,,,,,,,,,,,100.73119402583688,0.9758589267730713,254487.34330756793,False,raw_refined_full,3364585.3443136774,0.8286336341609017,False,pose_yaw_jump,8.851162094682518,True,False,False,temporal_xy,True,ok,7.202944412520106,-152.83825993750455,177.96174006249544
000030.jpg,,,,,,,,,,,,,,,,,,,,,,,,,,,,,,,,,,,,,100.73119402583688,0.9844344854354858,254487.34330756793,False,refined_corrected_yaw,3364585.3443136774,0.8254205148014186,True,ok,1.7140432712853075,True,False,False,temporal_xy,True,ok,7.202944412520106,27.161740062495454,2.0382599375045345
000030.jpg,,,,,,,,,,,,,,,,,,,,,,,,,,,,,,,,,,,,,100.36765500000001,0.9844344854354858,254487.34330756793,False,refined_freeze_alt_corrected_yaw,3364585.3443136774,0.8254205148014186,True,ok,1.7067724907685702,True,False,False,temporal_xy,True,ok,7.202944412520106,27.161740062495454,2.0382599375045345
000030.jpg,,,,,,,,,,,,,,,,,,,,,,,,,,,,,,,,,,,,,100.36765500000001,0.9634382128715515,254487.34330756793,False,refined_freeze_alt_init_yaw,3364585.3443136774,0.8318467535203848,True,ok,1.6371320478489668,True,False,False,temporal_xy,True,ok,7.202944412520106,28.179385999999994,1.0206139999999948
000030.jpg,,,,,,,,,,,,,,,,,,,,,,,,,,,,,,,,,,,,,100.36765500000001,0.9328207969665527,254491.1752920152,True,temporal_predicted,3364583.261254395,0.8440320258454191,True,ok,1.155967974154581,False,False,True,ok,True,ok,4.080531708587551,28.179385999999994,1.0206139999999948
000031.jpg,,,,,,,,,,,,,,,,,,,,,,,,,,,,,,,,,,,,,101.284422,0.941001832485199,254491.66315201597,True,init,3364584.134176394,0.8403021691935683,True,disabled,1.1596978308064316,True,True,True,disabled,True,init,4.080535637149138,28.179385999999994,1.0206139999999948
000031.jpg,,,,,,,,,,,,,,,,,,,,,,,,,,,,,,,,,,,,,101.5818997360766,0.9694095253944397,254488.04444376184,False,raw_refined_full,3364586.2610772424,0.8321478369839561,False,pose_yaw_jump,8.813880273680754,True,False,False,temporal_xy,True,ok,7.132980615435442,-152.84225461849726,177.95774538150272
000031.jpg,,,,,,,,,,,,,,,,,,,,,,,,,,,,,,,,,,,,,101.5818997360766,0.9703125953674316,254488.04444376184,False,refined_corrected_yaw,3364586.2610772424,0.8329067899818204,True,ok,1.6648038814965436,True,False,False,temporal_xy,True,ok,7.132980615435442,27.157745381502735,2.042254618497253
000031.jpg,,,,,,,,,,,,,,,,,,,,,,,,,,,,,,,,,,,,,101.284422,0.9704861640930176,254488.0444437618,False,refined_freeze_alt_corrected_yaw,3364586.261077241,0.8328185396332316,True,ok,1.659127028051691,True,False,False,temporal_xy,True,ok,7.132980614234325,27.157745381502735,2.042254618497253
000031.jpg,,,,,,,,,,,,,,,,,,,,,,,,,,,,,,,,,,,,,101.284422,0.9706876277923584,254488.0444437618,False,refined_freeze_alt_init_yaw,3364586.261077241,0.8304181301516141,True,ok,1.6208759076999169,True,False,False,temporal_xy,True,ok,7.132980614234325,28.179385999999994,1.0206139999999948
000031.jpg,,,,,,,,,,,,,,,,,,,,,,,,,,,,,,,,,,,,,101.284422,0.941001832485199,254491.66315201597,True,temporal_predicted,3364584.134176394,0.8403021691935683,True,ok,1.1596978308064316,False,False,True,ok,True,ok,4.080535637149138,28.179385999999994,1.0206139999999948
000032.jpg,,,,,,,,,,,,,,,,,,,,,,,,,,,,,,,,,,,,,101.58913500000001,0.9308550953865051,254492.1510120162,True,init,3364585.0070983935,0.8440492957746479,True,disabled,1.155950704225352,True,True,True,disabled,True,init,4.08052848670525,28.179385999999994,1.0206139999999948
000032.jpg,,,,,,,,,,,,,,,,,,,,,,,,,,,,,,,,,,,,,101.63370577991009,0.9712634682655334,254488.41563898747,False,raw_refined_full,3364586.935410767,0.8315669014084507,False,pose_yaw_jump,8.822444148885937,True,False,False,temporal_xy,True,ok,7.020525900618339,-152.84185324323846,177.95814675676155
000032.jpg,,,,,,,,,,,,,,,,,,,,,,,,,,,,,,,,,,,,,101.63370577991009,0.9788264036178589,254488.41563898747,False,refined_corrected_yaw,3364586.935410767,0.8282570422535211,True,ok,1.6853922575726998,True,False,False,temporal_xy,True,ok,7.020525900618339,27.15814675676154,2.0418532432384495
000032.jpg,,,,,,,,,,,,,,,,,,,,,,,,,,,,,,,,,,,,,101.58913500000001,0.978809654712677,254488.41563898744,False,refined_freeze_alt_corrected_yaw,3364586.9354107664,0.8282570422535211,True,ok,1.6844828489240857,True,False,False,temporal_xy,True,ok,7.020525900234927,27.15814675676154,2.0418532432384495
000032.jpg,,,,,,,,,,,,,,,,,,,,,,,,,,,,,,,,,,,,,101.58913500000001,0.9640581607818604,254488.41563898744,False,refined_freeze_alt_init_yaw,3364586.9354107664,0.833169014084507,True,ok,1.6228740568044486,True,False,False,temporal_xy,True,ok,7.020525900234927,28.179385999999994,1.0206139999999948
000032.jpg,,,,,,,,,,,,,,,,,,,,,,,,,,,,,,,,,,,,,101.58913500000001,0.9308550953865051,254492.1510120162,True,temporal_predicted,3364585.0070983935,0.8440492957746479,True,ok,1.155950704225352,False,False,True,ok,True,ok,4.08052848670525,28.179385999999994,1.0206139999999948
000033.jpg,,,,,,,,,,,,,,,,,,,,,,,,,,,,,,,,,,,,,101.82461800000002,0.9445673227310181,254492.63887201596,True,init,3364585.8800203926,0.8409655099561612,True,disabled,1.159034490043839,True,True,True,disabled,True,init,4.0805323834699205,28.179385999999994,1.0206139999999948
000033.jpg,,,,,,,,,,,,,,,,,,,,,,,,,,,,,,,,,,,,,101.85436198115349,0.9825356006622314,254488.78175605673,False,raw_refined_full,3364588.165203352,0.8255427032166059,False,pose_yaw_jump,8.855306743064965,True,False,False,temporal_xy,True,ok,7.389342402249527,-152.83417130269268,177.9658286973073
000033.jpg,,,,,,,,,,,,,,,,,,,,,,,,,,,,,,,,,,,,,101.85436198115349,0.9899470210075378,254488.78175605673,False,refined_corrected_yaw,3364588.165203352,0.8237645028961778,True,ok,1.7137391065322158,True,False,False,temporal_xy,True,ok,7.389342402249527,27.16582869730732,2.0341713026926698
000033.jpg,,,,,,,,,,,,,,,,,,,,,,,,,,,,,,,,,,,,,101.82461800000002,0.9899470210075378,254488.78175605673,False,refined_freeze_alt_corrected_yaw,3364588.165203352,0.8237645028961778,True,ok,1.7131442269091464,True,False,False,temporal_xy,True,ok,7.389342402249527,27.16582869730732,2.0341713026926698
000033.jpg,,,,,,,,,,,,,,,,,,,,,,,,,,,,,,,,,,,,,101.82461800000002,0.9710809588432312,254488.78175605673,False,refined_freeze_alt_init_yaw,3364588.165203352,0.8304195496399585,True,ok,1.6459736561764629,True,False,False,temporal_xy,True,ok,7.389342402249527,28.179385999999994,1.0206139999999948
000033.jpg,,,,,,,,,,,,,,,,,,,,,,,,,,,,,,,,,,,,,101.82461800000002,0.9445673227310181,254492.63887201596,True,temporal_predicted,3364585.8800203926,0.8409655099561612,True,ok,1.159034490043839,False,False,True,ok,True,ok,4.0805323834699205,28.179385999999994,1.0206139999999948
000034.jpg,,,,,,,,,,,,,,,,,,,,,,,,,,,,,,,,,,,,,103.74755200000001,0.936714231967926,254493.1267320164,True,init,3364586.752942393,0.8444507072023674,True,disabled,1.1555492927976325,True,True,True,disabled,True,init,4.080536266734839,28.179385999999994,1.0206139999999948
000034.jpg,,,,,,,,,,,,,,,,,,,,,,,,,,,,,,,,,,,,,103.87652361858636,0.9713320136070251,254489.2103069014,False,raw_refined_full,3364588.8279507384,0.8299191517094393,False,pose_yaw_jump,8.844014672305404,True,False,False,temporal_xy,True,ok,7.240179232364442,-152.83610201318436,177.96389798681565
000034.jpg,,,,,,,,,,,,,,,,,,,,,,,,,,,,,,,,,,,,,103.87652361858636,0.9695867300033569,254489.2103069014,False,refined_corrected_yaw,3364588.8279507384,0.8316981663819069,True,ok,1.6898102324488853,True,False,False,temporal_xy,True,ok,7.240179232364442,27.16389798681564,2.0361020131843475
000034.jpg,,,,,,,,,,,,,,,,,,,,,,,,,,,,,,,,,,,,,103.74755200000001,0.9695867300033569,254489.2103069014,False,refined_freeze_alt_corrected_yaw,3364588.827950738,0.8316981663819069,True,ok,1.687230800055357,True,False,False,temporal_xy,True,ok,7.240179231968623,27.16389798681564,2.0361020131843475
000034.jpg,,,,,,,,,,,,,,,,,,,,,,,,,,,,,,,,,,,,,103.74755200000001,0.976695716381073,254489.2103069014,False,refined_freeze_alt_init_yaw,3364588.827950738,0.8301657478026526,True,ok,1.6557329778844654,True,False,False,temporal_xy,True,ok,7.240179231968623,28.179385999999994,1.0206139999999948
000034.jpg,,,,,,,,,,,,,,,,,,,,,,,,,,,,,,,,,,,,,103.74755200000001,0.936714231967926,254493.1267320164,True,temporal_predicted,3364586.752942393,0.8444507072023674,True,ok,1.1555492927976325,False,False,True,ok,True,ok,4.080536266734839,28.179385999999994,1.0206139999999948
000035.jpg,,,,,,,,,,,,,,,,,,,,,,,,,,,,,,,,,,,,,110.93333000000001,0.9287632703781128,254493.61459201633,True,init,3364587.625864393,0.8477003386004515,True,disabled,1.1522996613995486,True,True,True,disabled,True,init,4.080529043907162,28.179385999999994,1.0206139999999948
000035.jpg,,,,,,,,,,,,,,,,,,,,,,,,,,,,,,,,,,,,,110.90160619374365,0.9833722114562988,254489.93749816023,False,raw_refined_full,3364589.8965638992,0.8262380079006773,False,pose_yaw_jump,8.856393593682613,True,False,False,temporal_xy,True,ok,7.286892809093251,-152.83986105953196,177.96013894046803
000035.jpg,,,,,,,,,,,,,,,,,,,,,,,,,,,,,,,,,,,,,110.90160619374365,0.9776053428649902,254489.93749816023,False,refined_corrected_yaw,3364589.8965638992,0.8296769187358917,True,ok,1.696485783107526,True,False,False,temporal_xy,True,ok,7.286892809093251,27.160138940468045,2.039861059531944
000035.jpg,,,,,,,,,,,,,,,,,,,,,,,,,,,,,,,,,,,,,110.93333000000001,0.9776053428649902,254489.93749816023,False,refined_freeze_alt_corrected_yaw,3364589.8965638992,0.8296769187358917,True,ok,1.6958513069823986,True,False,False,temporal_xy,True,ok,7.286892809093251,27.160138940468045,2.039861059531944
000035.jpg,,,,,,,,,,,,,,,,,,,,,,,,,,,,,,,,,,,,,110.93333000000001,0.9697315096855164,254489.93749816023,False,refined_freeze_alt_init_yaw,3364589.8965638992,0.8325338600451467,True,ok,1.6437467221329127,True,False,False,temporal_xy,True,ok,7.286892809093251,28.179385999999994,1.0206139999999948
000035.jpg,,,,,,,,,,,,,,,,,,,,,,,,,,,,,,,,,,,,,110.93333000000001,0.9287632703781128,254493.61459201633,True,temporal_predicted,3364587.625864393,0.8477003386004515,True,ok,1.1522996613995486,False,False,True,ok,True,ok,4.080529043907162,28.179385999999994,1.0206139999999948
000036.jpg,,,,,,,,,,,,,,,,,,,,,,,,,,,,,,,,,,,,,110.47016500000001,0.9372836947441101,254494.10245201574,True,init,3364588.4987863936,0.843103996607654,True,disabled,1.156896003392346,True,True,True,disabled,True,init,4.08053289400524,28.179385999999994,1.0206139999999948
000036.jpg,,,,,,,,,,,,,,,,,,,,,,,,,,,,,,,,,,,,,110.4868117487058,0.9732699394226074,254490.66497814664,False,raw_refined_full,3364590.466881066,0.8321142089826495,False,pose_yaw_jump,8.791821535165766,True,False,False,temporal_xy,True,ok,6.9059214408856455,-152.83661280564988,177.96338719435016
000036.jpg,,,,,,,,,,,,,,,,,,,,,,,,,,,,,,,,,,,,,110.4868117487058,0.9740611910820007,254490.66497814664,False,refined_corrected_yaw,3364590.466881066,0.8317431711367893,True,ok,1.6445693893813729,True,False,False,temporal_xy,True,ok,6.9059214408856455,27.163387194350122,2.0366128056498667
000036.jpg,,,,,,,,,,,,,,,,,,,,,,,,,,,,,,,,,,,,,110.47016500000001,0.9740611910820007,254490.66497814664,False,refined_freeze_alt_corrected_yaw,3364590.466881067,0.8317431711367893,True,ok,1.6442364544535315,True,False,False,temporal_xy,True,ok,6.905921441701182,27.163387194350122,2.0366128056498667
000036.jpg,,,,,,,,,,,,,,,,,,,,,,,,,,,,,,,,,,,,,110.47016500000001,0.9599316120147705,254490.66497814664,False,refined_freeze_alt_init_yaw,3364590.466881067,0.8360012721297573,True,ok,1.584263372034271,True,False,False,temporal_xy,True,ok,6.905921441701182,28.179385999999994,1.0206139999999948
000036.jpg,,,,,,,,,,,,,,,,,,,,,,,,,,,,,,,,,,,,,110.47016500000001,0.9372836947441101,254494.10245201574,True,temporal_predicted,3364588.4987863936,0.843103996607654,True,ok,1.156896003392346,False,False,True,ok,True,ok,4.08053289400524,28.179385999999994,1.0206139999999948
000037.jpg,,,,,,,,,,,,,,,,,,,,,,,,,,,,,,,,,,,,,109.95878900000001,0.9231873750686646,254494.5903120159,True,init,3364589.371708394,0.8498705780845557,True,disabled,1.1501294219154443,True,True,True,disabled,True,init,4.080525639932034,28.179385999999994,1.0206139999999948
000037.jpg,,,,,,,,,,,,,,,,,,,,,,,,,,,,,,,,,,,,,109.96814643591642,0.974157452583313,254491.07690141047,False,raw_refined_full,3364591.510906538,0.8292511137328098,False,pose_yaw_jump,8.828003873626143,True,False,False,temporal_xy,True,ok,7.092434441660489,-152.83918109500374,177.96081890499624
000037.jpg,,,,,,,,,,,,,,,,,,,,,,,,,,,,,,,,,,,,,109.96814643591642,0.9831680655479431,254491.07690141047,False,refined_corrected_yaw,3364591.510906538,0.828176999876741,True,ok,1.6890661237835791,True,False,False,temporal_xy,True,ok,7.092434441660489,27.160818904996262,2.039181095003727
000037.jpg,,,,,,,,,,,,,,,,,,,,,,,,,,,,,,,,,,,,,109.95878900000001,0.9831680655479431,254491.07690141047,False,refined_freeze_alt_corrected_yaw,3364591.510906538,0.828176999876741,True,ok,1.6888789750652509,True,False,False,temporal_xy,True,ok,7.092434441660489,27.160818904996262,2.039181095003727
000037.jpg,,,,,,,,,,,,,,,,,,,,,,,,,,,,,,,,,,,,,109.95878900000001,0.971578061580658,254491.07690141047,False,refined_freeze_alt_init_yaw,3364591.510906538,0.8305189202514482,True,ok,1.633240035464801,True,False,False,temporal_xy,True,ok,7.092434441660489,28.179385999999994,1.0206139999999948
000037.jpg,,,,,,,,,,,,,,,,,,,,,,,,,,,,,,,,,,,,,109.95878900000001,0.9231873750686646,254494.5903120159,True,temporal_predicted,3364589.371708394,0.8498705780845557,True,ok,1.1501294219154443,False,False,True,ok,True,ok,4.080525639932034,28.179385999999994,1.0206139999999948
000038.jpg,,,,,,,,,,,,,,,,,,,,,,,,,,,,,,,,,,,,,109.519158,0.9321786165237427,254495.07817201552,True,init,3364590.2446303936,0.8446352082635596,True,disabled,1.1553647917364405,True,True,True,disabled,True,init,4.080529458726774,28.179385999999994,1.0206139999999948
000038.jpg,,,,,,,,,,,,,,,,,,,,,,,,,,,,,,,,,,,,,109.57495700381696,0.9809039831161499,254491.61127609728,False,raw_refined_full,3364592.3658617735,0.828894255345402,False,pose_yaw_jump,8.820406095155848,True,False,False,temporal_xy,True,ok,7.054388864445445,-152.84252155593504,177.95747844406498
000038.jpg,,,,,,,,,,,,,,,,,,,,,,,,,,,,,,,,,,,,,109.57495700381696,0.9839804768562317,254491.61127609728,False,refined_corrected_yaw,3364592.3658617735,0.8269905342757927,True,ok,1.6770080954061068,True,False,False,temporal_xy,True,ok,7.054388864445445,27.157478444064964,2.042521555935025
000038.jpg,,,,,,,,,,,,,,,,,,,,,,,,,,,,,,,,,,,,,109.519158,0.9839804768562317,254491.61127609728,False,refined_freeze_alt_corrected_yaw,3364592.3658617735,0.8269905342757927,True,ok,1.6758921153297677,True,False,False,temporal_xy,True,ok,7.054388864445445,27.157478444064964,2.042521555935025
000038.jpg,,,,,,,,,,,,,,,,,,,,,,,,,,,,,,,,,,,,,109.519158,0.975853443145752,254491.61127609728,False,refined_freeze_alt_init_yaw,3364592.3658617735,0.8299695052087924,True,ok,1.623318519762328,True,False,False,temporal_xy,True,ok,7.054388864445445,28.179385999999994,1.0206139999999948
000038.jpg,,,,,,,,,,,,,,,,,,,,,,,,,,,,,,,,,,,,,109.519158,0.9321786165237427,254495.07817201552,True,temporal_predicted,3364590.2446303936,0.8446352082635596,True,ok,1.1553647917364405,False,False,True,ok,True,ok,4.080529458726774,28.179385999999994,1.0206139999999948
000039.jpg,,,,,,,,,,,,,,,,,,,,,,,,,,,,,,,,,,,,,109.506989,0.9269025921821594,254495.56603201586,True,init,3364591.117552394,0.8466969863207631,True,disabled,1.153303013679237,True,True,True,disabled,True,init,4.0805332617351375,28.179385999999994,1.0206139999999948
000039.jpg,,,,,,,,,,,,,,,,,,,,,,,,,,,,,,,,,,,,,109.64235656242818,0.9803773164749146,254491.9519773308,False,raw_refined_full,3364593.290986407,0.8274434160930118,False,pose_yaw_jump,8.845340024419675,True,False,False,temporal_xy,True,ok,7.1712178485913265,-152.84192136892105,177.95807863107893
000039.jpg,,,,,,,,,,,,,,,,,,,,,,,,,,,,,,,,,,,,,109.64235656242818,0.970345139503479,254491.9519773308,False,refined_corrected_yaw,3364593.290986407,0.8315312605071759,True,ok,1.6806220077622445,True,False,False,temporal_xy,True,ok,7.1712178485913265,27.15807863107895,2.041921368921038
000039.jpg,,,,,,,,,,,,,,,,,,,,,,,,,,,,,,,,,,,,,109.506989,0.970345139503479,254491.95197733087,False,refined_freeze_alt_corrected_yaw,3364593.290986408,0.8315312605071759,True,ok,1.67791465655669,True,False,False,temporal_xy,True,ok,7.171217849374857,27.15807863107895,2.041921368921038
000039.jpg,,,,,,,,,,,,,,,,,,,,,,,,,,,,,,,,,,,,,109.506989,0.9661434888839722,254491.95197733087,False,refined_freeze_alt_init_yaw,3364593.290986408,0.8337256012316622,True,ok,1.6303350198140159,True,False,False,temporal_xy,True,ok,7.171217849374857,28.179385999999994,1.0206139999999948
000039.jpg,,,,,,,,,,,,,,,,,,,,,,,,,,,,,,,,,,,,,109.506989,0.9269025921821594,254495.56603201586,True,temporal_predicted,3364591.117552394,0.8466969863207631,True,ok,1.153303013679237,False,False,True,ok,True,ok,4.0805332617351375,28.179385999999994,1.0206139999999948
000040.jpg,,,,,,,,,,,,,,,,,,,,,,,,,,,,,,,,,,,,,109.49562800000001,0.9328656792640686,254496.05389201568,True,init,3364591.9904743945,0.8463161596623879,True,disabled,1.153683840337612,True,True,True,disabled,True,init,4.080525960005005,28.179385999999994,1.0206139999999948
000040.jpg,,,,,,,,,,,,,,,,,,,,,,,,,,,,,,,,,,,,,109.7178919268772,0.9742034077644348,254492.3422508973,False,raw_refined_full,3364594.032004184,0.8280288377000176,False,pose_yaw_jump,8.833914484425465,True,False,False,temporal_xy,True,ok,7.105563403012507,-152.83812850706278,177.96187149293723
000040.jpg,,,,,,,,,,,,,,,,,,,,,,,,,,,,,,,,,,,,,109.7178919268772,0.9753103256225586,254492.3422508973,False,refined_corrected_yaw,3364594.032004184,0.828644276419905,True,ok,1.6856058350014687,True,False,False,temporal_xy,True,ok,7.105563403012507,27.161871492937223,2.0381285070627655
000040.jpg,,,,,,,,,,,,,,,,,,,,,,,,,,,,,,,,,,,,,109.49562800000001,0.9753103256225586,254492.3422508973,False,refined_freeze_alt_corrected_yaw,3364594.032004184,0.828644276419905,True,ok,1.681160556463925,True,False,False,temporal_xy,True,ok,7.105563403012507,27.161871492937223,2.0381285070627655
000040.jpg,,,,,,,,,,,,,,,,,,,,,,,,,,,,,,,,,,,,,109.49562800000001,0.9702204465866089,254492.3422508973,False,refined_freeze_alt_init_yaw,3364594.032004184,0.8312642869702831,True,ok,1.6323837899467029,True,False,False,temporal_xy,True,ok,7.105563403012507,28.179385999999994,1.0206139999999948
000040.jpg,,,,,,,,,,,,,,,,,,,,,,,,,,,,,,,,,,,,,109.49562800000001,0.9328656792640686,254496.05389201568,True,temporal_predicted,3364591.9904743945,0.8463161596623879,True,ok,1.153683840337612,False,False,True,ok,True,ok,4.080525960005005,28.179385999999994,1.0206139999999948
000041.jpg,,,,,,,,,,,,,,,,,,,,,,,,,,,,,,,,,,,,,109.48426500000001,0.9372642636299133,254496.54175201614,True,init,3364592.8633963945,0.8431306446175412,True,disabled,1.156869355382459,True,True,True,disabled,True,init,4.080529730307662,28.179385999999994,1.0206139999999948
000041.jpg,,,,,,,,,,,,,,,,,,,,,,,,,,,,,,,,,,,,,109.78873915970325,0.9677088260650635,254492.8877469928,False,raw_refined_full,3364594.9820313817,0.8294504870561933,False,pose_yaw_jump,8.8219822363961,True,False,False,temporal_xy,True,ok,7.143262905304565,-152.8447610809126,177.95523891908738
000041.jpg,,,,,,,,,,,,,,,,,,,,,,,,,,,,,,,,,,,,,109.78873915970325,0.9654093980789185,254492.8877469928,False,refined_corrected_yaw,3364594.9820313817,0.8313490303234621,True,ok,1.6681139488656012,True,False,False,temporal_xy,True,ok,7.143262905304565,27.155238919087395,2.0447610809125933
000041.jpg,,,,,,,,,,,,,,,,,,,,,,,,,,,,,,,,,,,,,109.48426500000001,0.9654093980789185,254492.8877469928,False,refined_freeze_alt_corrected_yaw,3364594.9820313817,0.8313490303234621,True,ok,1.6620244656715362,True,False,False,temporal_xy,True,ok,7.143262905304565,27.155238919087395,2.0447610809125933
000041.jpg,,,,,,,,,,,,,,,,,,,,,,,,,,,,,,,,,,,,,109.48426500000001,0.9623169302940369,254492.8877469928,False,refined_freeze_alt_init_yaw,3364594.9820313817,0.833957309391579,True,ok,1.6151508414063103,True,False,False,temporal_xy,True,ok,7.143262905304565,28.179385999999994,1.0206139999999948
000041.jpg,,,,,,,,,,,,,,,,,,,,,,,,,,,,,,,,,,,,,109.48426500000001,0.9372642636299133,254496.54175201614,True,temporal_predicted,3364592.8633963945,0.8431306446175412,True,ok,1.156869355382459,False,False,True,ok,True,ok,4.080529730307662,28.179385999999994,1.0206139999999948
000042.jpg,,,,,,,,,,,,,,,,,,,,,,,,,,,,,,,,,,,,,109.470015,0.927937388420105,254497.02961201745,True,init,3364593.7363183936,0.8464038434364843,True,disabled,1.1535961565635158,True,True,True,disabled,True,init,4.080533483331577,28.179385999999994,1.0206139999999948
000042.jpg,,,,,,,,,,,,,,,,,,,,,,,,,,,,,,,,,,,,,109.47627470269799,0.9739786982536316,254493.36426356653,False,raw_refined_full,3364595.954843643,0.8288293062031934,False,pose_yaw_jump,8.839459396655531,True,False,False,temporal_xy,True,ok,7.235685242029068,-152.84634221451284,177.95365778548717
000042.jpg,,,,,,,,,,,,,,,,,,,,,,,,,,,,,,,,,,,,,109.47627470269799,0.9743562936782837,254493.36426356653,False,refined_corrected_yaw,3364595.954843643,0.8289176204606472,True,ok,1.6907068700868542,True,False,False,temporal_xy,True,ok,7.235685242029068,27.153657785487155,2.0463422145128334
000042.jpg,,,,,,,,,,,,,,,,,,,,,,,,,,,,,,,,,,,,,109.470015,0.9743562936782837,254493.36426356653,False,refined_freeze_alt_corrected_yaw,3364595.954843643,0.8289176204606472,True,ok,1.6905816760328944,True,False,False,temporal_xy,True,ok,7.235685242029068,27.153657785487155,2.0463422145128334
000042.jpg,,,,,,,,,,,,,,,,,,,,,,,,,,,,,,,,,,,,,109.470015,0.9580935835838318,254493.36426356653,False,refined_freeze_alt_init_yaw,3364595.954843643,0.8355235269181857,True,ok,1.6254209864653482,True,False,False,temporal_xy,True,ok,7.235685242029068,28.179385999999994,1.0206139999999948
000042.jpg,,,,,,,,,,,,,,,,,,,,,,,,,,,,,,,,,,,,,109.470015,0.927937388420105,254497.02961201745,True,temporal_predicted,3364593.7363183936,0.8464038434364843,True,ok,1.1535961565635158,False,False,True,ok,True,ok,4.080533483331577,28.179385999999994,1.0206139999999948
000043.jpg,,,,,,,,,,,,,,,,,,,,,,,,,,,,,,,,,,,,,109.419471,0.9380085468292236,254497.51747201695,True,init,3364594.6092403927,0.8428354573375225,True,disabled,1.1571645426624775,True,True,True,disabled,True,init,4.080526133543493,28.179385999999994,1.0206139999999948
000043.jpg,,,,,,,,,,,,,,,,,,,,,,,,,,,,,,,,,,,,,109.5588881438598,0.9587424993515015,254493.99496495308,False,raw_refined_full,3364596.6676850556,0.8357927066050058,False,pose_yaw_jump,8.786466599784756,True,False,False,temporal_xy,True,ok,7.02616243404034,-152.83957286870714,177.96042713129287
000043.jpg,,,,,,,,,,,,,,,,,,,,,,,,,,,,,,,,,,,,,109.5588881438598,0.965830385684967,254493.99496495308,False,refined_corrected_yaw,3364596.6676850556,0.8328979418928937,True,ok,1.6482952065659786,True,False,False,temporal_xy,True,ok,7.02616243404034,27.160427131292863,2.0395728687071255
000043.jpg,,,,,,,,,,,,,,,,,,,,,,,,,,,,,,,,,,,,,109.419471,0.965830385684967,254493.99496495302,False,refined_freeze_alt_corrected_yaw,3364596.667685055,0.8328979418928937,True,ok,1.6455068636703138,True,False,False,temporal_xy,True,ok,7.026162433661895,27.160427131292863,2.0395728687071255
000043.jpg,,,,,,,,,,,,,,,,,,,,,,,,,,,,,,,,,,,,,109.419471,0.9710536003112793,254493.99496495302,False,refined_freeze_alt_init_yaw,3364596.667685055,0.831609418575917,True,ok,1.6116054405909002,True,False,False,temporal_xy,True,ok,7.026162433661895,28.179385999999994,1.0206139999999948
000043.jpg,,,,,,,,,,,,,,,,,,,,,,,,,,,,,,,,,,,,,109.419471,0.9380085468292236,254497.51747201695,True,temporal_predicted,3364594.6092403927,0.8428354573375225,True,ok,1.1571645426624775,False,False,True,ok,True,ok,4.080526133543493,28.179385999999994,1.0206139999999948
000044.jpg,,,,,,,,,,,,,,,,,,,,,,,,,,,,,,,,,,,,,109.354801,0.9309242963790894,254498.00533201714,True,init,3364595.482162392,0.8442676451390971,True,disabled,1.1557323548609029,True,True,True,disabled,True,init,4.080529855291999,28.179385999999994,1.0206139999999948
000044.jpg,,,,,,,,,,,,,,,,,,,,,,,,,,,,,,,,,,,,,109.57686597760767,0.9643846750259399,254494.25664180156,False,raw_refined_full,3364597.4403945603,0.829961013989098,False,pose_yaw_jump,8.822632947635684,True,False,False,temporal_xy,True,ok,7.05302140922917,-152.84296293684886,177.95703706315112
000044.jpg,,,,,,,,,,,,,,,,,,,,,,,,,,,,,,,,,,,,,109.57686597760767,0.9679214358329773,254494.25664180156,False,refined_corrected_yaw,3364597.4403945603,0.8292730255614162,True,ok,1.678739013688005,True,False,False,temporal_xy,True,ok,7.05302140922917,27.157037063151137,2.042962936848852
000044.jpg,,,,,,,,,,,,,,,,,,,,,,,,,,,,,,,,,,,,,109.354801,0.9679214358329773,254494.25664180281,False,refined_freeze_alt_corrected_yaw,3364597.4403945603,0.8292730255614162,True,ok,1.6742977140249276,True,False,False,temporal_xy,True,ok,7.053021408582218,27.157037063151137,2.042962936848852
000044.jpg,,,,,,,,,,,,,,,,,,,,,,,,,,,,,,,,,,,,,109.354801,0.960464358329773,254494.25664180281,False,refined_freeze_alt_init_yaw,3364597.4403945603,0.8347240107961261,True,ok,1.6199423696840265,True,False,False,temporal_xy,True,ok,7.053021408582218,28.179385999999994,1.0206139999999948
000044.jpg,,,,,,,,,,,,,,,,,,,,,,,,,,,,,,,,,,,,,109.354801,0.9309242963790894,254498.00533201714,True,temporal_predicted,3364595.482162392,0.8442676451390971,True,ok,1.1557323548609029,False,False,True,ok,True,ok,4.080529855291999,28.179385999999994,1.0206139999999948
000045.jpg,,,,,,,,,,,,,,,,,,,,,,,,,,,,,,,,,,,,,109.20973,0.9397671222686768,254498.49319201682,True,init,3364596.3550843913,0.8424788135593221,True,disabled,1.157521186440678,True,True,True,disabled,True,init,4.0805335620550105,28.179385999999994,1.0206139999999948
000045.jpg,,,,,,,,,,,,,,,,,,,,,,,,,,,,,,,,,,,,,109.2399397874251,0.9869794845581055,254494.7220404047,False,raw_refined_full,3364598.683852298,0.8243114406779661,False,pose_yaw_jump,8.861537953970904,True,False,False,temporal_xy,True,ok,7.383830051888258,-152.84499974238926,177.95500025761078
000045.jpg,,,,,,,,,,,,,,,,,,,,,,,,,,,,,,,,,,,,,109.2399397874251,0.9762371778488159,254494.7220404047,False,refined_corrected_yaw,3364598.683852298,0.8278954802259887,True,ok,1.6957156123043993,True,False,False,temporal_xy,True,ok,7.383830051888258,27.155000257610737,2.044999742389251
000045.jpg,,,,,,,,,,,,,,,,,,,,,,,,,,,,,,,,,,,,,109.20973,0.9762371778488159,254494.7220404047,False,refined_freeze_alt_corrected_yaw,3364598.683852298,0.8278954802259887,True,ok,1.6951114165558971,True,False,False,temporal_xy,True,ok,7.383830051888258,27.155000257610737,2.044999742389251
000045.jpg,,,,,,,,,,,,,,,,,,,,,,,,,,,,,,,,,,,,,109.20973,0.9706094861030579,254494.7220404047,False,refined_freeze_alt_init_yaw,3364598.683852298,0.8317443502824858,True,ok,1.6442987271140814,True,False,False,temporal_xy,True,ok,7.383830051888258,28.179385999999994,1.0206139999999948
000045.jpg,,,,,,,,,,,,,,,,,,,,,,,,,,,,,,,,,,,,,109.20973,0.9397671222686768,254498.49319201682,True,temporal_predicted,3364596.3550843913,0.8424788135593221,True,ok,1.157521186440678,False,False,True,ok,True,ok,4.0805335620550105,28.179385999999994,1.0206139999999948
000046.jpg,,,,,,,,,,,,,,,,,,,,,,,,,,,,,,,,,,,,,109.18757299999999,0.9385169148445129,254498.98105201716,True,init,3364597.2280063913,0.8410692157904054,True,disabled,1.1589307842095946,True,True,True,disabled,True,init,4.0805261642406405,28.179385999999994,1.0206139999999948
000046.jpg,,,,,,,,,,,,,,,,,,,,,,,,,,,,,,,,,,,,,109.23712354712188,0.9846781492233276,254495.19007783415,False,raw_refined_full,3364599.3837215435,0.8245353159851301,False,pose_yaw_jump,8.852328924624224,True,False,False,temporal_xy,True,ok,7.244224113818807,-152.84246101765328,177.9575389823467
000046.jpg,,,,,,,,,,,,,,,,,,,,,,,,,,,,,,,,,,,,,109.23712354712188,0.9773207902908325,254495.19007783415,False,refined_corrected_yaw,3364599.3837215435,0.828040361125863,True,ok,1.691273602047406,True,False,False,temporal_xy,True,ok,7.244224113818807,27.157538982346722,2.0424610176532667
000046.jpg,,,,,,,,,,,,,,,,,,,,,,,,,,,,,,,,,,,,,109.18757299999999,0.9773207902908325,254495.19007783415,False,refined_freeze_alt_corrected_yaw,3364599.3837215435,0.828040361125863,True,ok,1.6902825911049684,True,False,False,temporal_xy,True,ok,7.244224113818807,27.157538982346722,2.0424610176532667
000046.jpg,,,,,,,,,,,,,,,,,,,,,,,,,,,,,,,,,,,,,109.18757299999999,0.9688026309013367,254495.19007783415,False,refined_freeze_alt_init_yaw,3364599.3837215435,0.8340060187643831,True,ok,1.6343668611064808,True,False,False,temporal_xy,True,ok,7.244224113818807,28.179385999999994,1.0206139999999948
000046.jpg,,,,,,,,,,,,,,,,,,,,,,,,,,,,,,,,,,,,,109.18757299999999,0.9385169148445129,254498.98105201716,True,temporal_predicted,3364597.2280063913,0.8410692157904054,True,ok,1.1589307842095946,False,False,True,ok,True,ok,4.0805261642406405,28.179385999999994,1.0206139999999948
000047.jpg,,,,,,,,,,,,,,,,,,,,,,,,,,,,,,,,,,,,,109.28739199999998,0.9364643096923828,254499.4689120171,True,init,3364598.100928391,0.8446631205673759,True,disabled,1.1553368794326242,True,True,True,disabled,True,init,4.080529838798846,28.179385999999994,1.0206139999999948
000047.jpg,,,,,,,,,,,,,,,,,,,,,,,,,,,,,,,,,,,,,109.63922082912177,0.9782720804214478,254495.96733562427,False,raw_refined_full,3364600.395107021,0.8275177304964539,False,pose_yaw_jump,8.83344600539874,True,False,False,temporal_xy,True,ok,7.2231263490207365,-152.83771662547258,177.96228337452743
000047.jpg,,,,,,,,,,,,,,,,,,,,,,,,,,,,,,,,,,,,,109.63922082912177,0.9842842817306519,254495.96733562427,False,refined_corrected_yaw,3364600.395107021,0.8249822695035461,True,ok,1.6924230622834022,True,False,False,temporal_xy,True,ok,7.2231263490207365,27.16228337452742,2.0377166254725694
000047.jpg,,,,,,,,,,,,,,,,,,,,,,,,,,,,,,,,,,,,,109.28739199999998,0.9842842817306519,254495.9673356243,False,refined_freeze_alt_corrected_yaw,3364600.39510702,0.8249822695035461,True,ok,1.6853864856474923,True,False,False,temporal_xy,True,ok,7.223126348185275,27.16228337452742,2.0377166254725694
000047.jpg,,,,,,,,,,,,,,,,,,,,,,,,,,,,,,,,,,,,,109.28739199999998,0.9592224955558777,254495.9673356243,False,refined_freeze_alt_init_yaw,3364600.39510702,0.8348581560283688,True,ok,1.6080643570790178,True,False,False,temporal_xy,True,ok,7.223126348185275,28.179385999999994,1.0206139999999948
000047.jpg,,,,,,,,,,,,,,,,,,,,,,,,,,,,,,,,,,,,,109.28739199999998,0.9364643096923828,254499.4689120171,True,temporal_predicted,3364598.100928391,0.8446631205673759,True,ok,1.1553368794326242,False,False,True,ok,True,ok,4.080529838798846,28.179385999999994,1.0206139999999948
000048.jpg,,,,,,,,,,,,,,,,,,,,,,,,,,,,,,,,,,,,,109.35153999999999,0.9402109384536743,254499.9567720178,True,init,3364598.973850391,0.8408685043407536,True,disabled,1.1591314956592464,True,True,True,disabled,True,init,4.080533498005655,28.179385999999994,1.0206139999999948
000048.jpg,,,,,,,,,,,,,,,,,,,,,,,,,,,,,,,,,,,,,109.65366859734058,0.9766969084739685,254496.3199939751,False,raw_refined_full,3364601.0352710327,0.8263698569584667,False,pose_yaw_jump,8.827277079364375,True,False,False,temporal_xy,True,ok,7.085069995528022,-152.83930766845054,177.96069233154947
000048.jpg,,,,,,,,,,,,,,,,,,,,,,,,,,,,,,,,,,,,,109.65366859734058,0.9769713878631592,254496.3199939751,False,refined_corrected_yaw,3364601.0352710327,0.8273246459324222,True,ok,1.6766021506271565,True,False,False,temporal_xy,True,ok,7.085069995528022,27.160692331549456,2.039307668450533
000048.jpg,,,,,,,,,,,,,,,,,,,,,,,,,,,,,,,,,,,,,109.35153999999999,0.9771431088447571,254496.3199939751,False,refined_freeze_alt_corrected_yaw,3364601.0352710322,0.8272539208232402,True,ok,1.6708129446767837,True,False,False,temporal_xy,True,ok,7.085069995124431,27.160692331549456,2.039307668450533
000048.jpg,,,,,,,,,,,,,,,,,,,,,,,,,,,,,,,,,,,,,109.35153999999999,0.972015380859375,254496.3199939751,False,refined_freeze_alt_init_yaw,3364601.0352710322,0.8319217780292448,True,ok,1.6199435348093596,True,False,False,temporal_xy,True,ok,7.085069995124431,28.179385999999994,1.0206139999999948
000048.jpg,,,,,,,,,,,,,,,,,,,,,,,,,,,,,,,,,,,,,109.35153999999999,0.9402109384536743,254499.9567720178,True,temporal_predicted,3364598.973850391,0.8408685043407536,True,ok,1.1591314956592464,False,False,True,ok,True,ok,4.080533498005655,28.179385999999994,1.0206139999999948
000049.jpg,,,,,,,,,,,,,,,,,,,,,,,,,,,,,,,,,,,,,109.64763499999998,0.9282524585723877,254500.4446320178,True,init,3364599.8467723904,0.8472237005499379,True,disabled,1.152776299450062,True,True,True,disabled,True,init,4.08052605067218,28.179385999999994,1.0206139999999948
000049.jpg,,,,,,,,,,,,,,,,,,,,,,,,,,,,,,,,,,,,,109.69012262951583,0.9916295409202576,254496.76633094056,False,raw_refined_full,3364602.0252932874,0.823895689196381,False,pose_yaw_jump,8.863840739881889,True,False,False,temporal_xy,True,ok,7.207301988538207,-152.8437444679944,177.95625553200557
000049.jpg,,,,,,,,,,,,,,,,,,,,,,,,,,,,,,,,,,,,,109.69012262951583,0.9833705425262451,254496.76633094056,False,refined_corrected_yaw,3364602.0252932874,0.8261486606350896,True,ok,1.7025073003510214,True,False,False,temporal_xy,True,ok,7.207301988538207,27.156255532005588,2.043744467994401
000049.jpg,,,,,,,,,,,,,,,,,,,,,,,,,,,,,,,,,,,,,109.64763499999998,0.9833705425262451,254496.76633094056,False,refined_freeze_alt_corrected_yaw,3364602.0252932874,0.8261486606350896,True,ok,1.7016575477607045,True,False,False,temporal_xy,True,ok,7.207301988538207,27.156255532005588,2.043744467994401
000049.jpg,,,,,,,,,,,,,,,,,,,,,,,,,,,,,,,,,,,,,109.64763499999998,0.9727726578712463,254496.76633094056,False,refined_freeze_alt_init_yaw,3364602.0252932874,0.8317722192655668,True,ok,1.6436917420394217,True,False,False,temporal_xy,True,ok,7.207301988538207,28.179385999999994,1.0206139999999948
000049.jpg,,,,,,,,,,,,,,,,,,,,,,,,,,,,,,,,,,,,,109.64763499999998,0.9282524585723877,254500.4446320178,True,temporal_predicted,3364599.8467723904,0.8472237005499379,True,ok,1.152776299450062,False,False,True,ok,True,ok,4.08052605067218,28.179385999999994,1.0206139999999948
000050.jpg,,,,,,,,,,,,,,,,,,,,,,,,,,,,,,,,,,,,,110.21008299999998,0.9278280735015869,254500.93249201868,True,init,3364600.7196943904,0.8457919034090909,True,disabled,1.1542080965909092,True,True,True,disabled,True,init,4.0805296795042825,28.179385999999994,1.0206139999999948
000050.jpg,,,,,,,,,,,,,,,,,,,,,,,,,,,,,,,,,,,,,110.49912799242884,0.9751014113426208,254497.16657347127,False,raw_refined_full,3364602.8742467696,0.8268288352272727,False,pose_yaw_jump,8.855373748674275,True,False,False,temporal_xy,True,ok,7.230497997093895,-152.84968136970224,177.95031863029777
000050.jpg,,,,,,,,,,,,,,,,,,,,,,,,,,,,,,,,,,,,,110.49912799242884,0.9573145508766174,254497.16657347127,False,refined_corrected_yaw,3364602.8742467696,0.8313742897727273,True,ok,1.6812185008749467,True,False,False,temporal_xy,True,ok,7.230497997093895,27.15031863029776,2.0496813697022276
000050.jpg,,,,,,,,,,,,,,,,,,,,,,,,,,,,,,,,,,,,,110.21008299999998,0.9573145508766174,254497.16657347127,False,refined_freeze_alt_corrected_yaw,3364602.8742467696,0.8313742897727273,True,ok,1.6754376010263696,True,False,False,temporal_xy,True,ok,7.230497997093895,27.15031863029776,2.0496813697022276
000050.jpg,,,,,,,,,,,,,,,,,,,,,,,,,,,,,,,,,,,,,110.21008299999998,0.9679405093193054,254497.16657347127,False,refined_freeze_alt_init_yaw,3364602.8742467696,0.8311257102272728,True,ok,1.645975993792666,True,False,False,temporal_xy,True,ok,7.230497997093895,28.179385999999994,1.0206139999999948
000050.jpg,,,,,,,,,,,,,,,,,,,,,,,,,,,,,,,,,,,,,110.21008299999998,0.9278280735015869,254500.93249201868,True,temporal_predicted,3364600.7196943904,0.8457919034090909,True,ok,1.1542080965909092,False,False,True,ok,True,ok,4.0805296795042825,28.179385999999994,1.0206139999999948
000051.jpg,,,,,,,,,,,,,,,,,,,,,,,,,,,,,,,,,,,,,110.69403499999999,0.9338017106056213,254501.42035201887,True,init,3364601.59261639,0.8449675612436629,True,disabled,1.155032438756337,True,True,True,disabled,True,init,4.080533289684819,28.179385999999994,1.0206139999999948
000051.jpg,,,,,,,,,,,,,,,,,,,,,,,,,,,,,,,,,,,,,111.10834621731192,0.9665144085884094,254497.516417681,False,raw_refined_full,3364603.546746432,0.829262239869536,False,pose_yaw_jump,8.841494076433724,True,False,False,temporal_xy,True,ok,7.131042305048185,-152.84204413020376,177.95795586979625
000051.jpg,,,,,,,,,,,,,,,,,,,,,,,,,,,,,,,,,,,,,111.10834621731192,0.9654138088226318,254497.516417681,False,refined_corrected_yaw,3364603.546746432,0.8299712837238983,True,ok,1.6895951598976158,True,False,False,temporal_xy,True,ok,7.131042305048185,27.15795586979624,2.042044130203749
000051.jpg,,,,,,,,,,,,,,,,,,,,,,,,,,,,,,,,,,,,,110.69403499999999,0.9654138088226318,254497.516417681,False,refined_freeze_alt_corrected_yaw,3364603.546746432,0.8299712837238983,True,ok,1.6813089355513773,True,False,False,temporal_xy,True,ok,7.131042305048185,27.15795586979624,2.042044130203749
000051.jpg,,,,,,,,,,,,,,,,,,,,,,,,,,,,,,,,,,,,,110.69403499999999,0.9589613080024719,254497.516417681,False,refined_freeze_alt_init_yaw,3364603.546746432,0.8359627042932606,True,ok,1.627550383665489,True,False,False,temporal_xy,True,ok,7.131042305048185,28.179385999999994,1.0206139999999948
000051.jpg,,,,,,,,,,,,,,,,,,,,,,,,,,,,,,,,,,,,,110.69403499999999,0.9338017106056213,254501.42035201887,True,temporal_predicted,3364601.59261639,0.8449675612436629,True,ok,1.155032438756337,False,False,True,ok,True,ok,4.080533289684819,28.179385999999994,1.0206139999999948
000052.jpg,,,,,,,,,,,,,,,,,,,,,,,,,,,,,,,,,,,,,111.12698499999999,0.9399982690811157,254501.90821201872,True,init,3364602.46553839,0.8448738783296827,True,disabled,1.1551261216703173,True,True,True,disabled,True,init,4.080525771410217,28.179385999999994,1.0206139999999948
000052.jpg,,,,,,,,,,,,,,,,,,,,,,,,,,,,,,,,,,,,,111.37049899157137,0.9798195362091064,254498.16223878524,False,raw_refined_full,3364604.5090512964,0.8270684660496008,False,pose_yaw_jump,8.83780534428421,True,False,False,temporal_xy,True,ok,7.124767555572718,-152.84335038100286,177.95664961899718
000052.jpg,,,,,,,,,,,,,,,,,,,,,,,,,,,,,,,,,,,,,111.37049899157137,0.9816021919250488,254498.16223878524,False,refined_corrected_yaw,3364604.5090512964,0.8274217480392849,True,ok,1.6893289442293091,True,False,False,temporal_xy,True,ok,7.124767555572718,27.156649618997136,2.0433503810028526
000052.jpg,,,,,,,,,,,,,,,,,,,,,,,,,,,,,,,,,,,,,111.12698499999999,0.9816021919250488,254498.16223878524,False,refined_freeze_alt_corrected_yaw,3364604.5090512964,0.8274217480392849,True,ok,1.6844586643978816,True,False,False,temporal_xy,True,ok,7.124767555572718,27.156649618997136,2.0433503810028526
000052.jpg,,,,,,,,,,,,,,,,,,,,,,,,,,,,,,,,,,,,,111.12698499999999,0.9780047535896301,254498.16223878524,False,refined_freeze_alt_init_yaw,3364604.5090512964,0.8278456864269059,True,ok,1.6392982016640136,True,False,False,temporal_xy,True,ok,7.124767555572718,28.179385999999994,1.0206139999999948
000052.jpg,,,,,,,,,,,,,,,,,,,,,,,,,,,,,,,,,,,,,111.12698499999999,0.9399982690811157,254501.90821201872,True,temporal_predicted,3364602.46553839,0.8448738783296827,True,ok,1.1551261216703173,False,False,True,ok,True,ok,4.080525771410217,28.179385999999994,1.0206139999999948
000053.jpg,,,,,,,,,,,,,,,,,,,,,,,,,,,,,,,,,,,,,106.32527599999999,0.9308251142501831,254502.3960720192,True,init,3364603.338460389,0.8448999097329156,True,disabled,1.1551000902670845,True,True,True,disabled,True,init,4.0805293498208,28.179385999999994,1.0206139999999948
000053.jpg,,,,,,,,,,,,,,,,,,,,,,,,,,,,,,,,,,,,,106.51833530515432,0.9712976217269897,254498.63177795234,False,raw_refined_full,3364605.4657890038,0.8282093488380325,False,pose_yaw_jump,8.842285651911967,True,False,False,temporal_xy,True,ok,7.20621768621582,-152.84031366340196,177.95968633659805
000053.jpg,,,,,,,,,,,,,,,,,,,,,,,,,,,,,,,,,,,,,106.51833530515432,0.9664078950881958,254498.63177795234,False,refined_corrected_yaw,3364605.4657890038,0.8306341705162923,True,ok,1.6846243428758076,True,False,False,temporal_xy,True,ok,7.20621768621582,27.159686336598043,2.040313663401946
000053.jpg,,,,,,,,,,,,,,,,,,,,,,,,,,,,,,,,,,,,,106.32527599999999,0.9664078950881958,254498.63177795234,False,refined_freeze_alt_corrected_yaw,3364605.4657890038,0.8306341705162923,True,ok,1.680763156772721,True,False,False,temporal_xy,True,ok,7.20621768621582,27.159686336598043,2.040313663401946
000053.jpg,,,,,,,,,,,,,,,,,,,,,,,,,,,,,,,,,,,,,106.32527599999999,0.9726999402046204,254498.63177795234,False,refined_freeze_alt_init_yaw,3364605.4657890038,0.8317846333563426,True,ok,1.6455843500191416,True,False,False,temporal_xy,True,ok,7.20621768621582,28.179385999999994,1.0206139999999948
000053.jpg,,,,,,,,,,,,,,,,,,,,,,,,,,,,,,,,,,,,,106.32527599999999,0.9308251142501831,254502.3960720192,True,temporal_predicted,3364603.338460389,0.8448999097329156,True,ok,1.1551000902670845,False,False,True,ok,True,ok,4.0805293498208,28.179385999999994,1.0206139999999948
000054.jpg,,,,,,,,,,,,,,,,,,,,,,,,,,,,,,,,,,,,,101.701968,0.9354648590087891,254502.8839320191,True,init,3364604.2113823886,0.8448759362464946,True,disabled,1.1551240637535054,True,True,True,disabled,True,init,4.080532913773833,28.179385999999994,1.0206139999999948
000054.jpg,,,,,,,,,,,,,,,,,,,,,,,,,,,,,,,,,,,,,101.85569647233933,0.9792483448982239,254499.11866105295,False,raw_refined_full,3364606.479217493,0.8297007560966951,False,pose_yaw_jump,8.851850501356829,True,False,False,temporal_xy,True,ok,7.328071517717451,-152.84384613790752,177.9561538620925
000054.jpg,,,,,,,,,,,,,,,,,,,,,,,,,,,,,,,,,,,,,101.85569647233933,0.9745247960090637,254499.11866105295,False,refined_corrected_yaw,3364606.479217493,0.8299669873273934,True,ok,1.6953405462775526,True,False,False,temporal_xy,True,ok,7.328071517717451,27.15615386209248,2.043846137907508
000054.jpg,,,,,,,,,,,,,,,,,,,,,,,,,,,,,,,,,,,,,101.701968,0.9745247960090637,254499.11866105295,False,refined_freeze_alt_corrected_yaw,3364606.479217493,0.8299669873273934,True,ok,1.6922659768307657,True,False,False,temporal_xy,True,ok,7.328071517717451,27.15615386209248,2.043846137907508
000054.jpg,,,,,,,,,,,,,,,,,,,,,,,,,,,,,,,,,,,,,101.701968,0.9687294960021973,254499.11866105295,False,refined_freeze_alt_init_yaw,3364606.479217493,0.8316886159525754,True,ok,1.6434199609160247,True,False,False,temporal_xy,True,ok,7.328071517717451,28.179385999999994,1.0206139999999948
000054.jpg,,,,,,,,,,,,,,,,,,,,,,,,,,,,,,,,,,,,,101.701968,0.9354648590087891,254502.8839320191,True,temporal_predicted,3364604.2113823886,0.8448759362464946,True,ok,1.1551240637535054,False,False,True,ok,True,ok,4.080532913773833,28.179385999999994,1.0206139999999948
000055.jpg,,,,,,,,,,,,,,,,,,,,,,,,,,,,,,,,,,,,,100.175141,0.9418901801109314,254503.37179201865,True,init,3364605.084304389,0.8415660186058094,True,disabled,1.1584339813941906,True,True,True,disabled,True,init,4.080525371631744,28.179385999999994,1.0206139999999948
000055.jpg,,,,,,,,,,,,,,,,,,,,,,,,,,,,,,,,,,,,,100.23000129777938,0.9785668849945068,254499.6596300389,False,raw_refined_full,3364607.6239858884,0.8286344474288052,False,pose_yaw_jump,8.853989752964505,True,False,False,temporal_xy,True,ok,7.5391685890795594,-152.8372904418196,177.96270955818045
000055.jpg,,,,,,,,,,,,,,,,,,,,,,,,,,,,,,,,,,,,,100.23000129777938,0.9790463447570801,254499.6596300389,False,refined_corrected_yaw,3364607.6239858884,0.8285988722673829,True,ok,1.702393055232938,True,False,False,temporal_xy,True,ok,7.5391685890795594,27.16270955818041,2.0372904418195787
000055.jpg,,,,,,,,,,,,,,,,,,,,,,,,,,,,,,,,,,,,,100.175141,0.9790463447570801,254499.65963003892,False,refined_freeze_alt_corrected_yaw,3364607.6239858884,0.8285988722673829,True,ok,1.7012958492749481,True,False,False,temporal_xy,True,ok,7.539168589065625,27.16270955818041,2.0372904418195787
000055.jpg,,,,,,,,,,,,,,,,,,,,,,,,,,,,,,,,,,,,,100.175141,0.9674883484840393,254499.65963003892,False,refined_freeze_alt_init_yaw,3364607.6239858884,0.8334193066401039,True,ok,1.6435372915393018,True,False,False,temporal_xy,True,ok,7.539168589065625,28.179385999999994,1.0206139999999948
000055.jpg,,,,,,,,,,,,,,,,,,,,,,,,,,,,,,,,,,,,,100.175141,0.9418901801109314,254503.37179201865,True,temporal_predicted,3364605.084304389,0.8415660186058094,True,ok,1.1584339813941906,False,False,True,ok,True,ok,4.080525371631744,28.179385999999994,1.0206139999999948
000056.jpg,,,,,,,,,,,,,,,,,,,,,,,,,,,,,,,,,,,,,103.57794799999999,0.9333169460296631,254503.8596520188,True,init,3364605.957226389,0.8434564474807856,True,disabled,1.1565435525192145,True,True,True,disabled,True,init,4.080528904345239,28.179385999999994,1.0206139999999948
000056.jpg,,,,,,,,,,,,,,,,,,,,,,,,,,,,,,,,,,,,,103.4163581514731,0.9710637331008911,254500.3492308994,False,raw_refined_full,3364608.1268458604,0.829899658411614,False,pose_yaw_jump,8.816925785187316,True,False,False,temporal_xy,True,ok,7.117691106047896,-152.83829507920584,177.9617049207942
000056.jpg,,,,,,,,,,,,,,,,,,,,,,,,,,,,,,,,,,,,,103.4163581514731,0.9745462536811829,254500.3492308994,False,refined_corrected_yaw,3364608.1268458604,0.8299174494733845,True,ok,1.6708745265517986,True,False,False,temporal_xy,True,ok,7.117691106047896,27.161704920794165,2.038295079205824
000056.jpg,,,,,,,,,,,,,,,,,,,,,,,,,,,,,,,,,,,,,103.57794799999999,0.9747456312179565,254500.34923090058,False,refined_freeze_alt_corrected_yaw,3364608.1268458604,0.82977512097922,True,ok,1.6679986805140696,True,False,False,temporal_xy,True,ok,7.117691105476585,27.161704920794165,2.038295079205824
000056.jpg,,,,,,,,,,,,,,,,,,,,,,,,,,,,,,,,,,,,,103.57794799999999,0.9675999879837036,254500.34923090058,False,refined_freeze_alt_init_yaw,3364608.1268458604,0.8318922573299175,True,ok,1.6175181202468405,True,False,False,temporal_xy,True,ok,7.117691105476585,28.179385999999994,1.0206139999999948
000056.jpg,,,,,,,,,,,,,,,,,,,,,,,,,,,,,,,,,,,,,103.57794799999999,0.9333169460296631,254503.8596520188,True,temporal_predicted,3364605.957226389,0.8434564474807856,True,ok,1.1565435525192145,False,False,True,ok,True,ok,4.080528904345239,28.179385999999994,1.0206139999999948
000057.jpg,,,,,,,,,,,,,,,,,,,,,,,,,,,,,,,,,,,,,104.280442,0.9357091784477234,254504.34751201846,True,init,3364606.8301483886,0.843029579046838,True,disabled,1.156970420953162,True,True,True,disabled,True,init,4.08053242114265,28.179385999999994,1.0206139999999948
000057.jpg,,,,,,,,,,,,,,,,,,,,,,,,,,,,,,,,,,,,,104.21549362502992,0.9770488142967224,254500.9275078167,False,raw_refined_full,3364608.95858451,0.8283737764544369,False,pose_yaw_jump,8.808761003367614,True,False,False,temporal_xy,True,ok,7.038500025492948,-152.83773762673746,177.96226237326255
000057.jpg,,,,,,,,,,,,,,,,,,,,,,,,,,,,,,,,,,,,,104.21549362502992,0.9730083346366882,254500.9275078167,False,refined_corrected_yaw,3364608.95858451,0.832135789042024,True,ok,1.652533433534168,True,False,False,temporal_xy,True,ok,7.038500025492948,27.162262373262536,2.037737626737453
000057.jpg,,,,,,,,,,,,,,,,,,,,,,,,,,,,,,,,,,,,,104.280442,0.9730083346366882,254500.9275078167,False,refined_freeze_alt_corrected_yaw,3364608.95858451,0.832135789042024,True,ok,1.6512344660347664,True,False,False,temporal_xy,True,ok,7.038500025492948,27.162262373262536,2.037737626737453
000057.jpg,,,,,,,,,,,,,,,,,,,,,,,,,,,,,,,,,,,,,104.280442,0.9740808606147766,254500.9275078167,False,refined_freeze_alt_init_yaw,3364608.95858451,0.8322071068161963,True,ok,1.611624420416268,True,False,False,temporal_xy,True,ok,7.038500025492948,28.179385999999994,1.0206139999999948
000057.jpg,,,,,,,,,,,,,,,,,,,,,,,,,,,,,,,,,,,,,104.280442,0.9357091784477234,254504.34751201846,True,temporal_predicted,3364606.8301483886,0.843029579046838,True,ok,1.156970420953162,False,False,True,ok,True,ok,4.08053242114265,28.179385999999994,1.0206139999999948
000058.jpg,,,,,,,,,,,,,,,,,,,,,,,,,,,,,,,,,,,,,104.193686,0.9326244592666626,254504.83537201886,True,init,3364607.703070389,0.8442322084031217,True,disabled,1.1557677915968783,True,True,True,disabled,True,init,4.0805248318722604,28.179385999999994,1.0206139999999948
000058.jpg,,,,,,,,,,,,,,,,,,,,,,,,,,,,,,,,,,,,,104.20537591073662,0.9798036217689514,254501.17373631304,False,raw_refined_full,3364609.7961244592,0.8282135347991875,False,pose_yaw_jump,8.834788821861817,True,False,False,temporal_xy,True,ok,7.1248801660602,-152.83664623906924,177.96335376093077
000058.jpg,,,,,,,,,,,,,,,,,,,,,,,,,,,,,,,,,,,,,104.20537591073662,0.9891241192817688,254501.17373631304,False,refined_corrected_yaw,3364609.7961244592,0.8251844196571755,True,ok,1.698035605908141,True,False,False,temporal_xy,True,ok,7.1248801660602,27.16335376093076,2.0366462390692277
000058.jpg,,,,,,,,,,,,,,,,,,,,,,,,,,,,,,,,,,,,,104.193686,0.9889925122261047,254501.1737363131,False,refined_freeze_alt_corrected_yaw,3364609.7961244597,0.8252378746302698,True,ok,1.697607238000968,True,False,False,temporal_xy,True,ok,7.124880166434527,27.16335376093076,2.0366462390692277
000058.jpg,,,,,,,,,,,,,,,,,,,,,,,,,,,,,,,,,,,,,104.193686,0.9682362675666809,254501.1737363131,False,refined_freeze_alt_init_yaw,3364609.7961244597,0.8337906703253626,True,ok,1.6261574157707508,True,False,False,temporal_xy,True,ok,7.124880166434527,28.179385999999994,1.0206139999999948
000058.jpg,,,,,,,,,,,,,,,,,,,,,,,,,,,,,,,,,,,,,104.193686,0.9326244592666626,254504.83537201886,True,temporal_predicted,3364607.703070389,0.8442322084031217,True,ok,1.1557677915968783,False,False,True,ok,True,ok,4.0805248318722604,28.179385999999994,1.0206139999999948
000059.jpg,,,,,,,,,,,,,,,,,,,,,,,,,,,,,,,,,,,,,103.451363,0.9291998744010925,254505.3232320187,True,init,3364608.575992388,0.8469375055560494,True,disabled,1.1530624944439505,True,True,True,disabled,True,init,4.080528314605302,28.179385999999994,1.0206139999999948
000059.jpg,,,,,,,,,,,,,,,,,,,,,,,,,,,,,,,,,,,,,103.65296343062073,0.9751753211021423,254501.6567770333,False,raw_refined_full,3364610.4418273433,0.8313094497288648,False,pose_yaw_jump,8.823182123920688,True,False,False,temporal_xy,True,ok,6.931448493209798,-152.84066930085137,177.9593306991486
000059.jpg,,,,,,,,,,,,,,,,,,,,,,,,,,,,,,,,,,,,,103.65296343062073,0.9739120006561279,254501.6567770333,False,refined_corrected_yaw,3364610.4418273433,0.8316294781758379,True,ok,1.6727144141744452,True,False,False,temporal_xy,True,ok,6.931448493209798,27.159330699148626,2.0406693008513628
000059.jpg,,,,,,,,,,,,,,,,,,,,,,,,,,,,,,,,,,,,,103.451363,0.9739024043083191,254501.65677703335,False,refined_freeze_alt_corrected_yaw,3364610.4418273433,0.831647257534003,True,ok,1.6686542986598205,True,False,False,temporal_xy,True,ok,6.931448493179871,27.159330699148626,2.0406693008513628
000059.jpg,,,,,,,,,,,,,,,,,,,,,,,,,,,,,,,,,,,,,103.451363,0.9695949554443359,254501.65677703335,False,refined_freeze_alt_init_yaw,3364610.4418273433,0.8332651791270335,True,ok,1.6215985113024125,True,False,False,temporal_xy,True,ok,6.931448493179871,28.179385999999994,1.0206139999999948
000059.jpg,,,,,,,,,,,,,,,,,,,,,,,,,,,,,,,,,,,,,103.451363,0.9291998744010925,254505.3232320187,True,temporal_predicted,3364608.575992388,0.8469375055560494,True,ok,1.1530624944439505,False,False,True,ok,True,ok,4.080528314605302,28.179385999999994,1.0206139999999948
000060.jpg,,,,,,,,,,,,,,,,,,,,,,,,,,,,,,,,,,,,,100.184205,0.946898877620697,254505.81109201923,True,init,3364609.4489143873,0.8385211581291759,True,disabled,1.161478841870824,True,True,True,disabled,True,init,4.080531781451037,28.179385999999994,1.0206139999999948
000060.jpg,,,,,,,,,,,,,,,,,,,,,,,,,,,,,,,,,,,,,100.19375695846975,0.9795053005218506,254502.2483624862,False,raw_refined_full,3364611.710779021,0.8277416481069042,False,pose_yaw_jump,8.820617950786977,True,False,False,temporal_xy,True,ok,7.223720201250469,-152.84264355601863,177.95735644398138
000060.jpg,,,,,,,,,,,,,,,,,,,,,,,,,,,,,,,,,,,,,100.19375695846975,0.9731862545013428,254502.2483624862,False,refined_corrected_yaw,3364611.710779021,0.8285612472160356,True,ok,1.6622804983037274,True,False,False,temporal_xy,True,ok,7.223720201250469,27.15735644398137,2.042643556018618
000060.jpg,,,,,,,,,,,,,,,,,,,,,,,,,,,,,,,,,,,,,100.184205,0.9731862545013428,254502.2483624862,False,refined_freeze_alt_corrected_yaw,3364611.710779021,0.8285612472160356,True,ok,1.6620894591343327,True,False,False,temporal_xy,True,ok,7.223720201250469,27.15735644398137,2.042643556018618
000060.jpg,,,,,,,,,,,,,,,,,,,,,,,,,,,,,,,,,,,,,100.184205,0.9729255437850952,254502.2483624862,False,refined_freeze_alt_init_yaw,3364611.710779021,0.8344409799554565,True,ok,1.6150532130471085,True,False,False,temporal_xy,True,ok,7.223720201250469,28.179385999999994,1.0206139999999948
000060.jpg,,,,,,,,,,,,,,,,,,,,,,,,,,,,,,,,,,,,,100.184205,0.946898877620697,254505.81109201923,True,temporal_predicted,3364609.4489143873,0.8385211581291759,True,ok,1.161478841870824,False,False,True,ok,True,ok,4.080531781451037,28.179385999999994,1.0206139999999948
000061.jpg,,,,,,,,,,,,,,,,,,,,,,,,,,,,,,,,,,,,,99.944834,0.9350589513778687,254506.29895201928,True,init,3364610.3218363877,0.8461921619554196,True,disabled,1.1538078380445804,True,True,True,disabled,True,init,4.080524120329178,28.179385999999994,1.0206139999999948
000061.jpg,,,,,,,,,,,,,,,,,,,,,,,,,,,,,,,,,,,,,100.16074833553284,0.9836108684539795,254502.62293251694,False,raw_refined_full,3364612.2383940346,0.8260188924270186,False,pose_yaw_jump,8.835038651527503,True,False,False,temporal_xy,True,ok,6.9798934611102155,-152.84835034564463,177.95164965435538
000061.jpg,,,,,,,,,,,,,,,,,,,,,,,,,,,,,,,,,,,,,100.16074833553284,0.9820078611373901,254502.62293251694,False,refined_corrected_yaw,3364612.2383940346,0.8274598402504759,True,ok,1.6827412502090622,True,False,False,temporal_xy,True,ok,6.9798934611102155,27.151649654355367,2.0483503456446215
000061.jpg,,,,,,,,,,,,,,,,,,,,,,,,,,,,,,,,,,,,,99.944834,0.9820078611373901,254502.62293251694,False,refined_freeze_alt_corrected_yaw,3364612.2383940346,0.8274598402504759,True,ok,1.6784229634984054,True,False,False,temporal_xy,True,ok,6.9798934611102155,27.151649654355367,2.0483503456446215
000061.jpg,,,,,,,,,,,,,,,,,,,,,,,,,,,,,,,,,,,,,99.944834,0.9776957631111145,254502.62293251694,False,refined_freeze_alt_init_yaw,3364612.2383940346,0.8294522619322933,True,ok,1.6307095092021913,True,False,False,temporal_xy,True,ok,6.9798934611102155,28.179385999999994,1.0206139999999948
000061.jpg,,,,,,,,,,,,,,,,,,,,,,,,,,,,,,,,,,,,,99.944834,0.9350589513778687,254506.29895201928,True,temporal_predicted,3364610.3218363877,0.8461921619554196,True,ok,1.1538078380445804,False,False,True,ok,True,ok,4.080524120329178,28.179385999999994,1.0206139999999948
000062.jpg,,,,,,,,,,,,,,,,,,,,,,,,,,,,,,,,,,,,,99.922538,0.9439253211021423,254506.78681201887,True,init,3364611.1947583873,0.8416520776019151,True,disabled,1.158347922398085,True,True,True,disabled,True,init,4.080527557299403,28.179385999999994,1.0206139999999948
000062.jpg,,,,,,,,,,,,,,,,,,,,,,,,,,,,,,,,,,,,,99.85835228394717,0.9663698673248291,254503.27788126466,False,raw_refined_full,3364613.155983176,0.8329165029118583,False,pose_yaw_jump,8.783399979944104,True,False,False,temporal_xy,True,ok,6.934718818100665,-152.83769042199975,177.96230957800026
000062.jpg,,,,,,,,,,,,,,,,,,,,,,,,,,,,,,,,,,,,,99.85835228394717,0.9643471240997314,254503.27788126466,False,refined_corrected_yaw,3364613.155983176,0.8323805780842474,True,ok,1.6332037287295889,True,False,False,temporal_xy,True,ok,6.934718818100665,27.162309578000247,2.0376904219997414
000062.jpg,,,,,,,,,,,,,,,,,,,,,,,,,,,,,,,,,,,,,99.922538,0.9643471240997314,254503.27788126466,False,refined_freeze_alt_corrected_yaw,3364613.155983176,0.8323805780842474,True,ok,1.6319200144085322,True,False,False,temporal_xy,True,ok,6.934718818100665,27.162309578000247,2.0376904219997414
000062.jpg,,,,,,,,,,,,,,,,,,,,,,,,,,,,,,,,,,,,,99.922538,0.9808931350708008,254503.27788126466,False,refined_freeze_alt_init_yaw,3364613.155983176,0.8304512487048483,True,ok,1.6106952275997215,True,False,False,temporal_xy,True,ok,6.934718818100665,28.179385999999994,1.0206139999999948
000062.jpg,,,,,,,,,,,,,,,,,,,,,,,,,,,,,,,,,,,,,99.922538,0.9439253211021423,254506.78681201887,True,temporal_predicted,3364611.1947583873,0.8416520776019151,True,ok,1.158347922398085,False,False,True,ok,True,ok,4.080527557299403,28.179385999999994,1.0206139999999948
000063.jpg,,,,,,,,,,,,,,,,,,,,,,,,,,,,,,,,,,,,,99.939096,0.9400030970573425,254507.27467202026,True,init,3364612.0676803873,0.8430283438409745,True,disabled,1.1569716561590255,True,True,True,disabled,True,init,4.080530978415354,28.179385999999994,1.0206139999999948
000063.jpg,,,,,,,,,,,,,,,,,,,,,,,,,,,,,,,,,,,,,99.93767756409943,0.9782102108001709,254503.83522715437,False,raw_refined_full,3364613.9356678613,0.8268650318801236,False,pose_yaw_jump,8.794325964417432,True,False,False,temporal_xy,True,ok,6.819391165334661,-152.83212844131594,177.96787155868407
000063.jpg,,,,,,,,,,,,,,,,,,,,,,,,,,,,,,,,,,,,,99.93767756409943,0.9764765501022339,254503.83522715437,False,refined_corrected_yaw,3364613.9356678613,0.8269364719329892,True,ok,1.6437508544157697,True,False,False,temporal_xy,True,ok,6.819391165334661,27.167871558684055,2.0321284413159333
000063.jpg,,,,,,,,,,,,,,,,,,,,,,,,,,,,,,,,,,,,,99.939096,0.9764765501022339,254503.83522715437,False,refined_freeze_alt_corrected_yaw,3364613.9356678613,0.8269364719329892,True,ok,1.6437224856977581,True,False,False,temporal_xy,True,ok,6.819391165334661,27.167871558684055,2.0321284413159333
000063.jpg,,,,,,,,,,,,,,,,,,,,,,,,,,,,,,,,,,,,,99.939096,0.9727757573127747,254503.83522715437,False,refined_freeze_alt_init_yaw,3364613.9356678613,0.8315800753692558,True,ok,1.594681303974447,True,False,False,temporal_xy,True,ok,6.819391165334661,28.179385999999994,1.0206139999999948
000063.jpg,,,,,,,,,,,,,,,,,,,,,,,,,,,,,,,,,,,,,99.939096,0.9400030970573425,254507.27467202026,True,temporal_predicted,3364612.0676803873,0.8430283438409745,True,ok,1.1569716561590255,False,False,True,ok,True,ok,4.080530978415354,28.179385999999994,1.0206139999999948
000064.jpg,,,,,,,,,,,,,,,,,,,,,,,,,,,,,,,,,,,,,99.931454,0.9464116096496582,254507.76253202002,True,init,3364612.9406023864,0.8435270497974402,True,disabled,1.1564729502025597,True,True,True,disabled,True,init,4.080534382249856,28.179385999999994,1.0206139999999948
000064.jpg,,,,,,,,,,,,,,,,,,,,,,,,,,,,,,,,,,,,,99.976168140769,0.9646111130714417,254504.17170142994,False,raw_refined_full,3364614.6484792978,0.8307819166099021,False,pose_yaw_jump,8.775206732467796,True,False,False,temporal_xy,True,ok,6.7571109500280935,-152.83925352641336,177.96074647358665
000064.jpg,,,,,,,,,,,,,,,,,,,,,,,,,,,,,,,,,,,,,99.976168140769,0.9667128920555115,254504.17170142994,False,refined_corrected_yaw,3364614.6484792978,0.8299931882551178,True,ok,1.6307267949076096,True,False,False,temporal_xy,True,ok,6.7571109500280935,27.16074647358664,2.039253526413347
000064.jpg,,,,,,,,,,,,,,,,,,,,,,,,,,,,,,,,,,,,,99.931454,0.9666370153427124,254504.17170142994,False,refined_freeze_alt_corrected_yaw,3364614.6484792973,0.8300469651883985,True,ok,1.6296985620810258,True,False,False,temporal_xy,True,ok,6.757110949629278,27.16074647358664,2.039253526413347
000064.jpg,,,,,,,,,,,,,,,,,,,,,,,,,,,,,,,,,,,,,99.931454,0.976908266544342,254504.17170142994,False,refined_freeze_alt_init_yaw,3364614.6484792973,0.8288997239450758,True,ok,1.6009530595501378,True,False,False,temporal_xy,True,ok,6.757110949629278,28.179385999999994,1.0206139999999948
000064.jpg,,,,,,,,,,,,,,,,,,,,,,,,,,,,,,,,,,,,,99.931454,0.9464116096496582,254507.76253202002,True,temporal_predicted,3364612.9406023864,0.8435270497974402,True,ok,1.1564729502025597,False,False,True,ok,True,ok,4.080534382249856,28.179385999999994,1.0206139999999948
000065.jpg,,,,,,,,,,,,,,,,,,,,,,,,,,,,,,,,,,,,,99.935861,0.9483330845832825,254508.25039202045,True,init,3364613.813524386,0.8406688723956005,True,disabled,1.1593311276043994,True,True,True,disabled,True,init,4.0805266804840254,28.179385999999994,1.0206139999999948
000065.jpg,,,,,,,,,,,,,,,,,,,,,,,,,,,,,,,,,,,,,100.30272120051086,0.9879747629165649,254504.64355126984,False,raw_refined_full,3364616.172290611,0.8270946973084146,False,pose_yaw_jump,8.84454283375675,True,False,False,temporal_xy,True,ok,7.329910921391383,-152.83913901871304,177.96086098128694
000065.jpg,,,,,,,,,,,,,,,,,,,,,,,,,,,,,,,,,,,,,100.30272120051086,0.9824707508087158,254504.64355126984,False,refined_corrected_yaw,3364616.172290611,0.8263972100509702,True,ok,1.6886434873386547,True,False,False,temporal_xy,True,ok,7.329910921391383,27.16086098128696,2.03913901871303
000065.jpg,,,,,,,,,,,,,,,,,,,,,,,,,,,,,,,,,,,,,99.935861,0.9824610948562622,254504.64355126984,False,refined_freeze_alt_corrected_yaw,3364616.1722906106,0.8263972100509702,True,ok,1.6812961012766032,True,False,False,temporal_xy,True,ok,7.329910920982383,27.16086098128696,2.03913901871303
000065.jpg,,,,,,,,,,,,,,,,,,,,,,,,,,,,,,,,,,,,,99.935861,0.9696041941642761,254504.64355126984,False,refined_freeze_alt_init_yaw,3364616.1722906106,0.8327461325225789,True,ok,1.6206488099745235,True,False,False,temporal_xy,True,ok,7.329910920982383,28.179385999999994,1.0206139999999948
000065.jpg,,,,,,,,,,,,,,,,,,,,,,,,,,,,,,,,,,,,,99.935861,0.9483330845832825,254508.25039202045,True,temporal_predicted,3364613.813524386,0.8406688723956005,True,ok,1.1593311276043994,False,False,True,ok,True,ok,4.0805266804840254,28.179385999999994,1.0206139999999948
000066.jpg,,,,,,,,,,,,,,,,,,,,,,,,,,,,,,,,,,,,,100.13600600000001,0.9517896771430969,254508.73825202158,True,init,3364614.686446385,0.8416105700372386,True,disabled,1.1583894299627615,True,True,True,disabled,True,init,4.080530051214699,28.179385999999994,1.0206139999999948
000066.jpg,,,,,,,,,,,,,,,,,,,,,,,,,,,,,,,,,,,,,100.46363715548068,0.9851159453392029,254505.15572048788,False,raw_refined_full,3364616.6705260794,0.8264107705528502,False,pose_yaw_jump,8.813190444128116,True,False,False,temporal_xy,True,ok,6.990977294876106,-152.83260537968397,177.96739462031604
000066.jpg,,,,,,,,,,,,,,,,,,,,,,,,,,,,,,,,,,,,,100.46363715548068,0.9818226099014282,254505.15572048788,False,refined_corrected_yaw,3364616.6705260794,0.8273775422515038,True,ok,1.6607342945009482,True,False,False,temporal_xy,True,ok,6.990977294876106,27.16739462031603,2.0326053796839574
000066.jpg,,,,,,,,,,,,,,,,,,,,,,,,,,,,,,,,,,,,,100.13600600000001,0.9817444682121277,254505.15572048907,False,refined_freeze_alt_corrected_yaw,3364616.670526078,0.827431251790318,True,ok,1.654045861935964,True,False,False,temporal_xy,True,ok,6.990977293070519,27.16739462031603,2.0326053796839574
000066.jpg,,,,,,,,,,,,,,,,,,,,,,,,,,,,,,,,,,,,,100.13600600000001,0.9767496585845947,254505.15572048907,False,refined_freeze_alt_init_yaw,3364616.670526078,0.8332855915210542,True,ok,1.602464058864995,True,False,False,temporal_xy,True,ok,6.990977293070519,28.179385999999994,1.0206139999999948
000066.jpg,,,,,,,,,,,,,,,,,,,,,,,,,,,,,,,,,,,,,100.13600600000001,0.9517896771430969,254508.73825202158,True,temporal_predicted,3364614.686446385,0.8416105700372386,True,ok,1.1583894299627615,False,False,True,ok,True,ok,4.080530051214699,28.179385999999994,1.0206139999999948
000067.jpg,,,,,,,,,,,,,,,,,,,,,,,,,,,,,,,,,,,,,100.316888,0.9466356039047241,254509.22611202105,True,init,3364615.559368385,0.8396892278699308,True,disabled,1.1603107721300692,True,True,True,disabled,True,init,4.080533384095444,28.179385999999994,1.0206139999999948
000067.jpg,,,,,,,,,,,,,,,,,,,,,,,,,,,,,,,,,,,,,100.51672136969864,0.9831379652023315,254505.4176810672,False,raw_refined_full,3364617.664427575,0.8275641367539602,False,pose_yaw_jump,8.839582533438211,True,False,False,temporal_xy,True,ok,7.209634646645189,-152.85048712971854,177.94951287028147
000067.jpg,,,,,,,,,,,,,,,,,,,,,,,,,,,,,,,,,,,,,100.51672136969864,0.9752475619316101,254505.4176810672,False,refined_corrected_yaw,3364617.664427575,0.8311554394012125,True,ok,1.6794095307009334,True,False,False,temporal_xy,True,ok,7.209634646645189,27.149512870281455,2.050487129718533
000067.jpg,,,,,,,,,,,,,,,,,,,,,,,,,,,,,,,,,,,,,100.316888,0.9752475619316101,254505.4176810672,False,refined_freeze_alt_corrected_yaw,3364617.664427575,0.8311554394012125,True,ok,1.6754128633069607,True,False,False,temporal_xy,True,ok,7.209634646645189,27.149512870281455,2.050487129718533
000067.jpg,,,,,,,,,,,,,,,,,,,,,,,,,,,,,,,,,,,,,100.316888,0.988512396812439,254505.4176810672,False,refined_freeze_alt_init_yaw,3364617.664427575,0.8296264689672338,True,ok,1.649759517866821,True,False,False,temporal_xy,True,ok,7.209634646645189,28.179385999999994,1.0206139999999948
000067.jpg,,,,,,,,,,,,,,,,,,,,,,,,,,,,,,,,,,,,,100.316888,0.9466356039047241,254509.22611202105,True,temporal_predicted,3364615.559368385,0.8396892278699308,True,ok,1.1603107721300692,False,False,True,ok,True,ok,4.080533384095444,28.179385999999994,1.0206139999999948
000068.jpg,,,,,,,,,,,,,,,,,,,,,,,,,,,,,,,,,,,,,100.45858700000001,0.9380698204040527,254509.71397202116,True,init,3364616.432290384,0.8426294465168579,True,disabled,1.1573705534831422,True,True,True,disabled,True,init,4.080525635171254,28.179385999999994,1.0206139999999948
000068.jpg,,,,,,,,,,,,,,,,,,,,,,,,,,,,,,,,,,,,,100.69799608085304,0.9828031659126282,254505.81944503475,False,raw_refined_full,3364618.6367485253,0.8274760383386581,False,pose_yaw_jump,8.863350379651859,True,False,False,temporal_xy,True,ok,7.339179312652533,-152.84116727605308,177.9588327239469
000068.jpg,,,,,,,,,,,,,,,,,,,,,,,,,,,,,,,,,,,,,100.69799608085304,0.9770901203155518,254505.81944503475,False,refined_corrected_yaw,3364618.6367485253,0.8270119763685366,True,ok,1.7077098032344389,True,False,False,temporal_xy,True,ok,7.339179312652533,27.158832723946915,2.0411672760530735
000068.jpg,,,,,,,,,,,,,,,,,,,,,,,,,,,,,,,,,,,,,100.45858700000001,0.9770901203155518,254505.81944503475,False,refined_freeze_alt_corrected_yaw,3364618.636748524,0.8270119763685366,True,ok,1.7029216215485627,True,False,False,temporal_xy,True,ok,7.339179311456456,27.158832723946915,2.0411672760530735
000068.jpg,,,,,,,,,,,,,,,,,,,,,,,,,,,,,,,,,,,,,100.45858700000001,0.9810724854469299,254505.81944503475,False,refined_freeze_alt_init_yaw,3364618.636748524,0.8294929230549557,True,ok,1.6638638196457183,True,False,False,temporal_xy,True,ok,7.339179311456456,28.179385999999994,1.0206139999999948
000068.jpg,,,,,,,,,,,,,,,,,,,,,,,,,,,,,,,,,,,,,100.45858700000001,0.9380698204040527,254509.71397202116,True,temporal_predicted,3364616.432290384,0.8426294465168579,True,ok,1.1573705534831422,False,False,True,ok,True,ok,4.080525635171254,28.179385999999994,1.0206139999999948
000069.jpg,,,,,,,,,,,,,,,,,,,,,,,,,,,,,,,,,,,,,100.33570900000001,0.937423586845398,254510.20183202194,True,init,3364617.305212383,0.8438706433714603,True,disabled,1.1561293566285396,True,True,True,disabled,True,init,4.080528959207813,28.179385999999994,1.0206139999999948
000069.jpg,,,,,,,,,,,,,,,,,,,,,,,,,,,,,,,,,,,,,100.7588090468198,0.9784104228019714,254506.44290759368,False,raw_refined_full,3364619.339576449,0.8272611373471477,False,pose_yaw_jump,8.841839447093994,True,False,False,temporal_xy,True,ok,7.123543087827605,-152.8393141047796,177.96068589522042
000069.jpg,,,,,,,,,,,,,,,,,,,,,,,,,,,,,,,,,,,,,100.7588090468198,0.983181357383728,254506.44290759368,False,refined_corrected_yaw,3364619.339576449,0.8252320841787721,True,ok,1.7002027523435557,True,False,False,temporal_xy,True,ok,7.123543087827605,27.16068589522041,2.039314104779578
000069.jpg,,,,,,,,,,,,,,,,,,,,,,,,,,,,,,,,,,,,,100.33570900000001,0.983181357383728,254506.44290759368,False,refined_freeze_alt_corrected_yaw,3364619.3395764492,0.8252320841787721,True,ok,1.691740751429324,True,False,False,temporal_xy,True,ok,7.123543088227247,27.16068589522041,2.039314104779578
000069.jpg,,,,,,,,,,,,,,,,,,,,,,,,,,,,,,,,,,,,,100.33570900000001,0.9808434247970581,254506.44290759368,False,refined_freeze_alt_init_yaw,3364619.3395764492,0.83094216300659,True,ok,1.642788670372,True,False,False,temporal_xy,True,ok,7.123543088227247,28.179385999999994,1.0206139999999948
000069.jpg,,,,,,,,,,,,,,,,,,,,,,,,,,,,,,,,,,,,,100.33570900000001,0.937423586845398,254510.20183202194,True,temporal_predicted,3364617.305212383,0.8438706433714603,True,ok,1.1561293566285396,False,False,True,ok,True,ok,4.080528959207813,28.179385999999994,1.0206139999999948
000070.jpg,,,,,,,,,,,,,,,,,,,,,,,,,,,,,,,,,,,,,100.15603200000001,0.938327431678772,254510.6896920223,True,init,3364618.1781343827,0.841192131077242,True,disabled,1.158807868922758,True,True,True,disabled,True,init,4.0805322683246645,28.179385999999994,1.0206139999999948
000070.jpg,,,,,,,,,,,,,,,,,,,,,,,,,,,,,,,,,,,,,100.27639141865075,0.9707362651824951,254507.08572549172,False,raw_refined_full,3364620.2704214803,0.8283631425661551,False,pose_yaw_jump,8.814286347737372,True,False,False,temporal_xy,True,ok,7.0955859188634935,-152.83768468613977,177.96231531386024
000070.jpg,,,,,,,,,,,,,,,,,,,,,,,,,,,,,,,,,,,,,100.27639141865075,0.9701920747756958,254507.08572549172,False,refined_corrected_yaw,3364620.2704214803,0.8291671878071006,True,ok,1.6646100180791792,True,False,False,temporal_xy,True,ok,7.0955859188634935,27.162315313860233,2.0376846861397553
000070.jpg,,,,,,,,,,,,,,,,,,,,,,,,,,,,,,,,,,,,,100.15603200000001,0.9702164530754089,254507.0857254929,False,refined_freeze_alt_corrected_yaw,3364620.27042148,0.8291671878071006,True,ok,1.662228810168976,True,False,False,temporal_xy,True,ok,7.095585917869654,27.162315313860233,2.0376846861397553
000070.jpg,,,,,,,,,,,,,,,,,,,,,,,,,,,,,,,,,,,,,100.15603200000001,0.9774006009101868,254507.0857254929,False,refined_freeze_alt_init_yaw,3364620.27042148,0.8317580002501475,True,ok,1.626611503871615,True,False,False,temporal_xy,True,ok,7.095585917869654,28.179385999999994,1.0206139999999948
000070.jpg,,,,,,,,,,,,,,,,,,,,,,,,,,,,,,,,,,,,,100.15603200000001,0.938327431678772,254510.6896920223,True,temporal_predicted,3364618.1781343827,0.841192131077242,True,ok,1.158807868922758,False,False,True,ok,True,ok,4.0805322683246645,28.179385999999994,1.0206139999999948
000071.jpg,,,,,,,,,,,,,,,,,,,,,,,,,,,,,,,,,,,,,100.09634400000002,0.9381122589111328,254511.17755202216,True,init,3364619.051056382,0.843335721963454,True,disabled,1.156664278036546,True,True,True,disabled,True,init,4.08052447085144,28.179385999999994,1.0206139999999948
000071.jpg,,,,,,,,,,,,,,,,,,,,,,,,,,,,,,,,,,,,,100.39941345155239,0.9739068746566772,254507.5295945033,False,raw_refined_full,3364620.940968954,0.8282694374776066,False,pose_yaw_jump,8.81512821743285,True,False,False,temporal_xy,True,ok,6.942640476119103,-152.84441721640852,177.95558278359147
000071.jpg,,,,,,,,,,,,,,,,,,,,,,,,,,,,,,,,,,,,,100.39941345155239,0.973310112953186,254507.5295945033,False,refined_corrected_yaw,3364620.940968954,0.8286277319957005,True,ok,1.6667506866217374,True,False,False,temporal_xy,True,ok,6.942640476119103,27.155582783591484,2.0444172164085046
000071.jpg,,,,,,,,,,,,,,,,,,,,,,,,,,,,,,,,,,,,,100.09634400000002,0.973310112953186,254507.52959450323,False,refined_freeze_alt_corrected_yaw,3364620.9409689535,0.8286277319957005,True,ok,1.6606892975770218,True,False,False,temporal_xy,True,ok,6.942640475763325,27.155582783591484,2.0444172164085046
000071.jpg,,,,,,,,,,,,,,,,,,,,,,,,,,,,,,,,,,,,,100.09634400000002,0.9759590029716492,254507.52959450323,False,refined_freeze_alt_init_yaw,3364620.9409689535,0.8307774991042637,True,ok,1.620411040447368,True,False,False,temporal_xy,True,ok,6.942640475763325,28.179385999999994,1.0206139999999948
000071.jpg,,,,,,,,,,,,,,,,,,,,,,,,,,,,,,,,,,,,,100.09634400000002,0.9381122589111328,254511.17755202216,True,temporal_predicted,3364619.051056382,0.843335721963454,True,ok,1.156664278036546,False,False,True,ok,True,ok,4.08052447085144,28.179385999999994,1.0206139999999948
000072.jpg,,,,,,,,,,,,,,,,,,,,,,,,,,,,,,,,,,,,,100.16803000000002,0.9410302639007568,254511.66541202378,True,init,3364619.923978381,0.8406627854903717,True,disabled,1.1593372145096283,True,True,True,disabled,True,init,4.080527722067333,28.179385999999994,1.0206139999999948
000072.jpg,,,,,,,,,,,,,,,,,,,,,,,,,,,,,,,,,,,,,100.47745443228632,0.9640058875083923,254507.91413918487,False,raw_refined_full,3364621.750476172,0.830165696372593,False,pose_yaw_jump,8.80577153170376,True,False,False,temporal_xy,True,ok,6.941941993580046,-152.84578223875528,177.95421776124476
000072.jpg,,,,,,,,,,,,,,,,,,,,,,,,,,,,,,,,,,,,,100.47745443228632,0.9603132605552673,254507.91413918487,False,refined_corrected_yaw,3364621.750476172,0.8315629198387819,True,ok,1.6533543222819918,True,False,False,temporal_xy,True,ok,6.941941993580046,27.154217761244723,2.0457822387552653
000072.jpg,,,,,,,,,,,,,,,,,,,,,,,,,,,,,,,,,,,,,100.16803000000002,0.9603132605552673,254507.91413918487,False,refined_freeze_alt_corrected_yaw,3364621.750476172,0.8315629198387819,True,ok,1.6471658336362656,True,False,False,temporal_xy,True,ok,6.941941993580046,27.154217761244723,2.0457822387552653
000072.jpg,,,,,,,,,,,,,,,,,,,,,,,,,,,,,,,,,,,,,100.16803000000002,0.9738367199897766,254507.91413918487,False,refined_freeze_alt_init_yaw,3364621.750476172,0.8300761307657859,True,ok,1.6220168012512648,True,False,False,temporal_xy,True,ok,6.941941993580046,28.179385999999994,1.0206139999999948
000072.jpg,,,,,,,,,,,,,,,,,,,,,,,,,,,,,,,,,,,,,100.16803000000002,0.9410302639007568,254511.66541202378,True,temporal_predicted,3364619.923978381,0.8406627854903717,True,ok,1.1593372145096283,False,False,True,ok,True,ok,4.080527722067333,28.179385999999994,1.0206139999999948
000073.jpg,,,,,,,,,,,,,,,,,,,,,,,,,,,,,,,,,,,,,107.42564200000001,0.9354465007781982,254512.15327202377,True,init,3364620.79690038,0.8427850728111919,True,disabled,1.1572149271888081,True,True,True,disabled,True,init,4.0805309830616325,28.179385999999994,1.0206139999999948
000073.jpg,,,,,,,,,,,,,,,,,,,,,,,,,,,,,,,,,,,,,107.62141636572778,0.9635160565376282,254508.3893348314,False,raw_refined_full,3364622.7336387634,0.8335181938530896,False,pose_yaw_jump,8.811409613539878,True,False,False,temporal_xy,True,ok,7.042542918614162,-152.84370674174272,177.9562932582573
000073.jpg,,,,,,,,,,,,,,,,,,,,,,,,,,,,,,,,,,,,,107.62141636572778,0.9668437242507935,254508.3893348314,False,refined_corrected_yaw,3364622.7336387634,0.8307095066013095,True,ok,1.6709922781850208,True,False,False,temporal_xy,True,ok,7.042542918614162,27.15629325825728,2.04370674174271
000073.jpg,,,,,,,,,,,,,,,,,,,,,,,,,,,,,,,,,,,,,107.42564200000001,0.9668437242507935,254508.3893348314,False,refined_freeze_alt_corrected_yaw,3364622.733638763,0.8307095066013095,True,ok,1.6670767908491597,True,False,False,temporal_xy,True,ok,7.042542918216378,27.15629325825728,2.04370674174271
000073.jpg,,,,,,,,,,,,,,,,,,,,,,,,,,,,,,,,,,,,,107.42564200000001,0.980742335319519,254508.3893348314,False,refined_freeze_alt_init_yaw,3364622.733638763,0.830369601774661,True,ok,1.6413507155044336,True,False,False,temporal_xy,True,ok,7.042542918216378,28.179385999999994,1.0206139999999948
000073.jpg,,,,,,,,,,,,,,,,,,,,,,,,,,,,,,,,,,,,,107.42564200000001,0.9354465007781982,254512.15327202377,True,temporal_predicted,3364620.79690038,0.8427850728111919,True,ok,1.1572149271888081,False,False,True,ok,True,ok,4.0805309830616325,28.179385999999994,1.0206139999999948
000074.jpg,,,,,,,,,,,,,,,,,,,,,,,,,,,,,,,,,,,,,107.69063100000001,0.931608259677887,254512.64113202327,True,init,3364621.66982238,0.8440637920850561,True,disabled,1.155936207914944,True,True,True,disabled,True,init,4.080523138925551,28.179385999999994,1.0206139999999948
000074.jpg,,,,,,,,,,,,,,,,,,,,,,,,,,,,,,,,,,,,,107.87315775454044,0.9812180399894714,254509.1309494487,False,raw_refined_full,3364624.0788518274,0.8298698741699332,False,pose_yaw_jump,8.842792193485327,True,False,False,temporal_xy,True,ok,7.32865366891963,-152.845152545339,177.95484745466104
000074.jpg,,,,,,,,,,,,,,,,,,,,,,,,,,,,,,,,,,,,,107.87315775454044,0.984551727771759,254509.1309494487,False,refined_corrected_yaw,3364624.0788518274,0.8259857881830711,True,ok,1.7012088360649527,True,False,False,temporal_xy,True,ok,7.32865366891963,27.154847454660995,2.0451525453389934
000074.jpg,,,,,,,,,,,,,,,,,,,,,,,,,,,,,,,,,,,,,107.69063100000001,0.9845688939094543,254509.1309494487,False,refined_freeze_alt_corrected_yaw,3364624.078851827,0.8259857881830711,True,ok,1.6975767272954756,True,False,False,temporal_xy,True,ok,7.328653668507367,27.154847454660995,2.0451525453389934
000074.jpg,,,,,,,,,,,,,,,,,,,,,,,,,,,,,,,,,,,,,107.69063100000001,0.9602518677711487,254509.1309494487,False,refined_freeze_alt_init_yaw,3364624.078851827,0.8363493171526248,True,ok,1.620129455414753,True,False,False,temporal_xy,True,ok,7.328653668507367,28.179385999999994,1.0206139999999948
000074.jpg,,,,,,,,,,,,,,,,,,,,,,,,,,,,,,,,,,,,,107.69063100000001,0.931608259677887,254512.64113202327,True,temporal_predicted,3364621.66982238,0.8440637920850561,True,ok,1.155936207914944,False,False,True,ok,True,ok,4.080523138925551,28.179385999999994,1.0206139999999948
000075.jpg,,,,,,,,,,,,,,,,,,,,,,,,,,,,,,,,,,,,,107.91448600000001,0.9413639307022095,254513.1289920247,True,init,3364622.5427443795,0.8430660849663854,True,disabled,1.1569339150336146,True,True,True,disabled,True,init,4.080526367285301,28.179385999999994,1.0206139999999948
000075.jpg,,,,,,,,,,,,,,,,,,,,,,,,,,,,,,,,,,,,,108.01197418384254,0.98166823387146,254509.49810705046,False,raw_refined_full,3364624.6840844997,0.8279037333714776,False,pose_yaw_jump,8.8281090590426,True,False,False,temporal_xy,True,ok,7.151527114191734,-152.84282587630224,177.95717412369777
000075.jpg,,,,,,,,,,,,,,,,,,,,,,,,,,,,,,,,,,,,,108.01197418384254,0.9794929623603821,254509.49810705046,False,refined_corrected_yaw,3364624.6840844997,0.8263481619224717,True,ok,1.6785230274786085,True,False,False,temporal_xy,True,ok,7.151527114191734,27.157174123697757,2.0428258763022313
000075.jpg,,,,,,,,,,,,,,,,,,,,,,,,,,,,,,,,,,,,,107.91448600000001,0.9794759154319763,254509.49810705165,False,refined_freeze_alt_corrected_yaw,3364624.6840844997,0.8263660420540695,True,ok,1.676537274812783,True,False,False,temporal_xy,True,ok,7.151527113603028,27.157174123697757,2.0428258763022313
000075.jpg,,,,,,,,,,,,,,,,,,,,,,,,,,,,,,,,,,,,,107.91448600000001,0.9751127362251282,254509.49810705165,False,refined_freeze_alt_init_yaw,3364624.6840844997,0.8328207695608639,True,ok,1.624559117520087,True,False,False,temporal_xy,True,ok,7.151527113603028,28.179385999999994,1.0206139999999948
000075.jpg,,,,,,,,,,,,,,,,,,,,,,,,,,,,,,,,,,,,,107.91448600000001,0.9413639307022095,254513.1289920247,True,temporal_predicted,3364622.5427443795,0.8430660849663854,True,ok,1.1569339150336146,False,False,True,ok,True,ok,4.080526367285301,28.179385999999994,1.0206139999999948
000076.jpg,,,,,,,,,,,,,,,,,,,,,,,,,,,,,,,,,,,,,108.16201000000001,0.9316564202308655,254513.61685202437,True,init,3364623.4156663795,0.8447897916629538,True,disabled,1.1552102083370461,True,True,True,disabled,True,init,4.080529556358982,28.179385999999994,1.0206139999999948
000076.jpg,,,,,,,,,,,,,,,,,,,,,,,,,,,,,,,,,,,,,108.61147293820977,0.9658654928207397,254510.011856089,False,raw_refined_full,3364625.3681798475,0.8324392721569746,False,pose_yaw_jump,8.812325998534272,True,False,False,temporal_xy,True,ok,6.974872373193801,-152.83955748692927,177.96044251307075
000076.jpg,,,,,,,,,,,,,,,,,,,,,,,,,,,,,,,,,,,,,108.61147293820977,0.9683268070220947,254510.011856089,False,refined_corrected_yaw,3364625.3681798475,0.8327778866888845,True,ok,1.6663088533562342,True,False,False,temporal_xy,True,ok,6.974872373193801,27.160442513070734,2.0395574869292545
000076.jpg,,,,,,,,,,,,,,,,,,,,,,,,,,,,,,,,,,,,,108.16201000000001,0.9683268070220947,254510.011856089,False,refined_freeze_alt_corrected_yaw,3364625.3681798475,0.8327778866888845,True,ok,1.657319594592039,True,False,False,temporal_xy,True,ok,6.974872373193801,27.160442513070734,2.0395574869292545
000076.jpg,,,,,,,,,,,,,,,,,,,,,,,,,,,,,,,,,,,,,108.16201000000001,0.9775591492652893,254510.011856089,False,refined_freeze_alt_init_yaw,3364625.3681798475,0.8298372868065085,True,ok,1.6294120547624746,True,False,False,temporal_xy,True,ok,6.974872373193801,28.179385999999994,1.0206139999999948
000076.jpg,,,,,,,,,,,,,,,,,,,,,,,,,,,,,,,,,,,,,108.16201000000001,0.9316564202308655,254513.61685202437,True,temporal_predicted,3364623.4156663795,0.8447897916629538,True,ok,1.1552102083370461,False,False,True,ok,True,ok,4.080529556358982,28.179385999999994,1.0206139999999948
000077.jpg,,,,,,,,,,,,,,,,,,,,,,,,,,,,,,,,,,,,,108.40731600000001,0.9318071603775024,254514.1047120248,True,init,3364624.288588379,0.8427199770707939,True,disabled,1.1572800229292062,True,True,True,disabled,True,init,4.08053275481031,28.179385999999994,1.0206139999999948
000077.jpg,,,,,,,,,,,,,,,,,,,,,,,,,,,,,,,,,,,,,108.70397231914103,0.975518524646759,254510.41717208628,False,raw_refined_full,3364626.230991415,0.8288549727715678,False,pose_yaw_jump,8.829998331157814,True,False,False,temporal_xy,True,ok,7.007996405754179,-152.8361376673171,177.96386233268288
000077.jpg,,,,,,,,,,,,,,,,,,,,,,,,,,,,,,,,,,,,,108.70397231914103,0.9775473475456238,254510.41717208628,False,refined_corrected_yaw,3364626.230991415,0.8282817426196618,True,ok,1.6841438222734593,True,False,False,temporal_xy,True,ok,7.007996405754179,27.163862332682896,2.0361376673170923
000077.jpg,,,,,,,,,,,,,,,,,,,,,,,,,,,,,,,,,,,,,108.40731600000001,0.9775473475456238,254510.41717208628,False,refined_freeze_alt_corrected_yaw,3364626.230991415,0.8282817426196618,True,ok,1.6782106958906389,True,False,False,temporal_xy,True,ok,7.007996405754179,27.163862332682896,2.0361376673170923
000077.jpg,,,,,,,,,,,,,,,,,,,,,,,,,,,,,,,,,,,,,108.40731600000001,0.975688636302948,254510.41717208628,False,refined_freeze_alt_init_yaw,3364626.230991415,0.8314345084551448,True,ok,1.632442245264599,True,False,False,temporal_xy,True,ok,7.007996405754179,28.179385999999994,1.0206139999999948
000077.jpg,,,,,,,,,,,,,,,,,,,,,,,,,,,,,,,,,,,,,108.40731600000001,0.9318071603775024,254514.1047120248,True,temporal_predicted,3364624.288588379,0.8427199770707939,True,ok,1.1572800229292062,False,False,True,ok,True,ok,4.08053275481031,28.179385999999994,1.0206139999999948
000078.jpg,,,,,,,,,,,,,,,,,,,,,,,,,,,,,,,,,,,,,108.575816,0.9300373792648315,254514.59257202465,True,init,3364625.161510378,0.8450850865225821,True,disabled,1.154914913477418,True,True,True,disabled,True,init,4.080524844401725,28.179385999999994,1.0206139999999948
000078.jpg,,,,,,,,,,,,,,,,,,,,,,,,,,,,,,,,,,,,,108.89324865769595,0.9708632826805115,254510.92620059202,False,raw_refined_full,3364627.2707631984,0.8304911323328786,False,pose_yaw_jump,8.833403753768946,True,False,False,temporal_xy,True,ok,7.141276278152005,-152.83410303479403,177.96589696520596
000078.jpg,,,,,,,,,,,,,,,,,,,,,,,,,,,,,,,,,,,,,108.89324865769595,0.9709393382072449,254510.92620059202,False,refined_corrected_yaw,3364627.2707631984,0.8307783442234509,True,ok,1.68306892714044,True,False,False,temporal_xy,True,ok,7.141276278152005,27.165896965205974,2.0341030347940148
000078.jpg,,,,,,,,,,,,,,,,,,,,,,,,,,,,,,,,,,,,,108.575816,0.9709393382072449,254510.92620059202,False,refined_freeze_alt_corrected_yaw,3364627.2707631984,0.8307783442234509,True,ok,1.676720273986521,True,False,False,temporal_xy,True,ok,7.141276278152005,27.165896965205974,2.0341030347940148
000078.jpg,,,,,,,,,,,,,,,,,,,,,,,,,,,,,,,,,,,,,108.575816,0.9718903303146362,254510.92620059202,False,refined_freeze_alt_init_yaw,3364627.2707631984,0.8334889064407266,True,ok,1.6344926814376266,True,False,False,temporal_xy,True,ok,7.141276278152005,28.179385999999994,1.0206139999999948
000078.jpg,,,,,,,,,,,,,,,,,,,,,,,,,,,,,,,,,,,,,108.575816,0.9300373792648315,254514.59257202465,True,temporal_predicted,3364625.161510378,0.8450850865225821,True,ok,1.154914913477418,False,False,True,ok,True,ok,4.080524844401725,28.179385999999994,1.0206139999999948
000079.jpg,,,,,,,,,,,,,,,,,,,,,,,,,,,,,,,,,,,,,108.739788,0.9395939707756042,254515.0804320264,True,init,3364626.034432378,0.8441406811323466,True,disabled,1.1558593188676534,True,True,True,disabled,True,init,4.080528011118925,28.179385999999994,1.0206139999999948
000079.jpg,,,,,,,,,,,,,,,,,,,,,,,,,,,,,,,,,,,,,109.02138428669423,0.9845923185348511,254511.52382988404,False,raw_refined_full,3364627.9901685687,0.8268608995545337,False,pose_yaw_jump,8.821837695604913,True,False,False,temporal_xy,True,ok,6.953488557442679,-152.8418739594502,177.9581260405498
000079.jpg,,,,,,,,,,,,,,,,,,,,,,,,,,,,,,,,,,,,,109.02138428669423,0.9880752563476562,254511.52382988404,False,refined_corrected_yaw,3364627.9901685687,0.8255137232360972,True,ok,1.6784524574496964,True,False,False,temporal_xy,True,ok,6.953488557442679,27.158126040549803,2.041873959450186
000079.jpg,,,,,,,,,,,,,,,,,,,,,,,,,,,,,,,,,,,,,108.739788,0.9880752563476562,254511.52382988404,False,refined_freeze_alt_corrected_yaw,3364627.9901685687,0.8255137232360972,True,ok,1.672820531715812,True,False,False,temporal_xy,True,ok,6.953488557442679,27.158126040549803,2.041873959450186
000079.jpg,,,,,,,,,,,,,,,,,,,,,,,,,,,,,,,,,,,,,108.739788,0.9773752689361572,254511.52382988404,False,refined_freeze_alt_init_yaw,3364627.9901685687,0.8298965368587441,True,ok,1.6161994354329003,True,False,False,temporal_xy,True,ok,6.953488557442679,28.179385999999994,1.0206139999999948
000079.jpg,,,,,,,,,,,,,,,,,,,,,,,,,,,,,,,,,,,,,108.739788,0.9395939707756042,254515.0804320264,True,temporal_predicted,3364626.034432378,0.8441406811323466,True,ok,1.1558593188676534,False,False,True,ok,True,ok,4.080528011118925,28.179385999999994,1.0206139999999948
000080.jpg,,,,,,,,,,,,,,,,,,,,,,,,,,,,,,,,,,,,,108.849497,0.9369229674339294,254515.56829202772,True,init,3364626.907354377,0.842552733534223,True,disabled,1.157447266465777,True,True,True,disabled,True,init,4.080531135374884,28.179385999999994,1.0206139999999948
000080.jpg,,,,,,,,,,,,,,,,,,,,,,,,,,,,,,,,,,,,,109.1382672553882,0.9746341705322266,254512.00455181094,False,raw_refined_full,3364628.783548026,0.8295487157411393,False,pose_yaw_jump,8.8077550447466,True,False,False,temporal_xy,True,ok,6.888156517704259,-152.8454383756158,177.9545616243842
000080.jpg,,,,,,,,,,,,,,,,,,,,,,,,,,,,,,,,,,,,,109.1382672553882,0.9809713959693909,254512.00455181094,False,refined_corrected_yaw,3364628.783548026,0.8288312526904864,True,ok,1.6676959735458479,True,False,False,temporal_xy,True,ok,6.888156517704259,27.1545616243842,2.045438375615788
000080.jpg,,,,,,,,,,,,,,,,,,,,,,,,,,,,,,,,,,,,,108.849497,0.9809713959693909,254512.00455181094,False,refined_freeze_alt_corrected_yaw,3364628.783548026,0.8288312526904864,True,ok,1.6619205684380838,True,False,False,temporal_xy,True,ok,6.888156517704259,27.1545616243842,2.045438375615788
000080.jpg,,,,,,,,,,,,,,,,,,,,,,,,,,,,,,,,,,,,,108.849497,0.9652665257453918,254512.00455181094,False,refined_freeze_alt_init_yaw,3364628.783548026,0.8338355574687903,True,ok,1.5991611099183511,True,False,False,temporal_xy,True,ok,6.888156517704259,28.179385999999994,1.0206139999999948
000080.jpg,,,,,,,,,,,,,,,,,,,,,,,,,,,,,,,,,,,,,108.849497,0.9369229674339294,254515.56829202772,True,temporal_predicted,3364626.907354377,0.842552733534223,True,ok,1.157447266465777,False,False,True,ok,True,ok,4.080531135374884,28.179385999999994,1.0206139999999948
000081.jpg,,,,,,,,,,,,,,,,,,,,,,,,,,,,,,,,,,,,,108.923003,0.9401525855064392,254516.05615202733,True,init,3364627.7802763768,0.8402052639107424,True,disabled,1.1597947360892578,True,True,True,disabled,True,init,4.080523178710623,28.179385999999994,1.0206139999999948
000081.jpg,,,,,,,,,,,,,,,,,,,,,,,,,,,,,,,,,,,,,109.22222496569157,0.9759265184402466,254512.34898298988,False,raw_refined_full,3364629.5863964455,0.8287440995565727,False,pose_yaw_jump,8.816914815398276,True,False,False,temporal_xy,True,ok,6.901469675271181,-152.83886017264692,177.96113982735312
000081.jpg,,,,,,,,,,,,,,,,,,,,,,,,,,,,,,,,,,,,,109.22222496569157,0.9721678495407104,254512.34898298988,False,refined_corrected_yaw,3364629.5863964455,0.8303890716635675,True,ok,1.6627517555883302,True,False,False,temporal_xy,True,ok,6.901469675271181,27.161139827353082,2.038860172646906
000081.jpg,,,,,,,,,,,,,,,,,,,,,,,,,,,,,,,,,,,,,108.923003,0.9721678495407104,254512.34898298988,False,refined_freeze_alt_corrected_yaw,3364629.5863964455,0.8303890716635675,True,ok,1.6567673162744985,True,False,False,temporal_xy,True,ok,6.901469675271181,27.161139827353082,2.038860172646906
000081.jpg,,,,,,,,,,,,,,,,,,,,,,,,,,,,,,,,,,,,,108.923003,0.9679125547409058,254512.34898298988,False,refined_freeze_alt_init_yaw,3364629.5863964455,0.8337862966671434,True,ok,1.6081140697148828,True,False,False,temporal_xy,True,ok,6.901469675271181,28.179385999999994,1.0206139999999948
000081.jpg,,,,,,,,,,,,,,,,,,,,,,,,,,,,,,,,,,,,,108.923003,0.9401525855064392,254516.05615202733,True,temporal_predicted,3364627.7802763768,0.8402052639107424,True,ok,1.1597947360892578,False,False,True,ok,True,ok,4.080523178710623,28.179385999999994,1.0206139999999948
000082.jpg,,,,,,,,,,,,,,,,,,,,,,,,,,,,,,,,,,,,,108.96607399999999,0.9366565346717834,254516.5440120276,True,init,3364628.6531983768,0.8404079876671566,True,disabled,1.1595920123328434,True,True,True,disabled,True,init,4.08052629733969,28.179385999999994,1.0206139999999948
000082.jpg,,,,,,,,,,,,,,,,,,,,,,,,,,,,,,,,,,,,,109.42094440199435,0.9846343398094177,254512.82082376943,False,raw_refined_full,3364630.651338994,0.827555300613057,False,pose_yaw_jump,8.845096623409166,True,False,False,temporal_xy,True,ok,7.074116709419928,-152.8357880255456,177.96421197445443
000082.jpg,,,,,,,,,,,,,,,,,,,,,,,,,,,,,,,,,,,,,109.42094440199435,0.9797407984733582,254512.82082376943,False,refined_corrected_yaw,3364630.651338994,0.8288817983006489,True,ok,1.689368686418519,True,False,False,temporal_xy,True,ok,7.074116709419928,27.16421197445439,2.0357880255455996
000082.jpg,,,,,,,,,,,,,,,,,,,,,,,,,,,,,,,,,,,,,108.96607399999999,0.9797407984733582,254512.82082376938,False,refined_freeze_alt_corrected_yaw,3364630.6513389936,0.8288817983006489,True,ok,1.6802712783617404,True,False,False,temporal_xy,True,ok,7.074116709049668,27.16421197445439,2.0357880255455996
000082.jpg,,,,,,,,,,,,,,,,,,,,,,,,,,,,,,,,,,,,,108.96607399999999,0.9669722318649292,254512.82082376938,False,refined_freeze_alt_init_yaw,3364630.6513389936,0.8340443838956011,True,ok,1.6208696626398216,True,False,False,temporal_xy,True,ok,7.074116709049668,28.179385999999994,1.0206139999999948
000082.jpg,,,,,,,,,,,,,,,,,,,,,,,,,,,,,,,,,,,,,108.96607399999999,0.9366565346717834,254516.5440120276,True,temporal_predicted,3364628.6531983768,0.8404079876671566,True,ok,1.1595920123328434,False,False,True,ok,True,ok,4.08052629733969,28.179385999999994,1.0206139999999948
000083.jpg,,,,,,,,,,,,,,,,,,,,,,,,,,,,,,,,,,,,,108.948769,0.9252984523773193,254517.03187202732,True,init,3364629.5261203763,0.8455617806576333,True,disabled,1.1544382193423668,True,True,True,disabled,True,init,4.080529374408547,28.179385999999994,1.0206139999999948
000083.jpg,,,,,,,,,,,,,,,,,,,,,,,,,,,,,,,,,,,,,109.03034509066492,0.9738561511039734,254513.4218756923,False,raw_refined_full,3364631.8026740216,0.8309735622102493,False,pose_yaw_jump,8.840265447328461,True,False,False,temporal_xy,True,ok,7.259334572025814,-152.83907238931593,177.96092761068405
000083.jpg,,,,,,,,,,,,,,,,,,,,,,,,,,,,,,,,,,,,,109.03034509066492,0.9735497832298279,254513.4218756923,False,refined_corrected_yaw,3364631.8026740216,0.8307587663558094,True,ok,1.6905455193017358,True,False,False,temporal_xy,True,ok,7.259334572025814,27.16092761068407,2.039072389315919
000083.jpg,,,,,,,,,,,,,,,,,,,,,,,,,,,,,,,,,,,,,108.948769,0.9735669493675232,254513.4218756923,False,refined_freeze_alt_corrected_yaw,3364631.802674021,0.8307587663558094,True,ok,1.6889325494644705,True,False,False,temporal_xy,True,ok,7.259334571618113,27.16092761068407,2.039072389315919
000083.jpg,,,,,,,,,,,,,,,,,,,,,,,,,,,,,,,,,,,,,108.948769,0.9616178274154663,254513.4218756923,False,refined_freeze_alt_init_yaw,3364631.802674021,0.8367193513165196,True,ok,1.629319825907508,True,False,False,temporal_xy,True,ok,7.259334571618113,28.179385999999994,1.0206139999999948
000083.jpg,,,,,,,,,,,,,,,,,,,,,,,,,,,,,,,,,,,,,108.948769,0.9252984523773193,254517.03187202732,True,temporal_predicted,3364629.5261203763,0.8455617806576333,True,ok,1.1544382193423668,False,False,True,ok,True,ok,4.080529374408547,28.179385999999994,1.0206139999999948
000084.jpg,,,,,,,,,,,,,,,,,,,,,,,,,,,,,,,,,,,,,108.930097,0.9289058446884155,254517.51973202784,True,init,3364630.3990423763,0.8440691350934185,True,disabled,1.1559308649065816,True,True,True,disabled,True,init,4.080532460335054,28.179385999999994,1.0206139999999948
000084.jpg,,,,,,,,,,,,,,,,,,,,,,,,,,,,,,,,,,,,,109.13721094187349,0.9735064506530762,254513.8826208312,False,raw_refined_full,3364632.4242739826,0.8296031731787425,False,pose_yaw_jump,8.826667546719653,True,False,False,temporal_xy,True,ok,7.053889142550639,-152.84964730730465,177.95035269269533
000084.jpg,,,,,,,,,,,,,,,,,,,,,,,,,,,,,,,,,,,,,109.13721094187349,0.9832977652549744,254513.8826208312,False,refined_corrected_yaw,3364632.4242739826,0.8261930829010894,True,ok,1.693960213160152,True,False,False,temporal_xy,True,ok,7.053889142550639,27.15035269269535,2.049647307304639
000084.jpg,,,,,,,,,,,,,,,,,,,,,,,,,,,,,,,,,,,,,108.930097,0.9832977652549744,254513.8826208312,False,refined_freeze_alt_corrected_yaw,3364632.4242739826,0.8261930829010894,True,ok,1.6898179343226822,True,False,False,temporal_xy,True,ok,7.053889142550639,27.15035269269535,2.049647307304639
000084.jpg,,,,,,,,,,,,,,,,,,,,,,,,,,,,,,,,,,,,,108.930097,0.9749901294708252,254513.8826208312,False,refined_freeze_alt_init_yaw,3364632.4242739826,0.8311646355690364,True,ok,1.6347415855748544,True,False,False,temporal_xy,True,ok,7.053889142550639,28.179385999999994,1.0206139999999948
000084.jpg,,,,,,,,,,,,,,,,,,,,,,,,,,,,,,,,,,,,,108.930097,0.9289058446884155,254517.51973202784,True,temporal_predicted,3364630.3990423763,0.8440691350934185,True,ok,1.1559308649065816,False,False,True,ok,True,ok,4.080532460335054,28.179385999999994,1.0206139999999948
000085.jpg,,,,,,,,,,,,,,,,,,,,,,,,,,,,,,,,,,,,,108.791854,0.9356411695480347,254518.00759202777,True,init,3364631.271964375,0.8423676348846417,True,disabled,1.1576323651153584,True,True,True,disabled,True,init,4.080524439760089,28.179385999999994,1.0206139999999948
000085.jpg,,,,,,,,,,,,,,,,,,,,,,,,,,,,,,,,,,,,,108.99692772142589,0.9686374664306641,254514.13896072668,False,raw_refined_full,3364632.9945396925,0.8311377461037325,False,pose_yaw_jump,8.819208372121867,True,False,False,temporal_xy,True,ok,6.91693142371508,-152.84382523611293,177.95617476388708
000085.jpg,,,,,,,,,,,,,,,,,,,,,,,,,,,,,,,,,,,,,108.99692772142589,0.9593474864959717,254514.13896072668,False,refined_corrected_yaw,3364632.9945396925,0.8345571032645862,True,ok,1.6592903013111073,True,False,False,temporal_xy,True,ok,6.91693142371508,27.156174763887066,2.043825236112923
000085.jpg,,,,,,,,,,,,,,,,,,,,,,,,,,,,,,,,,,,,,108.791854,0.9593474864959717,254514.13896072668,False,refined_freeze_alt_corrected_yaw,3364632.9945396925,0.8345571032645862,True,ok,1.6551888268825896,True,False,False,temporal_xy,True,ok,6.91693142371508,27.156174763887066,2.043825236112923
000085.jpg,,,,,,,,,,,,,,,,,,,,,,,,,,,,,,,,,,,,,108.791854,0.9605027437210083,254514.13896072668,False,refined_freeze_alt_init_yaw,3364632.9945396925,0.8365187344779181,True,ok,1.6135334687472591,True,False,False,temporal_xy,True,ok,6.91693142371508,28.179385999999994,1.0206139999999948
000085.jpg,,,,,,,,,,,,,,,,,,,,,,,,,,,,,,,,,,,,,108.791854,0.9356411695480347,254518.00759202777,True,temporal_predicted,3364631.271964375,0.8423676348846417,True,ok,1.1576323651153584,False,False,True,ok,True,ok,4.080524439760089,28.179385999999994,1.0206139999999948
000086.jpg,,,,,,,,,,,,,,,,,,,,,,,,,,,,,,,,,,,,,108.643291,0.9180324077606201,254518.49545202721,True,init,3364632.144886375,0.848149746466717,True,disabled,1.1518502535332829,True,True,True,disabled,True,init,4.080527469204631,28.179385999999994,1.0206139999999948
000086.jpg,,,,,,,,,,,,,,,,,,,,,,,,,,,,,,,,,,,,,108.84383401181549,0.9654190540313721,254514.88110058714,False,raw_refined_full,3364634.255112965,0.8326860143129428,False,pose_yaw_jump,8.829662659618117,True,False,False,temporal_xy,True,ok,7.116309614782098,-152.84366294664034,177.95633705335968
000086.jpg,,,,,,,,,,,,,,,,,,,,,,,,,,,,,,,,,,,,,108.84383401181549,0.9679609537124634,254514.88110058714,False,refined_corrected_yaw,3364634.255112965,0.8306361707483727,True,ok,1.6872114073686348,True,False,False,temporal_xy,True,ok,7.116309614782098,27.156337053359664,2.0436629466403247
000086.jpg,,,,,,,,,,,,,,,,,,,,,,,,,,,,,,,,,,,,,108.643291,0.9679609537124634,254514.88110058714,False,refined_freeze_alt_corrected_yaw,3364634.255112965,0.8306361707483727,True,ok,1.6832005471323253,True,False,False,temporal_xy,True,ok,7.116309614782098,27.156337053359664,2.0436629466403247
000086.jpg,,,,,,,,,,,,,,,,,,,,,,,,,,,,,,,,,,,,,108.643291,0.9672761559486389,254514.88110058714,False,refined_freeze_alt_init_yaw,3364634.255112965,0.8330636170748372,True,ok,1.6391052022108834,True,False,False,temporal_xy,True,ok,7.116309614782098,28.179385999999994,1.0206139999999948
000086.jpg,,,,,,,,,,,,,,,,,,,,,,,,,,,,,,,,,,,,,108.643291,0.9180324077606201,254518.49545202721,True,temporal_predicted,3364632.144886375,0.848149746466717,True,ok,1.1518502535332829,False,False,True,ok,True,ok,4.080527469204631,28.179385999999994,1.0206139999999948
000087.jpg,,,,,,,,,,,,,,,,,,,,,,,,,,,,,,,,,,,,,108.500831,0.9430931210517883,254518.98331202733,True,init,3364633.0178083745,0.8397605432451751,True,disabled,1.1602394567548249,True,True,True,disabled,True,init,4.080530507041584,28.179385999999994,1.0206139999999948
000087.jpg,,,,,,,,,,,,,,,,,,,,,,,,,,,,,,,,,,,,,108.91781901195645,0.9805424213409424,254515.2791495439,False,raw_refined_full,3364634.9870605557,0.8296283059328091,False,pose_yaw_jump,8.826106092165537,True,False,False,temporal_xy,True,ok,7.039565863354633,-152.84460698501425,177.95539301498576
000087.jpg,,,,,,,,,,,,,,,,,,,,,,,,,,,,,,,,,,,,,108.91781901195645,0.9808162450790405,254515.2791495439,False,refined_corrected_yaw,3364634.9870605557,0.8286990707648321,True,ok,1.6801086973005561,True,False,False,temporal_xy,True,ok,7.039565863354633,27.155393014985748,2.0446069850142408
000087.jpg,,,,,,,,,,,,,,,,,,,,,,,,,,,,,,,,,,,,,108.500831,0.9808162450790405,254515.2791495439,False,refined_freeze_alt_corrected_yaw,3364634.9870605557,0.8286990707648321,True,ok,1.671768937061427,True,False,False,temporal_xy,True,ok,7.039565863354633,27.155393014985748,2.0446069850142408
000087.jpg,,,,,,,,,,,,,,,,,,,,,,,,,,,,,,,,,,,,,108.500831,0.9784600138664246,254515.2791495439,False,refined_freeze_alt_init_yaw,3364634.9870605557,0.8278770550393137,True,ok,1.6291328255833497,True,False,False,temporal_xy,True,ok,7.039565863354633,28.179385999999994,1.0206139999999948
000087.jpg,,,,,,,,,,,,,,,,,,,,,,,,,,,,,,,,,,,,,108.500831,0.9430931210517883,254518.98331202733,True,temporal_predicted,3364633.0178083745,0.8397605432451751,True,ok,1.1602394567548249,False,False,True,ok,True,ok,4.080530507041584,28.179385999999994,1.0206139999999948
000088.jpg,,,,,,,,,,,,,,,,,,,,,,,,,,,,,,,,,,,,,108.30457600000001,0.93427574634552,254519.4711720269,True,init,3364633.8907303745,0.8418085202197604,True,disabled,1.1581914797802395,True,True,True,disabled,True,init,4.0805224397754785,28.179385999999994,1.0206139999999948
000088.jpg,,,,,,,,,,,,,,,,,,,,,,,,,,,,,,,,,,,,,108.5604694802314,0.9734838008880615,254515.88554209322,False,raw_refined_full,3364636.115973923,0.8313789066018193,False,pose_yaw_jump,8.827119333106099,True,False,False,temporal_xy,True,ok,7.202628802549746,-152.84496675537068,177.95503324462936
000088.jpg,,,,,,,,,,,,,,,,,,,,,,,,,,,,,,,,,,,,,108.5604694802314,0.9684261679649353,254515.88554209322,False,refined_corrected_yaw,3364636.115973923,0.8312167882554264,True,ok,1.6734286233272035,True,False,False,temporal_xy,True,ok,7.202628802549746,27.155033244629323,2.044966755370666
000088.jpg,,,,,,,,,,,,,,,,,,,,,,,,,,,,,,,,,,,,,108.30457600000001,0.9684261679649353,254515.8855420932,False,refined_freeze_alt_corrected_yaw,3364636.1159739224,0.8312167882554264,True,ok,1.6683107537004938,True,False,False,temporal_xy,True,ok,7.202628802156225,27.155033244629323,2.044966755370666
000088.jpg,,,,,,,,,,,,,,,,,,,,,,,,,,,,,,,,,,,,,108.30457600000001,0.9629330039024353,254515.8855420932,False,refined_freeze_alt_init_yaw,3364636.1159739224,0.8361704043952085,True,ok,1.6165034312159556,True,False,False,temporal_xy,True,ok,7.202628802156225,28.179385999999994,1.0206139999999948
000088.jpg,,,,,,,,,,,,,,,,,,,,,,,,,,,,,,,,,,,,,108.30457600000001,0.93427574634552,254519.4711720269,True,temporal_predicted,3364633.8907303745,0.8418085202197604,True,ok,1.1581914797802395,False,False,True,ok,True,ok,4.0805224397754785,28.179385999999994,1.0206139999999948
000089.jpg,,,,,,,,,,,,,,,,,,,,,,,,,,,,,,,,,,,,,108.09124800000001,0.9357227087020874,254519.95903202734,True,init,3364634.7636523736,0.8413858754220849,True,disabled,1.1586141245779151,True,True,True,disabled,True,init,4.080525422560991,28.179385999999994,1.0206139999999948
000089.jpg,,,,,,,,,,,,,,,,,,,,,,,,,,,,,,,,,,,,,108.4727344037965,0.9702272415161133,254516.2002770964,False,raw_refined_full,3364636.6515452513,0.8313456426467418,False,pose_yaw_jump,8.821608169405723,True,False,False,temporal_xy,True,ok,6.998148143372796,-152.83831411823226,177.96168588176772
000089.jpg,,,,,,,,,,,,,,,,,,,,,,,,,,,,,,,,,,,,,108.4727344037965,0.9659498333930969,254516.2002770964,False,refined_corrected_yaw,3364636.6515452513,0.8330519433867376,True,ok,1.6682123832129112,True,False,False,temporal_xy,True,ok,6.998148143372796,27.16168588176774,2.0383141182322504
000089.jpg,,,,,,,,,,,,,,,,,,,,,,,,,,,,,,,,,,,,,108.09124800000001,0.9659498333930969,254516.2002770964,False,refined_freeze_alt_corrected_yaw,3364636.6515452513,0.8330519433867376,True,ok,1.6605826551369816,True,False,False,temporal_xy,True,ok,6.998148143372796,27.16168588176774,2.0383141182322504
000089.jpg,,,,,,,,,,,,,,,,,,,,,,,,,,,,,,,,,,,,,108.09124800000001,0.9626584649085999,254516.2002770964,False,refined_freeze_alt_init_yaw,3364636.6515452513,0.8360334794166248,True,ok,1.613375653003951,True,False,False,temporal_xy,True,ok,6.998148143372796,28.179385999999994,1.0206139999999948
000089.jpg,,,,,,,,,,,,,,,,,,,,,,,,,,,,,,,,,,,,,108.09124800000001,0.9357227087020874,254519.95903202734,True,temporal_predicted,3364634.7636523736,0.8413858754220849,True,ok,1.1586141245779151,False,False,True,ok,True,ok,4.080525422560991,28.179385999999994,1.0206139999999948
000090.jpg,,,,,,,,,,,,,,,,,,,,,,,,,,,,,,,,,,,,,107.83478000000001,0.9329679608345032,254520.44689202713,True,init,3364635.636574373,0.8436987083422536,True,disabled,1.1563012916577464,True,True,True,disabled,True,init,4.080528410913294,28.179385999999994,1.0206139999999948
000090.jpg,,,,,,,,,,,,,,,,,,,,,,,,,,,,,,,,,,,,,108.16411965154111,0.9668792486190796,254516.77021320368,False,raw_refined_full,3364637.907382851,0.8341183187040605,False,pose_yaw_jump,8.83129586328979,True,False,False,temporal_xy,True,ok,7.286775307780742,-152.83855103239196,177.96144896760802
000090.jpg,,,,,,,,,,,,,,,,,,,,,,,,,,,,,,,,,,,,,108.16411965154111,0.9777886271476746,254516.77021320368,False,refined_corrected_yaw,3364637.907382851,0.8306037251123957,True,ok,1.6968819652178855,True,False,False,temporal_xy,True,ok,7.286775307780742,27.161448967608038,2.0385510323919505
000090.jpg,,,,,,,,,,,,,,,,,,,,,,,,,,,,,,,,,,,,,107.83478000000001,0.9777886271476746,254516.77021320368,False,refined_freeze_alt_corrected_yaw,3364637.907382851,0.8306037251123957,True,ok,1.6902951721870634,True,False,False,temporal_xy,True,ok,7.286775307780742,27.161448967608038,2.0385510323919505
000090.jpg,,,,,,,,,,,,,,,,,,,,,,,,,,,,,,,,,,,,,107.83478000000001,0.969669759273529,254516.77021320368,False,refined_freeze_alt_init_yaw,3364637.907382851,0.8326910725754656,True,ok,1.6387881497678989,True,False,False,temporal_xy,True,ok,7.286775307780742,28.179385999999994,1.0206139999999948
000090.jpg,,,,,,,,,,,,,,,,,,,,,,,,,,,,,,,,,,,,,107.83478000000001,0.9329679608345032,254520.44689202713,True,temporal_predicted,3364635.636574373,0.8436987083422536,True,ok,1.1563012916577464,False,False,True,ok,True,ok,4.080528410913294,28.179385999999994,1.0206139999999948
000091.jpg,,,,,,,,,,,,,,,,,,,,,,,,,,,,,,,,,,,,,107.57796,0.9376333355903625,254520.93475202884,True,init,3364636.509496373,0.8419052399476543,True,disabled,1.1580947600523457,True,True,True,disabled,True,init,4.08053138673665,28.179385999999994,1.0206139999999948
000091.jpg,,,,,,,,,,,,,,,,,,,,,,,,,,,,,,,,,,,,,108.11933024972677,0.965167760848999,254517.2810748146,False,raw_refined_full,3364638.2457910907,0.8340354588315436,False,pose_yaw_jump,8.798056188874401,True,False,False,temporal_xy,True,ok,6.813995900581498,-152.8427485013872,177.95725149861278
000091.jpg,,,,,,,,,,,,,,,,,,,,,,,,,,,,,,,,,,,,,108.11933024972677,0.9742105603218079,254517.2810748146,False,refined_corrected_yaw,3364638.2457910907,0.830019898535396,True,ok,1.6652284027586852,True,False,False,temporal_xy,True,ok,6.813995900581498,27.157251498612794,2.0427485013871944
000091.jpg,,,,,,,,,,,,,,,,,,,,,,,,,,,,,,,,,,,,,107.57796,0.9742105603218079,254517.2810748146,False,refined_freeze_alt_corrected_yaw,3364638.24579109,0.830019898535396,True,ok,1.6544009977441627,True,False,False,temporal_xy,True,ok,6.813995900184071,27.157251498612794,2.0427485013871944
000091.jpg,,,,,,,,,,,,,,,,,,,,,,,,,,,,,,,,,,,,,107.57796,0.9688498973846436,254517.2810748146,False,refined_freeze_alt_init_yaw,3364638.24579109,0.8339996056146137,True,ok,1.6038186832736896,True,False,False,temporal_xy,True,ok,6.813995900184071,28.179385999999994,1.0206139999999948
000091.jpg,,,,,,,,,,,,,,,,,,,,,,,,,,,,,,,,,,,,,107.57796,0.9376333355903625,254520.93475202884,True,temporal_predicted,3364636.509496373,0.8419052399476543,True,ok,1.1580947600523457,False,False,True,ok,True,ok,4.08053138673665,28.179385999999994,1.0206139999999948
000092.jpg,,,,,,,,,,,,,,,,,,,,,,,,,,,,,,,,,,,,,107.277811,0.9373811483383179,254521.4226120289,True,init,3364637.382418372,0.8404837523102043,True,disabled,1.1595162476897958,True,True,True,disabled,True,init,4.080523229817333,28.179385999999994,1.0206139999999948
000092.jpg,,,,,,,,,,,,,,,,,,,,,,,,,,,,,,,,,,,,,107.31803597602993,0.9862158894538879,254517.6582503177,False,raw_refined_full,3364639.7359965434,0.8279054745114927,False,pose_yaw_jump,8.859372228514237,True,False,False,temporal_xy,True,ok,7.401995268899356,-152.83705136212387,177.96294863787614
000092.jpg,,,,,,,,,,,,,,,,,,,,,,,,,,,,,,,,,,,,,107.31803597602993,0.9905554056167603,254517.6582503177,False,refined_corrected_yaw,3364639.7359965434,0.8259675943370834,True,ok,1.7161774330793158,True,False,False,temporal_xy,True,ok,7.401995268899356,27.162948637876127,2.0370513621238615
000092.jpg,,,,,,,,,,,,,,,,,,,,,,,,,,,,,,,,,,,,,107.277811,0.9905725121498108,254517.6582503177,False,refined_freeze_alt_corrected_yaw,3364639.735996544,0.8259496510021352,True,ok,1.7154091262004938,True,False,False,temporal_xy,True,ok,7.401995269304047,27.162948637876127,2.0370513621238615
000092.jpg,,,,,,,,,,,,,,,,,,,,,,,,,,,,,,,,,,,,,107.277811,0.9782953858375549,254517.6582503177,False,refined_freeze_alt_init_yaw,3364639.735996544,0.829771581346109,True,ok,1.6578324395650745,True,False,False,temporal_xy,True,ok,7.401995269304047,28.179385999999994,1.0206139999999948
000092.jpg,,,,,,,,,,,,,,,,,,,,,,,,,,,,,,,,,,,,,107.277811,0.9373811483383179,254521.4226120289,True,temporal_predicted,3364637.382418372,0.8404837523102043,True,ok,1.1595162476897958,False,False,True,ok,True,ok,4.080523229817333,28.179385999999994,1.0206139999999948
000093.jpg,,,,,,,,,,,,,,,,,,,,,,,,,,,,,,,,,,,,,106.992716,0.9361628890037537,254521.91047202842,True,init,3364638.2553403727,0.8423146148308135,True,disabled,1.1576853851691866,True,True,True,disabled,True,init,4.080526173376066,28.179385999999994,1.0206139999999948
000093.jpg,,,,,,,,,,,,,,,,,,,,,,,,,,,,,,,,,,,,,106.88628747779876,0.9842135906219482,254518.50625539155,False,raw_refined_full,3364640.5544877113,0.8305975521958243,False,pose_yaw_jump,8.823299369137736,True,False,False,temporal_xy,True,ok,7.182227737561097,-152.8384340532222,177.9615659467778
000093.jpg,,,,,,,,,,,,,,,,,,,,,,,,,,,,,,,,,,,,,106.88628747779876,0.96968674659729,254518.50625539155,False,refined_corrected_yaw,3364640.5544877113,0.83207343412527,True,ok,1.6573669050382036,True,False,False,temporal_xy,True,ok,7.182227737561097,27.161565946777813,2.0384340532221756
000093.jpg,,,,,,,,,,,,,,,,,,,,,,,,,,,,,,,,,,,,,106.992716,0.96968674659729,254518.50625539155,False,refined_freeze_alt_corrected_yaw,3364640.5544877113,0.83207343412527,True,ok,1.6552383345941788,True,False,False,temporal_xy,True,ok,7.182227737561097,27.161565946777813,2.0384340532221756
000093.jpg,,,,,,,,,,,,,,,,,,,,,,,,,,,,,,,,,,,,,106.992716,0.9758470058441162,254518.50625539155,False,refined_freeze_alt_init_yaw,3364640.5544877113,0.832361411087113,True,ok,1.620817883904825,True,False,False,temporal_xy,True,ok,7.182227737561097,28.179385999999994,1.0206139999999948
000093.jpg,,,,,,,,,,,,,,,,,,,,,,,,,,,,,,,,,,,,,106.992716,0.9361628890037537,254521.91047202842,True,temporal_predicted,3364638.2553403727,0.8423146148308135,True,ok,1.1576853851691866,False,False,True,ok,True,ok,4.080526173376066,28.179385999999994,1.0206139999999948
000094.jpg,,,,,,,,,,,,,,,,,,,,,,,,,,,,,,,,,,,,,107.222686,0.9340354800224304,254522.39833202862,True,init,3364639.128262372,0.8419832929129615,True,disabled,1.1580167070870386,True,True,True,disabled,True,init,4.08052907493448,28.179385999999994,1.0206139999999948
000094.jpg,,,,,,,,,,,,,,,,,,,,,,,,,,,,,,,,,,,,,107.10138519760221,0.9913769960403442,254518.8742692094,False,raw_refined_full,3364641.4949942674,0.8251504536063954,False,pose_yaw_jump,8.852524424044832,True,False,False,temporal_xy,True,ok,7.29773480198893,-152.8444879870149,177.95551201298508
000094.jpg,,,,,,,,,,,,,,,,,,,,,,,,,,,,,,,,,,,,,107.10138519760221,0.9951573014259338,254518.8742692094,False,refined_corrected_yaw,3364641.4949942674,0.8252223120452709,True,ok,1.7081019717248458,True,False,False,temporal_xy,True,ok,7.29773480198893,27.1555120129851,2.0444879870148895
000094.jpg,,,,,,,,,,,,,,,,,,,,,,,,,,,,,,,,,,,,,107.222686,0.9951573014259338,254518.8742692094,False,refined_freeze_alt_corrected_yaw,3364641.4949942674,0.8252223120452709,True,ok,1.7056759556768901,True,False,False,temporal_xy,True,ok,7.29773480198893,27.1555120129851,2.0444879870148895
000094.jpg,,,,,,,,,,,,,,,,,,,,,,,,,,,,,,,,,,,,,107.222686,0.9781807065010071,254518.8742692094,False,refined_freeze_alt_init_yaw,3364641.4949942674,0.8303422258151442,True,ok,1.6414255470339976,True,False,False,temporal_xy,True,ok,7.29773480198893,28.179385999999994,1.0206139999999948
000094.jpg,,,,,,,,,,,,,,,,,,,,,,,,,,,,,,,,,,,,,107.222686,0.9340354800224304,254522.39833202862,True,temporal_predicted,3364639.128262372,0.8419832929129615,True,ok,1.1580167070870386,False,False,True,ok,True,ok,4.08052907493448,28.179385999999994,1.0206139999999948
000095.jpg,,,,,,,,,,,,,,,,,,,,,,,,,,,,,,,,,,,,,107.73742899999999,0.9359945058822632,254522.8861920283,True,init,3364640.001184371,0.8405627619955742,True,disabled,1.1594372380044258,True,True,True,disabled,True,init,4.080531984390104,28.179385999999994,1.0206139999999948
000095.jpg,,,,,,,,,,,,,,,,,,,,,,,,,,,,,,,,,,,,,107.73027619719505,0.9821987152099609,254519.39589451216,False,raw_refined_full,3364642.2887009415,0.830001979022363,False,pose_yaw_jump,8.826748090152782,True,False,False,temporal_xy,True,ok,7.211938892849067,-152.83853285890908,177.9614671410909
000095.jpg,,,,,,,,,,,,,,,,,,,,,,,,,,,,,,,,,,,,,107.73027619719505,0.9769006967544556,254519.39589451216,False,refined_corrected_yaw,3364642.2887009415,0.8312433657773061,True,ok,1.670631636277399,True,False,False,temporal_xy,True,ok,7.211938892849067,27.161467141090924,2.0385328589090648
000095.jpg,,,,,,,,,,,,,,,,,,,,,,,,,,,,,,,,,,,,,107.73742899999999,0.9769006967544556,254519.39589451216,False,refined_freeze_alt_corrected_yaw,3364642.288700942,0.8312433657773061,True,ok,1.6704885802468257,True,False,False,temporal_xy,True,ok,7.2119388932601565,27.161467141090924,2.0385328589090648
000095.jpg,,,,,,,,,,,,,,,,,,,,,,,,,,,,,,,,,,,,,107.73742899999999,0.9717463850975037,254519.39589451216,False,refined_freeze_alt_init_yaw,3364642.288700942,0.8348056060306209,True,ok,1.6207028100903265,True,False,False,temporal_xy,True,ok,7.2119388932601565,28.179385999999994,1.0206139999999948
000095.jpg,,,,,,,,,,,,,,,,,,,,,,,,,,,,,,,,,,,,,107.73742899999999,0.9359945058822632,254522.8861920283,True,temporal_predicted,3364640.001184371,0.8405627619955742,True,ok,1.1594372380044258,False,False,True,ok,True,ok,4.080531984390104,28.179385999999994,1.0206139999999948
000096.jpg,,,,,,,,,,,,,,,,,,,,,,,,,,,,,,,,,,,,,108.24772499999999,0.9402850270271301,254523.37405202864,True,init,3364640.8741063704,0.8416128393817809,True,disabled,1.158387160618219,True,True,True,disabled,True,init,4.080523790641775,28.179385999999994,1.0206139999999948
000096.jpg,,,,,,,,,,,,,,,,,,,,,,,,,,,,,,,,,,,,,108.34871618356556,0.9761306643486023,254519.52380342036,False,raw_refined_full,3364642.903232219,0.8286942910091941,False,pose_yaw_jump,8.835226833939045,True,False,False,temporal_xy,True,ok,7.166369014594148,-152.8400001388047,177.95999986119534
000096.jpg,,,,,,,,,,,,,,,,,,,,,,,,,,,,,,,,,,,,,108.34871618356556,0.9690503478050232,254519.52380342036,False,refined_corrected_yaw,3364642.903232219,0.830817395059285,True,ok,1.6777913956718793,True,False,False,temporal_xy,True,ok,7.166369014594148,27.159999861195303,2.040000138804686
000096.jpg,,,,,,,,,,,,,,,,,,,,,,,,,,,,,,,,,,,,,108.24772499999999,0.9690503478050232,254519.52380342036,False,refined_freeze_alt_corrected_yaw,3364642.903232219,0.830817395059285,True,ok,1.675771572000568,True,False,False,temporal_xy,True,ok,7.166369014594148,27.159999861195303,2.040000138804686
000096.jpg,,,,,,,,,,,,,,,,,,,,,,,,,,,,,,,,,,,,,108.24772499999999,0.975031316280365,254519.52380342036,False,refined_freeze_alt_init_yaw,3364642.903232219,0.8341459903920545,True,ok,1.6380283348117535,True,False,False,temporal_xy,True,ok,7.166369014594148,28.179385999999994,1.0206139999999948
000096.jpg,,,,,,,,,,,,,,,,,,,,,,,,,,,,,,,,,,,,,108.24772499999999,0.9402850270271301,254523.37405202864,True,temporal_predicted,3364640.8741063704,0.8416128393817809,True,ok,1.158387160618219,False,False,True,ok,True,ok,4.080523790641775,28.179385999999994,1.0206139999999948
000097.jpg,,,,,,,,,,,,,,,,,,,,,,,,,,,,,,,,,,,,,108.622666,0.9270226955413818,254523.86191202866,True,init,3364641.7470283704,0.8449405352727798,True,disabled,1.1550594647272203,True,True,True,disabled,True,init,4.080526643642739,28.179385999999994,1.0206139999999948
000097.jpg,,,,,,,,,,,,,,,,,,,,,,,,,,,,,,,,,,,,,108.64885224495083,0.9799264669418335,254520.18350533492,False,raw_refined_full,3364644.0471545598,0.827543267582249,False,pose_yaw_jump,8.853143107572343,True,False,False,temporal_xy,True,ok,7.313181474548472,-152.83802542061375,177.96197457938626
000097.jpg,,,,,,,,,,,,,,,,,,,,,,,,,,,,,,,,,,,,,108.64885224495083,0.9788446426391602,254520.18350533492,False,refined_corrected_yaw,3364644.0471545598,0.8296728086481023,True,ok,1.7012835784349416,True,False,False,temporal_xy,True,ok,7.313181474548472,27.161974579386253,2.038025420613735
000097.jpg,,,,,,,,,,,,,,,,,,,,,,,,,,,,,,,,,,,,,108.622666,0.9788446426391602,254520.18350533492,False,refined_freeze_alt_corrected_yaw,3364644.0471545598,0.8296728086481023,True,ok,1.700759853535925,True,False,False,temporal_xy,True,ok,7.313181474548472,27.161974579386253,2.038025420613735
000097.jpg,,,,,,,,,,,,,,,,,,,,,,,,,,,,,,,,,,,,,108.622666,0.9648581743240356,254520.18350533492,False,refined_freeze_alt_init_yaw,3364644.0471545598,0.8344191586508094,True,ok,1.6402295322579499,True,False,False,temporal_xy,True,ok,7.313181474548472,28.179385999999994,1.0206139999999948
000097.jpg,,,,,,,,,,,,,,,,,,,,,,,,,,,,,,,,,,,,,108.622666,0.9270226955413818,254523.86191202866,True,temporal_predicted,3364641.7470283704,0.8449405352727798,True,ok,1.1550594647272203,False,False,True,ok,True,ok,4.080526643642739,28.179385999999994,1.0206139999999948
000098.jpg,,,,,,,,,,,,,,,,,,,,,,,,,,,,,,,,,,,,,108.55601999999999,0.924455463886261,254524.34977202918,True,init,3364642.61995037,0.8469220958847515,True,disabled,1.1530779041152486,True,True,True,disabled,True,init,4.0805295078377695,28.179385999999994,1.0206139999999948
000098.jpg,,,,,,,,,,,,,,,,,,,,,,,,,,,,,,,,,,,,,108.75968763325363,0.9746835827827454,254520.81932573192,False,raw_refined_full,3364644.6582557694,0.8291570117296259,False,pose_yaw_jump,8.824004280545646,True,False,False,temporal_xy,True,ok,7.012447159502236,-152.84829734227668,177.95170265772333
000098.jpg,,,,,,,,,,,,,,,,,,,,,,,,,,,,,,,,,,,,,108.75968763325363,0.974968671798706,254520.81932573192,False,refined_corrected_yaw,3364644.6582557694,0.8303964362055648,True,ok,1.677086178062804,True,False,False,temporal_xy,True,ok,7.012447159502236,27.15170265772332,2.048297342276669
000098.jpg,,,,,,,,,,,,,,,,,,,,,,,,,,,,,,,,,,,,,108.55601999999999,0.974968671798706,254520.81932573192,False,refined_freeze_alt_corrected_yaw,3364644.6582557694,0.8303964362055648,True,ok,1.673012825397731,True,False,False,temporal_xy,True,ok,7.012447159502236,27.15170265772332,2.048297342276669
000098.jpg,,,,,,,,,,,,,,,,,,,,,,,,,,,,,,,,,,,,,108.55601999999999,0.968161940574646,254520.81932573192,False,refined_freeze_alt_init_yaw,3364644.6582557694,0.8369887374036752,True,ok,1.6179502276726314,True,False,False,temporal_xy,True,ok,7.012447159502236,28.179385999999994,1.0206139999999948
000098.jpg,,,,,,,,,,,,,,,,,,,,,,,,,,,,,,,,,,,,,108.55601999999999,0.924455463886261,254524.34977202918,True,temporal_predicted,3364642.61995037,0.8469220958847515,True,ok,1.1530779041152486,False,False,True,ok,True,ok,4.0805295078377695,28.179385999999994,1.0206139999999948
000099.jpg,,,,,,,,,,,,,,,,,,,,,,,,,,,,,,,,,,,,,108.185031,0.9361540675163269,254524.83763203057,True,init,3364643.4928723704,0.8421109374157727,True,disabled,1.1578890625842273,True,True,True,disabled,True,init,4.0805323300647975,28.179385999999994,1.0206139999999948
000099.jpg,,,,,,,,,,,,,,,,,,,,,,,,,,,,,,,,,,,,,108.16373210120946,0.989520788192749,254521.03776384125,False,raw_refined_full,3364645.6278643725,0.825939302463479,False,pose_yaw_jump,8.855586836046788,True,False,False,temporal_xy,True,ok,7.230937929479572,-152.84359999805253,177.9564000019475
000099.jpg,,,,,,,,,,,,,,,,,,,,,,,,,,,,,,,,,,,,,108.16373210120946,0.9833545684814453,254521.03776384125,False,refined_corrected_yaw,3364645.6278643725,0.829461125186423,True,ok,1.6981615291754786,True,False,False,temporal_xy,True,ok,7.230937929479572,27.156400001947475,2.043599998052514
000099.jpg,,,,,,,,,,,,,,,,,,,,,,,,,,,,,,,,,,,,,108.185031,0.9833545684814453,254521.03776384125,False,refined_freeze_alt_corrected_yaw,3364645.6278643725,0.829461125186423,True,ok,1.697735551199668,True,False,False,temporal_xy,True,ok,7.230937929479572,27.156400001947475,2.043599998052514
000099.jpg,,,,,,,,,,,,,,,,,,,,,,,,,,,,,,,,,,,,,108.185031,0.9698838591575623,254521.03776384125,False,refined_freeze_alt_init_yaw,3364645.6278643725,0.8338634035901029,True,ok,1.6380244179353594,True,False,False,temporal_xy,True,ok,7.230937929479572,28.179385999999994,1.0206139999999948
000099.jpg,,,,,,,,,,,,,,,,,,,,,,,,,,,,,,,,,,,,,108.185031,0.9361540675163269,254524.83763203057,True,temporal_predicted,3364643.4928723704,0.8421109374157727,True,ok,1.1578890625842273,False,False,True,ok,True,ok,4.0805323300647975,28.179385999999994,1.0206139999999948
