frame_id,gt_east,gt_north,gt_alt,gt_yaw,init_east,init_north,init_alt,init_yaw,refined_east,refined_north,refined_alt,refined_yaw,selected_method,init_xy_error_m,refined_xy_error_m,selected_xy_error_m,init_alt_error_m,refined_alt_error_m,selected_alt_error_m,init_yaw_error_deg,refined_yaw_error_deg,selected_yaw_error_deg,init_chamfer,refined_chamfer,gt_chamfer,init_overlap,refined_overlap,gt_overlap,feature_loss_initial,feature_loss_refined,feature_loss_drop,safe_gate_accepted,refine_success,renderer_backend_init,renderer_backend_refined,renderer_backend_gt,alt,chamfer,east,final_gate_pass,method,north,overlap,pose_gate_pass,pose_gate_reason,score,selectable,selected,temporal_gate_pass,temporal_gate_reason,visual_gate_pass,visual_gate_reason,xy_error_m,yaw,yaw_error_deg
000000.jpg,,,,,,,,,,,,,,,,,,,,,,,,,,,,,,,,,,,,,90.03,1.153127908706665,254788.74403964714,True,init,3363806.7323579504,0.7753415528157281,True,disabled,1.2246584471842719,True,True,True,disabled,True,init,4.080527840675673,28.179385999999994,1.0206139999999948
000000.jpg,,,,,,,,,,,,,,,,,,,,,,,,,,,,,,,,,,,,,90.12018285412341,1.2344903945922852,254785.4557817073,False,raw_refined_full,3363809.3156483234,0.7537043207819616,False,pose_yaw_jump,5.1414815204373605,True,False,True,no_prediction,True,ok,7.384971803186866,-152.83841174834834,177.96158825165168
000000.jpg,,,,,,,,,,,,,,,,,,,,,,,,,,,,,,,,,,,,,90.12018285412341,1.2638124227523804,254785.4557817073,False,refined_corrected_yaw,3363809.3156483234,0.748394979451294,True,ok,1.5788324607619142,True,False,True,no_prediction,False,visual_chamfer_worse,7.384971803186866,27.161588251651665,2.0384117483483237
000000.jpg,,,,,,,,,,,,,,,,,,,,,,,,,,,,,,,,,,,,,90.03,1.2641823291778564,254785.4557817073,False,refined_freeze_alt_corrected_yaw,3363809.315648323,0.7482616905475953,True,ok,1.5774828778196277,True,False,True,no_prediction,False,visual_chamfer_worse,7.384971802766758,27.161588251651665,2.0384117483483237
000000.jpg,,,,,,,,,,,,,,,,,,,,,,,,,,,,,,,,,,,,,90.03,1.2365405559539795,254785.4557817073,True,refined_freeze_alt_init_yaw,3363809.315648323,0.7532378096190159,True,ok,1.5281796787957393,True,False,True,no_prediction,True,ok,7.384971802766758,28.179385999999994,1.0206139999999948
000001.jpg,,,,,,,,,,,,,,,,,,,,,,,,,,,,,,,,,,,,,90.078622,1.1554040908813477,254789.23189964707,True,init,3363807.60527995,0.7775590551181102,True,disabled,1.2224409448818898,True,True,True,disabled,True,init,4.080529646204132,28.179385999999994,1.0206139999999948
000001.jpg,,,,,,,,,,,,,,,,,,,,,,,,,,,,,,,,,,,,,90.31467925198376,1.2458521127700806,254786.02251548858,False,raw_refined_full,3363810.0876807426,0.7503802791696492,False,pose_yaw_jump,8.92973746686959,True,False,False,temporal_xy,True,ok,7.259983430503767,-152.83939768784177,177.96060231215824
000001.jpg,,,,,,,,,,,,,,,,,,,,,,,,,,,,,,,,,,,,,90.31467925198376,1.221962571144104,254786.02251548858,False,refined_corrected_yaw,3363810.0876807426,0.7578516463851109,True,ok,1.750966657991857,True,False,False,temporal_xy,True,ok,7.259983430503767,27.160602312158233,2.039397687841756
000001.jpg,,,,,,,,,,,,,,,,,,,,,,,,,,,,,,,,,,,,,90.078622,1.2219839096069336,254786.02251548984,False,refined_freeze_alt_corrected_yaw,3363810.0876807426,0.7578516463851109,True,ok,1.746263981251389,True,False,False,temporal_xy,True,ok,7.259983429968222,27.160602312158233,2.039397687841756
000001.jpg,,,,,,,,,,,,,,,,,,,,,,,,,,,,,,,,,,,,,90.078622,1.2453131675720215,254786.02251548984,False,refined_freeze_alt_init_yaw,3363810.0876807426,0.7548094130279169,True,ok,1.7287462946216166,True,False,False,temporal_xy,True,ok,7.259983429968222,28.179385999999994,1.0206139999999948
000001.jpg,,,,,,,,,,,,,,,,,,,,,,,,,,,,,,,,,,,,,90.078622,1.1554040908813477,254789.23189964707,True,temporal_predicted,3363807.60527995,0.7775590551181102,True,ok,1.2224409448818898,False,False,True,ok,True,ok,4.080529646204132,28.179385999999994,1.0206139999999948
000002.jpg,,,,,,,,,,,,,,,,,,,,,,,,,,,,,,,,,,,,,90.15881399999999,1.172054409980774,254789.71975964642,True,init,3363808.478201951,0.7699025864964729,True,disabled,1.2300974135035272,True,True,True,disabled,True,init,4.08053143535097,28.179385999999994,1.0206139999999948
000002.jpg,,,,,,,,,,,,,,,,,,,,,,,,,,,,,,,,,,,,,90.3513100054115,1.2101218700408936,254786.4802466762,False,raw_refined_full,3363810.619171395,0.760900235136043,False,pose_yaw_jump,8.852023329811606,True,False,False,temporal_xy,True,ok,6.966447622902469,-152.84357805038206,177.95642194961795
000002.jpg,,,,,,,,,,,,,,,,,,,,,,,,,,,,,,,,,,,,,90.3513100054115,1.236850619316101,254786.4802466762,False,refined_corrected_yaw,3363810.619171395,0.7503079162467808,True,ok,1.7380513757185634,True,False,False,temporal_xy,True,ok,6.966447622902469,27.156421949617936,2.0435780503820524
000002.jpg,,,,,,,,,,,,,,,,,,,,,,,,,,,,,,,,,,,,,90.15881399999999,1.236850619316101,254786.4802466762,False,refined_freeze_alt_corrected_yaw,3363810.6191713945,0.7503079162467808,True,ok,1.7342014555846585,True,False,False,temporal_xy,True,ok,6.966447622486689,27.156421949617936,2.0435780503820524
000002.jpg,,,,,,,,,,,,,,,,,,,,,,,,,,,,,,,,,,,,,90.15881399999999,1.245609164237976,254786.4802466762,False,refined_freeze_alt_init_yaw,3363810.6191713945,0.7491658268950845,True,ok,1.7018977971925695,True,False,False,temporal_xy,True,ok,6.966447622486689,28.179385999999994,1.0206139999999948
000002.jpg,,,,,,,,,,,,,,,,,,,,,,,,,,,,,,,,,,,,,90.15881399999999,1.172054409980774,254789.71975964642,True,temporal_predicted,3363808.478201951,0.7699025864964729,True,ok,1.2300974135035272,False,False,True,ok,True,ok,4.08053143535097,28.179385999999994,1.0206139999999948
000003.jpg,,,,,,,,,,,,,,,,,,,,,,,,,,,,,,,,,,,,,90.090171,1.1429789066314697,254790.2076196466,True,init,3363809.3511239514,0.7780912604967344,True,disabled,1.2219087395032657,True,True,True,disabled,True,init,4.080533235244823,28.179385999999994,1.0206139999999948
000003.jpg,,,,,,,,,,,,,,,,,,,,,,,,,,,,,,,,,,,,,90.26286909915507,1.2615858316421509,254786.4879731851,False,raw_refined_full,3363811.677074385,0.7485226818323188,False,pose_yaw_jump,8.989381765535514,True,False,False,temporal_xy,False,visual_chamfer_worse,7.355925994043998,-152.8434743224872,177.9565256775128
000003.jpg,,,,,,,,,,,,,,,,,,,,,,,,,,,,,,,,,,,,,90.26286909915507,1.25066077709198,254786.4879731851,False,refined_corrected_yaw,3363811.677074385,0.7504776291820322,True,ok,1.826802871493697,True,False,False,temporal_xy,False,visual_chamfer_worse,7.355925994043998,27.156525677512803,2.043474322487185
000003.jpg,,,,,,,,,,,,,,,,,,,,,,,,,,,,,,,,,,,,,90.090171,1.25066077709198,254786.4879731851,False,refined_freeze_alt_corrected_yaw,3363811.677074385,0.7504776291820322,True,ok,1.8233489095105957,True,False,False,temporal_xy,False,visual_chamfer_worse,7.355925994043998,27.156525677512803,2.043474322487185
000003.jpg,,,,,,,,,,,,,,,,,,,,,,,,,,,,,,,,,,,,,90.090171,1.2861220836639404,254786.4879731851,False,refined_freeze_alt_init_yaw,3363811.677074385,0.7413693517572311,True,ok,1.822568111744433,True,False,False,temporal_xy,False,visual_chamfer_worse,7.355925994043998,28.179385999999994,1.0206139999999948
000003.jpg,,,,,,,,,,,,,,,,,,,,,,,,,,,,,,,,,,,,,90.090171,1.1429789066314697,254790.2076196466,True,temporal_predicted,3363809.3511239514,0.7780912604967344,True,ok,1.2219087395032657,False,False,True,ok,True,ok,4.080533235244823,28.179385999999994,1.0206139999999948
000004.jpg,,,,,,,,,,,,,,,,,,,,,,,,,,,,,,,,,,,,,90.023467,1.136818528175354,254790.6954796462,True,init,3363810.224045951,0.7808608404182112,True,disabled,1.2191391595817889,True,True,True,disabled,True,init,4.08053499358447,28.179385999999994,1.0206139999999948
000004.jpg,,,,,,,,,,,,,,,,,,,,,,,,,,,,,,,,,,,,,90.00573513377458,1.2813628911972046,254787.30568249934,False,raw_refined_full,3363812.5593113224,0.7470088126262514,False,pose_yaw_jump,8.981667439818766,True,False,False,temporal_xy,False,visual_chamfer_worse,7.2077550614305546,-152.8655546542382,177.9344453457618
000004.jpg,,,,,,,,,,,,,,,,,,,,,,,,,,,,,,,,,,,,,90.00573513377458,1.2874702215194702,254787.30568249934,False,refined_corrected_yaw,3363812.5593113224,0.7451219782903061,True,ok,1.841183925781705,True,False,False,temporal_xy,False,visual_chamfer_worse,7.2077550614305546,27.134445345761804,2.065554654238184
000004.jpg,,,,,,,,,,,,,,,,,,,,,,,,,,,,,,,,,,,,,90.023467,1.2874702215194702,254787.30568249934,False,refined_freeze_alt_corrected_yaw,3363812.5593113224,0.7451219782903061,True,ok,1.8408292884571966,True,False,False,temporal_xy,False,visual_chamfer_worse,7.2077550614305546,27.134445345761804,2.065554654238184
000004.jpg,,,,,,,,,,,,,,,,,,,,,,,,,,,,,,,,,,,,,90.023467,1.2448045015335083,254787.30568249934,False,refined_freeze_alt_init_yaw,3363812.5593113224,0.7505826988390419,True,ok,1.7560401319143937,True,False,False,temporal_xy,False,visual_chamfer_worse,7.2077550614305546,28.179385999999994,1.0206139999999948
000004.jpg,,,,,,,,,,,,,,,,,,,,,,,,,,,,,,,,,,,,,90.023467,1.136818528175354,254790.6954796462,True,temporal_predicted,3363810.224045951,0.7808608404182112,True,ok,1.2191391595817889,False,False,True,ok,True,ok,4.08053499358447,28.179385999999994,1.0206139999999948
000005.jpg,,,,,,,,,,,,,,,,,,,,,,,,,,,,,,,,,,,,,90.040812,1.157449722290039,254791.1833396466,True,init,3363811.0969679505,0.7763128739197873,True,disabled,1.2236871260802127,True,True,True,disabled,True,init,4.080536735665128,28.179385999999994,1.0206139999999948
000005.jpg,,,,,,,,,,,,,,,,,,,,,,,,,,,,,,,,,,,,,90.03255266603082,1.257514476776123,254787.57594633097,False,raw_refined_full,3363813.9318655524,0.7524927985818746,False,pose_yaw_jump,8.989726881417216,True,False,False,temporal_xy,True,ok,7.751717267321246,-152.83281848832863,177.96718151167136
000005.jpg,,,,,,,,,,,,,,,,,,,,,,,,,,,,,,,,,,,,,90.03255266603082,1.2530229091644287,254787.57594633097,False,refined_corrected_yaw,3363813.9318655524,0.7499446044759583,True,ok,1.832083013698824,True,False,False,temporal_xy,True,ok,7.751717267321246,27.167181511671373,2.0328184883286156
000005.jpg,,,,,,,,,,,,,,,,,,,,,,,,,,,,,,,,,,,,,90.040812,1.2530229091644287,254787.57594633097,False,refined_freeze_alt_corrected_yaw,3363813.9318655524,0.7499446044759583,True,ok,1.8319178270194405,True,False,False,temporal_xy,True,ok,7.751717267321246,27.167181511671373,2.0328184883286156
000005.jpg,,,,,,,,,,,,,,,,,,,,,,,,,,,,,,,,,,,,,90.040812,1.2978628873825073,254787.57594633097,False,refined_freeze_alt_init_yaw,3363813.9318655524,0.74023930866386,True,ok,1.8398752681302684,True,False,False,temporal_xy,False,visual_chamfer_worse,7.751717267321246,28.179385999999994,1.0206139999999948
000005.jpg,,,,,,,,,,,,,,,,,,,,,,,,,,,,,,,,,,,,,90.040812,1.157449722290039,254791.1833396466,True,temporal_predicted,3363811.0969679505,0.7763128739197873,True,ok,1.2236871260802127,False,False,True,ok,True,ok,4.080536735665128,28.179385999999994,1.0206139999999948
000006.jpg,,,,,,,,,,,,,,,,,,,,,,,,,,,,,,,,,,,,,90.056708,1.1547062397003174,254791.67119964646,True,init,3363811.9698899495,0.7795407466173035,True,disabled,1.2204592533826966,True,True,True,disabled,True,init,4.080527394938649,28.179385999999994,1.0206139999999948
000006.jpg,,,,,,,,,,,,,,,,,,,,,,,,,,,,,,,,,,,,,90.13709359243512,1.242349624633789,254788.21877625326,False,raw_refined_full,3363814.23120639,0.7551236281898718,False,pose_yaw_jump,8.925787899316912,True,False,False,temporal_xy,True,ok,7.1710555378740315,-152.849327879585,177.950672120415
000006.jpg,,,,,,,,,,,,,,,,,,,,,,,,,,,,,,,,,,,,,90.13709359243512,1.223982810974121,254788.21877625326,False,refined_corrected_yaw,3363814.23120639,0.7595310502886862,True,ok,1.7559280700236024,True,False,False,temporal_xy,True,ok,7.1710555378740315,27.15067212041501,2.049327879584979
000006.jpg,,,,,,,,,,,,,,,,,,,,,,,,,,,,,,,,,,,,,90.056708,1.2240221500396729,254788.2187762532,False,refined_freeze_alt_corrected_yaw,3363814.2312063887,0.7595310502886862,True,ok,1.7543544265651416,True,False,False,temporal_xy,True,ok,7.171055536666026,27.15067212041501,2.049327879584979
000006.jpg,,,,,,,,,,,,,,,,,,,,,,,,,,,,,,,,,,,,,90.056708,1.246170997619629,254788.2187762532,False,refined_freeze_alt_init_yaw,3363814.2312063887,0.749371942350919,True,ok,1.7425463492804996,True,False,False,temporal_xy,False,visual_overlap_worse,7.171055536666026,28.179385999999994,1.0206139999999948
000006.jpg,,,,,,,,,,,,,,,,,,,,,,,,,,,,,,,,,,,,,90.056708,1.1547062397003174,254791.67119964646,True,temporal_predicted,3363811.9698899495,0.7795407466173035,True,ok,1.2204592533826966,False,False,True,ok,True,ok,4.080527394938649,28.179385999999994,1.0206139999999948
000007.jpg,,,,,,,,,,,,,,,,,,,,,,,,,,,,,,,,,,,,,90.066541,1.1434355974197388,254792.15905964706,True,init,3363812.8428119496,0.7766099835436094,True,disabled,1.2233900164563907,True,True,True,disabled,True,init,4.080529106644672,28.179385999999994,1.0206139999999948
000007.jpg,,,,,,,,,,,,,,,,,,,,,,,,,,,,,,,,,,,,,90.19861402269453,1.25838303565979,254788.66513608702,False,raw_refined_full,3363815.0452216845,0.7482830499177181,False,pose_yaw_jump,8.959470943492581,True,False,False,temporal_xy,False,visual_chamfer_worse,7.138648637152404,-152.84277026680775,177.95722973319226
000007.jpg,,,,,,,,,,,,,,,,,,,,,,,,,,,,,,,,,,,,,90.19861402269453,1.2576253414154053,254788.66513608702,False,refined_corrected_yaw,3363815.0452216845,0.7475150850246846,True,ok,1.8088927599214337,True,False,False,temporal_xy,False,visual_chamfer_worse,7.138648637152404,27.157229733192253,2.042770266807736
000007.jpg,,,,,,,,,,,,,,,,,,,,,,,,,,,,,,,,,,,,,90.066541,1.256272554397583,254788.66513608702,False,refined_freeze_alt_corrected_yaw,3363815.045221685,0.7478003291278112,True,ok,1.8047829655668957,True,False,False,temporal_xy,False,visual_chamfer_worse,7.138648637562163,27.157229733192253,2.042770266807736
000007.jpg,,,,,,,,,,,,,,,,,,,,,,,,,,,,,,,,,,,,,90.066541,1.2333695888519287,254788.66513608702,False,refined_freeze_alt_init_yaw,3363815.045221685,0.7537904552934723,True,ok,1.7378766319938568,True,False,False,temporal_xy,True,ok,7.138648637562163,28.179385999999994,1.0206139999999948
000007.jpg,,,,,,,,,,,,,,,,,,,,,,,,,,,,,,,,,,,,,90.066541,1.1434355974197388,254792.15905964706,True,temporal_predicted,3363812.8428119496,0.7766099835436094,True,ok,1.2233900164563907,False,False,True,ok,True,ok,4.080529106644672,28.179385999999994,1.0206139999999948
000008.jpg,,,,,,,,,,,,,,,,,,,,,,,,,,,,,,,,,,,,,90.060717,1.1740505695343018,254792.6469196471,True,init,3363813.715733949,0.7738178787612948,True,disabled,1.2261821212387052,True,True,True,disabled,True,init,4.080530800167944,28.179385999999994,1.0206139999999948
000008.jpg,,,,,,,,,,,,,,,,,,,,,,,,,,,,,,,,,,,,,90.30764637514949,1.242679476737976,254789.1438774789,False,raw_refined_full,3363815.9073795183,0.7533994210018423,False,pose_yaw_jump,8.914230983508551,True,False,False,temporal_xy,True,ok,7.1335234682627515,-152.83857958769462,177.96142041230542
000008.jpg,,,,,,,,,,,,,,,,,,,,,,,,,,,,,,,,,,,,,90.30764637514949,1.2366575002670288,254789.1438774789,False,refined_corrected_yaw,3363815.9073795183,0.7505482937099746,True,ok,1.7616489084193012,True,False,False,temporal_xy,True,ok,7.1335234682627515,27.161420412305375,2.0385795876946133
000008.jpg,,,,,,,,,,,,,,,,,,,,,,,,,,,,,,,,,,,,,90.060717,1.2366575002670288,254789.1438774789,False,refined_freeze_alt_corrected_yaw,3363815.907379517,0.7505482937099746,True,ok,1.756710320842217,True,False,False,temporal_xy,True,ok,7.133523467034701,27.161420412305375,2.0385795876946133
000008.jpg,,,,,,,,,,,,,,,,,,,,,,,,,,,,,,,,,,,,,90.060717,1.2535314559936523,254789.1438774789,False,refined_freeze_alt_init_yaw,3363815.907379517,0.7511404509167471,True,ok,1.729771966805428,True,False,False,temporal_xy,True,ok,7.133523467034701,28.179385999999994,1.0206139999999948
000008.jpg,,,,,,,,,,,,,,,,,,,,,,,,,,,,,,,,,,,,,90.060717,1.1740505695343018,254792.6469196471,True,temporal_predicted,3363813.715733949,0.7738178787612948,True,ok,1.2261821212387052,False,False,True,ok,True,ok,4.080530800167944,28.179385999999994,1.0206139999999948
000009.jpg,,,,,,,,,,,,,,,,,,,,,,,,,,,,,,,,,,,,,90.096329,1.1564615964889526,254793.1347796467,True,init,3363814.588655949,0.7746170198777094,True,disabled,1.2253829801222906,True,True,True,disabled,True,init,4.080532502460914,28.179385999999994,1.0206139999999948
000009.jpg,,,,,,,,,,,,,,,,,,,,,,,,,,,,,,,,,,,,,90.49471146520227,1.2498176097869873,254789.35917604662,False,raw_refined_full,3363816.941206846,0.7472879090052379,False,pose_yaw_jump,8.980877760223159,True,False,False,temporal_xy,True,ok,7.406686905014851,-152.8338575509047,177.9661424490953
000009.jpg,,,,,,,,,,,,,,,,,,,,,,,,,,,,,,,,,,,,,90.49471146520227,1.2491179704666138,254789.35917604662,False,refined_corrected_yaw,3363816.941206846,0.7505095443687129,True,ok,1.822964339332075,True,False,False,temporal_xy,True,ok,7.406686905014851,27.166142449095304,2.033857550904685
000009.jpg,,,,,,,,,,,,,,,,,,,,,,,,,,,,,,,,,,,,,90.096329,1.2491179704666138,254789.35917604665,False,refined_freeze_alt_corrected_yaw,3363816.941206846,0.7505095443687129,True,ok,1.8149966900255594,True,False,False,temporal_xy,True,ok,7.4066869050004165,27.166142449095304,2.033857550904685
000009.jpg,,,,,,,,,,,,,,,,,,,,,,,,,,,,,,,,,,,,,90.096329,1.2641953229904175,254789.35917604665,False,refined_freeze_alt_init_yaw,3363816.941206846,0.7439566942076311,True,ok,1.7940572847125487,True,False,False,temporal_xy,False,visual_overlap_worse,7.4066869050004165,28.179385999999994,1.0206139999999948
000009.jpg,,,,,,,,,,,,,,,,,,,,,,,,,,,,,,,,,,,,,90.096329,1.1564615964889526,254793.1347796467,True,temporal_predicted,3363814.588655949,0.7746170198777094,True,ok,1.2253829801222906,False,False,True,ok,True,ok,4.080532502460914,28.179385999999994,1.0206139999999948
000010.jpg,,,,,,,,,,,,,,,,,,,,,,,,,,,,,,,,,,,,,90.27376699999999,1.1326299905776978,254793.622639647,True,init,3363815.4615779486,0.7840622048454763,True,disabled,1.2159377951545238,True,True,True,disabled,True,init,4.080534164675666,28.179385999999994,1.0206139999999948
000010.jpg,,,,,,,,,,,,,,,,,,,,,,,,,,,,,,,,,,,,,90.68646878656,1.2723541259765625,254790.01824174088,False,raw_refined_full,3363817.788548462,0.7478419399477233,False,pose_yaw_jump,9.003707900943644,True,False,False,temporal_xy,False,visual_chamfer_worse,7.300840835416602,-152.8499873772884,177.9500126227116
000010.jpg,,,,,,,,,,,,,,,,,,,,,,,,,,,,,,,,,,,,,90.68646878656,1.26120126247406,254790.01824174088,False,refined_corrected_yaw,3363817.788548462,0.7530476420585587,True,ok,1.8389247079499464,True,False,False,temporal_xy,False,visual_chamfer_worse,7.300840835416602,27.150012622711614,2.0499873772883745
000010.jpg,,,,,,,,,,,,,,,,,,,,,,,,,,,,,,,,,,,,,90.27376699999999,1.2612704038619995,254790.01824174088,False,refined_freeze_alt_corrected_yaw,3363817.7885484616,0.7530037120829398,True,ok,1.8307756471604248,True,False,False,temporal_xy,False,visual_chamfer_worse,7.300840835008001,27.150012622711614,2.0499873772883745
000010.jpg,,,,,,,,,,,,,,,,,,,,,,,,,,,,,,,,,,,,,90.27376699999999,1.240369439125061,254790.01824174088,False,refined_freeze_alt_init_yaw,3363817.7885484616,0.7495112790212402,True,ok,1.774639665255597,True,False,False,temporal_xy,False,visual_chamfer_worse,7.300840835008001,28.179385999999994,1.0206139999999948
000010.jpg,,,,,,,,,,,,,,,,,,,,,,,,,,,,,,,,,,,,,90.27376699999999,1.1326299905776978,254793.622639647,True,temporal_predicted,3363815.4615779486,0.7840622048454763,True,ok,1.2159377951545238,False,False,True,ok,True,ok,4.080534164675666,28.179385999999994,1.0206139999999948
000011.jpg,,,,,,,,,,,,,,,,,,,,,,,,,,,,,,,,,,,,,90.11470499999999,1.1659932136535645,254794.11049964683,True,init,3363816.334499949,0.7757402642710741,True,disabled,1.2242597357289258,True,True,True,disabled,True,init,4.080535810513903,28.179385999999994,1.0206139999999948
000011.jpg,,,,,,,,,,,,,,,,,,,,,,,,,,,,,,,,,,,,,90.38594590779394,1.2477047443389893,254790.50186220132,False,raw_refined_full,3363818.707302011,0.7500545113601674,False,pose_yaw_jump,8.947588973384265,True,False,False,temporal_xy,True,ok,7.343115042405412,-152.83316266892797,177.96683733107204
000011.jpg,,,,,,,,,,,,,,,,,,,,,,,,,,,,,,,,,,,,,90.38594590779394,1.250133991241455,254790.50186220132,False,refined_corrected_yaw,3363818.707302011,0.75068684313811,True,ok,1.7992871106972923,True,False,False,temporal_xy,True,ok,7.343115042405412,27.16683733107203,2.0331626689279574
000011.jpg,,,,,,,,,,,,,,,,,,,,,,,,,,,,,,,,,,,,,90.11470499999999,1.250143051147461,254790.50186220132,False,refined_freeze_alt_corrected_yaw,3363818.7073020106,0.750665038594043,True,ok,1.7938918671788817,True,False,False,temporal_xy,True,ok,7.343115041996257,27.16683733107203,2.0331626689279574
000011.jpg,,,,,,,,,,,,,,,,,,,,,,,,,,,,,,,,,,,,,90.11470499999999,1.2536667585372925,254790.50186220132,False,refined_freeze_alt_init_yaw,3363818.7073020106,0.7514063930923205,True,ok,1.7556706310166348,True,False,False,temporal_xy,True,ok,7.343115041996257,28.179385999999994,1.0206139999999948
000011.jpg,,,,,,,,,,,,,,,,,,,,,,,,,,,,,,,,,,,,,90.11470499999999,1.1659932136535645,254794.11049964683,True,temporal_predicted,3363816.334499949,0.7757402642710741,True,ok,1.2242597357289258,False,False,True,ok,True,ok,4.080535810513903,28.179385999999994,1.0206139999999948
000012.jpg,,,,,,,,,,,,,,,,,,,,,,,,,,,,,,,,,,,,,90.06748699999999,1.1566832065582275,254794.59835964744,True,init,3363817.207421949,0.775591158516429,True,disabled,1.224408841483571,True,True,True,disabled,True,init,4.080526352686935,28.179385999999994,1.0206139999999948
000012.jpg,,,,,,,,,,,,,,,,,,,,,,,,,,,,,,,,,,,,,90.46144972741604,1.251006841659546,254790.91955999305,False,raw_refined_full,3363819.7623540103,0.7511514643982634,False,pose_yaw_jump,8.979952716421161,True,False,False,temporal_xy,True,ok,7.536679172871999,-152.83161186683444,177.9683881331656
000012.jpg,,,,,,,,,,,,,,,,,,,,,,,,,,,,,,,,,,,,,90.46144972741604,1.2481974363327026,254790.91955999305,False,refined_corrected_yaw,3363819.7623540103,0.7523194569936311,True,ok,1.8230153205517585,True,False,False,temporal_xy,True,ok,7.536679172871999,27.168388133165564,2.0316118668344245
000012.jpg,,,,,,,,,,,,,,,,,,,,,,,,,,,,,,,,,,,,,90.06748699999999,1.2481974363327026,254790.919559993,False,refined_freeze_alt_corrected_yaw,3363819.762354009,0.7523194569936311,True,ok,1.8151360659285307,True,False,False,temporal_xy,True,ok,7.536679171669922,27.168388133165564,2.0316118668344245
000012.jpg,,,,,,,,,,,,,,,,,,,,,,,,,,,,,,,,,,,,,90.06748699999999,1.2523337602615356,254790.919559993,False,refined_freeze_alt_init_yaw,3363819.762354009,0.7515040659364877,True,ok,1.779087563737507,True,False,False,temporal_xy,True,ok,7.536679171669922,28.179385999999994,1.0206139999999948
000012.jpg,,,,,,,,,,,,,,,,,,,,,,,,,,,,,,,,,,,,,90.06748699999999,1.1566832065582275,254794.59835964744,True,temporal_predicted,3363817.207421949,0.775591158516429,True,ok,1.224408841483571,False,False,True,ok,True,ok,4.080526352686935,28.179385999999994,1.0206139999999948
000013.jpg,,,,,,,,,,,,,,,,,,,,,,,,,,,,,,,,,,,,,90.20448999999999,1.1272279024124146,254795.08621964877,True,init,3363818.0803439487,0.7830356164383562,True,disabled,1.2169643835616437,True,True,True,disabled,True,init,4.080527992030018,28.179385999999994,1.0206139999999948
000013.jpg,,,,,,,,,,,,,,,,,,,,,,,,,,,,,,,,,,,,,90.4996653907001,1.2418465614318848,254791.49313921016,False,raw_refined_full,3363820.4324055607,0.757786301369863,False,pose_yaw_jump,8.969015857220079,True,False,False,temporal_xy,False,visual_chamfer_worse,7.317455039957562,-152.85523496921056,177.94476503078943
000013.jpg,,,,,,,,,,,,,,,,,,,,,,,,,,,,,,,,,,,,,90.4996653907001,1.2459629774093628,254791.49313921016,False,refined_corrected_yaw,3363820.4324055607,0.7557479452054795,True,ok,1.8263204897592755,True,False,False,temporal_xy,False,visual_chamfer_worse,7.317455039957562,27.144765030789443,2.055234969210545
000013.jpg,,,,,,,,,,,,,,,,,,,,,,,,,,,,,,,,,,,,,90.20448999999999,1.2459629774093628,254791.49313921016,False,refined_freeze_alt_corrected_yaw,3363820.4324055607,0.7557479452054795,True,ok,1.8204169819452733,True,False,False,temporal_xy,False,visual_chamfer_worse,7.317455039957562,27.144765030789443,2.055234969210545
000013.jpg,,,,,,,,,,,,,,,,,,,,,,,,,,,,,,,,,,,,,90.20448999999999,1.2139033079147339,254791.49313921016,False,refined_freeze_alt_init_yaw,3363820.4324055607,0.7565808219178082,True,ok,1.7497581061401402,True,False,False,temporal_xy,True,ok,7.317455039957562,28.179385999999994,1.0206139999999948
000013.jpg,,,,,,,,,,,,,,,,,,,,,,,,,,,,,,,,,,,,,90.20448999999999,1.1272279024124146,254795.08621964877,True,temporal_predicted,3363818.0803439487,0.7830356164383562,True,ok,1.2169643835616437,False,False,True,ok,True,ok,4.080527992030018,28.179385999999994,1.0206139999999948
000014.jpg,,,,,,,,,,,,,,,,,,,,,,,,,,,,,,,,,,,,,90.166247,1.1549715995788574,254795.5740796483,True,init,3363818.9532659487,0.7762587090837386,True,disabled,1.2237412909162613,True,True,True,disabled,True,init,4.080529590271682,28.179385999999994,1.0206139999999948
000014.jpg,,,,,,,,,,,,,,,,,,,,,,,,,,,,,,,,,,,,,90.62339218053967,1.2606316804885864,254791.8070828102,False,raw_refined_full,3363821.2562677367,0.7489154725910345,False,pose_yaw_jump,8.986395198084054,True,False,False,temporal_xy,True,ok,7.359409505640408,-152.84186139041668,177.95813860958333
000014.jpg,,,,,,,,,,,,,,,,,,,,,,,,,,,,,,,,,,,,,90.62339218053967,1.2456578016281128,254791.8070828102,False,refined_corrected_yaw,3363821.2562677367,0.7553130888216993,True,ok,1.81471886810795,True,False,False,temporal_xy,True,ok,7.359409505640408,27.158138609583318,2.0418613904166705
000014.jpg,,,,,,,,,,,,,,,,,,,,,,,,,,,,,,,,,,,,,90.166247,1.2458468675613403,254791.8070828102,False,refined_freeze_alt_corrected_yaw,3363821.256267736,0.7552254502431971,True,ok,1.8058273005252266,True,False,False,temporal_xy,True,ok,7.359409505236577,27.158138609583318,2.0418613904166705
000014.jpg,,,,,,,,,,,,,,,,,,,,,,,,,,,,,,,,,,,,,90.166247,1.258651852607727,254791.8070828102,False,refined_freeze_alt_init_yaw,3363821.256267736,0.7466368695499759,True,ok,1.784652825357023,True,False,False,temporal_xy,True,ok,7.359409505236577,28.179385999999994,1.0206139999999948
000014.jpg,,,,,,,,,,,,,,,,,,,,,,,,,,,,,,,,,,,,,90.166247,1.1549715995788574,254795.5740796483,True,temporal_predicted,3363818.9532659487,0.7762587090837386,True,ok,1.2237412909162613,False,False,True,ok,True,ok,4.080529590271682,28.179385999999994,1.0206139999999948
000015.jpg,,,,,,,,,,,,,,,,,,,,,,,,,,,,,,,,,,,,,90.023394,1.1270993947982788,254796.06193964859,True,init,3363819.826187948,0.7861119056524896,True,disabled,1.2138880943475105,True,True,True,disabled,True,init,4.080531173594546,28.179385999999994,1.0206139999999948
000015.jpg,,,,,,,,,,,,,,,,,,,,,,,,,,,,,,,,,,,,,90.2812675749883,1.239707589149475,254792.55308714486,False,raw_refined_full,3363822.254499643,0.7581244911879249,False,pose_yaw_jump,8.96581521076872,True,False,False,temporal_xy,False,visual_chamfer_worse,7.345128083339558,-152.83641401741605,177.96358598258394
000015.jpg,,,,,,,,,,,,,,,,,,,,,,,,,,,,,,,,,,,,,90.2812675749883,1.2491106986999512,254792.55308714486,False,refined_corrected_yaw,3363822.254499643,0.7586745582961121,True,ok,1.8220844373899534,True,False,False,temporal_xy,False,visual_chamfer_worse,7.345128083339558,27.163585982583953,2.0364140174160354
000015.jpg,,,,,,,,,,,,,,,,,,,,,,,,,,,,,,,,,,,,,90.023394,1.2491106986999512,254792.55308714605,False,refined_freeze_alt_corrected_yaw,3363822.254499643,0.7586745582961121,True,ok,1.8169269657920668,True,False,False,temporal_xy,False,visual_chamfer_worse,7.345128082786192,27.163585982583953,2.0364140174160354
000015.jpg,,,,,,,,,,,,,,,,,,,,,,,,,,,,,,,,,,,,,90.023394,1.2381006479263306,254792.55308714605,False,refined_freeze_alt_init_yaw,3363822.254499643,0.7521617637351757,True,ok,1.7730392771033294,True,False,False,temporal_xy,False,visual_chamfer_worse,7.345128082786192,28.179385999999994,1.0206139999999948
000015.jpg,,,,,,,,,,,,,,,,,,,,,,,,,,,,,,,,,,,,,90.023394,1.1270993947982788,254796.06193964859,True,temporal_predicted,3363819.826187948,0.7861119056524896,True,ok,1.2138880943475105,False,False,True,ok,True,ok,4.080531173594546,28.179385999999994,1.0206139999999948
000016.jpg,,,,,,,,,,,,,,,,,,,,,,,,,,,,,,,,,,,,,90.037716,1.1227586269378662,254796.5497996485,True,init,3363820.6991099482,0.7815491349784842,True,disabled,1.2184508650215158,True,True,True,disabled,True,init,4.08053273960655,28.179385999999994,1.0206139999999948
000016.jpg,,,,,,,,,,,,,,,,,,,,,,,,,,,,,,,,,,,,,90.38884383253753,1.2549328804016113,254793.13976617533,False,raw_refined_full,3363823.2674204158,0.7500219548608061,False,pose_yaw_jump,8.994496410398657,True,False,False,temporal_xy,False,visual_chamfer_worse,7.424903764501164,-152.8434945255281,177.9565054744719
000016.jpg,,,,,,,,,,,,,,,,,,,,,,,,,,,,,,,,,,,,,90.38884383253753,1.2337044477462769,254793.13976617533,False,refined_corrected_yaw,3363823.2674204158,0.7557960832528322,True,ok,1.8178592526648423,True,False,False,temporal_xy,False,visual_chamfer_worse,7.424903764501164,27.156505474471913,2.043494525528075
000016.jpg,,,,,,,,,,,,,,,,,,,,,,,,,,,,,,,,,,,,,90.037716,1.2337044477462769,254793.13976617533,False,refined_freeze_alt_corrected_yaw,3363823.2674204158,0.7557960832528322,True,ok,1.8108366960140918,True,False,False,temporal_xy,False,visual_chamfer_worse,7.424903764501164,27.156505474471913,2.043494525528075
000016.jpg,,,,,,,,,,,,,,,,,,,,,,,,,,,,,,,,,,,,,90.037716,1.2138776779174805,254793.13976617533,False,refined_freeze_alt_init_yaw,3363823.2674204158,0.7607798366558356,True,ok,1.7472787436466197,True,False,False,temporal_xy,True,ok,7.424903764501164,28.179385999999994,1.0206139999999948
000016.jpg,,,,,,,,,,,,,,,,,,,,,,,,,,,,,,,,,,,,,90.037716,1.1227586269378662,254796.5497996485,True,temporal_predicted,3363820.6991099482,0.7815491349784842,True,ok,1.2184508650215158,False,False,True,ok,True,ok,4.08053273960655,28.179385999999994,1.0206139999999948
000017.jpg,,,,,,,,,,,,,,,,,,,,,,,,,,,,,,,,,,,,,90.095831,1.145180344581604,254797.03765964895,True,init,3363821.572031948,0.779508305062343,True,disabled,1.220491694937657,True,True,True,disabled,True,init,4.080534315939084,28.179385999999994,1.0206139999999948
000017.jpg,,,,,,,,,,,,,,,,,,,,,,,,,,,,,,,,,,,,,90.47036065533757,1.269516944885254,254793.25160628732,False,raw_refined_full,3363824.034638166,0.7511565405119619,False,pose_yaw_jump,9.011378115182225,True,False,False,temporal_xy,False,visual_chamfer_worse,7.507576537817078,-152.84225351421983,177.95774648578015
000017.jpg,,,,,,,,,,,,,,,,,,,,,,,,,,,,,,,,,,,,,90.47036065533757,1.2259079217910767,254793.25160628732,False,refined_corrected_yaw,3363824.034638166,0.7616425078204168,True,ok,1.8088554160125185,True,False,False,temporal_xy,True,ok,7.507576537817078,27.157746485780166,2.042253514219823
000017.jpg,,,,,,,,,,,,,,,,,,,,,,,,,,,,,,,,,,,,,90.095831,1.2259079217910767,254793.25160628732,False,refined_freeze_alt_corrected_yaw,3363824.034638166,0.7616425078204168,True,ok,1.8013648229057673,True,False,False,temporal_xy,True,ok,7.507576537817078,27.157746485780166,2.042253514219823
000017.jpg,,,,,,,,,,,,,,,,,,,,,,,,,,,,,,,,,,,,,90.095831,1.25411057472229,254793.25160628732,False,refined_freeze_alt_init_yaw,3363824.034638166,0.7498788386130325,True,ok,1.7968901705299438,True,False,False,temporal_xy,False,visual_chamfer_worse,7.507576537817078,28.179385999999994,1.0206139999999948
000017.jpg,,,,,,,,,,,,,,,,,,,,,,,,,,,,,,,,,,,,,90.095831,1.145180344581604,254797.03765964895,True,temporal_predicted,3363821.572031948,0.779508305062343,True,ok,1.220491694937657,False,False,True,ok,True,ok,4.080534315939084,28.179385999999994,1.0206139999999948
000018.jpg,,,,,,,,,,,,,,,,,,,,,,,,,,,,,,,,,,,,,90.101676,1.1291170120239258,254797.52551964903,True,init,3363822.444953948,0.786552217453505,True,disabled,1.213447782546495,True,True,True,disabled,True,init,4.080535850675013,28.179385999999994,1.0206139999999948
000018.jpg,,,,,,,,,,,,,,,,,,,,,,,,,,,,,,,,,,,,,90.5247637135908,1.2162926197052002,254794.0135155324,False,raw_refined_full,3363824.7010993087,0.7627819962583912,False,pose_yaw_jump,8.930742756385492,True,False,False,temporal_xy,True,ok,7.194532215805089,-152.84550466126157,177.9544953387384
000018.jpg,,,,,,,,,,,,,,,,,,,,,,,,,,,,,,,,,,,,,90.5247637135908,1.2432667016983032,254794.0135155324,False,refined_corrected_yaw,3363824.7010993087,0.7587982832618025,True,ok,1.8091805400980787,True,False,False,temporal_xy,False,visual_chamfer_worse,7.194532215805089,27.15449533873843,2.0455046612615604
000018.jpg,,,,,,,,,,,,,,,,,,,,,,,,,,,,,,,,,,,,,90.101676,1.2432667016983032,254794.0135155324,False,refined_freeze_alt_corrected_yaw,3363824.7010993087,0.7587982832618025,True,ok,1.8007187858262625,True,False,False,temporal_xy,False,visual_chamfer_worse,7.194532215805089,27.15449533873843,2.0455046612615604
000018.jpg,,,,,,,,,,,,,,,,,,,,,,,,,,,,,,,,,,,,,90.101676,1.2279951572418213,254794.0135155324,False,refined_freeze_alt_init_yaw,3363824.7010993087,0.7579399141630901,True,ok,1.7470563186921284,True,False,False,temporal_xy,True,ok,7.194532215805089,28.179385999999994,1.0206139999999948
000018.jpg,,,,,,,,,,,,,,,,,,,,,,,,,,,,,,,,,,,,,90.101676,1.1291170120239258,254797.52551964903,True,temporal_predicted,3363822.444953948,0.786552217453505,True,ok,1.213447782546495,False,False,True,ok,True,ok,4.080535850675013,28.179385999999994,1.0206139999999948
000019.jpg,,,,,,,,,,,,,,,,,,,,,,,,,,,,,,,,,,,,,90.049764,1.129782795906067,254798.01337964856,True,init,3363823.3178759473,0.783511903463024,True,disabled,1.216488096536976,True,True,True,disabled,True,init,4.080526278916453,28.179385999999994,1.0206139999999948
000019.jpg,,,,,,,,,,,,,,,,,,,,,,,,,,,,,,,,,,,,,90.19780644122511,1.245568037033081,254794.88215900373,False,raw_refined_full,3363825.568899038,0.7575446789010846,False,pose_yaw_jump,8.922889970564404,True,False,False,temporal_xy,False,visual_chamfer_worse,7.017464361103823,-152.8397897105911,177.9602102894089
000019.jpg,,,,,,,,,,,,,,,,,,,,,,,,,,,,,,,,,,,,,90.19780644122511,1.2644068002700806,254794.88215900373,False,refined_corrected_yaw,3363825.568899038,0.7525476247626944,True,ok,1.7959771971809706,True,False,False,temporal_xy,False,visual_chamfer_worse,7.017464361103823,27.160210289408894,2.0397897105910943
000019.jpg,,,,,,,,,,,,,,,,,,,,,,,,,,,,,,,,,,,,,90.049764,1.2644068002700806,254794.88215900373,False,refined_freeze_alt_corrected_yaw,3363825.568899038,0.7525476247626944,True,ok,1.7930163483564683,True,False,False,temporal_xy,False,visual_chamfer_worse,7.017464361103823,27.160210289408894,2.0397897105910943
000019.jpg,,,,,,,,,,,,,,,,,,,,,,,,,,,,,,,,,,,,,90.049764,1.263062834739685,254794.88215900373,False,refined_freeze_alt_init_yaw,3363825.568899038,0.7444083182403387,True,ok,1.7591990477722106,True,False,False,temporal_xy,False,visual_chamfer_worse,7.017464361103823,28.179385999999994,1.0206139999999948
000019.jpg,,,,,,,,,,,,,,,,,,,,,,,,,,,,,,,,,,,,,90.049764,1.129782795906067,254798.01337964856,True,temporal_predicted,3363823.3178759473,0.783511903463024,True,ok,1.216488096536976,False,False,True,ok,True,ok,4.080526278916453,28.179385999999994,1.0206139999999948
000020.jpg,,,,,,,,,,,,,,,,,,,,,,,,,,,,,,,,,,,,,90.058105,1.1371564865112305,254798.5012396501,True,init,3363824.1907979464,0.7850926230406664,True,disabled,1.2149073769593337,True,True,True,disabled,True,init,4.080527781015299,28.179385999999994,1.0206139999999948
000020.jpg,,,,,,,,,,,,,,,,,,,,,,,,,,,,,,,,,,,,,90.3111494872719,1.2184832096099854,254795.0476646856,False,raw_refined_full,3363826.3573216004,0.7600350761810808,False,pose_yaw_jump,8.915001475571394,True,False,False,temporal_xy,True,ok,7.087924062984345,-152.83946495233909,177.96053504766093
000020.jpg,,,,,,,,,,,,,,,,,,,,,,,,,,,,,,,,,,,,,90.3111494872719,1.2398488521575928,254795.0476646856,False,refined_corrected_yaw,3363826.3573216004,0.7495999123095473,True,ok,1.794209955143517,True,False,False,temporal_xy,False,visual_overlap_worse,7.087924062984345,27.160535047660915,2.039464952339074
000020.jpg,,,,,,,,,,,,,,,,,,,,,,,,,,,,,,,,,,,,,90.058105,1.2398488521575928,254795.0476646868,False,refined_freeze_alt_corrected_yaw,3363826.3573216004,0.7495999123095473,True,ok,1.7891490652969968,True,False,False,temporal_xy,False,visual_overlap_worse,7.087924062420204,27.160535047660915,2.039464952339074
000020.jpg,,,,,,,,,,,,,,,,,,,,,,,,,,,,,,,,,,,,,90.058105,1.2096697092056274,254795.0476646868,False,refined_freeze_alt_init_yaw,3363826.3573216004,0.7613942781979612,True,ok,1.7100615320835149,True,False,False,temporal_xy,True,ok,7.087924062420204,28.179385999999994,1.0206139999999948
000020.jpg,,,,,,,,,,,,,,,,,,,,,,,,,,,,,,,,,,,,,90.058105,1.1371564865112305,254798.5012396501,True,temporal_predicted,3363824.1907979464,0.7850926230406664,True,ok,1.2149073769593337,False,False,True,ok,True,ok,4.080527781015299,28.179385999999994,1.0206139999999948
000021.jpg,,,,,,,,,,,,,,,,,,,,,,,,,,,,,,,,,,,,,90.20022999999999,1.1534526348114014,254798.98909964992,True,init,3363825.0637199464,0.7767286084701815,True,disabled,1.2232713915298183,True,True,True,disabled,True,init,4.080529269088659,28.179385999999994,1.0206139999999948
000021.jpg,,,,,,,,,,,,,,,,,,,,,,,,,,,,,,,,,,,,,90.33397401310503,1.226978063583374,254795.36476093915,False,raw_refined_full,3363827.385442081,0.7599178910976664,False,pose_yaw_jump,8.930785742889235,True,False,False,temporal_xy,True,ok,7.305824028591376,-152.82945516583575,177.97054483416423
000021.jpg,,,,,,,,,,,,,,,,,,,,,,,,,,,,,,,,,,,,,90.33397401310503,1.236918330192566,254795.36476093915,False,refined_corrected_yaw,3363827.385442081,0.7537381158167675,True,ok,1.7920730380271492,True,False,False,temporal_xy,True,ok,7.305824028591376,27.170544834164247,2.029455165835742
000021.jpg,,,,,,,,,,,,,,,,,,,,,,,,,,,,,,,,,,,,,90.20022999999999,1.2369298934936523,254795.36476094037,False,refined_freeze_alt_corrected_yaw,3363827.385442081,0.7537165082108902,True,ok,1.7894297902146121,True,False,False,temporal_xy,True,ok,7.3058240280021405,27.170544834164247,2.029455165835742
000021.jpg,,,,,,,,,,,,,,,,,,,,,,,,,,,,,,,,,,,,,90.20022999999999,1.2255644798278809,254795.36476094037,False,refined_freeze_alt_init_yaw,3363827.385442081,0.7560717372515126,True,ok,1.7368675288680477,True,False,False,temporal_xy,True,ok,7.3058240280021405,28.179385999999994,1.0206139999999948
000021.jpg,,,,,,,,,,,,,,,,,,,,,,,,,,,,,,,,,,,,,90.20022999999999,1.1534526348114014,254798.98909964992,True,temporal_predicted,3363825.0637199464,0.7767286084701815,True,ok,1.2232713915298183,False,False,True,ok,True,ok,4.080529269088659,28.179385999999994,1.0206139999999948
000022.jpg,,,,,,,,,,,,,,,,,,,,,,,,,,,,,,,,,,,,,90.26159899999999,1.1221873760223389,254799.47695965032,True,init,3363825.9366419455,0.7843378433784338,True,disabled,1.2156621566215662,True,True,True,disabled,True,init,4.080530763703514,28.179385999999994,1.0206139999999948
000022.jpg,,,,,,,,,,,,,,,,,,,,,,,,,,,,,,,,,,,,,90.60348777938634,1.2615941762924194,254795.99930922763,False,raw_refined_full,3363828.333617766,0.7516022528646339,False,pose_yaw_jump,8.992367396872169,True,False,False,temporal_xy,False,visual_chamfer_worse,7.302903419935631,-152.83644169895595,177.96355830104403
000022.jpg,,,,,,,,,,,,,,,,,,,,,,,,,,,,,,,,,,,,,90.60348777938634,1.2389297485351562,254795.99930922763,False,refined_corrected_yaw,3363828.333617766,0.7608165555339764,True,ok,1.813054276833788,True,False,False,temporal_xy,False,visual_chamfer_worse,7.302903419935631,27.16355830104405,2.03644169895594
000022.jpg,,,,,,,,,,,,,,,,,,,,,,,,,,,,,,,,,,,,,90.26159899999999,1.2389297485351562,254795.99930922763,False,refined_freeze_alt_corrected_yaw,3363828.333617766,0.7608165555339764,True,ok,1.806216501246061,True,False,False,temporal_xy,False,visual_chamfer_worse,7.302903419935631,27.16355830104405,2.03644169895594
000022.jpg,,,,,,,,,,,,,,,,,,,,,,,,,,,,,,,,,,,,,90.26159899999999,1.2375998497009277,254795.99930922763,False,refined_freeze_alt_init_yaw,3363828.333617766,0.754903864828122,True,ok,1.7703109888280713,True,False,False,temporal_xy,False,visual_chamfer_worse,7.302903419935631,28.179385999999994,1.0206139999999948
000022.jpg,,,,,,,,,,,,,,,,,,,,,,,,,,,,,,,,,,,,,90.26159899999999,1.1221873760223389,254799.47695965032,True,temporal_predicted,3363825.9366419455,0.7843378433784338,True,ok,1.2156621566215662,False,False,True,ok,True,ok,4.080530763703514,28.179385999999994,1.0206139999999948
000023.jpg,,,,,,,,,,,,,,,,,,,,,,,,,,,,,,,,,,,,,90.236629,1.123282790184021,254799.96481965165,True,init,3363826.809563945,0.7882248031667319,True,disabled,1.2117751968332682,True,True,True,disabled,True,init,4.080532219137513,28.179385999999994,1.0206139999999948
000023.jpg,,,,,,,,,,,,,,,,,,,,,,,,,,,,,,,,,,,,,90.7516646804288,1.2433871030807495,254796.36360013555,False,raw_refined_full,3363829.309774465,0.7539692896602723,False,pose_yaw_jump,8.99510187552781,True,False,False,temporal_xy,False,visual_chamfer_worse,7.451818592298957,-152.85029509418425,177.9497049058158
000023.jpg,,,,,,,,,,,,,,,,,,,,,,,,,,,,,,,,,,,,,90.7516646804288,1.2329646348953247,254796.36360013555,False,refined_corrected_yaw,3363829.309774465,0.7549915176823698,True,ok,1.832544775938742,True,False,False,temporal_xy,False,visual_chamfer_worse,7.451818592298957,27.149704905815753,2.0502950941842357
000023.jpg,,,,,,,,,,,,,,,,,,,,,,,,,,,,,,,,,,,,,90.236629,1.232798457145691,254796.3636001355,False,refined_freeze_alt_corrected_yaw,3363829.3097744645,0.7550350167471399,True,ok,1.8220526238724435,True,False,False,temporal_xy,False,visual_chamfer_worse,7.451818591915137,27.149704905815753,2.0502950941842357
000023.jpg,,,,,,,,,,,,,,,,,,,,,,,,,,,,,,,,,,,,,90.236629,1.2414435148239136,254796.3636001355,False,refined_freeze_alt_init_yaw,3363829.3097744645,0.7526860672495541,True,ok,1.7909105729296018,True,False,False,temporal_xy,False,visual_chamfer_worse,7.451818591915137,28.179385999999994,1.0206139999999948
000023.jpg,,,,,,,,,,,,,,,,,,,,,,,,,,,,,,,,,,,,,90.236629,1.123282790184021,254799.96481965165,True,temporal_predicted,3363826.809563945,0.7882248031667319,True,ok,1.2117751968332682,False,False,True,ok,True,ok,4.080532219137513,28.179385999999994,1.0206139999999948
000024.jpg,,,,,,,,,,,,,,,,,,,,,,,,,,,,,,,,,,,,,90.12697999999999,1.1371554136276245,254800.45267965115,True,init,3363827.6824859455,0.7835213169011018,True,disabled,1.2164786830988983,True,True,True,disabled,True,init,4.08053366051889,28.179385999999994,1.0206139999999948
000024.jpg,,,,,,,,,,,,,,,,,,,,,,,,,,,,,,,,,,,,,90.7476817984134,1.268393874168396,254796.602715465,False,raw_refined_full,3363829.9384761746,0.7514262073770849,False,pose_yaw_jump,9.015522888961497,True,False,False,temporal_xy,False,visual_chamfer_worse,7.360570935804834,-152.8466858448726,177.95331415512737
000024.jpg,,,,,,,,,,,,,,,,,,,,,,,,,,,,,,,,,,,,,90.7476817984134,1.227791428565979,254796.602715465,False,refined_corrected_yaw,3363829.9384761746,0.7605060314418848,True,ok,1.818880496850076,True,False,False,temporal_xy,True,ok,7.360570935804834,27.15331415512739,2.0466858448725986
000024.jpg,,,,,,,,,,,,,,,,,,,,,,,,,,,,,,,,,,,,,90.12697999999999,1.227791428565979,254796.602715465,False,refined_freeze_alt_corrected_yaw,3363829.9384761746,0.7605060314418848,True,ok,1.806466460881808,True,False,False,temporal_xy,True,ok,7.360570935804834,27.15331415512739,2.0466858448725986
000024.jpg,,,,,,,,,,,,,,,,,,,,,,,,,,,,,,,,,,,,,90.12697999999999,1.2552400827407837,254796.602715465,False,refined_freeze_alt_init_yaw,3363829.9384761746,0.7465052475721813,True,ok,1.8035623681431492,True,False,False,temporal_xy,False,visual_chamfer_worse,7.360570935804834,28.179385999999994,1.0206139999999948
000024.jpg,,,,,,,,,,,,,,,,,,,,,,,,,,,,,,,,,,,,,90.12697999999999,1.1371554136276245,254800.45267965115,True,temporal_predicted,3363827.6824859455,0.7835213169011018,True,ok,1.2164786830988983,False,False,True,ok,True,ok,4.08053366051889,28.179385999999994,1.0206139999999948
000025.jpg,,,,,,,,,,,,,,,,,,,,,,,,,,,,,,,,,,,,,90.147319,1.146480917930603,254800.94053965135,True,init,3363828.5554079455,0.7825061148509708,True,disabled,1.2174938851490293,True,True,True,disabled,True,init,4.080535082289213,28.179385999999994,1.0206139999999948
000025.jpg,,,,,,,,,,,,,,,,,,,,,,,,,,,,,,,,,,,,,90.40103113092482,1.261704444885254,254797.5441344468,False,raw_refined_full,3363830.825318849,0.7526353384272387,False,pose_yaw_jump,8.95198824194642,True,False,False,temporal_xy,False,visual_chamfer_worse,7.152692593658474,-152.83911333738897,177.96088666261107
000025.jpg,,,,,,,,,,,,,,,,,,,,,,,,,,,,,,,,,,,,,90.40103113092482,1.241516351699829,254797.5441344468,False,refined_corrected_yaw,3363830.825318849,0.7554925431286391,True,ok,1.781725106610748,True,False,False,temporal_xy,True,ok,7.152692593658474,27.160886662611034,2.0391133373889545
000025.jpg,,,,,,,,,,,,,,,,,,,,,,,,,,,,,,,,,,,,,90.147319,1.241516351699829,254797.5441344468,False,refined_freeze_alt_corrected_yaw,3363830.825318849,0.7554925431286391,True,ok,1.7766508639922516,True,False,False,temporal_xy,True,ok,7.152692593658474,27.160886662611034,2.0391133373889545
000025.jpg,,,,,,,,,,,,,,,,,,,,,,,,,,,,,,,,,,,,,90.147319,1.2513008117675781,254797.5441344468,False,refined_freeze_alt_init_yaw,3363830.825318849,0.753219766661616,True,ok,1.746718008804669,True,False,False,temporal_xy,True,ok,7.152692593658474,28.179385999999994,1.0206139999999948
000025.jpg,,,,,,,,,,,,,,,,,,,,,,,,,,,,,,,,,,,,,90.147319,1.146480917930603,254800.94053965135,True,temporal_predicted,3363828.5554079455,0.7825061148509708,True,ok,1.2174938851490293,False,False,True,ok,True,ok,4.080535082289213,28.179385999999994,1.0206139999999948
000026.jpg,,,,,,,,,,,,,,,,,,,,,,,,,,,,,,,,,,,,,90.331136,1.1196060180664062,254801.42839965233,True,init,3363829.428329945,0.7860997194042737,True,disabled,1.2139002805957264,True,True,True,disabled,True,init,4.080525401788691,28.179385999999994,1.0206139999999948
000026.jpg,,,,,,,,,,,,,,,,,,,,,,,,,,,,,,,,,,,,,90.58624575380236,1.2787573337554932,254797.8328713511,False,raw_refined_full,3363832.080881984,0.7488236563781567,False,pose_yaw_jump,9.03947024320154,True,False,False,temporal_xy,False,visual_chamfer_worse,7.584035985244256,-152.84248526611245,177.9575147338876
000026.jpg,,,,,,,,,,,,,,,,,,,,,,,,,,,,,,,,,,,,,90.58624575380236,1.2512747049331665,254797.8328713511,False,refined_corrected_yaw,3363832.080881984,0.7568530110079862,True,ok,1.8535360428203183,True,False,False,temporal_xy,False,visual_chamfer_worse,7.584035985244256,27.157514733887552,2.042485266112436
000026.jpg,,,,,,,,,,,,,,,,,,,,,,,,,,,,,,,,,,,,,90.331136,1.2512747049331665,254797.8328713511,False,refined_freeze_alt_corrected_yaw,3363832.080881984,0.7568530110079862,True,ok,1.8484338477442712,True,False,False,temporal_xy,False,visual_chamfer_worse,7.584035985244256,27.157514733887552,2.042485266112436
000026.jpg,,,,,,,,,,,,,,,,,,,,,,,,,,,,,,,,,,,,,90.331136,1.2461040019989014,254797.8328713511,False,refined_freeze_alt_init_yaw,3363832.080881984,0.7535290308655299,True,ok,1.8062646536079972,True,False,False,temporal_xy,False,visual_chamfer_worse,7.584035985244256,28.179385999999994,1.0206139999999948
000026.jpg,,,,,,,,,,,,,,,,,,,,,,,,,,,,,,,,,,,,,90.331136,1.1196060180664062,254801.42839965233,True,temporal_predicted,3363829.428329945,0.7860997194042737,True,ok,1.2139002805957264,False,False,True,ok,True,ok,4.080525401788691,28.179385999999994,1.0206139999999948
000027.jpg,,,,,,,,,,,,,,,,,,,,,,,,,,,,,,,,,,,,,90.499621,1.1369154453277588,254801.91625965285,True,init,3363830.301251945,0.7814938684503902,True,disabled,1.21850613154961,True,True,True,disabled,True,init,4.08052679325025,28.179385999999994,1.0206139999999948
000027.jpg,,,,,,,,,,,,,,,,,,,,,,,,,,,,,,,,,,,,,91.15717577748,1.2228337526321411,254798.33295530314,False,raw_refined_full,3363832.4869145914,0.7641156797167027,False,pose_yaw_jump,8.935073432313057,True,False,False,temporal_xy,True,ok,7.166893780663073,-152.84383329466723,177.95616670533275
000027.jpg,,,,,,,,,,,,,,,,,,,,,,,,,,,,,,,,,,,,,91.15717577748,1.2376188039779663,254798.33295530314,False,refined_corrected_yaw,3363832.4869145914,0.7586071217784772,True,ok,1.8037770690337511,True,False,False,temporal_xy,True,ok,7.166893780663073,27.156166705332765,2.0438332946672233
000027.jpg,,,,,,,,,,,,,,,,,,,,,,,,,,,,,,,,,,,,,90.499621,1.2376188039779663,254798.33295530314,False,refined_freeze_alt_corrected_yaw,3363832.4869145914,0.7586071217784772,True,ok,1.7906259734841512,True,False,False,temporal_xy,True,ok,7.166893780663073,27.156166705332765,2.0438332946672233
000027.jpg,,,,,,,,,,,,,,,,,,,,,,,,,,,,,,,,,,,,,90.499621,1.2244800329208374,254798.33295530314,False,refined_freeze_alt_init_yaw,3363832.4869145914,0.7580606378560343,True,ok,1.7386871788355847,True,False,False,temporal_xy,True,ok,7.166893780663073,28.179385999999994,1.0206139999999948
000027.jpg,,,,,,,,,,,,,,,,,,,,,,,,,,,,,,,,,,,,,90.499621,1.1369154453277588,254801.91625965285,True,temporal_predicted,3363830.301251945,0.7814938684503902,True,ok,1.21850613154961,False,False,True,ok,True,ok,4.08052679325025,28.179385999999994,1.0206139999999948
000028.jpg,,,,,,,,,,,,,,,,,,,,,,,,,,,,,,,,,,,,,90.27106400000001,1.1080456972122192,254802.40411965284,True,init,3363831.174173944,0.7925013623978202,True,disabled,1.2074986376021797,True,True,True,disabled,True,init,4.080528192627586,28.179385999999994,1.0206139999999948
000028.jpg,,,,,,,,,,,,,,,,,,,,,,,,,,,,,,,,,,,,,90.83279313426465,1.2630999088287354,254799.0442860194,False,raw_refined_full,3363833.74599202,0.7506702997275204,False,pose_yaw_jump,9.01582581962011,True,False,False,temporal_xy,False,visual_chamfer_worse,7.4058189356716015,-152.84883780255538,177.95116219744466
000028.jpg,,,,,,,,,,,,,,,,,,,,,,,,,,,,,,,,,,,,,90.83279313426465,1.24591064453125,254799.0442860194,False,refined_corrected_yaw,3363833.74599202,0.7552479564032698,True,ok,1.844653475576761,True,False,False,temporal_xy,False,visual_chamfer_worse,7.4058189356716015,27.15116219744462,2.0488378025553686
000028.jpg,,,,,,,,,,,,,,,,,,,,,,,,,,,,,,,,,,,,,90.27106400000001,1.24591064453125,254799.0442860194,False,refined_freeze_alt_corrected_yaw,3363833.74599202,0.7552479564032698,True,ok,1.8334188928914683,True,False,False,temporal_xy,False,visual_chamfer_worse,7.4058189356716015,27.15116219744462,2.0488378025553686
000028.jpg,,,,,,,,,,,,,,,,,,,,,,,,,,,,,,,,,,,,,90.27106400000001,1.2326068878173828,254799.0442860194,False,refined_freeze_alt_init_yaw,3363833.74599202,0.755858310626703,True,ok,1.779673081105496,True,False,False,temporal_xy,False,visual_chamfer_worse,7.4058189356716015,28.179385999999994,1.0206139999999948
000028.jpg,,,,,,,,,,,,,,,,,,,,,,,,,,,,,,,,,,,,,90.27106400000001,1.1080456972122192,254802.40411965284,True,temporal_predicted,3363831.174173944,0.7925013623978202,True,ok,1.2074986376021797,False,False,True,ok,True,ok,4.080528192627586,28.179385999999994,1.0206139999999948
000029.jpg,,,,,,,,,,,,,,,,,,,,,,,,,,,,,,,,,,,,,90.25454500000001,1.124672532081604,254802.89197965356,True,init,3363832.0470959437,0.7840862356328059,True,disabled,1.215913764367194,True,True,True,disabled,True,init,4.080529552811783,28.179385999999994,1.0206139999999948
000029.jpg,,,,,,,,,,,,,,,,,,,,,,,,,,,,,,,,,,,,,90.80648418981582,1.2417430877685547,254799.48047749346,False,raw_refined_full,3363834.1913979496,0.7588259486136063,False,pose_yaw_jump,8.948439554132314,True,False,False,temporal_xy,False,visual_chamfer_worse,7.04849938007619,-152.83633032419544,177.96366967580457
000029.jpg,,,,,,,,,,,,,,,,,,,,,,,,,,,,,,,,,,,,,90.80648418981582,1.2316925525665283,254799.48047749346,False,refined_corrected_yaw,3363834.1913979496,0.7600597415528475,True,ok,1.7897081936190513,True,False,False,temporal_xy,False,visual_chamfer_worse,7.04849938007619,27.163669675804556,2.0363303241954327
000029.jpg,,,,,,,,,,,,,,,,,,,,,,,,,,,,,,,,,,,,,90.25454500000001,1.2316925525665283,254799.48047749346,False,refined_freeze_alt_corrected_yaw,3363834.1913979496,0.7600597415528475,True,ok,1.7786694098227351,True,False,False,temporal_xy,False,visual_chamfer_worse,7.04849938007619,27.163669675804556,2.0363303241954327
000029.jpg,,,,,,,,,,,,,,,,,,,,,,,,,,,,,,,,,,,,,90.25454500000001,1.2256816625595093,254799.48047749346,False,refined_freeze_alt_init_yaw,3363834.1913979496,0.7589125305742549,True,ok,1.733843398782914,True,False,False,temporal_xy,True,ok,7.04849938007619,28.179385999999994,1.0206139999999948
000029.jpg,,,,,,,,,,,,,,,,,,,,,,,,,,,,,,,,,,,,,90.25454500000001,1.124672532081604,254802.89197965356,True,temporal_predicted,3363832.0470959437,0.7840862356328059,True,ok,1.215913764367194,False,False,True,ok,True,ok,4.080529552811783,28.179385999999994,1.0206139999999948
000030.jpg,,,,,,,,,,,,,,,,,,,,,,,,,,,,,,,,,,,,,90.198407,1.115399718284607,254803.37983965498,True,init,3363832.9200179437,0.7894633721563078,True,disabled,1.2105366278436922,True,True,True,disabled,True,init,4.080530896649259,28.179385999999994,1.0206139999999948
000030.jpg,,,,,,,,,,,,,,,,,,,,,,,,,,,,,,,,,,,,,90.12574102077633,1.245885968208313,254800.08746759433,False,raw_refined_full,3363835.685320769,0.7566126047676064,False,pose_yaw_jump,8.985829081928392,True,False,False,temporal_xy,False,visual_chamfer_worse,7.551322356326033,-152.84578227432507,177.95421772567494
000030.jpg,,,,,,,,,,,,,,,,,,,,,,,,,,,,,,,,,,,,,90.12574102077633,1.2370017766952515,254800.08746759433,False,refined_corrected_yaw,3363835.685320769,0.7571350821813432,True,ok,1.8243066476024266,True,False,False,temporal_xy,False,visual_chamfer_worse,7.551322356326033,27.154217725674926,2.045782274325063
000030.jpg,,,,,,,,,,,,,,,,,,,,,,,,,,,,,,,,,,,,,90.198407,1.2370017766952515,254800.08746759433,False,refined_freeze_alt_corrected_yaw,3363835.685320769,0.7571350821813432,True,ok,1.822853328017953,True,False,False,temporal_xy,False,visual_chamfer_worse,7.551322356326033,27.154217725674926,2.045782274325063
000030.jpg,,,,,,,,,,,,,,,,,,,,,,,,,,,,,,,,,,,,,90.198407,1.256394624710083,254800.08746759433,False,refined_freeze_alt_init_yaw,3363835.685320769,0.7484488951779689,True,ok,1.8079192399501212,True,False,False,temporal_xy,False,visual_chamfer_worse,7.551322356326033,28.179385999999994,1.0206139999999948
000030.jpg,,,,,,,,,,,,,,,,,,,,,,,,,,,,,,,,,,,,,90.198407,1.115399718284607,254803.37983965498,True,temporal_predicted,3363832.9200179437,0.7894633721563078,True,ok,1.2105366278436922,False,False,True,ok,True,ok,4.080530896649259,28.179385999999994,1.0206139999999948
000031.jpg,,,,,,,,,,,,,,,,,,,,,,,,,,,,,,,,,,,,,90.128158,1.14634370803833,254803.86769965597,True,init,3363833.7929399433,0.7786069112128245,True,disabled,1.2213930887871753,True,True,True,disabled,True,init,4.080532223731527,28.179385999999994,1.0206139999999948
000031.jpg,,,,,,,,,,,,,,,,,,,,,,,,,,,,,,,,,,,,,90.23598910868168,1.227553367614746,254800.8207714293,False,raw_refined_full,3363836.309327739,0.7579340115837654,False,pose_yaw_jump,8.900535030945337,True,False,False,temporal_xy,True,ok,7.222980699463666,-152.84946755615553,177.9505324438445
000031.jpg,,,,,,,,,,,,,,,,,,,,,,,,,,,,,,,,,,,,,90.23598910868168,1.2208778858184814,254800.8207714293,False,refined_corrected_yaw,3363836.309327739,0.7639862036052842,True,ok,1.739514195257694,True,False,False,temporal_xy,True,ok,7.222980699463666,27.15053244384447,2.04946755615552
000031.jpg,,,,,,,,,,,,,,,,,,,,,,,,,,,,,,,,,,,,,90.128158,1.2208778858184814,254800.8207714293,False,refined_freeze_alt_corrected_yaw,3363836.309327739,0.7639862036052842,True,ok,1.7373575730840602,True,False,False,temporal_xy,True,ok,7.222980699463666,27.15053244384447,2.04946755615552
000031.jpg,,,,,,,,,,,,,,,,,,,,,,,,,,,,,,,,,,,,,90.128158,1.2106064558029175,254800.8207714293,False,refined_freeze_alt_init_yaw,3363836.309327739,0.7647237467190178,True,ok,1.6865057216381933,True,False,False,temporal_xy,True,ok,7.222980699463666,28.179385999999994,1.0206139999999948
000031.jpg,,,,,,,,,,,,,,,,,,,,,,,,,,,,,,,,,,,,,90.128158,1.14634370803833,254803.86769965597,True,temporal_predicted,3363833.7929399433,0.7786069112128245,True,ok,1.2213930887871753,False,False,True,ok,True,ok,4.080532223731527,28.179385999999994,1.0206139999999948
000032.jpg,,,,,,,,,,,,,,,,,,,,,,,,,,,,,,,,,,,,,90.087839,1.1222702264785767,254804.35555965634,True,init,3363834.6658619423,0.7880735152206334,True,disabled,1.2119264847793665,True,True,True,disabled,True,init,4.080533535797671,28.179385999999994,1.0206139999999948
000032.jpg,,,,,,,,,,,,,,,,,,,,,,,,,,,,,,,,,,,,,90.24439332727343,1.2335149049758911,254801.00266773175,False,raw_refined_full,3363837.1128333188,0.7615580314062637,False,pose_yaw_jump,8.947151055460541,True,False,False,temporal_xy,False,visual_chamfer_worse,7.29081162638565,-152.84437713056994,177.95562286943004
000032.jpg,,,,,,,,,,,,,,,,,,,,,,,,,,,,,,,,,,,,,90.24439332727343,1.2245292663574219,254801.00266773175,False,refined_corrected_yaw,3363837.1128333188,0.7619966663742433,True,ok,1.7882879337606583,True,False,False,temporal_xy,True,ok,7.29081162638565,27.15562286943006,2.044377130569927
000032.jpg,,,,,,,,,,,,,,,,,,,,,,,,,,,,,,,,,,,,,90.087839,1.2245292663574219,254801.00266773175,False,refined_freeze_alt_corrected_yaw,3363837.1128333188,0.7619966663742433,True,ok,1.7851568472151897,True,False,False,temporal_xy,True,ok,7.29081162638565,27.15562286943006,2.044377130569927
000032.jpg,,,,,,,,,,,,,,,,,,,,,,,,,,,,,,,,,,,,,90.087839,1.254896640777588,254801.00266773175,False,refined_freeze_alt_init_yaw,3363837.1128333188,0.7496052285288183,True,ok,1.7836566389773378,True,False,False,temporal_xy,False,visual_chamfer_worse,7.29081162638565,28.179385999999994,1.0206139999999948
000032.jpg,,,,,,,,,,,,,,,,,,,,,,,,,,,,,,,,,,,,,90.087839,1.1222702264785767,254804.35555965634,True,temporal_predicted,3363834.6658619423,0.7880735152206334,True,ok,1.2119264847793665,False,False,True,ok,True,ok,4.080533535797671,28.179385999999994,1.0206139999999948
000033.jpg,,,,,,,,,,,,,,,,,,,,,,,,,,,,,,,,,,,,,89.985569,1.1482875347137451,254804.84341965633,True,init,3363835.5387839423,0.7796277731770038,True,disabled,1.2203722268229962,True,True,True,disabled,True,init,4.080534831544769,28.179385999999994,1.0206139999999948
000033.jpg,,,,,,,,,,,,,,,,,,,,,,,,,,,,,,,,,,,,,90.34269181732088,1.2297765016555786,254801.35520261322,False,raw_refined_full,3363838.1033754596,0.7645905069084252,False,pose_yaw_jump,8.939937588154411,True,False,False,temporal_xy,True,ok,7.456743684361093,-152.8378826014863,177.96211739851367
000033.jpg,,,,,,,,,,,,,,,,,,,,,,,,,,,,,,,,,,,,,90.34269181732088,1.2090680599212646,254801.35520261322,False,refined_corrected_yaw,3363838.1033754596,0.7645251274898662,True,ok,1.7691920360594409,True,False,False,temporal_xy,True,ok,7.456743684361093,27.162117398513686,2.0378826014863023
000033.jpg,,,,,,,,,,,,,,,,,,,,,,,,,,,,,,,,,,,,,89.985569,1.2090680599212646,254801.35520261322,False,refined_freeze_alt_corrected_yaw,3363838.1033754596,0.7645251274898662,True,ok,1.7620495797130233,True,False,False,temporal_xy,True,ok,7.456743684361093,27.162117398513686,2.0378826014863023
000033.jpg,,,,,,,,,,,,,,,,,,,,,,,,,,,,,,,,,,,,,89.985569,1.2797040939331055,254801.35520261322,False,refined_freeze_alt_init_yaw,3363838.1033754596,0.7471995815717212,True,ok,1.8001986207116976,True,False,False,temporal_xy,False,visual_chamfer_worse,7.456743684361093,28.179385999999994,1.0206139999999948
000033.jpg,,,,,,,,,,,,,,,,,,,,,,,,,,,,,,,,,,,,,89.985569,1.1482875347137451,254804.84341965633,True,temporal_predicted,3363835.5387839423,0.7796277731770038,True,ok,1.2203722268229962,False,False,True,ok,True,ok,4.080534831544769,28.179385999999994,1.0206139999999948
000034.jpg,,,,,,,,,,,,,,,,,,,,,,,,,,,,,,,,,,,,,90.057133,1.1346293687820435,254805.33127965583,True,init,3363836.411705942,0.7866716063373068,True,disabled,1.2133283936626933,True,True,True,disabled,True,init,4.080525020740469,28.179385999999994,1.0206139999999948
000034.jpg,,,,,,,,,,,,,,,,,,,,,,,,,,,,,,,,,,,,,90.0767233222723,1.2096929550170898,254802.17674696574,False,raw_refined_full,3363839.0883885897,0.7668402815612265,False,pose_yaw_jump,8.905807394582997,True,False,False,temporal_xy,True,ok,7.4132838929611555,-152.8414243228405,177.9585756771595
000034.jpg,,,,,,,,,,,,,,,,,,,,,,,,,,,,,,,,,,,,,90.0767233222723,1.2325242757797241,254802.17674696574,False,refined_corrected_yaw,3363839.0883885897,0.7631355285810796,True,ok,1.7780792147957007,True,False,False,temporal_xy,True,ok,7.4132838929611555,27.15857567715949,2.0414243228404985
000034.jpg,,,,,,,,,,,,,,,,,,,,,,,,,,,,,,,,,,,,,90.057133,1.2325242757797241,254802.17674696574,False,refined_freeze_alt_corrected_yaw,3363839.0883885897,0.7631355285810796,True,ok,1.7776874083502547,True,False,False,temporal_xy,True,ok,7.4132838929611555,27.15857567715949,2.0414243228404985
000034.jpg,,,,,,,,,,,,,,,,,,,,,,,,,,,,,,,,,,,,,90.057133,1.2432037591934204,254802.17674696574,False,refined_freeze_alt_init_yaw,3363839.0883885897,0.750713709765293,True,ok,1.7586891243049632,True,False,False,temporal_xy,False,visual_chamfer_worse,7.4132838929611555,28.179385999999994,1.0206139999999948
000034.jpg,,,,,,,,,,,,,,,,,,,,,,,,,,,,,,,,,,,,,90.057133,1.1346293687820435,254805.33127965583,True,temporal_predicted,3363836.411705942,0.7866716063373068,True,ok,1.2133283936626933,False,False,True,ok,True,ok,4.080525020740469,28.179385999999994,1.0206139999999948
000035.jpg,,,,,,,,,,,,,,,,,,,,,,,,,,,,,,,,,,,,,90.01893199999999,1.1082558631896973,254805.81913965603,True,init,3363837.284627941,0.7921274155504101,True,disabled,1.20787258444959,True,True,True,disabled,True,init,4.080526285215916,28.179385999999994,1.0206139999999948
000035.jpg,,,,,,,,,,,,,,,,,,,,,,,,,,,,,,,,,,,,,90.16468649823219,1.2117441892623901,254802.48243149914,False,raw_refined_full,3363839.531840752,0.7632598299106274,False,pose_yaw_jump,8.925413697157616,True,False,False,temporal_xy,True,ok,7.105172887028373,-152.83584605952,177.96415394048
000035.jpg,,,,,,,,,,,,,,,,,,,,,,,,,,,,,,,,,,,,,90.16468649823219,1.236965298652649,254802.48243149914,False,refined_corrected_yaw,3363839.531840752,0.7614853606284218,True,ok,1.8004642323321016,True,False,False,temporal_xy,False,visual_chamfer_worse,7.105172887028373,27.16415394047999,2.035846059519997
000035.jpg,,,,,,,,,,,,,,,,,,,,,,,,,,,,,,,,,,,,,90.01893199999999,1.236965298652649,254802.48243149914,False,refined_freeze_alt_corrected_yaw,3363839.531840752,0.7614853606284218,True,ok,1.7975491423674579,True,False,False,temporal_xy,False,visual_chamfer_worse,7.105172887028373,27.16415394047999,2.035846059519997
000035.jpg,,,,,,,,,,,,,,,,,,,,,,,,,,,,,,,,,,,,,90.01893199999999,1.227913498878479,254802.48243149914,False,refined_freeze_alt_init_yaw,3363839.531840752,0.7569193482071368,True,ok,1.7533382641192596,True,False,False,temporal_xy,False,visual_chamfer_worse,7.105172887028373,28.179385999999994,1.0206139999999948
000035.jpg,,,,,,,,,,,,,,,,,,,,,,,,,,,,,,,,,,,,,90.01893199999999,1.1082558631896973,254805.81913965603,True,temporal_predicted,3363837.284627941,0.7921274155504101,True,ok,1.20787258444959,False,False,True,ok,True,ok,4.080526285215916,28.179385999999994,1.0206139999999948
000036.jpg,,,,,,,,,,,,,,,,,,,,,,,,,,,,,,,,,,,,,90.02107899999999,1.1378650665283203,254806.30699965567,True,init,3363838.157549941,0.788654760096352,True,disabled,1.211345239903648,True,True,True,disabled,True,init,4.080527533337834,28.179385999999994,1.0206139999999948
000036.jpg,,,,,,,,,,,,,,,,,,,,,,,,,,,,,,,,,,,,,90.16555148363113,1.2217210531234741,254802.97845782884,False,raw_refined_full,3363840.523875375,0.7625051539680129,False,pose_yaw_jump,8.913790327067927,True,False,False,temporal_xy,True,ok,7.207777276776984,-152.83330788843932,177.9666921115607
000036.jpg,,,,,,,,,,,,,,,,,,,,,,,,,,,,,,,,,,,,,90.16555148363113,1.228590488433838,254802.97845782884,False,refined_corrected_yaw,3363840.523875375,0.7585772878192748,True,ok,1.7729484200357675,True,False,False,temporal_xy,False,visual_overlap_worse,7.207777276776984,27.16669211156068,2.0333078884393103
000036.jpg,,,,,,,,,,,,,,,,,,,,,,,,,,,,,,,,,,,,,90.02107899999999,1.228590488433838,254802.97845782884,False,refined_freeze_alt_corrected_yaw,3363840.523875375,0.7585772878192748,True,ok,1.7700589703631446,True,False,False,temporal_xy,False,visual_overlap_worse,7.207777276776984,27.16669211156068,2.0333078884393103
000036.jpg,,,,,,,,,,,,,,,,,,,,,,,,,,,,,,,,,,,,,90.02107899999999,1.244073748588562,254802.97845782884,False,refined_freeze_alt_init_yaw,3363840.523875375,0.7573620364141403,True,ok,1.74437375641843,True,False,False,temporal_xy,False,visual_overlap_worse,7.207777276776984,28.179385999999994,1.0206139999999948
000036.jpg,,,,,,,,,,,,,,,,,,,,,,,,,,,,,,,,,,,,,90.02107899999999,1.1378650665283203,254806.30699965567,True,temporal_predicted,3363838.157549941,0.788654760096352,True,ok,1.211345239903648,False,False,True,ok,True,ok,4.080527533337834,28.179385999999994,1.0206139999999948
000037.jpg,,,,,,,,,,,,,,,,,,,,,,,,,,,,,,,,,,,,,90.09817099999998,1.115254521369934,254806.79485965613,True,init,3363839.03047194,0.7907371953449351,True,disabled,1.2092628046550649,True,True,True,disabled,True,init,4.080528765113519,28.179385999999994,1.0206139999999948
000037.jpg,,,,,,,,,,,,,,,,,,,,,,,,,,,,,,,,,,,,,90.40783003158867,1.2163631916046143,254803.40118462333,False,raw_refined_full,3363841.24301206,0.7656118914965474,False,pose_yaw_jump,8.927626350559851,True,False,False,temporal_xy,True,ok,7.100544392188244,-152.83515417535187,177.96484582464814
000037.jpg,,,,,,,,,,,,,,,,,,,,,,,,,,,,,,,,,,,,,90.40783003158867,1.2442997694015503,254803.40118462333,False,refined_corrected_yaw,3363841.24301206,0.7598683502914794,True,ok,1.8077374324354587,True,False,False,temporal_xy,False,visual_chamfer_worse,7.100544392188244,27.164845824648125,2.035154175351863
000037.jpg,,,,,,,,,,,,,,,,,,,,,,,,,,,,,,,,,,,,,90.09817099999998,1.2442704439163208,254803.40118462333,False,refined_freeze_alt_corrected_yaw,3363841.2430120595,0.7598683502914794,True,ok,1.8015179568969792,True,False,False,temporal_xy,False,visual_chamfer_worse,7.100544391775623,27.164845824648125,2.035154175351863
000037.jpg,,,,,,,,,,,,,,,,,,,,,,,,,,,,,,,,,,,,,90.09817099999998,1.2175740003585815,254803.40118462333,False,refined_freeze_alt_init_yaw,3363841.2430120595,0.7615677501236905,True,ok,1.7352994155720647,True,False,False,temporal_xy,True,ok,7.100544391775623,28.179385999999994,1.0206139999999948
000037.jpg,,,,,,,,,,,,,,,,,,,,,,,,,,,,,,,,,,,,,90.09817099999998,1.115254521369934,254806.79485965613,True,temporal_predicted,3363839.03047194,0.7907371953449351,True,ok,1.2092628046550649,False,False,True,ok,True,ok,4.080528765113519,28.179385999999994,1.0206139999999948
000038.jpg,,,,,,,,,,,,,,,,,,,,,,,,,,,,,,,,,,,,,90.23438999999998,1.1040667295455933,254807.28271965598,True,init,3363839.9033939405,0.792589548364769,True,disabled,1.2074104516352309,True,True,True,disabled,True,init,4.080530006265118,28.179385999999994,1.0206139999999948
000038.jpg,,,,,,,,,,,,,,,,,,,,,,,,,,,,,,,,,,,,,90.41813426744193,1.2527260780334473,254803.6291202462,False,raw_refined_full,3363842.572916519,0.7569865028551652,False,pose_yaw_jump,9.029571827529557,True,False,False,temporal_xy,False,visual_chamfer_worse,7.625969035908253,-152.83181596955762,177.9681840304424
000038.jpg,,,,,,,,,,,,,,,,,,,,,,,,,,,,,,,,,,,,,90.41813426744193,1.247973918914795,254803.6291202462,False,refined_corrected_yaw,3363842.572916519,0.7554940301090154,True,ok,1.8714664053669456,True,False,False,temporal_xy,False,visual_chamfer_worse,7.625969035908253,27.168184030442376,2.031815969557613
000038.jpg,,,,,,,,,,,,,,,,,,,,,,,,,,,,,,,,,,,,,90.23438999999998,1.247973918914795,254803.62912024613,False,refined_freeze_alt_corrected_yaw,3363842.5729165184,0.7554940301090154,True,ok,1.8677915199953345,True,False,False,temporal_xy,False,visual_chamfer_worse,7.6259690355232586,27.168184030442376,2.031815969557613
000038.jpg,,,,,,,,,,,,,,,,,,,,,,,,,,,,,,,,,,,,,90.23438999999998,1.2272721529006958,254803.62912024613,False,refined_freeze_alt_init_yaw,3363842.5729165184,0.7571811732133588,True,ok,1.8069058318007132,True,False,False,temporal_xy,False,visual_chamfer_worse,7.6259690355232586,28.179385999999994,1.0206139999999948
000038.jpg,,,,,,,,,,,,,,,,,,,,,,,,,,,,,,,,,,,,,90.23438999999998,1.1040667295455933,254807.28271965598,True,temporal_predicted,3363839.9033939405,0.792589548364769,True,ok,1.2074104516352309,False,False,True,ok,True,ok,4.080530006265118,28.179385999999994,1.0206139999999948
000039.jpg,,,,,,,,,,,,,,,,,,,,,,,,,,,,,,,,,,,,,90.34764799999998,1.1328867673873901,254807.7705796555,True,init,3363840.776315941,0.7854208566904874,True,disabled,1.2145791433095126,True,True,True,disabled,True,init,4.0805312086019745,28.179385999999994,1.0206139999999948
000039.jpg,,,,,,,,,,,,,,,,,,,,,,,,,,,,,,,,,,,,,90.74101642332971,1.2362490892410278,254804.5090479501,False,raw_refined_full,3363843.413287462,0.7604090889640122,False,pose_yaw_jump,8.952344633392737,True,False,False,temporal_xy,True,ok,7.42201950262559,-152.82906293606214,177.97093706393787
000039.jpg,,,,,,,,,,,,,,,,,,,,,,,,,,,,,,,,,,,,,90.74101642332971,1.2330663204193115,254804.5090479501,False,refined_corrected_yaw,3363843.413287462,0.7557019983739142,True,ok,1.8003506332767834,True,False,False,temporal_xy,True,ok,7.42201950262559,27.170937063937856,2.0290629360621324
000039.jpg,,,,,,,,,,,,,,,,,,,,,,,,,,,,,,,,,,,,,90.34764799999998,1.2330663204193115,254804.50904795004,False,refined_freeze_alt_corrected_yaw,3363843.413287461,0.7557019983739142,True,ok,1.7924832647268838,True,False,False,temporal_xy,True,ok,7.422019501386227,27.170937063937856,2.0290629360621324
000039.jpg,,,,,,,,,,,,,,,,,,,,,,,,,,,,,,,,,,,,,90.34764799999998,1.2434641122817993,254804.50904795004,False,refined_freeze_alt_init_yaw,3363843.413287461,0.7559159570371005,True,ok,1.7611094873035684,True,False,False,temporal_xy,False,visual_chamfer_worse,7.422019501386227,28.179385999999994,1.0206139999999948
000039.jpg,,,,,,,,,,,,,,,,,,,,,,,,,,,,,,,,,,,,,90.34764799999998,1.1328867673873901,254807.7705796555,True,temporal_predicted,3363840.776315941,0.7854208566904874,True,ok,1.2145791433095126,False,False,True,ok,True,ok,4.0805312086019745,28.179385999999994,1.0206139999999948
000040.jpg,,,,,,,,,,,,,,,,,,,,,,,,,,,,,,,,,,,,,90.69768399999998,1.1141728162765503,254808.25843965568,True,init,3363841.6492379406,0.7893490104873269,True,disabled,1.2106509895126731,True,True,True,disabled,True,init,4.080532393250328,28.179385999999994,1.0206139999999948
000040.jpg,,,,,,,,,,,,,,,,,,,,,,,,,,,,,,,,,,,,,90.76761524565518,1.2242681980133057,254804.61619683867,False,raw_refined_full,3363844.062782369,0.7607511251803519,False,pose_yaw_jump,8.970721370900367,True,False,False,temporal_xy,False,visual_chamfer_worse,7.394955356829413,-152.83121697611307,177.96878302388694
000040.jpg,,,,,,,,,,,,,,,,,,,,,,,,,,,,,,,,,,,,,90.76761524565518,1.2094959020614624,254804.61619683867,False,refined_corrected_yaw,3363844.062782369,0.7660701595710318,True,ok,1.7982415821230457,True,False,False,temporal_xy,True,ok,7.394955356829413,27.16878302388693,2.0312169761130576
000040.jpg,,,,,,,,,,,,,,,,,,,,,,,,,,,,,,,,,,,,,90.69768399999998,1.2094959020614624,254804.61619683867,False,refined_freeze_alt_corrected_yaw,3363844.062782369,0.7660701595710318,True,ok,1.7968429572099418,True,False,False,temporal_xy,True,ok,7.394955356829413,27.16878302388693,2.0312169761130576
000040.jpg,,,,,,,,,,,,,,,,,,,,,,,,,,,,,,,,,,,,,90.69768399999998,1.2364858388900757,254804.61619683867,False,refined_freeze_alt_init_yaw,3363844.062782369,0.7546137778064905,True,ok,1.7920994124738163,True,False,False,temporal_xy,False,visual_chamfer_worse,7.394955356829413,28.179385999999994,1.0206139999999948
000040.jpg,,,,,,,,,,,,,,,,,,,,,,,,,,,,,,,,,,,,,90.69768399999998,1.1141728162765503,254808.25843965568,True,temporal_predicted,3363841.6492379406,0.7893490104873269,True,ok,1.2106509895126731,False,False,True,ok,True,ok,4.080532393250328,28.179385999999994,1.0206139999999948
000041.jpg,,,,,,,,,,,,,,,,,,,,,,,,,,,,,,,,,,,,,90.78752699999998,1.1333478689193726,254808.74629965654,True,init,3363842.522159941,0.7840506600837179,True,disabled,1.215949339916282,True,True,True,disabled,True,init,4.08053356204296,28.179385999999994,1.0206139999999948
000041.jpg,,,,,,,,,,,,,,,,,,,,,,,,,,,,,,,,,,,,,90.91848005540669,1.2119728326797485,254805.17608862894,False,raw_refined_full,3363845.2679396523,0.7654609852956961,False,pose_yaw_jump,8.952267625861941,True,False,False,temporal_xy,True,ok,7.6554086554561955,-152.84433113874886,177.95566886125118
000041.jpg,,,,,,,,,,,,,,,,,,,,,,,,,,,,,,,,,,,,,90.91848005540669,1.2338351011276245,254805.17608862894,False,refined_corrected_yaw,3363845.2679396523,0.7594504668884834,True,ok,1.8231779838578144,True,False,False,temporal_xy,True,ok,7.6554086554561955,27.155668861251144,2.044331138748845
000041.jpg,,,,,,,,,,,,,,,,,,,,,,,,,,,,,,,,,,,,,90.78752699999998,1.2338351011276245,254805.17608862894,False,refined_freeze_alt_corrected_yaw,3363845.2679396523,0.7594504668884834,True,ok,1.8205589227496801,True,False,False,temporal_xy,True,ok,7.6554086554561955,27.155668861251144,2.044331138748845
000041.jpg,,,,,,,,,,,,,,,,,,,,,,,,,,,,,,,,,,,,,90.78752699999998,1.2035421133041382,254805.17608862894,False,refined_freeze_alt_init_yaw,3363845.2679396523,0.7631426424814854,True,ok,1.749189297513869,True,False,False,temporal_xy,True,ok,7.6554086554561955,28.179385999999994,1.0206139999999948
000041.jpg,,,,,,,,,,,,,,,,,,,,,,,,,,,,,,,,,,,,,90.78752699999998,1.1333478689193726,254808.74629965654,True,temporal_predicted,3363842.522159941,0.7840506600837179,True,ok,1.215949339916282,False,False,True,ok,True,ok,4.08053356204296,28.179385999999994,1.0206139999999948
000042.jpg,,,,,,,,,,,,,,,,,,,,,,,,,,,,,,,,,,,,,90.68831199999998,1.1006572246551514,254809.234159657,True,init,3363843.3950819415,0.7947316317307278,True,disabled,1.2052683682692722,True,True,True,disabled,True,init,4.0805347139902945,28.179385999999994,1.0206139999999948
000042.jpg,,,,,,,,,,,,,,,,,,,,,,,,,,,,,,,,,,,,,90.9588480964303,1.2130941152572632,254805.71243330804,False,raw_refined_full,3363845.6787221585,0.7667757069685361,False,pose_yaw_jump,8.953345208832445,True,False,False,temporal_xy,False,visual_chamfer_worse,7.2233470108122555,-152.8413315812782,177.9586684187218
000042.jpg,,,,,,,,,,,,,,,,,,,,,,,,,,,,,,,,,,,,,90.9588480964303,1.2269268035888672,254805.71243330804,False,refined_corrected_yaw,3363845.6787221585,0.7609865277837559,True,ok,1.8197077607028502,True,False,False,temporal_xy,False,visual_chamfer_worse,7.2233470108122555,27.15866841872179,2.0413315812782002
000042.jpg,,,,,,,,,,,,,,,,,,,,,,,,,,,,,,,,,,,,,90.68831199999998,1.2272239923477173,254805.71243330804,False,refined_freeze_alt_corrected_yaw,3363845.678722158,0.7608358799982783,True,ok,1.8147176968084235,True,False,False,temporal_xy,False,visual_chamfer_worse,7.223347010402065,27.15866841872179,2.0413315812782002
000042.jpg,,,,,,,,,,,,,,,,,,,,,,,,,,,,,,,,,,,,,90.68831199999998,1.2344458103179932,254805.71243330804,False,refined_freeze_alt_init_yaw,3363845.678722158,0.7539706452029441,True,ok,1.7873155971498393,True,False,False,temporal_xy,False,visual_chamfer_worse,7.223347010402065,28.179385999999994,1.0206139999999948
000042.jpg,,,,,,,,,,,,,,,,,,,,,,,,,,,,,,,,,,,,,90.68831199999998,1.1006572246551514,254809.234159657,True,temporal_predicted,3363843.3950819415,0.7947316317307278,True,ok,1.2052683682692722,False,False,True,ok,True,ok,4.0805347139902945,28.179385999999994,1.0206139999999948
000043.jpg,,,,,,,,,,,,,,,,,,,,,,,,,,,,,,,,,,,,,90.59288399999998,1.0992543697357178,254809.7220196569,True,init,3363844.268003942,0.791930636338083,True,disabled,1.208069363661917,True,True,True,disabled,True,init,4.080524763198969,28.179385999999994,1.0206139999999948
000043.jpg,,,,,,,,,,,,,,,,,,,,,,,,,,,,,,,,,,,,,90.67401653062552,1.234175443649292,254806.37955360612,False,raw_refined_full,3363846.727228765,0.7580704447663733,False,pose_yaw_jump,8.975258024147909,True,False,False,temporal_xy,False,visual_chamfer_worse,7.2971363193989,-152.83886826727462,177.9611317327254
000043.jpg,,,,,,,,,,,,,,,,,,,,,,,,,,,,,,,,,,,,,90.67401653062552,1.2253881692886353,254806.37955360612,False,refined_corrected_yaw,3363846.727228765,0.7603191420355034,True,ok,1.8117468132995993,True,False,False,temporal_xy,False,visual_chamfer_worse,7.2971363193989,27.16113173272538,2.0388682672746086
000043.jpg,,,,,,,,,,,,,,,,,,,,,,,,,,,,,,,,,,,,,90.59288399999998,1.2253881692886353,254806.37955360612,False,refined_freeze_alt_corrected_yaw,3363846.727228765,0.7603191420355034,True,ok,1.8101241626870885,True,False,False,temporal_xy,False,visual_chamfer_worse,7.2971363193989,27.16113173272538,2.0388682672746086
000043.jpg,,,,,,,,,,,,,,,,,,,,,,,,,,,,,,,,,,,,,90.59288399999998,1.2093086242675781,254806.37955360612,False,refined_freeze_alt_init_yaw,3363846.727228765,0.7589353283314234,True,ok,1.7561501221869285,True,False,False,temporal_xy,False,visual_chamfer_worse,7.2971363193989,28.179385999999994,1.0206139999999948
000043.jpg,,,,,,,,,,,,,,,,,,,,,,,,,,,,,,,,,,,,,90.59288399999998,1.0992543697357178,254809.7220196569,True,temporal_predicted,3363844.268003942,0.791930636338083,True,ok,1.208069363661917,False,False,True,ok,True,ok,4.080524763198969,28.179385999999994,1.0206139999999948
000044.jpg,,,,,,,,,,,,,,,,,,,,,,,,,,,,,,,,,,,,,90.51091399999999,1.1463499069213867,254810.2098796588,True,init,3363845.1409259425,0.7826424870466321,True,disabled,1.217357512953368,True,True,True,disabled,True,init,4.0805258843717365,28.179385999999994,1.0206139999999948
000044.jpg,,,,,,,,,,,,,,,,,,,,,,,,,,,,,,,,,,,,,90.72076025884598,1.2424041032791138,254806.84497732765,False,raw_refined_full,3363847.617510427,0.7598661485319517,False,pose_yaw_jump,8.941080817844602,True,False,False,temporal_xy,True,ok,7.322664049196603,-152.82988147818864,177.9701185218114
000044.jpg,,,,,,,,,,,,,,,,,,,,,,,,,,,,,,,,,,,,,90.72076025884598,1.23917555809021,254806.84497732765,False,refined_corrected_yaw,3363847.617510427,0.7586139896373058,True,ok,1.7847328475941289,True,False,False,temporal_xy,True,ok,7.322664049196603,27.17011852181136,2.029881478188628
000044.jpg,,,,,,,,,,,,,,,,,,,,,,,,,,,,,,,,,,,,,90.51091399999999,1.2392051219940186,254806.84497732765,False,refined_freeze_alt_corrected_yaw,3363847.617510426,0.7586139896373058,True,ok,1.7805617119604762,True,False,False,temporal_xy,True,ok,7.322664048362809,27.17011852181136,2.029881478188628
000044.jpg,,,,,,,,,,,,,,,,,,,,,,,,,,,,,,,,,,,,,90.51091399999999,1.2153093814849854,254806.84497732765,False,refined_freeze_alt_init_yaw,3363847.617510426,0.7596070811744386,True,ok,1.7183528543884288,True,False,False,temporal_xy,True,ok,7.322664048362809,28.179385999999994,1.0206139999999948
000044.jpg,,,,,,,,,,,,,,,,,,,,,,,,,,,,,,,,,,,,,90.51091399999999,1.1463499069213867,254810.2098796588,True,temporal_predicted,3363845.1409259425,0.7826424870466321,True,ok,1.217357512953368,False,False,True,ok,True,ok,4.0805258843717365,28.179385999999994,1.0206139999999948
000045.jpg,,,,,,,,,,,,,,,,,,,,,,,,,,,,,,,,,,,,,90.49958599999998,1.1358530521392822,254810.69773965896,True,init,3363846.0138479425,0.7854198588600902,True,disabled,1.2145801411399098,True,True,True,disabled,True,init,4.080526989658786,28.179385999999994,1.0206139999999948
000045.jpg,,,,,,,,,,,,,,,,,,,,,,,,,,,,,,,,,,,,,90.74118284601718,1.2302823066711426,254807.1840718068,False,raw_refined_full,3363848.3706088,0.7630187539115609,False,pose_yaw_jump,8.942078558863656,True,False,False,temporal_xy,True,ok,7.284055364318786,-152.83234959403956,177.96765040596046
000045.jpg,,,,,,,,,,,,,,,,,,,,,,,,,,,,,,,,,,,,,90.74118284601718,1.2356055974960327,254807.1840718068,False,refined_corrected_yaw,3363848.3706088,0.7601700584845803,True,ok,1.7960390864424352,True,False,False,temporal_xy,True,ok,7.284055364318786,27.167650405960444,2.0323495940395446
000045.jpg,,,,,,,,,,,,,,,,,,,,,,,,,,,,,,,,,,,,,90.49958599999998,1.2356055974960327,254807.1840718068,False,refined_freeze_alt_corrected_yaw,3363848.3706088,0.7601700584845803,True,ok,1.791207149522091,True,False,False,temporal_xy,True,ok,7.284055364318786,27.167650405960444,2.0323495940395446
000045.jpg,,,,,,,,,,,,,,,,,,,,,,,,,,,,,,,,,,,,,90.49958599999998,1.2143439054489136,254807.1840718068,False,refined_freeze_alt_init_yaw,3363848.3706088,0.7644862636769753,True,ok,1.7277028209906686,True,False,False,temporal_xy,True,ok,7.284055364318786,28.179385999999994,1.0206139999999948
000045.jpg,,,,,,,,,,,,,,,,,,,,,,,,,,,,,,,,,,,,,90.49958599999998,1.1358530521392822,254810.69773965896,True,temporal_predicted,3363846.0138479425,0.7854198588600902,True,ok,1.2145801411399098,False,False,True,ok,True,ok,4.080526989658786,28.179385999999994,1.0206139999999948
000046.jpg,,,,,,,,,,,,,,,,,,,,,,,,,,,,,,,,,,,,,90.37130199999999,1.1243548393249512,254811.18559965855,True,init,3363846.886769942,0.7894523326572008,True,disabled,1.2105476673427993,True,True,True,disabled,True,init,4.080528078096903,28.179385999999994,1.0206139999999948
000046.jpg,,,,,,,,,,,,,,,,,,,,,,,,,,,,,,,,,,,,,90.75072340015322,1.2466827630996704,254807.7238602666,False,raw_refined_full,3363849.209035417,0.7553966051030212,False,pose_yaw_jump,8.970462626955037,True,False,False,temporal_xy,False,visual_chamfer_worse,7.229320380974936,-152.83863409818764,177.96136590181237
000046.jpg,,,,,,,,,,,,,,,,,,,,,,,,,,,,,,,,,,,,,90.75072340015322,1.225878119468689,254807.7238602666,False,refined_corrected_yaw,3363849.209035417,0.7628482972136222,True,ok,1.7926076030384896,True,False,False,temporal_xy,True,ok,7.229320380974936,27.16136590181236,2.0386340981876288
000046.jpg,,,,,,,,,,,,,,,,,,,,,,,,,,,,,,,,,,,,,90.37130199999999,1.225878119468689,254807.7238602666,False,refined_freeze_alt_corrected_yaw,3363849.209035416,0.7628482972136222,True,ok,1.7850191749835416,True,False,False,temporal_xy,True,ok,7.2293203801502575,27.16136590181236,2.0386340981876288
000046.jpg,,,,,,,,,,,,,,,,,,,,,,,,,,,,,,,,,,,,,90.37130199999999,1.209847092628479,254807.7238602666,False,refined_freeze_alt_init_yaw,3363849.209035416,0.7603928685811893,True,ok,1.7324958214421757,True,False,False,temporal_xy,True,ok,7.2293203801502575,28.179385999999994,1.0206139999999948
000046.jpg,,,,,,,,,,,,,,,,,,,,,,,,,,,,,,,,,,,,,90.37130199999999,1.1243548393249512,254811.18559965855,True,temporal_predicted,3363846.886769942,0.7894523326572008,True,ok,1.2105476673427993,False,False,True,ok,True,ok,4.080528078096903,28.179385999999994,1.0206139999999948
000047.jpg,,,,,,,,,,,,,,,,,,,,,,,,,,,,,,,,,,,,,90.33659699999998,1.1110759973526,254811.67345965886,True,init,3363847.759691942,0.7923236874025299,True,disabled,1.20767631259747,True,True,True,disabled,True,init,4.080529152107342,28.179385999999994,1.0206139999999948
000047.jpg,,,,,,,,,,,,,,,,,,,,,,,,,,,,,,,,,,,,,90.46067326050252,1.2282893657684326,254808.09865713894,False,raw_refined_full,3363850.0329923867,0.7636674753075724,False,pose_yaw_jump,8.960924253607681,True,False,False,temporal_xy,False,visual_chamfer_worse,7.239541083377473,-152.8433013580984,177.95669864190165
000047.jpg,,,,,,,,,,,,,,,,,,,,,,,,,,,,,,,,,,,,,90.46067326050252,1.2287558317184448,254808.09865713894,False,refined_corrected_yaw,3363850.0329923867,0.7626494541673887,True,ok,1.8102950350243259,True,False,False,temporal_xy,False,visual_chamfer_worse,7.239541083377473,27.156698641901613,2.0433013580983754
000047.jpg,,,,,,,,,,,,,,,,,,,,,,,,,,,,,,,,,,,,,90.33659699999998,1.2287558317184448,254808.09865713894,False,refined_freeze_alt_corrected_yaw,3363850.0329923867,0.7626494541673887,True,ok,1.8078135098142751,True,False,False,temporal_xy,False,visual_chamfer_worse,7.239541083377473,27.156698641901613,2.0433013580983754
000047.jpg,,,,,,,,,,,,,,,,,,,,,,,,,,,,,,,,,,,,,90.33659699999998,1.2127773761749268,254808.09865713894,False,refined_freeze_alt_init_yaw,3363850.0329923867,0.7612198925662796,True,ok,1.7539545126263802,True,False,False,temporal_xy,False,visual_overlap_worse,7.239541083377473,28.179385999999994,1.0206139999999948
000047.jpg,,,,,,,,,,,,,,,,,,,,,,,,,,,,,,,,,,,,,90.33659699999998,1.1110759973526,254811.67345965886,True,temporal_predicted,3363847.759691942,0.7923236874025299,True,ok,1.20767631259747,False,False,True,ok,True,ok,4.080529152107342,28.179385999999994,1.0206139999999948
000048.jpg,,,,,,,,,,,,,,,,,,,,,,,,,,,,,,,,,,,,,90.41657399999998,1.106701374053955,254812.16131965874,True,init,3363848.632613941,0.7954647652084538,True,disabled,1.2045352347915461,True,True,True,disabled,True,init,4.080530208377371,28.179385999999994,1.0206139999999948
000048.jpg,,,,,,,,,,,,,,,,,,,,,,,,,,,,,,,,,,,,,90.51525749638677,1.2206902503967285,254808.51268972387,False,raw_refined_full,3363851.067559124,0.7640521616239481,False,pose_yaw_jump,8.973882007693168,True,False,False,temporal_xy,False,visual_chamfer_worse,7.416801313031941,-152.83510325479472,177.9648967452053
000048.jpg,,,,,,,,,,,,,,,,,,,,,,,,,,,,,,,,,,,,,90.51525749638677,1.2420179843902588,254808.51268972387,False,refined_corrected_yaw,3363851.067559124,0.761225669685874,True,ok,1.8422486497874295,True,False,False,temporal_xy,False,visual_chamfer_worse,7.416801313031941,27.164896745205283,2.0351032547947057
000048.jpg,,,,,,,,,,,,,,,,,,,,,,,,,,,,,,,,,,,,,90.41657399999998,1.2420179843902588,254808.51268972387,False,refined_freeze_alt_corrected_yaw,3363851.067559124,0.761225669685874,True,ok,1.840274979859694,True,False,False,temporal_xy,False,visual_chamfer_worse,7.416801313031941,27.164896745205283,2.0351032547947057
000048.jpg,,,,,,,,,,,,,,,,,,,,,,,,,,,,,,,,,,,,,90.41657399999998,1.2131705284118652,254808.51268972387,False,refined_freeze_alt_init_yaw,3363851.067559124,0.7593841673625833,True,ok,1.7754707511869294,True,False,False,temporal_xy,False,visual_chamfer_worse,7.416801313031941,28.179385999999994,1.0206139999999948
000048.jpg,,,,,,,,,,,,,,,,,,,,,,,,,,,,,,,,,,,,,90.41657399999998,1.106701374053955,254812.16131965874,True,temporal_predicted,3363848.632613941,0.7954647652084538,True,ok,1.2045352347915461,False,False,True,ok,True,ok,4.080530208377371,28.179385999999994,1.0206139999999948
000049.jpg,,,,,,,,,,,,,,,,,,,,,,,,,,,,,,,,,,,,,90.31892399999998,1.0973801612854004,254812.6491796605,True,init,3363849.5055359406,0.7943777839346987,True,disabled,1.2056222160653012,True,True,True,disabled,True,init,4.080531249252148,28.179385999999994,1.0206139999999948
000049.jpg,,,,,,,,,,,,,,,,,,,,,,,,,,,,,,,,,,,,,90.68075415119529,1.2267943620681763,254808.99486018156,False,raw_refined_full,3363851.3080280307,0.7620894695338974,False,pose_yaw_jump,8.961175971868927,True,False,False,temporal_xy,False,visual_chamfer_worse,6.8709167195147645,-152.84195407759447,177.95804592240552
000049.jpg,,,,,,,,,,,,,,,,,,,,,,,,,,,,,,,,,,,,,90.68075415119529,1.2038322687149048,254808.99486018156,False,refined_corrected_yaw,3363851.3080280307,0.7693143794889282,True,ok,1.7832496463725458,True,False,False,temporal_xy,False,visual_chamfer_worse,6.8709167195147645,27.158045922405535,2.041954077594454
000049.jpg,,,,,,,,,,,,,,,,,,,,,,,,,,,,,,,,,,,,,90.31892399999998,1.2038322687149048,254808.99486018153,False,refined_freeze_alt_corrected_yaw,3363851.30802803,0.7693143794889282,True,ok,1.776013043330651,True,False,False,temporal_xy,False,visual_chamfer_worse,6.870916719131187,27.158045922405535,2.041954077594454
000049.jpg,,,,,,,,,,,,,,,,,,,,,,,,,,,,,,,,,,,,,90.31892399999998,1.194854497909546,254808.99486018153,False,refined_freeze_alt_init_yaw,3363851.30802803,0.7669913258455702,True,ok,1.7293013993670794,True,False,False,temporal_xy,True,ok,6.870916719131187,28.179385999999994,1.0206139999999948
000049.jpg,,,,,,,,,,,,,,,,,,,,,,,,,,,,,,,,,,,,,90.31892399999998,1.0973801612854004,254812.6491796605,True,temporal_predicted,3363849.5055359406,0.7943777839346987,True,ok,1.2056222160653012,False,False,True,ok,True,ok,4.080531249252148,28.179385999999994,1.0206139999999948
000050.jpg,,,,,,,,,,,,,,,,,,,,,,,,,,,,,,,,,,,,,90.34604099999999,1.0890624523162842,254813.13703966065,True,init,3363850.37845794,0.797448924440601,True,disabled,1.2025510755593989,True,True,True,disabled,True,init,4.080532274713404,28.179385999999994,1.0206139999999948
000050.jpg,,,,,,,,,,,,,,,,,,,,,,,,,,,,,,,,,,,,,90.71993597317487,1.234702467918396,254809.17227992296,False,raw_refined_full,3363852.8678908544,0.7607826180953411,False,pose_yaw_jump,9.046705416779341,True,False,False,temporal_xy,False,visual_chamfer_worse,7.619958315690953,-152.82227191096368,177.9777280890363
000050.jpg,,,,,,,,,,,,,,,,,,,,,,,,,,,,,,,,,,,,,90.71993597317487,1.219992995262146,254809.17227992296,False,refined_corrected_yaw,3363852.8678908544,0.7608690952329478,True,ok,1.875049935282124,True,False,False,temporal_xy,False,visual_chamfer_worse,7.619958315690953,27.17772808903632,2.022271910963667
000050.jpg,,,,,,,,,,,,,,,,,,,,,,,,,,,,,,,,,,,,,90.34604099999999,1.219992995262146,254809.17227992293,False,refined_freeze_alt_corrected_yaw,3363852.867890853,0.7608690952329478,True,ok,1.8675720357468055,True,False,False,temporal_xy,False,visual_chamfer_worse,7.619958314501454,27.17772808903632,2.022271910963667
000050.jpg,,,,,,,,,,,,,,,,,,,,,,,,,,,,,,,,,,,,,90.34604099999999,1.263944149017334,254809.17227992293,False,refined_freeze_alt_init_yaw,3363852.867890853,0.7493243973624473,True,ok,1.8794072889648628,True,False,False,temporal_xy,False,visual_chamfer_worse,7.619958314501454,28.179385999999994,1.0206139999999948
000050.jpg,,,,,,,,,,,,,,,,,,,,,,,,,,,,,,,,,,,,,90.34604099999999,1.0890624523162842,254813.13703966065,True,temporal_predicted,3363850.37845794,0.797448924440601,True,ok,1.2025510755593989,False,False,True,ok,True,ok,4.080532274713404,28.179385999999994,1.0206139999999948
000051.jpg,,,,,,,,,,,,,,,,,,,,,,,,,,,,,,,,,,,,,90.48535399999999,1.1057175397872925,254813.62489966024,True,init,3363851.25137994,0.7933630551816958,True,disabled,1.206636944818304,True,True,True,disabled,True,init,4.080533283358775,28.179385999999994,1.0206139999999948
000051.jpg,,,,,,,,,,,,,,,,,,,,,,,,,,,,,,,,,,,,,90.81326230149716,1.2373701333999634,254809.75589782713,False,raw_refined_full,3363853.6228180923,0.760514804845222,False,pose_yaw_jump,9.016129205414067,True,False,False,temporal_xy,False,visual_chamfer_worse,7.469743083163345,-152.83993993166604,177.96006006833397
000051.jpg,,,,,,,,,,,,,,,,,,,,,,,,,,,,,,,,,,,,,90.81326230149716,1.2109136581420898,254809.75589782713,False,refined_corrected_yaw,3363853.6228180923,0.7655408815612382,True,ok,1.8307225911365246,True,False,False,temporal_xy,True,ok,7.469743083163345,27.160060068333962,2.0399399316660265
000051.jpg,,,,,,,,,,,,,,,,,,,,,,,,,,,,,,,,,,,,,90.48535399999999,1.2109136581420898,254809.75589782713,False,refined_freeze_alt_corrected_yaw,3363853.622818092,0.7655408815612382,True,ok,1.8241644250822464,True,False,False,temporal_xy,True,ok,7.4697430827612115,27.160060068333962,2.0399399316660265
000051.jpg,,,,,,,,,,,,,,,,,,,,,,,,,,,,,,,,,,,,,90.48535399999999,1.2165930271148682,254809.75589782713,False,refined_freeze_alt_init_yaw,3363853.622818092,0.7586011103633916,True,ok,1.7954675241052738,True,False,False,temporal_xy,False,visual_chamfer_worse,7.4697430827612115,28.179385999999994,1.0206139999999948
000051.jpg,,,,,,,,,,,,,,,,,,,,,,,,,,,,,,,,,,,,,90.48535399999999,1.1057175397872925,254813.62489966024,True,temporal_predicted,3363851.25137994,0.7933630551816958,True,ok,1.206636944818304,False,False,True,ok,True,ok,4.080533283358775,28.179385999999994,1.0206139999999948
000052.jpg,,,,,,,,,,,,,,,,,,,,,,,,,,,,,,,,,,,,,90.631239,1.0761022567749023,254814.11275966055,True,init,3363852.1243019397,0.8013187094571527,True,disabled,1.1986812905428472,True,True,True,disabled,True,init,4.080534277076695,28.179385999999994,1.0206139999999948
000052.jpg,,,,,,,,,,,,,,,,,,,,,,,,,,,,,,,,,,,,,91.12912057247013,1.2368192672729492,254810.45922790456,False,raw_refined_full,3363854.521452029,0.7623335609423011,False,pose_yaw_jump,9.028710856648257,True,False,False,temporal_xy,False,visual_chamfer_worse,7.385985601632127,-152.84023877159714,177.95976122840284
000052.jpg,,,,,,,,,,,,,,,,,,,,,,,,,,,,,,,,,,,,,91.12912057247013,1.200646996498108,254810.45922790456,False,refined_corrected_yaw,3363854.521452029,0.7673053943325367,True,ok,1.8361480731674227,True,False,False,temporal_xy,False,visual_chamfer_worse,7.385985601632127,27.159761228402857,2.0402387715971315
000052.jpg,,,,,,,,,,,,,,,,,,,,,,,,,,,,,,,,,,,,,90.631239,1.200646996498108,254810.45922790447,False,refined_freeze_alt_corrected_yaw,3363854.521452028,0.7673053943325367,True,ok,1.8261904416742296,True,False,False,temporal_xy,False,visual_chamfer_worse,7.385985600857473,27.159761228402857,2.0402387715971315
000052.jpg,,,,,,,,,,,,,,,,,,,,,,,,,,,,,,,,,,,,,90.631239,1.2312992811203003,254810.45922790447,False,refined_freeze_alt_init_yaw,3363854.521452028,0.7588767497439399,True,ok,1.8223186417598582,True,False,False,temporal_xy,False,visual_chamfer_worse,7.385985600857473,28.179385999999994,1.0206139999999948
000052.jpg,,,,,,,,,,,,,,,,,,,,,,,,,,,,,,,,,,,,,90.631239,1.0761022567749023,254814.11275966055,True,temporal_predicted,3363852.1243019397,0.8013187094571527,True,ok,1.1986812905428472,False,False,True,ok,True,ok,4.080534277076695,28.179385999999994,1.0206139999999948
000053.jpg,,,,,,,,,,,,,,,,,,,,,,,,,,,,,,,,,,,,,90.685464,1.1191309690475464,254814.6006196604,True,init,3363852.997223939,0.7899395693250489,True,disabled,1.2100604306749512,True,True,True,disabled,True,init,4.080524164276478,28.179385999999994,1.0206139999999948
000053.jpg,,,,,,,,,,,,,,,,,,,,,,,,,,,,,,,,,,,,,91.29901576321572,1.2263753414154053,254811.13875958137,False,raw_refined_full,3363855.577405905,0.7613413907566602,False,pose_yaw_jump,8.973773256986053,True,False,False,temporal_xy,False,visual_chamfer_worse,7.458715113214201,-152.82620849063557,177.97379150936445
000053.jpg,,,,,,,,,,,,,,,,,,,,,,,,,,,,,,,,,,,,,91.29901576321572,1.222733497619629,254811.13875958137,False,refined_corrected_yaw,3363855.577405905,0.7664907651715039,True,ok,1.8103398100129553,True,False,False,temporal_xy,True,ok,7.458715113214201,27.173791509364435,2.026208490635554
000053.jpg,,,,,,,,,,,,,,,,,,,,,,,,,,,,,,,,,,,,,90.685464,1.2225648164749146,254811.13875958262,False,refined_freeze_alt_corrected_yaw,3363855.577405905,0.7665758787981956,True,ok,1.7978329359059773,True,False,False,temporal_xy,True,ok,7.458715112650566,27.173791509364435,2.026208490635554
000053.jpg,,,,,,,,,,,,,,,,,,,,,,,,,,,,,,,,,,,,,90.685464,1.2220877408981323,254811.13875958262,False,refined_freeze_alt_init_yaw,3363855.577405905,0.7568516469486765,True,ok,1.766907097025657,True,False,False,temporal_xy,False,visual_overlap_worse,7.458715112650566,28.179385999999994,1.0206139999999948
000053.jpg,,,,,,,,,,,,,,,,,,,,,,,,,,,,,,,,,,,,,90.685464,1.1191309690475464,254814.6006196604,True,temporal_predicted,3363852.997223939,0.7899395693250489,True,ok,1.2100604306749512,False,False,True,ok,True,ok,4.080524164276478,28.179385999999994,1.0206139999999948
000054.jpg,,,,,,,,,,,,,,,,,,,,,,,,,,,,,,,,,,,,,90.618349,1.1275914907455444,254815.0884796597,True,init,3363853.870145939,0.7887551911404537,True,disabled,1.2112448088595462,True,True,True,disabled,True,init,4.080525125733753,28.179385999999994,1.0206139999999948
000054.jpg,,,,,,,,,,,,,,,,,,,,,,,,,,,,,,,,,,,,,90.76768792979419,1.2256724834442139,254811.514486303,False,raw_refined_full,3363856.3929961785,0.7633265892876158,False,pose_yaw_jump,8.959448481622625,True,False,False,temporal_xy,True,ok,7.4590934816864625,-152.83743746514799,177.96256253485205
000054.jpg,,,,,,,,,,,,,,,,,,,,,,,,,,,,,,,,,,,,,90.76768792979419,1.236513376235962,254811.514486303,False,refined_corrected_yaw,3363856.3929961785,0.7578532637631775,True,ok,1.819875697516993,True,False,False,temporal_xy,False,visual_chamfer_worse,7.4590934816864625,27.162562534852015,2.037437465147974
000054.jpg,,,,,,,,,,,,,,,,,,,,,,,,,,,,,,,,,,,,,90.618349,1.2365427017211914,254811.514486303,False,refined_freeze_alt_corrected_yaw,3363856.392996177,0.7578532637631775,True,ok,1.8169149260297368,True,False,False,temporal_xy,False,visual_chamfer_worse,7.459093480449984,27.162562534852015,2.037437465147974
000054.jpg,,,,,,,,,,,,,,,,,,,,,,,,,,,,,,,,,,,,,90.618349,1.2156977653503418,254811.514486303,False,refined_freeze_alt_init_yaw,3363856.392996177,0.7588329251410926,True,ok,1.7567760776643482,True,False,False,temporal_xy,True,ok,7.459093480449984,28.179385999999994,1.0206139999999948
000054.jpg,,,,,,,,,,,,,,,,,,,,,,,,,,,,,,,,,,,,,90.618349,1.1275914907455444,254815.0884796597,True,temporal_predicted,3363853.870145939,0.7887551911404537,True,ok,1.2112448088595462,False,False,True,ok,True,ok,4.080525125733753,28.179385999999994,1.0206139999999948
000055.jpg,,,,,,,,,,,,,,,,,,,,,,,,,,,,,,,,,,,,,90.68154299999999,1.0956058502197266,254815.5763396598,True,init,3363854.7430679393,0.7948543338086016,True,disabled,1.2051456661913984,True,True,True,disabled,True,init,4.080526072766542,28.179385999999994,1.0206139999999948
000055.jpg,,,,,,,,,,,,,,,,,,,,,,,,,,,,,,,,,,,,,90.97600853070617,1.2313765287399292,254811.9491056872,False,raw_refined_full,3363857.2995570134,0.7590602455789407,False,pose_yaw_jump,9.009216426592861,True,False,False,temporal_xy,False,visual_chamfer_worse,7.513711324821711,-152.83361813195964,177.96638186804034
000055.jpg,,,,,,,,,,,,,,,,,,,,,,,,,,,,,,,,,,,,,90.97600853070617,1.1927233934402466,254811.9491056872,False,refined_corrected_yaw,3363857.2995570134,0.7703390010853142,True,ok,1.8084751533835592,True,False,False,temporal_xy,True,ok,7.513711324821711,27.16638186804036,2.033618131959628
000055.jpg,,,,,,,,,,,,,,,,,,,,,,,,,,,,,,,,,,,,,90.68154299999999,1.1927233934402466,254811.9491056872,False,refined_freeze_alt_corrected_yaw,3363857.2995570134,0.7703390010853142,True,ok,1.8025858427694357,True,False,False,temporal_xy,True,ok,7.513711324821711,27.16638186804036,2.033618131959628
000055.jpg,,,,,,,,,,,,,,,,,,,,,,,,,,,,,,,,,,,,,90.68154299999999,1.230037808418274,254811.9491056872,False,refined_freeze_alt_init_yaw,3363857.2995570134,0.7568257751484326,True,ok,1.8096371507169033,True,False,False,temporal_xy,False,visual_chamfer_worse,7.513711324821711,28.179385999999994,1.0206139999999948
000055.jpg,,,,,,,,,,,,,,,,,,,,,,,,,,,,,,,,,,,,,90.68154299999999,1.0956058502197266,254815.5763396598,True,temporal_predicted,3363854.7430679393,0.7948543338086016,True,ok,1.2051456661913984,False,False,True,ok,True,ok,4.080526072766542,28.179385999999994,1.0206139999999948
000056.jpg,,,,,,,,,,,,,,,,,,,,,,,,,,,,,,,,,,,,,90.58967499999999,1.1163827180862427,254816.0641996605,True,init,3363855.61598994,0.7883884394045572,True,disabled,1.211611560595443,True,True,True,disabled,True,init,4.080526978252223,28.179385999999994,1.0206139999999948
000056.jpg,,,,,,,,,,,,,,,,,,,,,,,,,,,,,,,,,,,,,91.08962578792125,1.2235394716262817,254812.16871387648,False,raw_refined_full,3363857.8529320373,0.7618440891040751,False,pose_yaw_jump,8.987488211979338,True,False,False,temporal_xy,False,visual_chamfer_worse,7.367505079062988,-152.8340393148566,177.9659606851434
000056.jpg,,,,,,,,,,,,,,,,,,,,,,,,,,,,,,,,,,,,,91.08962578792125,1.2080214023590088,254812.16871387648,False,refined_corrected_yaw,3363857.8529320373,0.7668131914803253,True,ok,1.8150154986986633,True,False,False,temporal_xy,True,ok,7.367505079062988,27.165960685143403,2.034039314856585
000056.jpg,,,,,,,,,,,,,,,,,,,,,,,,,,,,,,,,,,,,,90.58967499999999,1.2080214023590088,254812.16871387648,False,refined_freeze_alt_corrected_yaw,3363857.8529320373,0.7668131914803253,True,ok,1.805016482940238,True,False,False,temporal_xy,True,ok,7.367505079062988,27.165960685143403,2.034039314856585
000056.jpg,,,,,,,,,,,,,,,,,,,,,,,,,,,,,,,,,,,,,90.58967499999999,1.2401530742645264,254812.16871387648,False,refined_freeze_alt_init_yaw,3363857.8529320373,0.75165105858869,True,ok,1.8084235535356217,True,False,False,temporal_xy,False,visual_chamfer_worse,7.367505079062988,28.179385999999994,1.0206139999999948
000056.jpg,,,,,,,,,,,,,,,,,,,,,,,,,,,,,,,,,,,,,90.58967499999999,1.1163827180862427,254816.0641996605,True,temporal_predicted,3363855.61598994,0.7883884394045572,True,ok,1.211611560595443,False,False,True,ok,True,ok,4.080526978252223,28.179385999999994,1.0206139999999948
000057.jpg,,,,,,,,,,,,,,,,,,,,,,,,,,,,,,,,,,,,,90.12312599999998,1.1048195362091064,254816.55205966215,True,init,3363856.4889119393,0.7910841410069475,True,disabled,1.2089158589930524,True,True,True,disabled,True,init,4.080527891219302,28.179385999999994,1.0206139999999948
000057.jpg,,,,,,,,,,,,,,,,,,,,,,,,,,,,,,,,,,,,,90.5453721601516,1.210644006729126,254812.78164589056,False,raw_refined_full,3363858.9074582118,0.7654816021957286,False,pose_yaw_jump,8.983079950625587,True,False,False,temporal_xy,False,visual_chamfer_worse,7.4615064013562975,-152.8325219895334,177.9674780104666
000057.jpg,,,,,,,,,,,,,,,,,,,,,,,,,,,,,,,,,,,,,90.5453721601516,1.2081267833709717,254812.78164589056,False,refined_corrected_yaw,3363858.9074582118,0.766253538039283,True,ok,1.8241177347370099,True,False,False,temporal_xy,True,ok,7.4615064013562975,27.167478010466596,2.032521989533393
000057.jpg,,,,,,,,,,,,,,,,,,,,,,,,,,,,,,,,,,,,,90.12312599999998,1.2081267833709717,254812.78164589056,False,refined_freeze_alt_corrected_yaw,3363858.9074582118,0.766253538039283,True,ok,1.8156728115339775,True,False,False,temporal_xy,True,ok,7.4615064013562975,27.167478010466596,2.032521989533393
000057.jpg,,,,,,,,,,,,,,,,,,,,,,,,,,,,,,,,,,,,,90.12312599999998,1.2189630270004272,254812.78164589056,False,refined_freeze_alt_init_yaw,3363858.9074582118,0.7613646110301054,True,ok,1.789893576108132,True,False,False,temporal_xy,False,visual_chamfer_worse,7.4615064013562975,28.179385999999994,1.0206139999999948
000057.jpg,,,,,,,,,,,,,,,,,,,,,,,,,,,,,,,,,,,,,90.12312599999998,1.1048195362091064,254816.55205966215,True,temporal_predicted,3363856.4889119393,0.7910841410069475,True,ok,1.2089158589930524,False,False,True,ok,True,ok,4.080527891219302,28.179385999999994,1.0206139999999948
000058.jpg,,,,,,,,,,,,,,,,,,,,,,,,,,,,,,,,,,,,,90.05819399999999,1.1123169660568237,254817.0399196632,True,init,3363857.3618339393,0.7899822018815154,True,disabled,1.2100177981184848,True,True,True,disabled,True,init,4.080528789259782,28.179385999999994,1.0206139999999948
000058.jpg,,,,,,,,,,,,,,,,,,,,,,,,,,,,,,,,,,,,,90.59714359417558,1.2406483888626099,254813.24397723097,False,raw_refined_full,3363860.148564312,0.7544071531485719,False,pose_yaw_jump,9.039346519772941,True,False,False,temporal_xy,False,visual_chamfer_worse,7.796301860161202,-152.8509444934556,177.94905550654443
000058.jpg,,,,,,,,,,,,,,,,,,,,,,,,,,,,,,,,,,,,,90.59714359417558,1.2140165567398071,254813.24397723097,False,refined_corrected_yaw,3363860.148564312,0.7650012712941775,True,ok,1.84932521150893,True,False,False,temporal_xy,True,ok,7.796301860161202,27.149055506544414,2.0509444934555745
000058.jpg,,,,,,,,,,,,,,,,,,,,,,,,,,,,,,,,,,,,,90.05819399999999,1.2140165567398071,254813.24397723097,False,refined_freeze_alt_corrected_yaw,3363860.1485643126,0.7650012712941775,True,ok,1.838546219652975,True,False,False,temporal_xy,True,ok,7.796301860571297,27.149055506544414,2.0509444934555745
000058.jpg,,,,,,,,,,,,,,,,,,,,,,,,,,,,,,,,,,,,,90.05819399999999,1.2064647674560547,254813.24397723097,False,refined_freeze_alt_init_yaw,3363860.1485643126,0.7641749300788202,True,ok,1.7913700989318864,True,False,False,temporal_xy,True,ok,7.796301860571297,28.179385999999994,1.0206139999999948
000058.jpg,,,,,,,,,,,,,,,,,,,,,,,,,,,,,,,,,,,,,90.05819399999999,1.1123169660568237,254817.0399196632,True,temporal_predicted,3363857.3618339393,0.7899822018815154,True,ok,1.2100177981184848,False,False,True,ok,True,ok,4.080528789259782,28.179385999999994,1.0206139999999948
000059.jpg,,,,,,,,,,,,,,,,,,,,,,,,,,,,,,,,,,,,,90.52450999999999,1.1060140132904053,254817.5277796637,True,init,3363858.23475594,0.7923858410865148,True,disabled,1.2076141589134852,True,True,True,disabled,True,init,4.080529672313722,28.179385999999994,1.0206139999999948
000059.jpg,,,,,,,,,,,,,,,,,,,,,,,,,,,,,,,,,,,,,90.78776275925338,1.201953411102295,254814.022854697,False,raw_refined_full,3363860.7050745385,0.7672976152283179,False,pose_yaw_jump,8.948790811911808,True,False,False,temporal_xy,True,ok,7.380550835951312,-152.84083702600765,177.95916297399236
000059.jpg,,,,,,,,,,,,,,,,,,,,,,,,,,,,,,,,,,,,,90.78776275925338,1.2024339437484741,254814.022854697,False,refined_corrected_yaw,3363860.7050745385,0.768623676612127,True,ok,1.7934284938475753,True,False,False,temporal_xy,True,ok,7.380550835951312,27.159162973992352,2.0408370260076367
000059.jpg,,,,,,,,,,,,,,,,,,,,,,,,,,,,,,,,,,,,,90.52450999999999,1.2024339437484741,254814.02285469696,False,refined_freeze_alt_corrected_yaw,3363860.7050745375,0.768623676612127,True,ok,1.7881634386112328,True,False,False,temporal_xy,True,ok,7.380550835138266,27.159162973992352,2.0408370260076367
000059.jpg,,,,,,,,,,,,,,,,,,,,,,,,,,,,,,,,,,,,,90.52450999999999,1.2064895629882812,254814.02285469696,False,refined_freeze_alt_init_yaw,3363860.7050745375,0.762806116992835,True,ok,1.7568389559015856,True,False,False,temporal_xy,True,ok,7.380550835138266,28.179385999999994,1.0206139999999948
000059.jpg,,,,,,,,,,,,,,,,,,,,,,,,,,,,,,,,,,,,,90.52450999999999,1.1060140132904053,254817.5277796637,True,temporal_predicted,3363858.23475594,0.7923858410865148,True,ok,1.2076141589134852,False,False,True,ok,True,ok,4.080529672313722,28.179385999999994,1.0206139999999948
000060.jpg,,,,,,,,,,,,,,,,,,,,,,,,,,,,,,,,,,,,,90.28609599999999,1.089532494544983,254818.0156396638,True,init,3363859.1076779403,0.7980007624211106,True,disabled,1.2019992375788893,True,True,True,disabled,True,init,4.080530539053433,28.179385999999994,1.0206139999999948
000060.jpg,,,,,,,,,,,,,,,,,,,,,,,,,,,,,,,,,,,,,90.76970180869102,1.2224825620651245,254814.16569902652,False,raw_refined_full,3363861.1204911377,0.7619128298530221,False,pose_yaw_jump,8.996100420096857,True,False,False,temporal_xy,False,visual_chamfer_worse,7.152319376878572,-152.83471606706226,177.96528393293772
000060.jpg,,,,,,,,,,,,,,,,,,,,,,,,,,,,,,,,,,,,,90.76970180869102,1.2034379243850708,254814.16569902652,False,refined_corrected_yaw,3363861.1204911377,0.764560125375916,True,ok,1.8246572624618287,True,False,False,temporal_xy,False,visual_chamfer_worse,7.152319376878572,27.16528393293774,2.0347160670622486
000060.jpg,,,,,,,,,,,,,,,,,,,,,,,,,,,,,,,,,,,,,90.28609599999999,1.2034379243850708,254814.16569902652,False,refined_freeze_alt_corrected_yaw,3363861.1204911377,0.764560125375916,True,ok,1.814985146288008,True,False,False,temporal_xy,False,visual_chamfer_worse,7.152319376878572,27.16528393293774,2.0347160670622486
000060.jpg,,,,,,,,,,,,,,,,,,,,,,,,,,,,,,,,,,,,,90.28609599999999,1.2013046741485596,254814.16569902652,False,refined_freeze_alt_init_yaw,3363861.1204911377,0.7602185607183701,True,ok,1.7768046781815454,True,False,False,temporal_xy,False,visual_chamfer_worse,7.152319376878572,28.179385999999994,1.0206139999999948
000060.jpg,,,,,,,,,,,,,,,,,,,,,,,,,,,,,,,,,,,,,90.28609599999999,1.089532494544983,254818.0156396638,True,temporal_predicted,3363859.1076779403,0.7980007624211106,True,ok,1.2019992375788893,False,False,True,ok,True,ok,4.080530539053433,28.179385999999994,1.0206139999999948
000061.jpg,,,,,,,,,,,,,,,,,,,,,,,,,,,,,,,,,,,,,90.27921299999998,1.096961259841919,254818.50349966332,True,init,3363859.9805999408,0.7951368945050737,True,disabled,1.2048631054949261,True,True,True,disabled,True,init,4.080531389939376,28.179385999999994,1.0206139999999948
000061.jpg,,,,,,,,,,,,,,,,,,,,,,,,,,,,,,,,,,,,,90.40529110375792,1.215729832649231,254814.918198888,False,raw_refined_full,3363862.1840801146,0.7668219626864085,False,pose_yaw_jump,8.958797843842788,True,False,False,temporal_xy,False,visual_chamfer_worse,7.183437690341145,-152.84205936232152,177.95794063767846
000061.jpg,,,,,,,,,,,,,,,,,,,,,,,,,,,,,,,,,,,,,90.40529110375792,1.198740005493164,254814.918198888,False,refined_corrected_yaw,3363862.1840801146,0.7695875082434531,True,ok,1.7874033328134795,True,False,False,temporal_xy,True,ok,7.183437690341145,27.15794063767848,2.0420593623215098
000061.jpg,,,,,,,,,,,,,,,,,,,,,,,,,,,,,,,,,,,,,90.27921299999998,1.1986843347549438,254814.91819888796,False,refined_freeze_alt_corrected_yaw,3363862.184080115,0.769608781670815,True,ok,1.7848097473794966,True,False,False,temporal_xy,True,ok,7.183437690762528,27.15794063767848,2.0420593623215098
000061.jpg,,,,,,,,,,,,,,,,,,,,,,,,,,,,,,,,,,,,,90.27921299999998,1.2065595388412476,254814.91819888796,False,refined_freeze_alt_init_yaw,3363862.184080115,0.7607377624609101,True,ok,1.760002060762091,True,False,False,temporal_xy,False,visual_chamfer_worse,7.183437690762528,28.179385999999994,1.0206139999999948
000061.jpg,,,,,,,,,,,,,,,,,,,,,,,,,,,,,,,,,,,,,90.27921299999998,1.096961259841919,254818.50349966332,True,temporal_predicted,3363859.9805999408,0.7951368945050737,True,ok,1.2048631054949261,False,False,True,ok,True,ok,4.080531389939376,28.179385999999994,1.0206139999999948
000062.jpg,,,,,,,,,,,,,,,,,,,,,,,,,,,,,,,,,,,,,90.78805799999998,1.0934640169143677,254818.99135966357,True,init,3363860.853521941,0.7961932085813386,True,disabled,1.2038067914186614,True,True,True,disabled,True,init,4.080532224440979,28.179385999999994,1.0206139999999948
000062.jpg,,,,,,,,,,,,,,,,,,,,,,,,,,,,,,,,,,,,,91.22910116519779,1.2308955192565918,254815.19999843562,False,raw_refined_full,3363863.21026344,0.7580396522930672,False,pose_yaw_jump,9.017757386312383,True,False,False,temporal_xy,False,visual_chamfer_worse,7.418140983003476,-152.83853672554247,177.96146327445751
000062.jpg,,,,,,,,,,,,,,,,,,,,,,,,,,,,,,,,,,,,,91.22910116519779,1.1861687898635864,254815.19999843562,False,refined_corrected_yaw,3363863.21026344,0.7708431464908149,True,ok,1.8098906136306048,True,False,False,temporal_xy,True,ok,7.418140983003476,27.16146327445753,2.038536725542457
000062.jpg,,,,,,,,,,,,,,,,,,,,,,,,,,,,,,,,,,,,,90.78805799999998,1.1861687898635864,254815.19999843562,False,refined_freeze_alt_corrected_yaw,3363863.2102634404,0.7708431464908149,True,ok,1.8010697503512323,True,False,False,temporal_xy,True,ok,7.418140983407485,27.16146327445753,2.038536725542457
000062.jpg,,,,,,,,,,,,,,,,,,,,,,,,,,,,,,,,,,,,,90.78805799999998,1.199507236480713,254815.19999843562,False,refined_freeze_alt_init_yaw,3363863.2102634404,0.763049715240012,True,ok,1.780344613276326,True,False,False,temporal_xy,False,visual_chamfer_worse,7.418140983407485,28.179385999999994,1.0206139999999948
000062.jpg,,,,,,,,,,,,,,,,,,,,,,,,,,,,,,,,,,,,,90.78805799999998,1.0934640169143677,254818.99135966357,True,temporal_predicted,3363860.853521941,0.7961932085813386,True,ok,1.2038067914186614,False,False,True,ok,True,ok,4.080532224440979,28.179385999999994,1.0206139999999948
000063.jpg,,,,,,,,,,,,,,,,,,,,,,,,,,,,,,,,,,,,,90.73518599999998,1.0903449058532715,254819.4792196634,True,init,3363861.7264439403,0.7972875302920794,True,disabled,1.2027124697079206,True,True,True,disabled,True,init,4.08053304169828,28.179385999999994,1.0206139999999948
000063.jpg,,,,,,,,,,,,,,,,,,,,,,,,,,,,,,,,,,,,,91.18463004566729,1.183939814567566,254815.660931325,False,raw_refined_full,3363863.593578175,0.7718846987798138,False,pose_yaw_jump,8.939920703680714,True,False,False,temporal_xy,True,ok,7.011825747363111,-152.8446455784295,177.95535442157052
000063.jpg,,,,,,,,,,,,,,,,,,,,,,,,,,,,,,,,,,,,,91.18463004566729,1.177457571029663,254815.660931325,False,refined_corrected_yaw,3363863.593578175,0.7745631563283873,True,ok,1.7803170650782036,True,False,False,temporal_xy,True,ok,7.011825747363111,27.155354421570507,2.0446455784294812
000063.jpg,,,,,,,,,,,,,,,,,,,,,,,,,,,,,,,,,,,,,90.73518599999998,1.177457571029663,254815.66093132494,False,refined_freeze_alt_corrected_yaw,3363863.593578175,0.7745631563283873,True,ok,1.7713281841700868,True,False,False,temporal_xy,True,ok,7.0118257473939565,27.155354421570507,2.0446455784294812
000063.jpg,,,,,,,,,,,,,,,,,,,,,,,,,,,,,,,,,,,,,90.73518599999998,1.1805918216705322,254815.66093132494,False,refined_freeze_alt_init_yaw,3363863.593578175,0.7681646188512393,True,ok,1.7396400082273455,True,False,False,temporal_xy,True,ok,7.0118257473939565,28.179385999999994,1.0206139999999948
000063.jpg,,,,,,,,,,,,,,,,,,,,,,,,,,,,,,,,,,,,,90.73518599999998,1.0903449058532715,254819.4792196634,True,temporal_predicted,3363861.7264439403,0.7972875302920794,True,ok,1.2027124697079206,False,False,True,ok,True,ok,4.08053304169828,28.179385999999994,1.0206139999999948
000064.jpg,,,,,,,,,,,,,,,,,,,,,,,,,,,,,,,,,,,,,90.51287799999999,1.1138010025024414,254819.9670796638,True,init,3363862.59936594,0.7908044504239008,True,disabled,1.209195549576099,True,True,True,disabled,True,init,4.080522755220823,28.179385999999994,1.0206139999999948
000064.jpg,,,,,,,,,,,,,,,,,,,,,,,,,,,,,,,,,,,,,90.98983220756054,1.1914384365081787,254816.35016934128,False,raw_refined_full,3363864.8393774065,0.7692356973540906,False,pose_yaw_jump,8.928550131664746,True,False,False,temporal_xy,True,ok,7.2307104932148665,-152.84201935443613,177.9579806455639
000064.jpg,,,,,,,,,,,,,,,,,,,,,,,,,,,,,,,,,,,,,90.98983220756054,1.2079558372497559,254816.35016934128,False,refined_corrected_yaw,3363864.8393774065,0.7675913468725308,True,ok,1.7927759763238196,True,False,False,temporal_xy,True,ok,7.2307104932148665,27.157980645563867,2.042019354436121
000064.jpg,,,,,,,,,,,,,,,,,,,,,,,,,,,,,,,,,,,,,90.51287799999999,1.2079558372497559,254816.35016934128,False,refined_freeze_alt_corrected_yaw,3363864.8393774065,0.7675913468725308,True,ok,1.7832368921726085,True,False,False,temporal_xy,True,ok,7.2307104932148665,27.157980645563867,2.042019354436121
000064.jpg,,,,,,,,,,,,,,,,,,,,,,,,,,,,,,,,,,,,,90.51287799999999,1.2000014781951904,254816.35016934128,False,refined_freeze_alt_init_yaw,3363864.8393774065,0.7653276955602537,True,ok,1.7375026953560493,True,False,False,temporal_xy,True,ok,7.2307104932148665,28.179385999999994,1.0206139999999948
000064.jpg,,,,,,,,,,,,,,,,,,,,,,,,,,,,,,,,,,,,,90.51287799999999,1.1138010025024414,254819.9670796638,True,temporal_predicted,3363862.59936594,0.7908044504239008,True,ok,1.209195549576099,False,False,True,ok,True,ok,4.080522755220823,28.179385999999994,1.0206139999999948
000065.jpg,,,,,,,,,,,,,,,,,,,,,,,,,,,,,,,,,,,,,90.37228699999999,1.0628774166107178,254820.45493966393,True,init,3363863.47228794,0.8068873668188736,True,disabled,1.1931126331811264,True,True,True,disabled,True,init,4.080523515511857,28.179385999999994,1.0206139999999948
000065.jpg,,,,,,,,,,,,,,,,,,,,,,,,,,,,,,,,,,,,,90.63409565389156,1.202031135559082,254816.9361730229,False,raw_refined_full,3363866.0287408526,0.7677786233722307,False,pose_yaw_jump,8.996677959605645,True,False,False,temporal_xy,False,visual_chamfer_worse,7.4634131913692405,-152.83403436171963,177.9659656382804
000065.jpg,,,,,,,,,,,,,,,,,,,,,,,,,,,,,,,,,,,,,90.63409565389156,1.212674856185913,254816.9361730229,False,refined_corrected_yaw,3363866.0287408526,0.7658971757145273,True,ok,1.8557503079900979,True,False,False,temporal_xy,False,visual_chamfer_worse,7.4634131913692405,27.16596563828037,2.0340343617196197
000065.jpg,,,,,,,,,,,,,,,,,,,,,,,,,,,,,,,,,,,,,90.37228699999999,1.2127125263214111,254816.93617302287,False,refined_freeze_alt_corrected_yaw,3363866.0287408526,0.7658760358532049,True,ok,1.8505707164316878,True,False,False,temporal_xy,False,visual_chamfer_worse,7.463413191382561,27.16596563828037,2.0340343617196197
000065.jpg,,,,,,,,,,,,,,,,,,,,,,,,,,,,,,,,,,,,,90.37228699999999,1.1899234056472778,254816.93617302287,False,refined_freeze_alt_init_yaw,3363866.0287408526,0.7666159309994927,True,ok,1.7878530388197573,True,False,False,temporal_xy,False,visual_chamfer_worse,7.463413191382561,28.179385999999994,1.0206139999999948
000065.jpg,,,,,,,,,,,,,,,,,,,,,,,,,,,,,,,,,,,,,90.37228699999999,1.0628774166107178,254820.45493966393,True,temporal_predicted,3363863.47228794,0.8068873668188736,True,ok,1.1931126331811264,False,False,True,ok,True,ok,4.080523515511857,28.179385999999994,1.0206139999999948
000066.jpg,,,,,,,,,,,,,,,,,,,,,,,,,,,,,,,,,,,,,90.15594199999998,1.1010900735855103,254820.9427996646,True,init,3363864.3452099394,0.7935825269327261,True,disabled,1.2064174730672739,True,True,True,disabled,True,init,4.080524287034569,28.179385999999994,1.0206139999999948
000066.jpg,,,,,,,,,,,,,,,,,,,,,,,,,,,,,,,,,,,,,90.09090417530388,1.2536804676055908,254817.6249579298,False,raw_refined_full,3363867.02363738,0.7517761895726603,False,pose_yaw_jump,9.008035264374973,True,False,False,temporal_xy,False,visual_chamfer_worse,7.483566433291644,-152.84730139794783,177.95269860205218
000066.jpg,,,,,,,,,,,,,,,,,,,,,,,,,,,,,,,,,,,,,90.09090417530388,1.2293672561645508,254817.6249579298,False,refined_corrected_yaw,3363867.02363738,0.7607361963190185,True,ok,1.8245363474687921,True,False,False,temporal_xy,False,visual_chamfer_worse,7.483566433291644,27.15269860205217,2.0473013979478196
000066.jpg,,,,,,,,,,,,,,,,,,,,,,,,,,,,,,,,,,,,,90.15594199999998,1.2293672561645508,254817.6249579298,False,refined_freeze_alt_corrected_yaw,3363867.02363738,0.7607361963190185,True,ok,1.82323559097487,True,False,False,temporal_xy,False,visual_chamfer_worse,7.483566433291644,27.15269860205217,2.0473013979478196
000066.jpg,,,,,,,,,,,,,,,,,,,,,,,,,,,,,,,,,,,,,90.15594199999998,1.2153874635696411,254817.6249579298,False,refined_freeze_alt_init_yaw,3363867.02363738,0.7603777960491641,True,ok,1.769830174716648,True,False,False,temporal_xy,False,visual_chamfer_worse,7.483566433291644,28.179385999999994,1.0206139999999948
000066.jpg,,,,,,,,,,,,,,,,,,,,,,,,,,,,,,,,,,,,,90.15594199999998,1.1010900735855103,254820.9427996646,True,temporal_predicted,3363864.3452099394,0.7935825269327261,True,ok,1.2064174730672739,False,False,True,ok,True,ok,4.080524287034569,28.179385999999994,1.0206139999999948
000067.jpg,,,,,,,,,,,,,,,,,,,,,,,,,,,,,,,,,,,,,90.06246199999998,1.0816785097122192,254821.43065966485,True,init,3363865.2181319385,0.7982368772383395,True,disabled,1.2017631227616605,True,True,True,disabled,True,init,4.080525040314805,28.179385999999994,1.0206139999999948
000067.jpg,,,,,,,,,,,,,,,,,,,,,,,,,,,,,,,,,,,,,90.16180808376521,1.208182692527771,254817.7715573915,False,raw_refined_full,3363867.491212263,0.7646061582148382,False,pose_yaw_jump,8.978354728857505,True,False,False,temporal_xy,False,visual_chamfer_worse,7.280151103563262,-152.83836334180089,177.96163665819915
000067.jpg,,,,,,,,,,,,,,,,,,,,,,,,,,,,,,,,,,,,,90.16180808376521,1.205763578414917,254817.7715573915,False,refined_corrected_yaw,3363867.491212263,0.7639492254550849,True,ok,1.824228835835916,True,False,False,temporal_xy,False,visual_chamfer_worse,7.280151103563262,27.161636658199114,2.038363341800874
000067.jpg,,,,,,,,,,,,,,,,,,,,,,,,,,,,,,,,,,,,,90.06246199999998,1.205714225769043,254817.7715573915,False,refined_freeze_alt_corrected_yaw,3363867.4912122614,0.7639916082137787,True,ok,1.8221539053446665,True,False,False,temporal_xy,False,visual_chamfer_worse,7.280151102344321,27.161636658199114,2.038363341800874
000067.jpg,,,,,,,,,,,,,,,,,,,,,,,,,,,,,,,,,,,,,90.06246199999998,1.214083194732666,254817.7715573915,False,refined_freeze_alt_init_yaw,3363867.4912122614,0.7617241306236623,True,ok,1.7914484299102686,True,False,False,temporal_xy,False,visual_chamfer_worse,7.280151102344321,28.179385999999994,1.0206139999999948
000067.jpg,,,,,,,,,,,,,,,,,,,,,,,,,,,,,,,,,,,,,90.06246199999998,1.0816785097122192,254821.43065966485,True,temporal_predicted,3363865.2181319385,0.7982368772383395,True,ok,1.2017631227616605,False,False,True,ok,True,ok,4.080525040314805,28.179385999999994,1.0206139999999948
000068.jpg,,,,,,,,,,,,,,,,,,,,,,,,,,,,,,,,,,,,,90.04697899999998,1.0856270790100098,254821.91851966453,True,init,3363866.0910539376,0.7973254273639059,True,disabled,1.2026745726360941,True,True,True,disabled,True,init,4.080525778206481,28.179385999999994,1.0206139999999948
000068.jpg,,,,,,,,,,,,,,,,,,,,,,,,,,,,,,,,,,,,,90.2465688912198,1.2215596437454224,254818.31839908578,False,raw_refined_full,3363868.4301103875,0.7640194284993377,False,pose_yaw_jump,8.988302665658258,True,False,False,temporal_xy,False,visual_chamfer_worse,7.309383886522813,-152.84563850728924,177.95436149271075
000068.jpg,,,,,,,,,,,,,,,,,,,,,,,,,,,,,,,,,,,,,90.2465688912198,1.2187120914459229,254818.31839908578,False,refined_corrected_yaw,3363868.4301103875,0.7621060156857797,True,ok,1.8348005818055597,True,False,False,temporal_xy,False,visual_chamfer_worse,7.309383886522813,27.154361492710763,2.045638507289226
000068.jpg,,,,,,,,,,,,,,,,,,,,,,,,,,,,,,,,,,,,,90.04697899999998,1.2186658382415771,254818.31839908578,False,refined_freeze_alt_corrected_yaw,3363868.430110388,0.7621060156857797,True,ok,1.83076617894883,True,False,False,temporal_xy,False,visual_chamfer_worse,7.3093838869317045,27.154361492710763,2.045638507289226
000068.jpg,,,,,,,,,,,,,,,,,,,,,,,,,,,,,,,,,,,,,90.04697899999998,1.2001084089279175,254818.31839908578,False,refined_freeze_alt_init_yaw,3363868.430110388,0.7649445951344646,True,ok,1.7698328771009435,True,False,False,temporal_xy,False,visual_chamfer_worse,7.3093838869317045,28.179385999999994,1.0206139999999948
000068.jpg,,,,,,,,,,,,,,,,,,,,,,,,,,,,,,,,,,,,,90.04697899999998,1.0856270790100098,254821.91851966453,True,temporal_predicted,3363866.0910539376,0.7973254273639059,True,ok,1.2026745726360941,False,False,True,ok,True,ok,4.080525778206481,28.179385999999994,1.0206139999999948
000069.jpg,,,,,,,,,,,,,,,,,,,,,,,,,,,,,,,,,,,,,90.61039399999999,1.0938929319381714,254822.40637966496,True,init,3363866.963975938,0.7957166044815447,True,disabled,1.2042833955184553,True,True,True,disabled,True,init,4.0805265020791675,28.179385999999994,1.0206139999999948
000069.jpg,,,,,,,,,,,,,,,,,,,,,,,,,,,,,,,,,,,,,90.60680012591183,1.2163500785827637,254818.90180955437,False,raw_refined_full,3363869.4406274357,0.7619469213094711,False,pose_yaw_jump,8.973328225441097,True,False,False,temporal_xy,False,visual_chamfer_worse,7.38600177471377,-152.83227637232633,177.96772362767365
000069.jpg,,,,,,,,,,,,,,,,,,,,,,,,,,,,,,,,,,,,,90.60680012591183,1.2085570096969604,254818.90180955437,False,refined_corrected_yaw,3363869.4406274357,0.767469803326377,True,ok,1.8070271076701472,True,False,False,temporal_xy,False,visual_chamfer_worse,7.38600177471377,27.167723627673666,2.032276372326322
000069.jpg,,,,,,,,,,,,,,,,,,,,,,,,,,,,,,,,,,,,,90.61039399999999,1.2085570096969604,254818.90180955437,False,refined_freeze_alt_corrected_yaw,3363869.4406274357,0.767469803326377,True,ok,1.8069552301883842,True,False,False,temporal_xy,False,visual_chamfer_worse,7.38600177471377,27.167723627673666,2.032276372326322
000069.jpg,,,,,,,,,,,,,,,,,,,,,,,,,,,,,,,,,,,,,90.61039399999999,1.230706810951233,254818.90180955437,False,refined_freeze_alt_init_yaw,3363869.4406274357,0.7567191551255297,True,ok,1.79748798425734,True,False,False,temporal_xy,False,visual_chamfer_worse,7.38600177471377,28.179385999999994,1.0206139999999948
000069.jpg,,,,,,,,,,,,,,,,,,,,,,,,,,,,,,,,,,,,,90.61039399999999,1.0938929319381714,254822.40637966496,True,temporal_predicted,3363866.963975938,0.7957166044815447,True,ok,1.2042833955184553,False,False,True,ok,True,ok,4.0805265020791675,28.179385999999994,1.0206139999999948
000070.jpg,,,,,,,,,,,,,,,,,,,,,,,,,,,,,,,,,,,,,90.95765599999999,1.1217583417892456,254822.89423966498,True,init,3363867.8368979385,0.7903327451474667,True,disabled,1.2096672548525333,True,True,True,disabled,True,init,4.0805272091662275,28.179385999999994,1.0206139999999948
000070.jpg,,,,,,,,,,,,,,,,,,,,,,,,,,,,,,,,,,,,,91.14226999040693,1.2104517221450806,254819.32545590246,False,raw_refined_full,3363870.2702325606,0.7627510293252668,False,pose_yaw_jump,8.947938171600521,True,False,False,temporal_xy,True,ok,7.377530762852858,-152.8251340593063,177.9748659406937
000070.jpg,,,,,,,,,,,,,,,,,,,,,,,,,,,,,,,,,,,,,91.14226999040693,1.2107757329940796,254819.32545590246,False,refined_corrected_yaw,3363870.2702325606,0.7649987396017142,True,ok,1.7901709450541186,True,False,False,temporal_xy,True,ok,7.377530762852858,27.174865940693707,2.025134059306282
000070.jpg,,,,,,,,,,,,,,,,,,,,,,,,,,,,,,,,,,,,,90.95765599999999,1.210755705833435,254819.32545590246,False,refined_freeze_alt_corrected_yaw,3363870.2702325615,0.7649987396017142,True,ok,1.7864608119338674,True,False,False,temporal_xy,True,ok,7.377530763674991,27.174865940693707,2.025134059306282
000070.jpg,,,,,,,,,,,,,,,,,,,,,,,,,,,,,,,,,,,,,90.95765599999999,1.2182697057724,254819.32545590246,False,refined_freeze_alt_init_yaw,3363870.2702325615,0.7598100999915973,True,ok,1.7581670615294067,True,False,False,temporal_xy,False,visual_overlap_worse,7.377530763674991,28.179385999999994,1.0206139999999948
000070.jpg,,,,,,,,,,,,,,,,,,,,,,,,,,,,,,,,,,,,,90.95765599999999,1.1217583417892456,254822.89423966498,True,temporal_predicted,3363867.8368979385,0.7903327451474667,True,ok,1.2096672548525333,False,False,True,ok,True,ok,4.0805272091662275,28.179385999999994,1.0206139999999948
000071.jpg,,,,,,,,,,,,,,,,,,,,,,,,,,,,,,,,,,,,,91.22499699999999,1.1006942987442017,254823.38209966442,True,init,3363868.709819939,0.7948189391363482,True,disabled,1.205181060863652,True,True,True,disabled,True,init,4.080527877002088,28.179385999999994,1.0206139999999948
000071.jpg,,,,,,,,,,,,,,,,,,,,,,,,,,,,,,,,,,,,,91.48267380148172,1.2040221691131592,254820.1500323792,False,raw_refined_full,3363871.311965587,0.7670222713362802,False,pose_yaw_jump,8.941840871776764,True,False,False,temporal_xy,True,ok,7.377970223170906,-152.83967095953906,177.96032904046092
000071.jpg,,,,,,,,,,,,,,,,,,,,,,,,,,,,,,,,,,,,,91.48267380148172,1.1946760416030884,254820.1500323792,False,refined_corrected_yaw,3363871.311965587,0.7668735124107446,True,ok,1.7793651589217208,True,False,False,temporal_xy,True,ok,7.377970223170906,27.160329040460937,2.039670959539052
000071.jpg,,,,,,,,,,,,,,,,,,,,,,,,,,,,,,,,,,,,,91.22499699999999,1.1946760416030884,254820.1500323792,False,refined_freeze_alt_corrected_yaw,3363871.311965587,0.7668735124107446,True,ok,1.7742116228920861,True,False,False,temporal_xy,True,ok,7.377970223170906,27.160329040460937,2.039670959539052
000071.jpg,,,,,,,,,,,,,,,,,,,,,,,,,,,,,,,,,,,,,91.22499699999999,1.2022260427474976,254820.1500323792,False,refined_freeze_alt_init_yaw,3363871.311965587,0.7648121387283237,True,ok,1.742370026134326,True,False,False,temporal_xy,False,visual_overlap_worse,7.377970223170906,28.179385999999994,1.0206139999999948
000071.jpg,,,,,,,,,,,,,,,,,,,,,,,,,,,,,,,,,,,,,91.22499699999999,1.1006942987442017,254823.38209966442,True,temporal_predicted,3363868.709819939,0.7948189391363482,True,ok,1.205181060863652,False,False,True,ok,True,ok,4.080527877002088,28.179385999999994,1.0206139999999948
000072.jpg,,,,,,,,,,,,,,,,,,,,,,,,,,,,,,,,,,,,,91.26838799999999,1.1010546684265137,254823.86995966465,True,init,3363869.582741939,0.792394330549228,True,disabled,1.207605669450772,True,True,True,disabled,True,init,4.080528552318794,28.179385999999994,1.0206139999999948
000072.jpg,,,,,,,,,,,,,,,,,,,,,,,,,,,,,,,,,,,,,91.52991932909936,1.2168028354644775,254820.47412108886,False,raw_refined_full,3363872.080401776,0.7652703956804184,False,pose_yaw_jump,8.960806974253689,True,False,False,temporal_xy,False,visual_chamfer_worse,7.355337558560888,-152.83908168308608,177.96091831691393
000072.jpg,,,,,,,,,,,,,,,,,,,,,,,,,,,,,,,,,,,,,91.52991932909936,1.2012079954147339,254820.47412108886,False,refined_corrected_yaw,3363872.080401776,0.7689825360668185,True,ok,1.7894931305309347,True,False,False,temporal_xy,True,ok,7.355337558560888,27.16091831691392,2.039081683086067
000072.jpg,,,,,,,,,,,,,,,,,,,,,,,,,,,,,,,,,,,,,91.26838799999999,1.2012079954147339,254820.47412108886,False,refined_freeze_alt_corrected_yaw,3363872.080401776,0.7689825360668185,True,ok,1.7842625039489475,True,False,False,temporal_xy,True,ok,7.355337558560888,27.16091831691392,2.039081683086067
000072.jpg,,,,,,,,,,,,,,,,,,,,,,,,,,,,,,,,,,,,,91.26838799999999,1.235247015953064,254820.47412108886,False,refined_freeze_alt_init_yaw,3363872.080401776,0.7545136252425546,True,ok,1.7889076306724039,True,False,False,temporal_xy,False,visual_chamfer_worse,7.355337558560888,28.179385999999994,1.0206139999999948
000072.jpg,,,,,,,,,,,,,,,,,,,,,,,,,,,,,,,,,,,,,91.26838799999999,1.1010546684265137,254823.86995966465,True,temporal_predicted,3363869.582741939,0.792394330549228,True,ok,1.207605669450772,False,False,True,ok,True,ok,4.080528552318794,28.179385999999994,1.0206139999999948
000073.jpg,,,,,,,,,,,,,,,,,,,,,,,,,,,,,,,,,,,,,91.11652099999999,1.1039979457855225,254824.35781966432,True,init,3363870.4556639385,0.7909249267111357,True,disabled,1.2090750732888642,True,True,True,disabled,True,init,4.080529210850774,28.179385999999994,1.0206139999999948
000073.jpg,,,,,,,,,,,,,,,,,,,,,,,,,,,,,,,,,,,,,91.20783965755254,1.2230950593948364,254821.0185494445,False,raw_refined_full,3363873.1683265287,0.7630539151123763,False,pose_yaw_jump,8.972918590100235,True,False,False,temporal_xy,False,visual_chamfer_worse,7.523691039343921,-152.8459269124991,177.9540730875009
000073.jpg,,,,,,,,,,,,,,,,,,,,,,,,,,,,,,,,,,,,,91.20783965755254,1.2195656299591064,254821.0185494445,False,refined_corrected_yaw,3363873.1683265287,0.7614819220801291,True,ok,1.8162619765606216,True,False,False,temporal_xy,False,visual_chamfer_worse,7.523691039343921,27.154073087500905,2.045926912499084
000073.jpg,,,,,,,,,,,,,,,,,,,,,,,,,,,,,,,,,,,,,91.11652099999999,1.220636248588562,254821.01854944444,False,refined_freeze_alt_corrected_yaw,3363873.1683265283,0.7613119768874538,True,ok,1.8155753136331647,True,False,False,temporal_xy,False,visual_chamfer_worse,7.523691038948593,27.154073087500905,2.045926912499084
000073.jpg,,,,,,,,,,,,,,,,,,,,,,,,,,,,,,,,,,,,,91.11652099999999,1.209625244140625,254821.01854944444,False,refined_freeze_alt_init_yaw,3363873.1683265283,0.7595063092152781,True,ok,1.7663947103342106,True,False,False,temporal_xy,False,visual_chamfer_worse,7.523691038948593,28.179385999999994,1.0206139999999948
000073.jpg,,,,,,,,,,,,,,,,,,,,,,,,,,,,,,,,,,,,,91.11652099999999,1.1039979457855225,254824.35781966432,True,temporal_predicted,3363870.4556639385,0.7909249267111357,True,ok,1.2090750732888642,False,False,True,ok,True,ok,4.080529210850774,28.179385999999994,1.0206139999999948
000074.jpg,,,,,,,,,,,,,,,,,,,,,,,,,,,,,,,,,,,,,91.119582,1.082533836364746,254824.84567966472,True,init,3363871.3285859386,0.801030535963171,True,disabled,1.198969464036829,True,True,True,disabled,True,init,4.080529852629616,28.179385999999994,1.0206139999999948
000074.jpg,,,,,,,,,,,,,,,,,,,,,,,,,,,,,,,,,,,,,91.24295617546886,1.2144635915756226,254821.34254398246,False,raw_refined_full,3363873.809501367,0.7647717193901254,False,pose_yaw_jump,8.981310374362982,True,False,False,temporal_xy,False,visual_chamfer_worse,7.389128808522164,-152.84566348028818,177.95433651971183
000074.jpg,,,,,,,,,,,,,,,,,,,,,,,,,,,,,,,,,,,,,91.24295617546886,1.20762300491333,254821.34254398246,False,refined_corrected_yaw,3363873.809501367,0.7666934155509566,True,ok,1.8215939125249354,True,False,False,temporal_xy,False,visual_chamfer_worse,7.389128808522164,27.15433651971182,2.0456634802881695
000074.jpg,,,,,,,,,,,,,,,,,,,,,,,,,,,,,,,,,,,,,91.119582,1.2074846029281616,254821.34254398244,False,refined_freeze_alt_corrected_yaw,3363873.809501367,0.7667567681716434,True,ok,1.818935226365664,True,False,False,temporal_xy,False,visual_chamfer_worse,7.389128808535558,27.15433651971182,2.0456634802881695
000074.jpg,,,,,,,,,,,,,,,,,,,,,,,,,,,,,,,,,,,,,91.119582,1.2104523181915283,254821.34254398244,False,refined_freeze_alt_init_yaw,3363873.809501367,0.7622587321028846,True,ok,1.7851727358811633,True,False,False,temporal_xy,False,visual_chamfer_worse,7.389128808535558,28.179385999999994,1.0206139999999948
000074.jpg,,,,,,,,,,,,,,,,,,,,,,,,,,,,,,,,,,,,,91.119582,1.082533836364746,254824.84567966472,True,temporal_predicted,3363871.3285859386,0.801030535963171,True,ok,1.198969464036829,False,False,True,ok,True,ok,4.080529852629616,28.179385999999994,1.0206139999999948
000075.jpg,,,,,,,,,,,,,,,,,,,,,,,,,,,,,,,,,,,,,91.14518199999999,1.0970569849014282,254825.3335396647,True,init,3363872.201507938,0.7983105204686943,True,disabled,1.2016894795313058,True,True,True,disabled,True,init,4.080530480329242,28.179385999999994,1.0206139999999948
000075.jpg,,,,,,,,,,,,,,,,,,,,,,,,,,,,,,,,,,,,,91.25449523236603,1.1900911331176758,254821.92274361142,False,raw_refined_full,3363874.489082209,0.774100236862515,False,pose_yaw_jump,8.915605295524214,True,False,False,temporal_xy,True,ok,7.17498573431841,-152.85370670421818,177.94629329578186
000075.jpg,,,,,,,,,,,,,,,,,,,,,,,,,,,,,,,,,,,,,91.25449523236603,1.2041527032852173,254821.92274361142,False,refined_corrected_yaw,3363874.489082209,0.7675183935271553,True,ok,1.7843012649893315,True,False,False,temporal_xy,False,visual_chamfer_worse,7.17498573431841,27.146293295781817,2.053706704218172
000075.jpg,,,,,,,,,,,,,,,,,,,,,,,,,,,,,,,,,,,,,91.14518199999999,1.2041527032852173,254821.92274361142,False,refined_freeze_alt_corrected_yaw,3363874.489082209,0.7675183935271553,True,ok,1.782115000342011,True,False,False,temporal_xy,False,visual_chamfer_worse,7.17498573431841,27.146293295781817,2.053706704218172
000075.jpg,,,,,,,,,,,,,,,,,,,,,,,,,,,,,,,,,,,,,91.14518199999999,1.1931627988815308,254821.92274361142,False,refined_freeze_alt_init_yaw,3363874.489082209,0.767015322698975,True,ok,1.731276738981073,True,False,False,temporal_xy,False,visual_overlap_worse,7.17498573431841,28.179385999999994,1.0206139999999948
000075.jpg,,,,,,,,,,,,,,,,,,,,,,,,,,,,,,,,,,,,,91.14518199999999,1.0970569849014282,254825.3335396647,True,temporal_predicted,3363872.201507938,0.7983105204686943,True,ok,1.2016894795313058,False,False,True,ok,True,ok,4.080530480329242,28.179385999999994,1.0206139999999948
000076.jpg,,,,,,,,,,,,,,,,,,,,,,,,,,,,,,,,,,,,,90.687666,1.099440097808838,254825.82139966532,True,init,3363873.074429937,0.7954301131932295,True,disabled,1.2045698868067705,True,True,True,disabled,True,init,4.080531066470647,28.179385999999994,1.0206139999999948
000076.jpg,,,,,,,,,,,,,,,,,,,,,,,,,,,,,,,,,,,,,90.89919719286263,1.2078373432159424,254822.53841918343,False,raw_refined_full,3363875.27626136,0.764633966400371,False,pose_yaw_jump,8.925283640794447,True,False,False,temporal_xy,False,visual_chamfer_worse,7.040360141240284,-152.8376737342094,177.96232626579058
000076.jpg,,,,,,,,,,,,,,,,,,,,,,,,,,,,,,,,,,,,,90.89919719286263,1.209141492843628,254822.53841918343,False,refined_corrected_yaw,3363875.27626136,0.7656879070845892,True,ok,1.7743020754611365,True,False,False,temporal_xy,False,visual_chamfer_worse,7.040360141240284,27.162326265790597,2.037673734209392
000076.jpg,,,,,,,,,,,,,,,,,,,,,,,,,,,,,,,,,,,,,90.687666,1.209141492843628,254822.53841918343,False,refined_freeze_alt_corrected_yaw,3363875.27626136,0.7656879070845892,True,ok,1.7700714516038838,True,False,False,temporal_xy,False,visual_chamfer_worse,7.040360141240284,27.162326265790597,2.037673734209392
000076.jpg,,,,,,,,,,,,,,,,,,,,,,,,,,,,,,,,,,,,,90.687666,1.197482943534851,254822.53841918343,False,refined_freeze_alt_init_yaw,3363875.27626136,0.7659408528488016,True,ok,1.7185320377843238,True,False,False,temporal_xy,True,ok,7.040360141240284,28.179385999999994,1.0206139999999948
000076.jpg,,,,,,,,,,,,,,,,,,,,,,,,,,,,,,,,,,,,,90.687666,1.099440097808838,254825.82139966532,True,temporal_predicted,3363873.074429937,0.7954301131932295,True,ok,1.2045698868067705,False,False,True,ok,True,ok,4.080531066470647,28.179385999999994,1.0206139999999948
000077.jpg,,,,,,,,,,,,,,,,,,,,,,,,,,,,,,,,,,,,,90.33373499999999,1.0945109128952026,254826.3092596655,True,init,3363873.947351937,0.796882579991985,True,disabled,1.203117420008015,True,True,True,disabled,True,init,4.080531661963702,28.179385999999994,1.0206139999999948
000077.jpg,,,,,,,,,,,,,,,,,,,,,,,,,,,,,,,,,,,,,90.30198081675917,1.1958041191101074,254822.83674668078,False,raw_refined_full,3363876.238745893,0.7701588239016262,False,pose_yaw_jump,8.931569165114126,True,False,False,temporal_xy,True,ok,7.207029331268595,-152.8390299630438,177.9609700369562
000077.jpg,,,,,,,,,,,,,,,,,,,,,,,,,,,,,,,,,,,,,90.30198081675917,1.2088679075241089,254822.83674668078,False,refined_corrected_yaw,3363876.238745893,0.764738140937757,True,ok,1.7971547129260055,True,False,False,temporal_xy,False,visual_chamfer_worse,7.207029331268595,27.1609700369562,2.039029963043788
000077.jpg,,,,,,,,,,,,,,,,,,,,,,,,,,,,,,,,,,,,,90.33373499999999,1.2088679075241089,254822.83674668078,False,refined_freeze_alt_corrected_yaw,3363876.2387458924,0.764738140937757,True,ok,1.7965196292355419,True,False,False,temporal_xy,False,visual_chamfer_worse,7.207029330856974,27.1609700369562,2.039029963043788
000077.jpg,,,,,,,,,,,,,,,,,,,,,,,,,,,,,,,,,,,,,90.33373499999999,1.1744229793548584,254822.83674668078,False,refined_freeze_alt_init_yaw,3363876.2387458924,0.7696315201113666,True,ok,1.719418999631765,True,False,False,temporal_xy,True,ok,7.207029330856974,28.179385999999994,1.0206139999999948
000077.jpg,,,,,,,,,,,,,,,,,,,,,,,,,,,,,,,,,,,,,90.33373499999999,1.0945109128952026,254826.3092596655,True,temporal_predicted,3363873.947351937,0.796882579991985,True,ok,1.203117420008015,False,False,True,ok,True,ok,4.080531661963702,28.179385999999994,1.0206139999999948
000078.jpg,,,,,,,,,,,,,,,,,,,,,,,,,,,,,,,,,,,,,90.28267499999998,1.1079375743865967,254826.79711966516,True,init,3363874.8202739377,0.7943452318201943,True,disabled,1.2056547681798055,True,True,True,disabled,True,init,4.080532242099049,28.179385999999994,1.0206139999999948
000078.jpg,,,,,,,,,,,,,,,,,,,,,,,,,,,,,,,,,,,,,90.57829049415886,1.2044525146484375,254823.5650864397,False,raw_refined_full,3363877.532575601,0.7680533007231862,False,pose_yaw_jump,8.94168522016955,True,False,False,temporal_xy,True,ok,7.477858390112646,-152.83827500910868,177.9617249908913
000078.jpg,,,,,,,,,,,,,,,,,,,,,,,,,,,,,,,,,,,,,90.57829049415886,1.216773271560669,254823.5650864397,False,refined_corrected_yaw,3363877.532575601,0.7666828311792363,True,ok,1.800100117247787,True,False,False,temporal_xy,False,visual_chamfer_worse,7.477858390112646,27.161724990891315,2.0382750091086734
000078.jpg,,,,,,,,,,,,,,,,,,,,,,,,,,,,,,,,,,,,,90.28267499999998,1.216773271560669,254823.5650864397,False,refined_freeze_alt_corrected_yaw,3363877.532575601,0.7666828311792363,True,ok,1.7941878073646094,True,False,False,temporal_xy,False,visual_chamfer_worse,7.477858390112646,27.161724990891315,2.0382750091086734
000078.jpg,,,,,,,,,,,,,,,,,,,,,,,,,,,,,,,,,,,,,90.28267499999998,1.1959786415100098,254823.5650864397,False,refined_freeze_alt_init_yaw,3363877.532575601,0.7677581226675663,True,ok,1.7336373014118462,True,False,False,temporal_xy,True,ok,7.477858390112646,28.179385999999994,1.0206139999999948
000078.jpg,,,,,,,,,,,,,,,,,,,,,,,,,,,,,,,,,,,,,90.28267499999998,1.1079375743865967,254826.79711966516,True,temporal_predicted,3363874.8202739377,0.7943452318201943,True,ok,1.2056547681798055,False,False,True,ok,True,ok,4.080532242099049,28.179385999999994,1.0206139999999948
000079.jpg,,,,,,,,,,,,,,,,,,,,,,,,,,,,,,,,,,,,,90.52915099999998,1.0944300889968872,254827.28497966554,True,init,3363875.693195938,0.796942680516422,True,disabled,1.203057319483578,True,True,True,disabled,True,init,4.080521716646107,28.179385999999994,1.0206139999999948
000079.jpg,,,,,,,,,,,,,,,,,,,,,,,,,,,,,,,,,,,,,90.73459994606674,1.1900633573532104,254823.65898984228,False,raw_refined_full,3363878.4573178426,0.7725303839522267,False,pose_yaw_jump,8.971244535623848,True,False,False,temporal_xy,True,ok,7.69712187566431,-152.83653304380317,177.96346695619684
000079.jpg,,,,,,,,,,,,,,,,,,,,,,,,,,,,,,,,,,,,,90.73459994606674,1.2035014629364014,254823.65898984228,False,refined_corrected_yaw,3363878.4573178426,0.7691029900332226,True,ok,1.8312436609302658,True,False,False,temporal_xy,False,visual_chamfer_worse,7.69712187566431,27.163466956196828,2.0365330438031606
000079.jpg,,,,,,,,,,,,,,,,,,,,,,,,,,,,,,,,,,,,,90.52915099999998,1.2035014629364014,254823.65898984228,False,refined_freeze_alt_corrected_yaw,3363878.4573178426,0.7691029900332226,True,ok,1.8271346820089307,True,False,False,temporal_xy,False,visual_chamfer_worse,7.69712187566431,27.163466956196828,2.0365330438031606
000079.jpg,,,,,,,,,,,,,,,,,,,,,,,,,,,,,,,,,,,,,90.52915099999998,1.217801809310913,254823.65898984228,False,refined_freeze_alt_init_yaw,3363878.4573178426,0.7606080995836663,True,ok,1.80805928842685,True,False,False,temporal_xy,False,visual_chamfer_worse,7.69712187566431,28.179385999999994,1.0206139999999948
000079.jpg,,,,,,,,,,,,,,,,,,,,,,,,,,,,,,,,,,,,,90.52915099999998,1.0944300889968872,254827.28497966554,True,temporal_predicted,3363875.693195938,0.796942680516422,True,ok,1.203057319483578,False,False,True,ok,True,ok,4.080521716646107,28.179385999999994,1.0206139999999948
000080.jpg,,,,,,,,,,,,,,,,,,,,,,,,,,,,,,,,,,,,,90.72260499999999,1.0966253280639648,254827.77283966544,True,init,3363876.5661179377,0.7955817255491523,True,disabled,1.2044182744508478,True,True,True,disabled,True,init,4.080522237388964,28.179385999999994,1.0206139999999948
000080.jpg,,,,,,,,,,,,,,,,,,,,,,,,,,,,,,,,,,,,,90.90413304418325,1.2257663011550903,254824.5140472816,False,raw_refined_full,3363879.362547057,0.7641986135471478,False,pose_yaw_jump,8.982735869194876,True,False,False,temporal_xy,False,visual_chamfer_worse,7.565463851443016,-152.84448455161083,177.95551544838918
000080.jpg,,,,,,,,,,,,,,,,,,,,,,,,,,,,,,,,,,,,,90.90413304418325,1.233368992805481,254824.5140472816,False,refined_corrected_yaw,3363879.362547057,0.7614632924079178,True,ok,1.8372322885668844,True,False,False,temporal_xy,False,visual_chamfer_worse,7.565463851443016,27.155515448389167,2.0444845516108217
000080.jpg,,,,,,,,,,,,,,,,,,,,,,,,,,,,,,,,,,,,,90.72260499999999,1.233368992805481,254824.5140472816,False,refined_freeze_alt_corrected_yaw,3363879.362547057,0.7614632924079178,True,ok,1.8336017276832188,True,False,False,temporal_xy,False,visual_chamfer_worse,7.565463851443016,27.155515448389167,2.0444845516108217
000080.jpg,,,,,,,,,,,,,,,,,,,,,,,,,,,,,,,,,,,,,90.72260499999999,1.2153884172439575,254824.5140472816,False,refined_freeze_alt_init_yaw,3363879.362547057,0.761400651465798,True,ok,1.7763132669005888,True,False,False,temporal_xy,False,visual_chamfer_worse,7.565463851443016,28.179385999999994,1.0206139999999948
000080.jpg,,,,,,,,,,,,,,,,,,,,,,,,,,,,,,,,,,,,,90.72260499999999,1.0966253280639648,254827.77283966544,True,temporal_predicted,3363876.5661179377,0.7955817255491523,True,ok,1.2044182744508478,False,False,True,ok,True,ok,4.080522237388964,28.179385999999994,1.0206139999999948
000081.jpg,,,,,,,,,,,,,,,,,,,,,,,,,,,,,,,,,,,,,90.69520699999998,1.082977533340454,254828.26069966602,True,init,3363877.4390399377,0.8006764612620231,True,disabled,1.199323538737977,True,True,True,disabled,True,init,4.080522769461836,28.179385999999994,1.0206139999999948
000081.jpg,,,,,,,,,,,,,,,,,,,,,,,,,,,,,,,,,,,,,91.00749705266207,1.2180325984954834,254825.0796391193,False,raw_refined_full,3363879.852616956,0.7685445513159286,False,pose_yaw_jump,8.954288848651373,True,False,False,temporal_xy,False,visual_chamfer_worse,7.185642236208829,-152.83692798703183,177.96307201296815
000081.jpg,,,,,,,,,,,,,,,,,,,,,,,,,,,,,,,,,,,,,91.00749705266207,1.2142223119735718,254825.0796391193,False,refined_corrected_yaw,3363879.852616956,0.7674664411795793,True,ok,1.7999263980875215,True,False,False,temporal_xy,False,visual_chamfer_worse,7.185642236208829,27.163072012968172,2.0369279870318167
000081.jpg,,,,,,,,,,,,,,,,,,,,,,,,,,,,,,,,,,,,,90.69520699999998,1.214213490486145,254825.0796391193,False,refined_freeze_alt_corrected_yaw,3363879.8526169565,0.7674664411795793,True,ok,1.7936724514756943,True,False,False,temporal_xy,False,visual_chamfer_worse,7.185642236629592,27.163072012968172,2.0369279870318167
000081.jpg,,,,,,,,,,,,,,,,,,,,,,,,,,,,,,,,,,,,,90.69520699999998,1.2010436058044434,254825.0796391193,False,refined_freeze_alt_init_yaw,3363879.8526169565,0.7646760384737343,True,ok,1.7436494840866987,True,False,False,temporal_xy,False,visual_chamfer_worse,7.185642236629592,28.179385999999994,1.0206139999999948
000081.jpg,,,,,,,,,,,,,,,,,,,,,,,,,,,,,,,,,,,,,90.69520699999998,1.082977533340454,254828.26069966602,True,temporal_predicted,3363877.4390399377,0.8006764612620231,True,ok,1.199323538737977,False,False,True,ok,True,ok,4.080522769461836,28.179385999999994,1.0206139999999948
000082.jpg,,,,,,,,,,,,,,,,,,,,,,,,,,,,,,,,,,,,,90.58651099999999,1.1023682355880737,254828.74855966744,True,init,3363878.311961937,0.7961100212863642,True,disabled,1.2038899787136357,True,True,True,disabled,True,init,4.0805232856606715,28.179385999999994,1.0206139999999948
000082.jpg,,,,,,,,,,,,,,,,,,,,,,,,,,,,,,,,,,,,,90.92068406287581,1.2280405759811401,254825.0257678135,False,raw_refined_full,3363881.05156918,0.7634291915355399,False,pose_yaw_jump,9.017425626751645,True,False,False,temporal_xy,False,visual_chamfer_worse,7.72025270283014,-152.83877357141492,177.96122642858506
000082.jpg,,,,,,,,,,,,,,,,,,,,,,,,,,,,,,,,,,,,,90.92068406287581,1.2542210817337036,254825.0257678135,False,refined_corrected_yaw,3363881.05156918,0.7539129345966026,True,ok,1.8934672360627394,True,False,False,temporal_xy,False,visual_chamfer_worse,7.72025270283014,27.16122642858508,2.0387735714149073
000082.jpg,,,,,,,,,,,,,,,,,,,,,,,,,,,,,,,,,,,,,90.58651099999999,1.2542210817337036,254825.0257678135,False,refined_freeze_alt_corrected_yaw,3363881.05156918,0.7539129345966026,True,ok,1.886783774805223,True,False,False,temporal_xy,False,visual_chamfer_worse,7.72025270283014,27.16122642858508,2.0387735714149073
000082.jpg,,,,,,,,,,,,,,,,,,,,,,,,,,,,,,,,,,,,,90.58651099999999,1.22931969165802,254825.0257678135,False,refined_freeze_alt_init_yaw,3363881.05156918,0.7581702074377061,True,ok,1.81921112454855,True,False,False,temporal_xy,False,visual_chamfer_worse,7.72025270283014,28.179385999999994,1.0206139999999948
000082.jpg,,,,,,,,,,,,,,,,,,,,,,,,,,,,,,,,,,,,,90.58651099999999,1.1023682355880737,254828.74855966744,True,temporal_predicted,3363878.311961937,0.7961100212863642,True,ok,1.2038899787136357,False,False,True,ok,True,ok,4.0805232856606715,28.179385999999994,1.0206139999999948
000083.jpg,,,,,,,,,,,,,,,,,,,,,,,,,,,,,,,,,,,,,90.756346,1.11616051197052,254829.23641966702,True,init,3363879.1848839372,0.7908689870612322,True,disabled,1.2091310129387678,True,True,True,disabled,True,init,4.080523786842735,28.179385999999994,1.0206139999999948
000083.jpg,,,,,,,,,,,,,,,,,,,,,,,,,,,,,,,,,,,,,91.25268747285008,1.1951930522918701,254826.231917411,False,raw_refined_full,3363881.2875235416,0.7703738100766194,False,pose_yaw_jump,8.86686905763837,True,False,False,temporal_xy,True,ok,6.829093477413486,-152.8393374919971,177.96066250800288
000083.jpg,,,,,,,,,,,,,,,,,,,,,,,,,,,,,,,,,,,,,91.25268747285008,1.1923679113388062,254826.231917411,False,refined_corrected_yaw,3363881.2875235416,0.7711758870337928,True,ok,1.7144931436292392,True,False,False,temporal_xy,True,ok,6.829093477413486,27.1606625080029,2.039337491997088
000083.jpg,,,,,,,,,,,,,,,,,,,,,,,,,,,,,,,,,,,,,90.756346,1.1923679113388062,254826.231917411,False,refined_freeze_alt_corrected_yaw,3363881.2875235416,0.7711758870337928,True,ok,1.7045663141722374,True,False,False,temporal_xy,True,ok,6.829093477413486,27.1606625080029,2.039337491997088
000083.jpg,,,,,,,,,,,,,,,,,,,,,,,,,,,,,,,,,,,,,90.756346,1.187591552734375,254826.231917411,False,refined_freeze_alt_init_yaw,3363881.2875235416,0.7673976824197395,True,ok,1.6633163033631728,True,False,False,temporal_xy,True,ok,6.829093477413486,28.179385999999994,1.0206139999999948
000083.jpg,,,,,,,,,,,,,,,,,,,,,,,,,,,,,,,,,,,,,90.756346,1.11616051197052,254829.23641966702,True,temporal_predicted,3363879.1848839372,0.7908689870612322,True,ok,1.2091310129387678,False,False,True,ok,True,ok,4.080523786842735,28.179385999999994,1.0206139999999948
000084.jpg,,,,,,,,,,,,,,,,,,,,,,,,,,,,,,,,,,,,,91.05810899999999,1.119224190711975,254829.72427966734,True,init,3363880.0578059363,0.7917471245067584,True,disabled,1.2082528754932416,True,True,True,disabled,True,init,4.080524245096254,28.179385999999994,1.0206139999999948
000084.jpg,,,,,,,,,,,,,,,,,,,,,,,,,,,,,,,,,,,,,91.3163355793804,1.2179970741271973,254825.94055814765,False,raw_refined_full,3363882.3931031735,0.7645663672235748,False,pose_yaw_jump,8.968984404084084,True,False,False,temporal_xy,True,ok,7.395730036799948,-152.84001417629906,177.95998582370095
000084.jpg,,,,,,,,,,,,,,,,,,,,,,,,,,,,,,,,,,,,,91.3163355793804,1.2212762832641602,254825.94055814765,False,refined_corrected_yaw,3363882.3931031735,0.7656787843170179,True,ok,1.8160793541772904,True,False,False,temporal_xy,True,ok,7.395730036799948,27.159985823700936,2.040014176299053
000084.jpg,,,,,,,,,,,,,,,,,,,,,,,,,,,,,,,,,,,,,91.05810899999999,1.2212762832641602,254825.94055814765,False,refined_freeze_alt_corrected_yaw,3363882.393103173,0.7656787843170179,True,ok,1.810914822565225,True,False,False,temporal_xy,True,ok,7.395730036396066,27.159985823700936,2.040014176299053
000084.jpg,,,,,,,,,,,,,,,,,,,,,,,,,,,,,,,,,,,,,91.05810899999999,1.2058085203170776,254825.94055814765,False,refined_freeze_alt_init_yaw,3363882.393103173,0.7647342792376794,True,ok,1.7572632449764345,True,False,False,temporal_xy,True,ok,7.395730036396066,28.179385999999994,1.0206139999999948
000084.jpg,,,,,,,,,,,,,,,,,,,,,,,,,,,,,,,,,,,,,91.05810899999999,1.119224190711975,254829.72427966734,True,temporal_predicted,3363880.0578059363,0.7917471245067584,True,ok,1.2082528754932416,False,False,True,ok,True,ok,4.080524245096254,28.179385999999994,1.0206139999999948
000085.jpg,,,,,,,,,,,,,,,,,,,,,,,,,,,,,,,,,,,,,90.80182899999998,1.0964151620864868,254830.2121396672,True,init,3363880.930727936,0.7963466440101954,True,disabled,1.2036533559898046,True,True,True,disabled,True,init,4.080524712210733,28.179385999999994,1.0206139999999948
000085.jpg,,,,,,,,,,,,,,,,,,,,,,,,,,,,,,,,,,,,,91.13929611351341,1.2135506868362427,254826.95070323342,False,raw_refined_full,3363883.3435253105,0.7635726423109601,False,pose_yaw_jump,8.948315763611292,True,False,False,temporal_xy,False,visual_chamfer_worse,7.219741449634032,-152.8389296704015,177.9610703295985
000085.jpg,,,,,,,,,,,,,,,,,,,,,,,,,,,,,,,,,,,,,91.13929611351341,1.1974252462387085,254826.95070323342,False,refined_corrected_yaw,3363883.3435253105,0.7710067969413764,True,ok,1.7742942533941397,True,False,False,temporal_xy,True,ok,7.219741449634032,27.161070329598488,2.038929670401501
000085.jpg,,,,,,,,,,,,,,,,,,,,,,,,,,,,,,,,,,,,,90.80182899999998,1.1974252462387085,254826.95070323342,False,refined_freeze_alt_corrected_yaw,3363883.3435253105,0.7710067969413764,True,ok,1.767544911123871,True,False,False,temporal_xy,True,ok,7.219741449634032,27.161070329598488,2.038929670401501
000085.jpg,,,,,,,,,,,,,,,,,,,,,,,,,,,,,,,,,,,,,90.80182899999998,1.2090568542480469,254826.95070323342,False,refined_freeze_alt_init_yaw,3363883.3435253105,0.7639549702633814,True,ok,1.7444728734432708,True,False,False,temporal_xy,False,visual_chamfer_worse,7.219741449634032,28.179385999999994,1.0206139999999948
000085.jpg,,,,,,,,,,,,,,,,,,,,,,,,,,,,,,,,,,,,,90.80182899999998,1.0964151620864868,254830.2121396672,True,temporal_predicted,3363880.930727936,0.7963466440101954,True,ok,1.2036533559898046,False,False,True,ok,True,ok,4.080524712210733,28.179385999999994,1.0206139999999948
000086.jpg,,,,,,,,,,,,,,,,,,,,,,,,,,,,,,,,,,,,,90.46442699999999,1.114163875579834,254830.69999966657,True,init,3363881.803649935,0.7923501876607768,True,disabled,1.2076498123392232,True,True,True,disabled,True,init,4.080525163475797,28.179385999999994,1.0206139999999948
000086.jpg,,,,,,,,,,,,,,,,,,,,,,,,,,,,,,,,,,,,,90.88607012294233,1.2182848453521729,254827.16594802024,False,raw_refined_full,3363884.125507973,0.7669421836123645,False,pose_yaw_jump,8.95144778457346,True,False,False,temporal_xy,True,ok,7.262834499772935,-152.82749889683444,177.97250110316554
000086.jpg,,,,,,,,,,,,,,,,,,,,,,,,,,,,,,,,,,,,,90.88607012294233,1.2045445442199707,254827.16594802024,False,refined_corrected_yaw,3363884.125507973,0.7735208535402521,True,ok,1.7791610750071052,True,False,False,temporal_xy,True,ok,7.262834499772935,27.17250110316556,2.0274988968344303
000086.jpg,,,,,,,,,,,,,,,,,,,,,,,,,,,,,,,,,,,,,90.46442699999999,1.2045445442199707,254827.16594802024,False,refined_freeze_alt_corrected_yaw,3363884.125507973,0.7735208535402521,True,ok,1.7707282125482586,True,False,False,temporal_xy,True,ok,7.262834499772935,27.17250110316556,2.0274988968344303
000086.jpg,,,,,,,,,,,,,,,,,,,,,,,,,,,,,,,,,,,,,90.46442699999999,1.216017246246338,254827.16594802024,False,refined_freeze_alt_init_yaw,3363884.125507973,0.7611015055033105,True,ok,1.7531693052652235,True,False,False,temporal_xy,False,visual_overlap_worse,7.262834499772935,28.179385999999994,1.0206139999999948
000086.jpg,,,,,,,,,,,,,,,,,,,,,,,,,,,,,,,,,,,,,90.46442699999999,1.114163875579834,254830.69999966657,True,temporal_predicted,3363881.803649935,0.7923501876607768,True,ok,1.2076498123392232,False,False,True,ok,True,ok,4.080525163475797,28.179385999999994,1.0206139999999948
000087.jpg,,,,,,,,,,,,,,,,,,,,,,,,,,,,,,,,,,,,,90.15108199999999,1.090383768081665,254831.18785966784,True,init,3363882.676571934,0.7990468960863698,True,disabled,1.2009531039136303,True,True,True,disabled,True,init,4.080525573209224,28.179385999999994,1.0206139999999948
000087.jpg,,,,,,,,,,,,,,,,,,,,,,,,,,,,,,,,,,,,,90.44063295423985,1.2085344791412354,254827.95639687666,False,raw_refined_full,3363884.808998509,0.7712339743589743,False,pose_yaw_jump,8.920395105209646,True,False,False,temporal_xy,False,visual_chamfer_worse,6.955177106761101,-152.83617593826,177.96382406174
000087.jpg,,,,,,,,,,,,,,,,,,,,,,,,,,,,,,,,,,,,,90.44063295423985,1.1973706483840942,254827.95639687666,False,refined_corrected_yaw,3363884.808998509,0.7712761470985156,True,ok,1.7604198866898337,True,False,False,temporal_xy,False,visual_chamfer_worse,6.955177106761101,27.16382406174,2.036175938259987
000087.jpg,,,,,,,,,,,,,,,,,,,,,,,,,,,,,,,,,,,,,90.15108199999999,1.1973706483840942,254827.9563968779,False,refined_freeze_alt_corrected_yaw,3363884.808998509,0.7712761470985156,True,ok,1.7546288675005832,True,False,False,temporal_xy,False,visual_chamfer_worse,6.955177106198117,27.16382406174,2.036175938259987
000087.jpg,,,,,,,,,,,,,,,,,,,,,,,,,,,,,,,,,,,,,90.15108199999999,1.1846888065338135,254827.9563968779,False,refined_freeze_alt_init_yaw,3363884.808998509,0.7681764507422402,True,ok,1.7054754639515568,True,False,False,temporal_xy,False,visual_overlap_worse,6.955177106198117,28.179385999999994,1.0206139999999948
000087.jpg,,,,,,,,,,,,,,,,,,,,,,,,,,,,,,,,,,,,,90.15108199999999,1.090383768081665,254831.18785966784,True,temporal_predicted,3363882.676571934,0.7990468960863698,True,ok,1.2009531039136303,False,False,True,ok,True,ok,4.080525573209224,28.179385999999994,1.0206139999999948
000088.jpg,,,,,,,,,,,,,,,,,,,,,,,,,,,,,,,,,,,,,89.99107099999999,1.0928016901016235,254831.6757196674,True,init,3363883.549493934,0.7948739460547842,True,disabled,1.2051260539452158,True,True,True,disabled,True,init,4.080525994094382,28.179385999999994,1.0206139999999948
000088.jpg,,,,,,,,,,,,,,,,,,,,,,,,,,,,,,,,,,,,,90.07770025078207,1.2074267864227295,254828.21222916106,False,raw_refined_full,3363886.0684141167,0.7693695205335794,False,pose_yaw_jump,8.96101562028683,True,False,False,temporal_xy,False,visual_chamfer_worse,7.404808093025644,-152.8412986121968,177.95870138780322
000088.jpg,,,,,,,,,,,,,,,,,,,,,,,,,,,,,,,,,,,,,90.07770025078207,1.2037861347198486,254828.21222916106,False,refined_corrected_yaw,3363886.0684141167,0.7713410797432778,True,ok,1.8010391678021958,True,False,False,temporal_xy,False,visual_chamfer_worse,7.404808093025644,27.158701387803205,2.0412986121967833
000088.jpg,,,,,,,,,,,,,,,,,,,,,,,,,,,,,,,,,,,,,89.99107099999999,1.2037287950515747,254828.21222916228,False,refined_freeze_alt_corrected_yaw,3363886.068414117,0.7713620537774235,True,ok,1.7992331383482234,True,False,False,temporal_xy,False,visual_chamfer_worse,7.404808092885776,27.158701387803205,2.0412986121967833
000088.jpg,,,,,,,,,,,,,,,,,,,,,,,,,,,,,,,,,,,,,89.99107099999999,1.201690435409546,254828.21222916228,False,refined_freeze_alt_init_yaw,3363886.068414117,0.764398674441042,True,ok,1.7635038728658865,True,False,False,temporal_xy,False,visual_chamfer_worse,7.404808092885776,28.179385999999994,1.0206139999999948
000088.jpg,,,,,,,,,,,,,,,,,,,,,,,,,,,,,,,,,,,,,89.99107099999999,1.0928016901016235,254831.6757196674,True,temporal_predicted,3363883.549493934,0.7948739460547842,True,ok,1.2051260539452158,False,False,True,ok,True,ok,4.080525994094382,28.179385999999994,1.0206139999999948
000089.jpg,,,,,,,,,,,,,,,,,,,,,,,,,,,,,,,,,,,,,89.964378,1.1009410619735718,254832.16357966771,True,init,3363884.4224159336,0.7974800117208757,True,disabled,1.2025199882791244,True,True,True,disabled,True,init,4.080526398699361,28.179385999999994,1.0206139999999948
000089.jpg,,,,,,,,,,,,,,,,,,,,,,,,,,,,,,,,,,,,,90.2104258313775,1.2127010822296143,254828.60370515342,False,raw_refined_full,3363886.74678967,0.7652057432291013,False,pose_yaw_jump,8.959555046893048,True,False,False,temporal_xy,False,visual_chamfer_worse,7.277284954842284,-152.83755325906475,177.96244674093526
000089.jpg,,,,,,,,,,,,,,,,,,,,,,,,,,,,,,,,,,,,,90.2104258313775,1.2219663858413696,254828.60370515342,False,refined_corrected_yaw,3363886.74678967,0.7648499309305538,True,ok,1.8158295430863256,True,False,False,temporal_xy,False,visual_chamfer_worse,7.277284954842284,27.162446740935252,2.0375532590647367
000089.jpg,,,,,,,,,,,,,,,,,,,,,,,,,,,,,,,,,,,,,89.964378,1.2219663858413696,254828.60370515467,False,refined_freeze_alt_corrected_yaw,3363886.74678967,0.7648499309305538,True,ok,1.810908586353988,True,False,False,temporal_xy,False,visual_chamfer_worse,7.277284954247744,27.162446740935252,2.0375532590647367
000089.jpg,,,,,,,,,,,,,,,,,,,,,,,,,,,,,,,,,,,,,89.964378,1.1928339004516602,254828.60370515467,False,refined_freeze_alt_init_yaw,3363886.74678967,0.7676127087780987,True,ok,1.741006798566438,True,False,False,temporal_xy,True,ok,7.277284954247744,28.179385999999994,1.0206139999999948
000089.jpg,,,,,,,,,,,,,,,,,,,,,,,,,,,,,,,,,,,,,89.964378,1.1009410619735718,254832.16357966771,True,temporal_predicted,3363884.4224159336,0.7974800117208757,True,ok,1.2025199882791244,False,False,True,ok,True,ok,4.080526398699361,28.179385999999994,1.0206139999999948
000090.jpg,,,,,,,,,,,,,,,,,,,,,,,,,,,,,,,,,,,,,89.91973899999999,1.1050257682800293,254832.65143966748,True,init,3363885.2953379336,0.7967233907620759,True,disabled,1.2032766092379241,True,True,True,disabled,True,init,4.0805267869540875,28.179385999999994,1.0206139999999948
000090.jpg,,,,,,,,,,,,,,,,,,,,,,,,,,,,,,,,,,,,,90.2604307886213,1.193442940711975,254828.9762083086,False,raw_refined_full,3363887.5549248983,0.7724976218158757,False,pose_yaw_jump,8.94007562285827,True,False,False,temporal_xy,True,ok,7.276280564330059,-152.83055922341086,177.96944077658918
000090.jpg,,,,,,,,,,,,,,,,,,,,,,,,,,,,,,,,,,,,,90.2604307886213,1.204962134361267,254828.9762083086,False,refined_corrected_yaw,3363887.5549248983,0.769643800866716,True,ok,1.7994344283961523,True,False,False,temporal_xy,True,ok,7.276280564330059,27.16944077658914,2.0305592234108474
000090.jpg,,,,,,,,,,,,,,,,,,,,,,,,,,,,,,,,,,,,,89.91973899999999,1.204962134361267,254828.9762083098,False,refined_freeze_alt_corrected_yaw,3363887.5549248983,0.769643800866716,True,ok,1.7926205925220755,True,False,False,temporal_xy,True,ok,7.276280563744176,27.16944077658914,2.0305592234108474
000090.jpg,,,,,,,,,,,,,,,,,,,,,,,,,,,,,,,,,,,,,89.91973899999999,1.222095012664795,254828.9762083098,False,refined_freeze_alt_init_yaw,3363887.5549248983,0.7598985308106966,True,ok,1.7774725593240897,True,False,False,temporal_xy,False,visual_chamfer_worse,7.276280563744176,28.179385999999994,1.0206139999999948
000090.jpg,,,,,,,,,,,,,,,,,,,,,,,,,,,,,,,,,,,,,89.91973899999999,1.1050257682800293,254832.65143966748,True,temporal_predicted,3363885.2953379336,0.7967233907620759,True,ok,1.2032766092379241,False,False,True,ok,True,ok,4.0805267869540875,28.179385999999994,1.0206139999999948
000091.jpg,,,,,,,,,,,,,,,,,,,,,,,,,,,,,,,,,,,,,89.706347,1.0917881727218628,254833.13929966802,True,init,3363886.168259933,0.8001310062122301,True,disabled,1.1998689937877698,True,True,True,disabled,True,init,4.0805271331423025,28.179385999999994,1.0206139999999948
000091.jpg,,,,,,,,,,,,,,,,,,,,,,,,,,,,,,,,,,,,,89.96851862594485,1.1953001022338867,254829.76659323243,False,raw_refined_full,3363888.240623687,0.7710349490766175,False,pose_yaw_jump,8.914074365795736,True,False,False,temporal_xy,True,ok,6.9667581021659855,-152.84864008601815,177.95135991398183
000091.jpg,,,,,,,,,,,,,,,,,,,,,,,,,,,,,,,,,,,,,89.96851862594485,1.199204921722412,254829.76659323243,False,refined_corrected_yaw,3363888.240623687,0.7697248869543168,True,ok,1.7708771504928458,True,False,False,temporal_xy,False,visual_chamfer_worse,6.9667581021659855,27.15135991398185,2.048640086018139
000091.jpg,,,,,,,,,,,,,,,,,,,,,,,,,,,,,,,,,,,,,89.706347,1.199204921722412,254829.76659323243,False,refined_freeze_alt_corrected_yaw,3363888.240623687,0.7697248869543168,True,ok,1.7656337179739485,True,False,False,temporal_xy,False,visual_chamfer_worse,6.9667581021659855,27.15135991398185,2.048640086018139
000091.jpg,,,,,,,,,,,,,,,,,,,,,,,,,,,,,,,,,,,,,89.706347,1.1805238723754883,254829.76659323243,False,refined_freeze_alt_init_yaw,3363888.240623687,0.7695769767147023,True,ok,1.707550077612505,True,False,False,temporal_xy,False,visual_overlap_worse,6.9667581021659855,28.179385999999994,1.0206139999999948
000091.jpg,,,,,,,,,,,,,,,,,,,,,,,,,,,,,,,,,,,,,89.706347,1.0917881727218628,254833.13929966802,True,temporal_predicted,3363886.168259933,0.8001310062122301,True,ok,1.1998689937877698,False,False,True,ok,True,ok,4.0805271331423025,28.179385999999994,1.0206139999999948
000092.jpg,,,,,,,,,,,,,,,,,,,,,,,,,,,,,,,,,,,,,89.86031899999999,1.1010771989822388,254833.6271596681,True,init,3363887.041181932,0.7963939731439259,True,disabled,1.203606026856074,True,True,True,disabled,True,init,4.080527490587902,28.179385999999994,1.0206139999999948
000092.jpg,,,,,,,,,,,,,,,,,,,,,,,,,,,,,,,,,,,,,90.0959975803271,1.2138601541519165,254830.3166846296,False,raw_refined_full,3363889.7560518747,0.7696639838611385,False,pose_yaw_jump,8.959703139448616,True,False,False,temporal_xy,False,visual_chamfer_worse,7.513339016180428,-152.84400046113979,177.95599953886023
000092.jpg,,,,,,,,,,,,,,,,,,,,,,,,,,,,,,,,,,,,,90.0959975803271,1.210913062095642,254830.3166846296,False,refined_corrected_yaw,3363889.7560518747,0.7689284888730116,True,ok,1.8046063743503382,True,False,False,temporal_xy,False,visual_chamfer_worse,7.513339016180428,27.155999538860215,2.044000461139774
000092.jpg,,,,,,,,,,,,,,,,,,,,,,,,,,,,,,,,,,,,,89.86031899999999,1.210913062095642,254830.3166846296,False,refined_freeze_alt_corrected_yaw,3363889.7560518747,0.7689284888730116,True,ok,1.7998928027437961,True,False,False,temporal_xy,False,visual_chamfer_worse,7.513339016180428,27.155999538860215,2.044000461139774
000092.jpg,,,,,,,,,,,,,,,,,,,,,,,,,,,,,,,,,,,,,89.86031899999999,1.2098164558410645,254830.3166846296,False,refined_freeze_alt_init_yaw,3363889.7560518747,0.7648307310820182,True,ok,1.7620591626077606,True,False,False,temporal_xy,False,visual_chamfer_worse,7.513339016180428,28.179385999999994,1.0206139999999948
000092.jpg,,,,,,,,,,,,,,,,,,,,,,,,,,,,,,,,,,,,,89.86031899999999,1.1010771989822388,254833.6271596681,True,temporal_predicted,3363887.041181932,0.7963939731439259,True,ok,1.203606026856074,False,False,True,ok,True,ok,4.080527490587902,28.179385999999994,1.0206139999999948
000093.jpg,,,,,,,,,,,,,,,,,,,,,,,,,,,,,,,,,,,,,90.273321,1.107143521308899,254834.11501966763,True,init,3363887.914103932,0.7930866910350948,True,disabled,1.2069133089649053,True,True,True,disabled,True,init,4.08052783026149,28.179385999999994,1.0206139999999948
000093.jpg,,,,,,,,,,,,,,,,,,,,,,,,,,,,,,,,,,,,,90.78635396435857,1.2107936143875122,254830.6034583866,False,raw_refined_full,3363890.5833240645,0.7701620570897336,False,pose_yaw_jump,8.972070355611308,True,False,False,temporal_xy,True,ok,7.560593551771957,-152.84138022217863,177.95861977782135
000093.jpg,,,,,,,,,,,,,,,,,,,,,,,,,,,,,,,,,,,,,90.78635396435857,1.1921288967132568,254830.6034583866,False,refined_corrected_yaw,3363890.5833240645,0.7710917196644763,True,ok,1.7978478054188716,True,False,False,temporal_xy,True,ok,7.560593551771957,27.15861977782137,2.041380222178617
000093.jpg,,,,,,,,,,,,,,,,,,,,,,,,,,,,,,,,,,,,,90.273321,1.1921288967132568,254830.6034583866,False,refined_freeze_alt_corrected_yaw,3363890.5833240645,0.7710917196644763,True,ok,1.7875871461316999,True,False,False,temporal_xy,True,ok,7.560593551771957,27.15861977782137,2.041380222178617
000093.jpg,,,,,,,,,,,,,,,,,,,,,,,,,,,,,,,,,,,,,90.273321,1.2067241668701172,254830.6034583866,False,refined_freeze_alt_init_yaw,3363890.5833240645,0.7674364554501468,True,ok,1.7635945782084286,True,False,False,temporal_xy,True,ok,7.560593551771957,28.179385999999994,1.0206139999999948
000093.jpg,,,,,,,,,,,,,,,,,,,,,,,,,,,,,,,,,,,,,90.273321,1.107143521308899,254834.11501966763,True,temporal_predicted,3363887.914103932,0.7930866910350948,True,ok,1.2069133089649053,False,False,True,ok,True,ok,4.08052783026149,28.179385999999994,1.0206139999999948
000094.jpg,,,,,,,,,,,,,,,,,,,,,,,,,,,,,,,,,,,,,90.604247,1.1041932106018066,254834.60287966792,True,init,3363888.7870259318,0.7974365943922889,True,disabled,1.202563405607711,True,True,True,disabled,True,init,4.080528129791148,28.179385999999994,1.0206139999999948
000094.jpg,,,,,,,,,,,,,,,,,,,,,,,,,,,,,,,,,,,,,91.04335699882358,1.2311173677444458,254830.69644278713,False,raw_refined_full,3363891.6752245394,0.7669726305225082,False,pose_yaw_jump,9.043421875364617,True,False,False,temporal_xy,False,visual_chamfer_worse,7.938151855994622,-152.8406191249056,177.95938087509444
000094.jpg,,,,,,,,,,,,,,,,,,,,,,,,,,,,,,,,,,,,,91.04335699882358,1.2328215837478638,254830.69644278713,False,refined_corrected_yaw,3363891.6752245394,0.762707257406904,True,ok,1.8891842499897664,True,False,False,temporal_xy,False,visual_chamfer_worse,7.938151855994622,27.1593808750944,2.0406191249055894
000094.jpg,,,,,,,,,,,,,,,,,,,,,,,,,,,,,,,,,,,,,90.604247,1.2328215837478638,254830.6964427871,False,refined_freeze_alt_corrected_yaw,3363891.675224538,0.762707257406904,True,ok,1.8804020499325844,True,False,False,temporal_xy,False,visual_chamfer_worse,7.938151854782414,27.1593808750944,2.0406191249055894
000094.jpg,,,,,,,,,,,,,,,,,,,,,,,,,,,,,,,,,,,,,90.604247,1.2432295083999634,254830.6964427871,False,refined_freeze_alt_init_yaw,3363891.675224538,0.7578146235390052,True,ok,1.8539202971775013,True,False,False,temporal_xy,False,visual_chamfer_worse,7.938151854782414,28.179385999999994,1.0206139999999948
000094.jpg,,,,,,,,,,,,,,,,,,,,,,,,,,,,,,,,,,,,,90.604247,1.1041932106018066,254834.60287966792,True,temporal_predicted,3363888.7870259318,0.7974365943922889,True,ok,1.202563405607711,False,False,True,ok,True,ok,4.080528129791148,28.179385999999994,1.0206139999999948
000095.jpg,,,,,,,,,,,,,,,,,,,,,,,,,,,,,,,,,,,,,90.83617,1.099045753479004,254835.09073966768,True,init,3363889.6599479318,0.7969333305211651,True,disabled,1.2030666694788348,True,True,True,disabled,True,init,4.080528438219691,28.179385999999994,1.0206139999999948
000095.jpg,,,,,,,,,,,,,,,,,,,,,,,,,,,,,,,,,,,,,91.03670225385576,1.2216588258743286,254831.58835286667,False,raw_refined_full,3363892.246060678,0.7643051483770273,False,pose_yaw_jump,8.98113646011714,True,False,False,temporal_xy,False,visual_chamfer_worse,7.482335469778965,-152.84927231805392,177.9507276819461
000095.jpg,,,,,,,,,,,,,,,,,,,,,,,,,,,,,,,,,,,,,91.03670225385576,1.196980595588684,254831.58835286667,False,refined_corrected_yaw,3363892.246060678,0.7687554046358593,True,ok,1.8008804203524877,True,False,False,temporal_xy,True,ok,7.482335469778965,27.15072768194608,2.0492723180539087
000095.jpg,,,,,,,,,,,,,,,,,,,,,,,,,,,,,,,,,,,,,90.83617,1.196980595588684,254831.58835286667,False,refined_freeze_alt_corrected_yaw,3363892.2460606764,0.7687554046358593,True,ok,1.796869775192391,True,False,False,temporal_xy,True,ok,7.482335468534516,27.15072768194608,2.0492723180539087
000095.jpg,,,,,,,,,,,,,,,,,,,,,,,,,,,,,,,,,,,,,90.83617,1.2144865989685059,254831.58835286667,False,refined_freeze_alt_init_yaw,3363892.2460606764,0.7647691561386117,True,ok,1.7756380573020105,True,False,False,temporal_xy,False,visual_chamfer_worse,7.482335468534516,28.179385999999994,1.0206139999999948
000095.jpg,,,,,,,,,,,,,,,,,,,,,,,,,,,,,,,,,,,,,90.83617,1.099045753479004,254835.09073966768,True,temporal_predicted,3363889.6599479318,0.7969333305211651,True,ok,1.2030666694788348,False,False,True,ok,True,ok,4.080528438219691,28.179385999999994,1.0206139999999948
000096.jpg,,,,,,,,,,,,,,,,,,,,,,,,,,,,,,,,,,,,,91.05475299999999,1.0902061462402344,254835.57859966817,True,init,3363890.5328699313,0.8020755344813244,True,disabled,1.1979244655186756,True,True,True,disabled,True,init,4.080528705515623,28.179385999999994,1.0206139999999948
000096.jpg,,,,,,,,,,,,,,,,,,,,,,,,,,,,,,,,,,,,,91.74804326239973,1.211995244026184,254831.93381581563,False,raw_refined_full,3363892.8946430697,0.7679269611513185,False,pose_yaw_jump,8.986905451939652,True,False,False,temporal_xy,False,visual_chamfer_worse,7.350756779866247,-152.83429605702736,177.96570394297265
000096.jpg,,,,,,,,,,,,,,,,,,,,,,,,,,,,,,,,,,,,,91.74804326239973,1.2175062894821167,254831.93381581563,False,refined_corrected_yaw,3363892.8946430697,0.7651193744280842,True,ok,1.840369647482455,True,False,False,temporal_xy,False,visual_chamfer_worse,7.350756779866247,27.16570394297264,2.0342960570273476
000096.jpg,,,,,,,,,,,,,,,,,,,,,,,,,,,,,,,,,,,,,91.05475299999999,1.2175062894821167,254831.93381581563,False,refined_freeze_alt_corrected_yaw,3363892.8946430697,0.7651193744280842,True,ok,1.82650384223446,True,False,False,temporal_xy,False,visual_chamfer_worse,7.350756779866247,27.16570394297264,2.0342960570273476
000096.jpg,,,,,,,,,,,,,,,,,,,,,,,,,,,,,,,,,,,,,91.05475299999999,1.208423137664795,254831.93381581563,False,refined_freeze_alt_init_yaw,3363892.8946430697,0.7669287080941686,True,ok,1.7758156351944896,True,False,False,temporal_xy,False,visual_chamfer_worse,7.350756779866247,28.179385999999994,1.0206139999999948
000096.jpg,,,,,,,,,,,,,,,,,,,,,,,,,,,,,,,,,,,,,91.05475299999999,1.0902061462402344,254835.57859966817,True,temporal_predicted,3363890.5328699313,0.8020755344813244,True,ok,1.1979244655186756,False,False,True,ok,True,ok,4.080528705515623,28.179385999999994,1.0206139999999948
000097.jpg,,,,,,,,,,,,,,,,,,,,,,,,,,,,,,,,,,,,,91.18147199999999,1.1047791242599487,254836.06645966932,True,init,3363891.405791931,0.7967788177755292,True,disabled,1.2032211822244707,True,True,True,disabled,True,init,4.08052898316697,28.179385999999994,1.0206139999999948
000097.jpg,,,,,,,,,,,,,,,,,,,,,,,,,,,,,,,,,,,,,91.7703609932214,1.2160946130752563,254832.69828386174,False,raw_refined_full,3363893.6221399847,0.7677080698203895,False,pose_yaw_jump,8.93950913410244,True,False,False,temporal_xy,False,visual_chamfer_worse,7.092129784541845,-152.84742643357285,177.9525735664272
000097.jpg,,,,,,,,,,,,,,,,,,,,,,,,,,,,,,,,,,,,,91.7703609932214,1.2079874277114868,254832.69828386174,False,refined_corrected_yaw,3363893.6221399847,0.7680875284593979,True,ok,1.7813799104140398,True,False,False,temporal_xy,True,ok,7.092129784541845,27.15257356642715,2.047426433572838
000097.jpg,,,,,,,,,,,,,,,,,,,,,,,,,,,,,,,,,,,,,91.18147199999999,1.2079874277114868,254832.69828386174,False,refined_freeze_alt_corrected_yaw,3363893.6221399847,0.7680875284593979,True,ok,1.7696021305496115,True,False,False,temporal_xy,True,ok,7.092129784541845,27.15257356642715,2.047426433572838
000097.jpg,,,,,,,,,,,,,,,,,,,,,,,,,,,,,,,,,,,,,91.18147199999999,1.2112796306610107,254832.69828386174,False,refined_freeze_alt_init_yaw,3363893.6221399847,0.7612994350282486,True,ok,1.7382976914808008,True,False,False,temporal_xy,False,visual_chamfer_worse,7.092129784541845,28.179385999999994,1.0206139999999948
000097.jpg,,,,,,,,,,,,,,,,,,,,,,,,,,,,,,,,,,,,,91.18147199999999,1.1047791242599487,254836.06645966932,True,temporal_predicted,3363891.405791931,0.7967788177755292,True,ok,1.2032211822244707,False,False,True,ok,True,ok,4.08052898316697,28.179385999999994,1.0206139999999948
000098.jpg,,,,,,,,,,,,,,,,,,,,,,,,,,,,,,,,,,,,,91.37079699999998,1.0844793319702148,254836.55431967002,True,init,3363892.278713931,0.8007507037847983,True,disabled,1.1992492962152017,True,True,True,disabled,True,init,4.080529244472813,28.179385999999994,1.0206139999999948
000098.jpg,,,,,,,,,,,,,,,,,,,,,,,,,,,,,,,,,,,,,91.83091289922595,1.230509638786316,254832.80674146817,False,raw_refined_full,3363894.381637194,0.7644666875195496,False,pose_yaw_jump,9.003024967681315,True,False,False,temporal_xy,False,visual_chamfer_worse,7.176688738867836,-152.83765449091476,177.96234550908525
000098.jpg,,,,,,,,,,,,,,,,,,,,,,,,,,,,,,,,,,,,,91.83091289922595,1.2240172624588013,254832.80674146817,False,refined_corrected_yaw,3363894.381637194,0.7680533833802523,True,ok,1.8402268407992572,True,False,False,temporal_xy,False,visual_chamfer_worse,7.176688738867836,27.16234550908524,2.037654490914747
000098.jpg,,,,,,,,,,,,,,,,,,,,,,,,,,,,,,,,,,,,,91.37079699999998,1.2240086793899536,254832.8067414681,False,refined_freeze_alt_corrected_yaw,3363894.3816371937,0.7680533833802523,True,ok,1.8310166083365156,True,False,False,temporal_xy,False,visual_chamfer_worse,7.176688738496268,27.16234550908524,2.037654490914747
000098.jpg,,,,,,,,,,,,,,,,,,,,,,,,,,,,,,,,,,,,,91.37079699999998,1.2081518173217773,254832.8067414681,False,refined_freeze_alt_init_yaw,3363894.3816371937,0.7625482222917318,True,ok,1.7812185137639323,True,False,False,temporal_xy,False,visual_chamfer_worse,7.176688738496268,28.179385999999994,1.0206139999999948
000098.jpg,,,,,,,,,,,,,,,,,,,,,,,,,,,,,,,,,,,,,91.37079699999998,1.0844793319702148,254836.55431967002,True,temporal_predicted,3363892.278713931,0.8007507037847983,True,ok,1.1992492962152017,False,False,True,ok,True,ok,4.080529244472813,28.179385999999994,1.0206139999999948
000099.jpg,,,,,,,,,,,,,,,,,,,,,,,,,,,,,,,,,,,,,92.06466199999998,1.0733263492584229,254837.04217967027,True,init,3363893.15163593,0.8066571042861964,True,disabled,1.1933428957138035,True,True,True,disabled,True,init,4.080529463679343,28.179385999999994,1.0206139999999948
000099.jpg,,,,,,,,,,,,,,,,,,,,,,,,,,,,,,,,,,,,,92.61191013269126,1.2180105447769165,254833.48803508678,False,raw_refined_full,3363895.2944454732,0.7663474519068512,False,pose_yaw_jump,8.98740263815182,True,False,False,temporal_xy,False,visual_chamfer_worse,7.115262616664009,-152.83828381435725,177.96171618564279
000099.jpg,,,,,,,,,,,,,,,,,,,,,,,,,,,,,,,,,,,,,92.61191013269126,1.1921396255493164,254833.48803508678,False,refined_corrected_yaw,3363895.2944454732,0.7701442794465069,True,ok,1.8072167642861443,True,False,False,temporal_xy,False,visual_chamfer_worse,7.115262616664009,27.161716185642746,2.038283814357243
000099.jpg,,,,,,,,,,,,,,,,,,,,,,,,,,,,,,,,,,,,,92.06466199999998,1.1921396255493164,254833.48803508678,False,refined_freeze_alt_corrected_yaw,3363895.2944454732,0.7701442794465069,True,ok,1.7962718016323187,True,False,False,temporal_xy,False,visual_chamfer_worse,7.115262616664009,27.161716185642746,2.038283814357243
000099.jpg,,,,,,,,,,,,,,,,,,,,,,,,,,,,,,,,,,,,,92.06466199999998,1.1751054525375366,254833.48803508678,False,refined_freeze_alt_init_yaw,3363895.2944454732,0.773856733040837,True,ok,1.7359821046697266,True,False,False,temporal_xy,False,visual_overlap_worse,7.115262616664009,28.179385999999994,1.0206139999999948
000099.jpg,,,,,,,,,,,,,,,,,,,,,,,,,,,,,,,,,,,,,92.06466199999998,1.0733263492584229,254837.04217967027,True,temporal_predicted,3363893.15163593,0.8066571042861964,True,ok,1.1933428957138035,False,False,True,ok,True,ok,4.080529463679343,28.179385999999994,1.0206139999999948
