alt,alt_error_m,east,frame_id,init_xy_error_m,method,north,strategy,xy_error_m,yaw,yaw_error_deg
111.18,1.2240000000000038,254476.53949200793,000000.jpg,4.08052824670161,init,3364557.073594403,init_only,4.08052824670161,28.179385999999994,1.0206139999999948
110.8,0.5690000000000026,254476.03086971297,000001.jpg,1.8172116355129764,init,3364552.285125038,init_only,1.8172116355129764,29.087871000000007,0.11212899999998172
111.546,1.5670000000000073,254479.65329464382,000002.jpg,5.977795975003348,init,3364549.1982149333,init_only,5.977795975003348,29.007136000000003,0.19286399999998594
109.157,0.3790000000000049,254479.94162956064,000003.jpg,2.081842672395745,init,3364555.2034170134,init_only,2.081842672395745,30.12621999999999,0.9262200000000007
108.941,0.1529999999999916,254480.86189791223,000004.jpg,2.5470765913995095,init,3364555.8784438665,init_only,2.5470765913995095,30.57139699999999,1.3713970000000018
109.047,0.394999999999996,254476.26519601344,000005.jpg,5.240003235877206,init,3364552.815815422,init_only,5.240003235877206,27.858868,1.3411319999999876
107.946,0.46699999999999875,254473.60305762038,000006.jpg,6.257274735997921,init,3364555.78972327,init_only,6.257274735997921,26.813594999999992,2.3864049999999963
109.064,0.8969999999999914,254475.37454710572,000007.jpg,4.478740656197932,init,3364559.214718537,init_only,4.478740656197932,28.733735999999993,0.46626399999999535
108.813,0.7169999999999987,254478.10900810472,000008.jpg,2.512043923212948,init,3364561.132706504,init_only,2.512043923212948,28.59997899999999,0.6000209999999981
107.9,0.20699999999999363,254482.4616538305,000009.jpg,3.529623677223757,init,3364563.9792714324,init_only,3.529623677223757,27.572969,1.6270309999999881
109.227,1.097999999999999,254482.3584690805,000010.jpg,1.2803382648970303,init,3364562.4662049846,init_only,1.2803382648970303,26.63083800000001,2.5691619999999773
106.494,1.7339999999999947,254479.81853938298,000011.jpg,3.203487099633923,init,3364560.08198679,init_only,3.203487099633923,29.452868999999993,0.252869000000004
109.803,1.3859999999999957,254483.8746456505,000012.jpg,2.723877216987456,init,3364561.253041241,init_only,2.723877216987456,30.843849000000006,1.6438490000000172
109.206,0.9560000000000031,254484.66122530203,000013.jpg,2.2348875689085874,init,3364565.547452807,init_only,2.2348875689085874,26.536040000000014,2.6639599999999746
106.413,1.7670000000000101,254485.1087452324,000014.jpg,2.5811389570430356,init,3364567.0235949475,init_only,2.5811389570430356,29.894059999999996,0.6940600000000074
107.784,0.43899999999999295,254483.00355278433,000015.jpg,2.4619942690420635,init,3364568.43274937,init_only,2.4619942690420635,29.16351800000001,0.03648199999997814
106.164,0.5990000000000038,254485.271222078,000016.jpg,2.822842154450397,init,3364564.332316524,init_only,2.822842154450397,28.990073999999993,0.20992599999999584
105.778,1.0860000000000127,254486.20797691398,000017.jpg,2.1525968802951216,init,3364566.2685146267,init_only,2.1525968802951216,30.410404,1.2104040000000111
100.245,1.2600000000000051,254484.68431592503,000018.jpg,1.9696578583330149,init,3364570.60282092,init_only,1.9696578583330149,32.782351000000006,3.582351000000017
99.491,0.4650000000000034,254480.98551870402,000019.jpg,5.4133746982210145,init,3364572.22926911,init_only,5.4133746982210145,29.01227800000001,0.18772199999997952
97.778,1.2620000000000005,254483.17411780026,000020.jpg,4.831679570647073,init,3364574.2243611068,init_only,4.831679570647073,30.333890999999994,1.1338910000000055
98.647,0.3019999999999925,254490.58757483566,000021.jpg,6.187424118118592,init,3364566.5267074187,init_only,6.187424118118592,26.58156600000001,2.6184339999999793
100.876,2.0230000000000103,254487.90199036128,000022.jpg,4.601743672001107,init,3364576.7417608076,init_only,4.601743672001107,25.643771000000015,3.5562289999999734
100.326,1.5789999999999935,254485.93284718867,000023.jpg,2.7257827861494097,init,3364575.1821985436,init_only,2.7257827861494097,30.04242099999999,0.8424210000000016
98.711,0.016000000000005343,254485.90709415788,000024.jpg,2.4094077629936126,init,3364574.8358719144,init_only,2.4094077629936126,28.792519,0.40748099999999
99.056,0.3079999999999927,254486.42999527688,000025.jpg,2.4909342869597335,init,3364575.979178011,init_only,2.4909342869597335,29.014031999999986,0.18596800000000258
98.281,0.48599999999999,254488.4562069574,000026.jpg,3.9117022155153895,init,3364571.835577877,init_only,3.9117022155153895,31.612899,2.41289900000001
100.098,1.3340000000000032,254489.03745466477,000027.jpg,4.356765551135366,init,3364572.2441506623,init_only,4.356765551135366,30.260531000000015,1.0605310000000259
98.25,0.4620000000000033,254496.42125349495,000028.jpg,6.327043797561451,init,3364577.623706178,init_only,6.327043797561451,26.304710999999998,2.895288999999991
97.969,0.8210000000000122,254494.55635870708,000029.jpg,8.671469170548388,init,3364586.0176285086,init_only,8.671469170548388,27.905824999999993,1.2941749999999956
98.873,0.269999999999996,254492.86127000826,000030.jpg,3.066628486555273,init,3364576.6909749797,init_only,3.066628486555273,28.500325000000004,0.699674999999985
100.082,0.02199999999999136,254492.1364406346,000031.jpg,3.3345583950605704,init,3364583.339386812,init_only,3.3345583950605704,31.03782000000001,1.837820000000022
98.227,2.137999999999991,254490.78875752963,000032.jpg,1.5980659612311043,init,3364581.91125158,init_only,1.5980659612311043,26.300104000000005,2.899895999999984
101.18,0.5800000000000125,254494.92402733798,000033.jpg,2.972509113967172,init,3364580.030330129,init_only,2.972509113967172,30.284689000000014,1.0846890000000258
103.54,1.0170000000000101,254496.99098011493,000034.jpg,4.654874590987484,init,3364585.1092775986,init_only,4.654874590987484,28.97665699999999,0.22334299999999985
109.221,0.48799999999999955,254491.4171550231,000035.jpg,3.0339752336628685,init,3364581.3519457392,init_only,3.0339752336628685,26.940341999999987,2.2596580000000017
109.498,0.25200000000000955,254492.35753232913,000036.jpg,1.6656449694115103,init,3364584.1418327345,init_only,1.6656449694115103,28.52221800000001,0.6777819999999792
108.96,0.22499999999999432,254488.71667938455,000037.jpg,5.775116681156617,init,3364585.0756172,init_only,5.775116681156617,31.36895100000001,2.168951000000021
107.571,0.7240000000000038,254496.70917623877,000038.jpg,2.5947833683667025,init,3364584.234702948,init_only,2.5947833683667025,33.221194999999994,4.021195000000006
110.412,2.129000000000005,254497.73336219703,000039.jpg,5.944751136847968,init,3364592.5326271076,init_only,5.944751136847968,27.56383299999999,1.6361670000000004
108.831,0.5600000000000023,254497.10711519374,000040.jpg,1.7958689281700833,init,3364589.285735573,init_only,1.7958689281700833,30.283804000000003,1.0838040000000149
106.758,1.5020000000000095,254497.0453270637,000041.jpg,0.800201518323074,init,3364589.3065422764,init_only,0.800201518323074,28.86919800000001,0.33080199999997717
107.778,0.4679999999999893,254494.68416327782,000042.jpg,2.274533575383041,init,3364590.035344064,init_only,2.274533575383041,30.43704199999999,1.2370420000000024
108.511,0.3160000000000025,254499.87211059433,000043.jpg,2.6259461782954245,init,3364591.456081738,init_only,2.6259461782954245,29.38589300000001,0.1858930000000214
107.635,0.4959999999999951,254496.55934769177,000044.jpg,1.4311733807480536,init,3364590.9094133656,init_only,1.4311733807480536,29.975974000000008,0.7759740000000193
106.657,1.328000000000003,254498.43294668294,000045.jpg,1.744391845490635,init,3364594.019718475,init_only,1.744391845490635,30.975558000000007,1.775558000000018
107.766,0.19699999999998852,254496.59037741576,000046.jpg,3.1761427591638522,init,3364590.9459172846,init_only,3.1761427591638522,28.073230999999993,1.126768999999996
106.994,1.0690000000000026,254500.23969541822,000047.jpg,1.9312640072184801,init,3364592.2991917715,init_only,1.9312640072184801,27.50839400000001,1.6916059999999788
106.96,1.1670000000000016,254503.79012815637,000048.jpg,3.9381888648368575,init,3364595.027389651,init_only,3.9381888648368575,29.216755000000006,0.016755000000017617
106.899,1.524000000000001,254495.6741981027,000049.jpg,7.114187152486687,init,3364601.1362355524,init_only,7.114187152486687,30.157505000000015,0.957505000000026
109.286,0.29999999999999716,254502.4607754522,000050.jpg,4.645694277476121,init,3364592.2904305407,init_only,4.645694277476121,31.194344,1.9943440000000123
110.419,0.9489999999999981,254502.72048852473,000051.jpg,1.6064949981140477,init,3364598.2964227013,init_only,1.6064949981140477,29.52180899999999,0.3218090000000018
110.535,0.6319999999999908,254502.8148914028,000052.jpg,1.078483091317743,init,3364598.006163149,init_only,1.078483091317743,27.31723199999999,1.8827679999999987
104.01,1.090999999999994,254504.66876680404,000053.jpg,2.8177880654662877,init,3364597.743319407,init_only,2.8177880654662877,29.930498,0.7304980000000114
99.962,0.5159999999999911,254507.86020275837,000054.jpg,5.841082436323703,init,3364603.0171724036,init_only,5.841082436323703,30.596118999999987,1.3961189999999988
99.04,0.08900000000001285,254501.906576115,000055.jpg,1.4125083062805972,init,3364600.63300189,init_only,1.4125083062805972,24.565563999999995,4.634435999999994
101.656,0.6979999999999933,254504.3319063919,000056.jpg,3.1418607703918777,init,3364598.789162376,init_only,3.1418607703918777,26.251218999999992,2.9487809999999968
103.882,0.8260000000000076,254499.69524332203,000057.jpg,5.357914343783149,init,3364599.9211164443,init_only,5.357914343783149,32.532083,3.3320830000000115
102.705,0.2639999999999958,254504.65716325736,000058.jpg,3.2762417550560237,init,3364606.8992046188,init_only,3.2762417550560237,25.37605400000001,3.823945999999978
101.799,0.42799999999999727,254505.67038451316,000059.jpg,1.41056856412715,init,3364605.833701678,init_only,1.41056856412715,29.804448000000008,0.6044480000000192
97.483,1.4769999999999897,254507.4261682398,000060.jpg,3.107998904696465,init,3364602.779450815,init_only,3.107998904696465,28.757492000000013,0.44250799999997525
99.708,0.9869999999999948,254505.5631732929,000061.jpg,1.2329916146010917,init,3364605.1846127613,init_only,1.2329916146010917,32.651178000000016,3.451178000000027
99.639,0.9410000000000025,254505.43428045476,000062.jpg,2.4409705514998064,init,3364609.212182415,init_only,2.4409705514998064,30.62631300000001,1.4263130000000217
99.455,0.7399999999999949,254510.31453358376,000063.jpg,3.352405617664904,init,3364606.820709934,init_only,3.352405617664904,33.248964,4.048964000000012
99.315,0.6080000000000041,254510.07093405444,000064.jpg,3.044882971593019,init,3364607.0016813395,init_only,3.044882971593019,31.724761,2.5247610000000122
100.255,1.5429999999999922,254509.25475385156,000065.jpg,2.020437721659263,init,3364608.0440785135,init_only,2.020437721659263,26.700466000000006,2.499533999999983
97.718,1.1940000000000026,254510.14593470003,000066.jpg,1.5110626615027245,init,3364610.5586843425,init_only,1.5110626615027245,31.63889900000001,2.4388990000000206
99.694,0.6009999999999991,254510.16717395943,000067.jpg,3.652663712946468,init,3364607.979734102,init_only,3.652663712946468,28.336798999999985,0.8632010000000037
99.498,0.26400000000001,254503.9030082926,000068.jpg,6.070978404380088,init,3364610.2863399507,init_only,6.070978404380088,30.471406,1.2714060000000131
99.581,0.46999999999999886,254510.59593040636,000069.jpg,0.5148464563544212,init,3364613.3614717303,init_only,0.5148464563544212,28.778048000000013,0.4219519999999761
99.226,0.29399999999999693,254514.11795562058,000070.jpg,3.5589119870711006,init,3364614.5448238812,init_only,3.5589119870711006,30.281598000000002,1.0815980000000138
100.401,1.5289999999999964,254507.9034518324,000071.jpg,3.8190885836541297,init,3364612.8441378423,init_only,3.8190885836541297,29.87061700000001,0.6706170000000213
98.462,0.4819999999999993,254510.71496848,000072.jpg,1.3297943097600868,init,3364616.8691949225,init_only,1.3297943097600868,29.75713300000001,0.5571330000000216
104.624,1.5769999999999982,254510.0530599298,000073.jpg,2.162438500588091,init,3364617.545716725,init_only,2.162438500588091,31.86184,2.661840000000012
106.243,0.22299999999999898,254510.99966365195,000074.jpg,4.987090912109113,init,3364612.846860645,init_only,4.987090912109113,28.458008000000007,0.741991999999982
107.088,0.39799999999999613,254513.48358482402,000075.jpg,3.4660361893373532,init,3364615.0277581275,init_only,3.4660361893373532,36.447135,7.247135000000014
106.627,0.31100000000000705,254509.6782479821,000076.jpg,3.967545636953788,init,3364620.349573616,init_only,3.967545636953788,29.585217,0.38521700000001147
107.643,0.45999999999999375,254508.56668620012,000077.jpg,6.439504465275706,init,3364616.756323733,init_only,6.439504465275706,29.123164000000003,0.07683599999998592
107.526,0.17399999999999238,254519.39568650533,000078.jpg,5.341978595359967,init,3364618.9678782835,init_only,5.341978595359967,35.026242999999994,5.826243000000005
107.48,0.036000000000001364,254512.68114691807,000079.jpg,3.5534432899799873,init,3364619.2436964037,init_only,3.5534432899799873,29.110874999999993,0.08912499999999568
106.869,0.7560000000000002,254517.99818890498,000080.jpg,2.562157450642094,init,3364623.2168479743,init_only,2.562157450642094,29.62284299999999,0.4228430000000003
104.917,2.7819999999999965,254523.86934244988,000081.jpg,8.787287317620725,init,3364627.516360666,init_only,8.787287317620725,28.915965999999997,0.28403399999999124
107.569,0.17300000000000182,254513.8161415884,000082.jpg,3.2213205333053527,init,3364626.4407482594,init_only,3.2213205333053527,33.065391000000005,3.8653910000000167
107.911,0.18600000000000705,254519.72297610994,000083.jpg,3.8652456282868726,init,3364628.1180878044,init_only,3.8652456282868726,29.119405,0.0805949999999882
108.24,0.5339999999999918,254518.4376644952,000084.jpg,4.017617534597836,init,3364630.205640848,init_only,4.017617534597836,28.497735000000006,0.7022649999999828
107.49,0.07800000000000296,254521.7302468302,000085.jpg,3.868432721461126,init,3364627.7690560403,init_only,3.868432721461126,27.617245999999994,1.5827539999999942
104.627,2.7920000000000016,254516.69486906493,000086.jpg,2.5542374936715295,init,3364626.157512979,init_only,2.5542374936715295,31.23369199999999,2.033692000000002
108.323,1.0459999999999923,254520.58013813235,000087.jpg,1.8169398444817435,init,3364628.2957548373,init_only,1.8169398444817435,30.075975999999997,0.8759760000000085
106.847,0.2330000000000041,254520.48326827053,000088.jpg,7.507507308845879,init,3364622.3872068333,init_only,7.507507308845879,30.264377999999994,1.064378000000005
108.293,1.426000000000002,254524.68548927052,000089.jpg,7.334846152980117,init,3364636.205301124,init_only,7.334846152980117,26.876780999999994,2.3232189999999946
106.638,0.027000000000001023,254513.7512759876,000090.jpg,6.811513605774411,init,3364633.2687469604,init_only,6.811513605774411,31.125107000000014,1.9251070000000254
104.854,1.5,254520.45449511916,000091.jpg,0.7597707093780388,init,3364633.0895229126,init_only,0.7597707093780388,30.096019000000013,0.8960190000000239
106.513,0.4590000000000032,254519.98531239422,000092.jpg,1.6981790925085674,init,3364634.3531368845,init_only,1.6981790925085674,28.965555999999992,0.23444399999999632
106.528,0.7600000000000051,254522.75826978098,000093.jpg,0.9512814974057557,init,3364634.135284934,init_only,0.9512814974057557,30.203485999999998,1.0034860000000094
107.742,1.7439999999999998,254520.65407272658,000094.jpg,2.40950245050013,init,3364633.28531603,init_only,2.40950245050013,28.996808999999985,0.2031910000000039
105.949,0.5640000000000072,254525.75901221222,000095.jpg,3.2009292923775057,init,3364637.102105765,init_only,3.2009292923775057,27.70205200000001,1.4979479999999796
107.638,0.6150000000000091,254523.6318235701,000096.jpg,0.8501279967640029,init,3364637.5648355316,init_only,0.8501279967640029,26.666133000000002,2.5338669999999865
108.999,1.600999999999999,254521.9752549637,000097.jpg,1.8066093004164898,init,3364637.3831933797,init_only,1.8066093004164898,24.47964300000001,4.720356999999979
107.763,0.4310000000000116,254525.56449762746,000098.jpg,2.088113075222963,init,3364636.9205742124,init_only,2.088113075222963,28.216042000000016,0.9839579999999728
107.315,0.3539999999999992,254525.82868009683,000099.jpg,4.81964684200742,init,3364644.1075539007,init_only,4.81964684200742,30.0668,0.866800000000012
111.36913006566465,1.413130065664646,254472.73831786687,000000.jpg,4.08052824670161,refined,3364558.955059821,raw_refined_only,7.01495993747442,-152.84034801429718,177.95965198570286
110.97396087646484,0.7429608764648492,254477.6993564563,000001.jpg,1.8172116355129764,refined,3364551.9473616746,raw_refined_only,2.070274899180827,-151.02272968680728,179.77727031319273
111.76489051245153,1.7858905124515303,254482.84230900044,000002.jpg,5.977795975003348,refined,3364544.2231763126,raw_refined_only,11.835917181660722,-151.18419577291874,179.6158042270813
109.18614391703159,0.3498560829684152,254479.12003441408,000003.jpg,2.081842672395745,refined,3364553.1289835707,raw_refined_only,2.76734475084601,-148.94786061293868,178.14786061293867
108.82957240752876,0.26442759247123604,254479.8451671854,000004.jpg,2.5470765913995095,refined,3364553.3948720493,raw_refined_only,3.4172522220045582,-148.05174411605324,177.25174411605323
109.01435540057719,0.3623554005771865,254481.4483689493,000005.jpg,5.240003235877206,refined,3364552.2688418315,raw_refined_only,5.703099320389642,-153.48369501542197,177.31630498457804
108.05350673943758,0.3594932605624166,254479.06278170395,000006.jpg,6.257274735997921,refined,3364558.7479433445,raw_refined_only,0.5975754120504777,-155.57471616729936,175.22528383270065
109.01232519652694,0.845325196526943,254477.79623414896,000007.jpg,4.478740656197932,refined,3364562.686641686,raw_refined_only,4.129830858064145,-151.73496227618676,179.06503772381325
109.00360284559429,0.9076028455942833,254478.04658789892,000008.jpg,2.512043923212948,refined,3364563.413766805,raw_refined_only,4.130996306517921,-152.0021920438614,178.79780795613863
108.0614648712799,0.04553512872010401,254478.50217864863,000009.jpg,3.529623677223757,refined,3364564.336195527,raw_refined_only,4.190092570842369,-154.0521995669284,176.74780043307157
109.47515938896686,1.3461593889668535,254480.81301695475,000010.jpg,1.2803382648970303,refined,3364561.7328923824,raw_refined_only,0.5025848706616219,-155.9383130875671,174.8616869124329
106.6697431569919,1.5582568430080954,254482.6569493824,000011.jpg,3.203487099633923,refined,3364559.9599073785,raw_refined_only,2.771312991355637,-150.29260530079503,179.49260530079502
109.82029949128628,1.4032994912862762,254484.68366847042,000012.jpg,2.723877216987456,refined,3364558.7668692837,raw_refined_only,5.276141997810704,-147.5146588769661,176.7146588769661
109.46359317470342,1.2135931747034192,254482.3189798702,000013.jpg,2.2348875689085874,refined,3364564.4220276847,raw_refined_only,0.4669609928792829,-156.12410330125982,174.6758966987402
106.72596221603453,1.4540377839654752,254482.2090920505,000014.jpg,2.5811389570430356,refined,3364566.0930484347,raw_refined_only,1.3746215488555475,-149.40934388353247,178.60934388353246
108.17572724167258,0.0472727583274235,254481.07452099517,000015.jpg,2.4619942690420635,refined,3364569.913250186,raw_refined_only,4.6706703443531135,-150.8768436232188,179.9231563767812
106.62516882549971,1.0601688254997157,254486.51746141716,000016.jpg,2.822842154450397,refined,3364561.7816306045,raw_refined_only,5.656996325687366,-151.2268068801254,179.57319311987465
106.26239304896444,1.5703930489644478,254486.39773749668,000017.jpg,2.1525968802951216,refined,3364563.932098531,raw_refined_only,4.2431834619328805,-148.37388055677508,177.57388055677507
100.06874506734312,1.0837450673431164,254482.89051807713,000018.jpg,1.9696578583330149,refined,3364571.7770871874,raw_refined_only,3.852883746965466,-143.6396973801238,172.8396973801238
99.57377127557993,0.5477712755799331,254480.99484282988,000019.jpg,5.4133746982210145,refined,3364577.4280243632,raw_refined_only,9.153736280867022,-151.1818819707923,179.61811802920772
97.69214655458927,1.3478534454107347,254481.328846401,000020.jpg,4.831679570647073,refined,3364578.7926346427,raw_refined_only,9.655249813857228,-148.53165987578345,177.73165987578344
98.54647646192461,0.40252353807538555,254491.9214665221,000021.jpg,6.187424118118592,refined,3364560.337034389,raw_refined_only,12.173883384093758,-156.03208877848098,174.76791122151906
100.977993180044,2.124993180044001,254483.7507828014,000022.jpg,4.601743672001107,refined,3364579.06038878,raw_refined_only,7.666392787708337,-157.9084640654353,172.89153593456467
100.2462530694902,1.4992530694901944,254484.7914101151,000023.jpg,2.7257827861494097,refined,3364577.606046631,raw_refined_only,5.3644353685915585,-149.1147329922619,178.3147329922619
98.78714482393116,0.060144823931153724,254486.2904776686,000024.jpg,2.4094077629936126,refined,3364577.134285232,raw_refined_only,3.6900034043474177,-151.6171692218531,179.18283077814692
99.07491594739258,0.32691594739257823,254486.34804248944,000025.jpg,2.4909342869597335,refined,3364578.4094905052,raw_refined_only,4.257464865756972,-151.1685447085292,179.63145529147084
98.42178720515221,0.34521279484778233,254491.8018401477,000026.jpg,3.9117022155153895,refined,3364570.19804565,raw_refined_only,6.1115171705930065,-145.97629755929955,175.17629755929954
100.14118784014136,1.3771878401413602,254492.5290211615,000027.jpg,4.356765551135366,refined,3364570.3844316998,raw_refined_only,6.833998042681508,-148.6822804157435,177.88228041574348
98.42884661071002,0.28315338928997846,254492.18229594236,000028.jpg,6.327043797561451,refined,3364572.2829559287,raw_refined_only,5.55914264479481,-156.5918432088473,174.2081567911527
98.05990332085639,0.7300966791436139,254485.69829898683,000029.jpg,8.671469170548388,refined,3364587.1444722707,raw_refined_only,10.096647507067544,-153.38939402197562,177.41060597802436
99.01478192210197,0.1282180778980262,254493.37946048562,000030.jpg,3.066628486555273,refined,3364573.3269510865,raw_refined_only,6.293078338034254,-152.2046170600482,178.59538293995183
100.0915676979348,0.03156769793480407,254488.5604978222,000031.jpg,3.3345583950605704,refined,3364584.0154991257,raw_refined_only,4.968555745070194,-147.132898654042,176.332898654042
98.55814519431442,1.8068548056855747,254490.42405049442,000032.jpg,1.5980659612311043,refined,3364583.3905527606,raw_refined_only,2.950159430441249,-156.59032082043328,174.2096791795667
101.54360800795257,0.9436080079525766,254495.04046371748,000033.jpg,2.972509113967172,refined,3364576.6016292623,raw_refined_only,5.770794514011694,-148.62594794231472,177.8259479423147
103.67348658852279,1.1504865885227957,254492.50092706704,000034.jpg,4.654874590987484,refined,3364582.832378293,raw_refined_only,0.5467491582794098,-151.24581449015494,179.55418550984507
109.2938576694578,0.41514233054220995,254494.4532711375,000035.jpg,3.0339752336628685,refined,3364581.5035105753,raw_refined_only,2.249511706257762,-155.32770806055814,175.4722919394419
109.55198718421161,0.30598718421161664,254493.42717065584,000036.jpg,1.6656449694115103,refined,3364585.199730325,raw_refined_only,0.9678162534322143,-152.1526498530196,178.64735014698044
109.18422797415406,0.4492279741540557,254491.35399876226,000037.jpg,5.775116681156617,refined,3364589.9608090753,raw_refined_only,5.622596780956869,-146.4632316421923,175.6632316421923
107.53141843248159,0.7635815675184148,254497.50137124254,000038.jpg,2.5947833683667025,refined,3364581.5614487384,raw_refined_only,5.251274892001596,-142.7591093852179,171.9591093852179
110.39921170566231,2.116211705662309,254491.80397835415,000039.jpg,5.944751136847968,refined,3364593.920817449,raw_refined_only,7.794908825707961,-154.07248382134384,176.72751617865617
108.8207085300237,0.5497085300236932,254495.0856146258,000040.jpg,1.7958689281700833,refined,3364588.9262869377,raw_refined_only,1.3340689087212723,-148.6275375258657,177.8275375258657
106.90473566297442,1.355264337025588,254496.18604405178,000041.jpg,0.800201518323074,refined,3364588.813072491,raw_refined_only,0.25476470205138896,-151.4612636767705,179.3387363232295
107.83436294924468,0.4116370507553171,254495.27075028693,000042.jpg,2.274533575383041,refined,3364591.9812564813,raw_refined_only,2.8539545901592414,-148.32577364133212,177.5257736413321
108.8282676404342,0.6332676404342124,254497.28174353225,000043.jpg,2.6259461782954245,refined,3364589.3710123776,raw_refined_only,1.1666137283770948,-150.43305096877887,179.63305096877886
107.96588731184602,0.1651126881539824,254497.36693788887,000044.jpg,1.4311733807480536,refined,3364591.4673990053,raw_refined_only,0.5396687985567573,-149.24411464173446,178.44411464173444
107.00929874181747,0.9757012581825251,254496.4789258359,000045.jpg,1.744391845490635,refined,3364594.27450469,raw_refined_only,2.7657111145493594,-147.24960615148214,176.44960615148213
108.16167125757784,0.19867125757784265,254499.46532196982,000046.jpg,3.1761427591638522,refined,3364591.3818570888,raw_refined_only,1.8618239684503797,-153.05742375576747,177.7425762442325
107.11039280612022,0.9526071938797855,254500.75023736493,000047.jpg,1.9312640072184801,refined,3364590.309796634,raw_refined_only,3.9614858431305042,-154.1809834838769,176.6190165161231
107.44159823283553,0.6854017671644641,254501.12686083422,000048.jpg,3.9381888648368575,refined,3364591.2811435983,raw_refined_only,3.831036007805126,-150.76796581885876,179.96796581885874
107.27177355252206,1.1512264474779386,254493.26473308064,000049.jpg,7.114187152486687,refined,3364607.6369413915,raw_refined_only,13.819226428748001,-148.88098019654302,178.080980196543
109.57032510079443,0.5843251007944303,254505.27439155645,000050.jpg,4.645694277476121,refined,3364588.276497358,raw_refined_only,9.471500204644167,-146.80470647046147,176.00470647046146
110.75116473902017,1.28116473902017,254500.89945815376,000051.jpg,1.6064949981140477,refined,3364597.3423143257,raw_refined_only,0.45192245594068653,-150.16303279942622,179.3630327994262
110.6701799472794,0.7671799472793879,254502.43361914123,000052.jpg,1.078483091317743,refined,3364596.7362654177,raw_refined_only,1.7655026018310704,-154.562568612981,176.237431387019
104.37390446662903,0.7270955333709708,254504.19654112495,000053.jpg,2.8177880654662877,refined,3364594.4668829623,raw_refined_only,5.156368099967244,-149.33905099726005,178.53905099726003
100.03033633902669,0.4476636609733049,254502.34222058803,000054.jpg,5.841082436323703,refined,3364599.9595989715,raw_refined_only,0.4718025602900234,-148.01559820126195,177.21559820126194
99.13600159436464,0.1850015943646497,254502.93116052114,000055.jpg,1.4125083062805972,refined,3364601.2326380787,raw_refined_only,0.4075032885269119,-160.06802266428954,170.73197733571044
101.5103101823479,0.8436898176521055,254506.45229634133,000056.jpg,3.1418607703918777,refined,3364596.369214821,raw_refined_only,6.132770812980455,-156.69901090205033,174.10098909794965
104.33341675717384,1.2774167571738388,254503.76643079627,000057.jpg,5.357914343783149,refined,3364602.4701635307,raw_refined_only,0.5547666894103429,-144.14265845387376,173.34265845387375
102.54823932796717,0.4207606720328272,254502.2062846458,000058.jpg,3.2762417550560237,refined,3364609.054105765,raw_refined_only,5.989239994333214,-158.44889047432173,172.35110952567828
101.89762334153056,0.3293766584694424,254504.04350097958,000059.jpg,1.41056856412715,refined,3364606.1485965424,raw_refined_only,2.028355868807177,-149.5979671564689,178.7979671564689
97.69105465710163,1.2689453428983626,254508.2399627402,000060.jpg,3.107998904696465,refined,3364599.688276463,raw_refined_only,6.2198554187087804,-151.68858367441445,179.11141632558554
99.98469323292375,1.2636932329237425,254506.2534424736,000061.jpg,1.2329916146010917,refined,3364605.0405094307,raw_refined_only,1.2034471799607354,-143.9017541090778,173.1017541090778
99.76614052895457,1.0681405289545722,254503.93755856567,000062.jpg,2.4409705514998064,refined,3364611.0367187075,raw_refined_only,4.78747726211527,-147.946050997542,177.14605099754198
99.80973787978292,1.0947378797829117,254509.67556806875,000063.jpg,3.352405617664904,refined,3364603.3359287274,raw_refined_only,5.2833058893117,-142.70209463347052,171.9020946334705
99.19293621648103,0.48593621648103635,254510.29502878722,000064.jpg,3.044882971593019,refined,3364603.8711105627,raw_refined_only,5.643251475475913,-145.75066120000847,174.95066120000845
100.43804270680994,1.7260427068099347,254509.52943506156,000065.jpg,2.020437721659263,refined,3364605.909745137,raw_refined_only,4.0664554263749855,-155.7942199016027,175.00578009839728
98.00460703484714,0.9073929651528658,254509.0140371733,000066.jpg,1.5110626615027245,refined,3364609.0109926625,raw_refined_only,1.6404494126048619,-145.92871077680402,175.128710776804
99.75288769043982,0.6598876904398168,254511.9838062321,000067.jpg,3.652663712946468,refined,3364604.790793894,raw_refined_only,7.27519033675109,-152.52717338585813,178.27282661414188
99.57431411277503,0.3403141127750331,254508.3873142708,000068.jpg,6.070978404380088,refined,3364613.979709113,raw_refined_only,2.0357635285931193,-148.2583378602985,177.45833786029849
99.87709031812847,0.7660903181284624,254509.83417491234,000069.jpg,0.5148464563544212,refined,3364612.855202048,raw_refined_only,0.45577173553153305,-151.64379293074214,179.1562070692579
99.47713644616306,0.5451364461630561,254511.849419882,000070.jpg,3.5589119870711006,refined,3364611.3913277243,raw_refined_only,2.9873696843512647,-148.64319241082558,177.84319241082557
100.75457116123289,1.8825711612328888,254511.1847763094,000071.jpg,3.8190885836541297,refined,3364614.2163590067,raw_refined_only,0.7634044447399133,-149.45782075802342,178.6578207580234
98.85401656944305,0.08998343055695557,254509.99754791244,000072.jpg,1.3297943097600868,refined,3364617.7423500246,raw_refined_only,2.459875453502856,-149.6877998228509,178.8877998228509
104.59645504597574,1.6045449540242487,254509.64645395492,000073.jpg,2.162438500588091,refined,3364619.665405218,raw_refined_only,3.803876778245704,-145.47667883500478,174.67667883500476
106.24199434369802,0.22400565630196922,254515.69670323606,000074.jpg,4.987090912109113,refined,3364611.2233964805,raw_refined_only,7.107404202523748,-152.2826193424872,178.51738065751283
107.46819736529142,0.7781973652914189,254516.21569089746,000075.jpg,3.4660361893373532,refined,3364613.2543508313,raw_refined_only,6.107943170038105,-136.3158641775657,165.51586417756567
106.58971785567701,0.34828214432299376,254510.43185805084,000076.jpg,3.967545636953788,refined,3364623.930793616,raw_refined_only,5.532574345504428,-150.02956564591406,179.22956564591405
107.66722519416362,0.48422519416361354,254514.15348689986,000077.jpg,6.439504465275706,refined,3364619.154268845,raw_refined_only,1.0658805874865587,-150.95354786891565,179.84645213108433
107.84384526498616,0.49184526498615355,254519.10153803922,000078.jpg,5.341978595359967,refined,3364613.3160391185,raw_refined_only,9.032219790961284,-139.1501127498268,168.3501127498268
107.57648226246238,0.060482262462372205,254515.9830535777,000079.jpg,3.5534432899799873,refined,3364619.3904133444,raw_refined_only,2.75473854261111,-150.97609117522504,179.823908824775
107.21521250531077,0.40978749468922615,254515.99269731413,000080.jpg,2.562157450642094,refined,3364621.1349677453,raw_refined_only,1.7732669154969982,-149.95307286555143,179.15307286555142
105.20418254192919,2.4948174580708127,254515.95253849597,000081.jpg,8.787287317620725,refined,3364622.5513135637,raw_refined_only,1.1497302159134504,-151.36553247398118,179.4344675260188
107.95670120418072,0.21470120418071303,254512.99982799817,000082.jpg,3.2213205333053527,refined,3364629.1970059327,raw_refined_only,5.763418726604788,-143.07981913895415,172.27981913895414
108.18824307620525,0.4632430762052593,254515.4581750279,000083.jpg,3.8652456282868726,refined,3364627.087537512,raw_refined_only,2.2036066272332246,-150.9559577406247,179.84404225937533
108.28827733080834,0.5822773308083384,254514.30808376215,000084.jpg,4.017617534597836,refined,3364631.4694354446,raw_refined_only,6.015389330173804,-152.21621979904813,178.58378020095188
107.85291844420135,0.28491844420135237,254518.46400819047,000085.jpg,3.868432721461126,refined,3364624.700646028,raw_refined_only,2.5540143190255034,-153.97175703759808,176.82824296240193
104.90059345774353,2.5184065422564714,254518.83328772098,000086.jpg,2.5542374936715295,refined,3364626.52426999,raw_refined_only,1.6030698081078991,-146.730898542119,175.930898542119
108.74909560289234,1.4720956028923382,254519.8100154711,000087.jpg,1.8169398444817435,refined,3364626.0113905864,raw_refined_only,3.071152808234709,-149.04875414138354,178.24875414138353
107.30795255862176,0.2279525586217659,254525.89493959167,000088.jpg,7.507507308845879,refined,3364617.316368612,raw_refined_only,14.096873081731545,-148.6704774321909,177.87047743219088
108.30248698499054,1.4354869849905327,254517.10324932964,000089.jpg,7.334846152980117,refined,3364635.7152591255,raw_refined_only,5.734926250150823,-155.44683046814785,175.35316953185213
106.96472115255892,0.35372115255891856,254515.073741221,000090.jpg,6.811513605774411,refined,3364639.772200742,raw_refined_only,9.760258698237337,-146.95309197502596,176.15309197502594
104.89794061798602,1.4560593820139758,254519.92308557886,000091.jpg,0.7597707093780388,refined,3364633.6300462107,raw_refined_only,1.5052850892556924,-149.0086820731388,178.2086820731388
107.10478409565985,1.05078409565985,254519.73191939015,000092.jpg,1.6981790925085674,refined,3364635.690661223,raw_refined_only,2.8674149547308385,-151.26319076965822,179.53680923034176
106.72532342281193,0.9573234228119247,254521.9732126511,000093.jpg,0.9512814974057557,refined,3364633.079489809,raw_refined_only,1.1090102513877043,-148.79080258191172,177.9908025819117
108.09982442390174,2.101824423901732,254522.80606093345,000094.jpg,2.40950245050013,refined,3364633.3023652337,raw_refined_only,1.8196847609430202,-151.20820774059533,179.59179225940466
105.78236959781498,0.7306304021850281,254522.99815937696,000095.jpg,3.2009292923775057,refined,3364635.359220284,raw_refined_only,0.602244406413432,-153.791931415928,177.00806858407202
107.43654907215387,0.41354907215387016,254522.62790364126,000096.jpg,0.8501279967640029,refined,3364637.470524181,raw_refined_only,0.93308395472663,-155.8715021891629,174.92849781083714
109.19985124561936,1.8018512456193605,254523.13204369924,000097.jpg,1.8066093004164898,refined,3364638.1921702945,raw_refined_only,0.8175766687723627,-160.24194331249532,170.5580566875047
107.86001301091164,0.5280130109116499,254525.81694986706,000098.jpg,2.088113075222963,refined,3364634.509126896,raw_refined_only,4.326419413796152,-152.76620251608895,178.03379748391103
107.2064544018358,0.2454544018358007,254521.0430436486,000099.jpg,4.81964684200742,refined,3364645.3263925817,raw_refined_only,6.970760517569576,-149.06697532746574,178.26697532746573
111.36913006566465,1.413130065664646,254472.73831786687,000000.jpg,4.08052824670161,corrected_refined_only,3364558.955059821,corrected_refined_only,7.01495993747442,27.159651985702823,2.040348014297166
110.97396087646484,0.7429608764648492,254477.6993564563,000001.jpg,1.8172116355129764,corrected_refined_only,3364551.9473616746,corrected_refined_only,2.070274899180827,28.97727031319272,0.2227296868072699
111.76489051245153,1.7858905124515303,254482.84230900044,000002.jpg,5.977795975003348,corrected_refined_only,3364544.2231763126,corrected_refined_only,11.835917181660722,28.81580422708126,0.38419577291872997
109.18614391703159,0.3498560829684152,254479.12003441408,000003.jpg,2.081842672395745,corrected_refined_only,3364553.1289835707,corrected_refined_only,2.76734475084601,31.052139387061317,1.852139387061328
108.82957240752876,0.26442759247123604,254479.8451671854,000004.jpg,2.5470765913995095,corrected_refined_only,3364553.3948720493,corrected_refined_only,3.4172522220045582,31.948255883946757,2.7482558839467686
109.01435540057719,0.3623554005771865,254481.4483689493,000005.jpg,5.240003235877206,corrected_refined_only,3364552.2688418315,corrected_refined_only,5.703099320389642,26.516304984578028,2.6836950154219608
108.05350673943758,0.3594932605624166,254479.06278170395,000006.jpg,6.257274735997921,corrected_refined_only,3364558.7479433445,corrected_refined_only,0.5975754120504777,24.425283832700643,4.774716167299346
109.01232519652694,0.845325196526943,254477.79623414896,000007.jpg,4.478740656197932,corrected_refined_only,3364562.686641686,corrected_refined_only,4.129830858064145,28.265037723813236,0.9349622761867522
109.00360284559429,0.9076028455942833,254478.04658789892,000008.jpg,2.512043923212948,corrected_refined_only,3364563.413766805,corrected_refined_only,4.130996306517921,27.997807956138587,1.2021920438614018
108.0614648712799,0.04553512872010401,254478.50217864863,000009.jpg,3.529623677223757,corrected_refined_only,3364564.336195527,corrected_refined_only,4.190092570842369,25.947800433071592,3.2521995669283967
109.47515938896686,1.3461593889668535,254480.81301695475,000010.jpg,1.2803382648970303,corrected_refined_only,3364561.7328923824,corrected_refined_only,0.5025848706616219,24.06168691243289,5.138313087567099
106.6697431569919,1.5582568430080954,254482.6569493824,000011.jpg,3.203487099633923,corrected_refined_only,3364559.9599073785,corrected_refined_only,2.771312991355637,29.70739469920497,0.5073946992049798
109.82029949128628,1.4032994912862762,254484.68366847042,000012.jpg,2.723877216987456,corrected_refined_only,3364558.7668692837,corrected_refined_only,5.276141997810704,32.48534112303389,3.285341123033902
109.46359317470342,1.2135931747034192,254482.3189798702,000013.jpg,2.2348875689085874,corrected_refined_only,3364564.4220276847,corrected_refined_only,0.4669609928792829,23.875896698740178,5.324103301259811
106.72596221603453,1.4540377839654752,254482.2090920505,000014.jpg,2.5811389570430356,corrected_refined_only,3364566.0930484347,corrected_refined_only,1.3746215488555475,30.590656116467528,1.3906561164675395
108.17572724167258,0.0472727583274235,254481.07452099517,000015.jpg,2.4619942690420635,corrected_refined_only,3364569.913250186,corrected_refined_only,4.6706703443531135,29.123156376781196,0.07684362321879235
106.62516882549971,1.0601688254997157,254486.51746141716,000016.jpg,2.822842154450397,corrected_refined_only,3364561.7816306045,corrected_refined_only,5.656996325687366,28.773193119874605,0.42680688012538326
106.26239304896444,1.5703930489644478,254486.39773749668,000017.jpg,2.1525968802951216,corrected_refined_only,3364563.932098531,corrected_refined_only,4.2431834619328805,31.626119443224923,2.426119443224934
100.06874506734312,1.0837450673431164,254482.89051807713,000018.jpg,1.9696578583330149,corrected_refined_only,3364571.7770871874,corrected_refined_only,3.852883746965466,36.360302619876194,7.160302619876205
99.57377127557993,0.5477712755799331,254480.99484282988,000019.jpg,5.4133746982210145,corrected_refined_only,3364577.4280243632,corrected_refined_only,9.153736280867022,28.81811802920771,0.3818819707922785
97.69214655458927,1.3478534454107347,254481.328846401,000020.jpg,4.831679570647073,corrected_refined_only,3364578.7926346427,corrected_refined_only,9.655249813857228,31.468340124216553,2.2683401242165644
98.54647646192461,0.40252353807538555,254491.9214665221,000021.jpg,6.187424118118592,corrected_refined_only,3364560.337034389,corrected_refined_only,12.173883384093758,23.967911221519017,5.232088778480971
100.977993180044,2.124993180044001,254483.7507828014,000022.jpg,4.601743672001107,corrected_refined_only,3364579.06038878,corrected_refined_only,7.666392787708337,22.09153593456469,7.1084640654352995
100.2462530694902,1.4992530694901944,254484.7914101151,000023.jpg,2.7257827861494097,corrected_refined_only,3364577.606046631,corrected_refined_only,5.3644353685915585,30.885267007738094,1.685267007738105
98.78714482393116,0.060144823931153724,254486.2904776686,000024.jpg,2.4094077629936126,corrected_refined_only,3364577.134285232,corrected_refined_only,3.6900034043474177,28.38283077814691,0.8171692218530779
99.07491594739258,0.32691594739257823,254486.34804248944,000025.jpg,2.4909342869597335,corrected_refined_only,3364578.4094905052,corrected_refined_only,4.257464865756972,28.831455291470803,0.3685447085291855
98.42178720515221,0.34521279484778233,254491.8018401477,000026.jpg,3.9117022155153895,corrected_refined_only,3364570.19804565,corrected_refined_only,6.1115171705930065,34.02370244070045,4.823702440700458
100.14118784014136,1.3771878401413602,254492.5290211615,000027.jpg,4.356765551135366,corrected_refined_only,3364570.3844316998,corrected_refined_only,6.833998042681508,31.31771958425651,2.1177195842565197
98.42884661071002,0.28315338928997846,254492.18229594236,000028.jpg,6.327043797561451,corrected_refined_only,3364572.2829559287,corrected_refined_only,5.55914264479481,23.40815679115269,5.791843208847297
98.05990332085639,0.7300966791436139,254485.69829898683,000029.jpg,8.671469170548388,corrected_refined_only,3364587.1444722707,corrected_refined_only,10.096647507067544,26.61060597802438,2.5893940219756075
99.01478192210197,0.1282180778980262,254493.37946048562,000030.jpg,3.066628486555273,corrected_refined_only,3364573.3269510865,corrected_refined_only,6.293078338034254,27.795382939951793,1.4046170600481958
100.0915676979348,0.03156769793480407,254488.5604978222,000031.jpg,3.3345583950605704,corrected_refined_only,3364584.0154991257,corrected_refined_only,4.968555745070194,32.86710134595799,3.6671013459580024
98.55814519431442,1.8068548056855747,254490.42405049442,000032.jpg,1.5980659612311043,corrected_refined_only,3364583.3905527606,corrected_refined_only,2.950159430441249,23.409679179566723,5.790320820433266
101.54360800795257,0.9436080079525766,254495.04046371748,000033.jpg,2.972509113967172,corrected_refined_only,3364576.6016292623,corrected_refined_only,5.770794514011694,31.374052057685276,2.1740520576852873
103.67348658852279,1.1504865885227957,254492.50092706704,000034.jpg,4.654874590987484,corrected_refined_only,3364582.832378293,corrected_refined_only,0.5467491582794098,28.75418550984506,0.44581449015493035
109.2938576694578,0.41514233054220995,254494.4532711375,000035.jpg,3.0339752336628685,corrected_refined_only,3364581.5035105753,corrected_refined_only,2.249511706257762,24.672291939441862,4.527708060558126
109.55198718421161,0.30598718421161664,254493.42717065584,000036.jpg,1.6656449694115103,corrected_refined_only,3364585.199730325,corrected_refined_only,0.9678162534322143,27.847350146980403,1.3526498530195852
109.18422797415406,0.4492279741540557,254491.35399876226,000037.jpg,5.775116681156617,corrected_refined_only,3364589.9608090753,corrected_refined_only,5.622596780956869,33.53676835780769,4.336768357807699
107.53141843248159,0.7635815675184148,254497.50137124254,000038.jpg,2.5947833683667025,corrected_refined_only,3364581.5614487384,corrected_refined_only,5.251274892001596,37.2408906147821,8.040890614782114
110.39921170566231,2.116211705662309,254491.80397835415,000039.jpg,5.944751136847968,corrected_refined_only,3364593.920817449,corrected_refined_only,7.794908825707961,25.927516178656163,3.272483821343826
108.8207085300237,0.5497085300236932,254495.0856146258,000040.jpg,1.7958689281700833,corrected_refined_only,3364588.9262869377,corrected_refined_only,1.3340689087212723,31.372462474134295,2.1724624741343064
106.90473566297442,1.355264337025588,254496.18604405178,000041.jpg,0.800201518323074,corrected_refined_only,3364588.813072491,corrected_refined_only,0.25476470205138896,28.5387363232295,0.6612636767704885
107.83436294924468,0.4116370507553171,254495.27075028693,000042.jpg,2.274533575383041,corrected_refined_only,3364591.9812564813,corrected_refined_only,2.8539545901592414,31.67422635866788,2.4742263586678916
108.8282676404342,0.6332676404342124,254497.28174353225,000043.jpg,2.6259461782954245,corrected_refined_only,3364589.3710123776,corrected_refined_only,1.1666137283770948,29.566949031221128,0.3669490312211394
107.96588731184602,0.1651126881539824,254497.36693788887,000044.jpg,1.4311733807480536,corrected_refined_only,3364591.4673990053,corrected_refined_only,0.5396687985567573,30.755885358265544,1.5558853582655559
107.00929874181747,0.9757012581825251,254496.4789258359,000045.jpg,1.744391845490635,corrected_refined_only,3364594.27450469,corrected_refined_only,2.7657111145493594,32.75039384851786,3.5503938485178708
108.16167125757784,0.19867125757784265,254499.46532196982,000046.jpg,3.1761427591638522,corrected_refined_only,3364591.3818570888,corrected_refined_only,1.8618239684503797,26.942576244232527,2.257423755767462
107.11039280612022,0.9526071938797855,254500.75023736493,000047.jpg,1.9312640072184801,corrected_refined_only,3364590.309796634,corrected_refined_only,3.9614858431305042,25.8190165161231,3.3809834838768893
107.44159823283553,0.6854017671644641,254501.12686083422,000048.jpg,3.9381888648368575,corrected_refined_only,3364591.2811435983,corrected_refined_only,3.831036007805126,29.232034181141245,0.03203418114125611
107.27177355252206,1.1512264474779386,254493.26473308064,000049.jpg,7.114187152486687,corrected_refined_only,3364607.6369413915,corrected_refined_only,13.819226428748001,31.11901980345698,1.9190198034569903
109.57032510079443,0.5843251007944303,254505.27439155645,000050.jpg,4.645694277476121,corrected_refined_only,3364588.276497358,corrected_refined_only,9.471500204644167,33.19529352953853,3.995293529538543
110.75116473902017,1.28116473902017,254500.89945815376,000051.jpg,1.6064949981140477,corrected_refined_only,3364597.3423143257,corrected_refined_only,0.45192245594068653,29.83696720057378,0.6369672005737925
110.6701799472794,0.7671799472793879,254502.43361914123,000052.jpg,1.078483091317743,corrected_refined_only,3364596.7362654177,corrected_refined_only,1.7655026018310704,25.43743138701899,3.762568612980999
104.37390446662903,0.7270955333709708,254504.19654112495,000053.jpg,2.8177880654662877,corrected_refined_only,3364594.4668829623,corrected_refined_only,5.156368099967244,30.660949002739954,1.4609490027399659
100.03033633902669,0.4476636609733049,254502.34222058803,000054.jpg,5.841082436323703,corrected_refined_only,3364599.9595989715,corrected_refined_only,0.4718025602900234,31.98440179873805,2.7844017987380596
99.13600159436464,0.1850015943646497,254502.93116052114,000055.jpg,1.4125083062805972,corrected_refined_only,3364601.2326380787,corrected_refined_only,0.4075032885269119,19.931977335710457,9.268022664289532
101.5103101823479,0.8436898176521055,254506.45229634133,000056.jpg,3.1418607703918777,corrected_refined_only,3364596.369214821,corrected_refined_only,6.132770812980455,23.300989097949667,5.899010902050321
104.33341675717384,1.2774167571738388,254503.76643079627,000057.jpg,5.357914343783149,corrected_refined_only,3364602.4701635307,corrected_refined_only,0.5547666894103429,35.857341546126236,6.657341546126247
102.54823932796717,0.4207606720328272,254502.2062846458,000058.jpg,3.2762417550560237,corrected_refined_only,3364609.054105765,corrected_refined_only,5.989239994333214,21.55110952567827,7.648890474321718
101.89762334153056,0.3293766584694424,254504.04350097958,000059.jpg,1.41056856412715,corrected_refined_only,3364606.1485965424,corrected_refined_only,2.028355868807177,30.40203284353109,1.2020328435311
97.69105465710163,1.2689453428983626,254508.2399627402,000060.jpg,3.107998904696465,corrected_refined_only,3364599.688276463,corrected_refined_only,6.2198554187087804,28.311416325585554,0.8885836744144342
99.98469323292375,1.2636932329237425,254506.2534424736,000061.jpg,1.2329916146010917,corrected_refined_only,3364605.0405094307,corrected_refined_only,1.2034471799607354,36.098245890922186,6.8982458909221975
99.76614052895457,1.0681405289545722,254503.93755856567,000062.jpg,2.4409705514998064,corrected_refined_only,3364611.0367187075,corrected_refined_only,4.78747726211527,32.05394900245801,2.853949002458023
99.80973787978292,1.0947378797829117,254509.67556806875,000063.jpg,3.352405617664904,corrected_refined_only,3364603.3359287274,corrected_refined_only,5.2833058893117,37.29790536652948,8.097905366529488
99.19293621648103,0.48593621648103635,254510.29502878722,000064.jpg,3.044882971593019,corrected_refined_only,3364603.8711105627,corrected_refined_only,5.643251475475913,34.249338799991534,5.049338799991546
100.43804270680994,1.7260427068099347,254509.52943506156,000065.jpg,2.020437721659263,corrected_refined_only,3364605.909745137,corrected_refined_only,4.0664554263749855,24.205780098397298,4.9942199016026905
98.00460703484714,0.9073929651528658,254509.0140371733,000066.jpg,1.5110626615027245,corrected_refined_only,3364609.0109926625,corrected_refined_only,1.6404494126048619,34.071289223195976,4.871289223195987
99.75288769043982,0.6598876904398168,254511.9838062321,000067.jpg,3.652663712946468,corrected_refined_only,3364604.790793894,corrected_refined_only,7.27519033675109,27.472826614141866,1.7271733858581229
99.57431411277503,0.3403141127750331,254508.3873142708,000068.jpg,6.070978404380088,corrected_refined_only,3364613.979709113,corrected_refined_only,2.0357635285931193,31.741662139701504,2.541662139701515
99.87709031812847,0.7660903181284624,254509.83417491234,000069.jpg,0.5148464563544212,corrected_refined_only,3364612.855202048,corrected_refined_only,0.45577173553153305,28.356207069257863,0.8437929307421257
99.47713644616306,0.5451364461630561,254511.849419882,000070.jpg,3.5589119870711006,corrected_refined_only,3364611.3913277243,corrected_refined_only,2.9873696843512647,31.356807589174423,2.1568075891744343
100.75457116123289,1.8825711612328888,254511.1847763094,000071.jpg,3.8190885836541297,corrected_refined_only,3364614.2163590067,corrected_refined_only,0.7634044447399133,30.542179241976584,1.342179241976595
98.85401656944305,0.08998343055695557,254509.99754791244,000072.jpg,1.3297943097600868,corrected_refined_only,3364617.7423500246,corrected_refined_only,2.459875453502856,30.312200177149094,1.1122001771491057
104.59645504597574,1.6045449540242487,254509.64645395492,000073.jpg,2.162438500588091,corrected_refined_only,3364619.665405218,corrected_refined_only,3.803876778245704,34.523321164995224,5.323321164995235
106.24199434369802,0.22400565630196922,254515.69670323606,000074.jpg,4.987090912109113,corrected_refined_only,3364611.2233964805,corrected_refined_only,7.107404202523748,27.71738065751279,1.4826193424871974
107.46819736529142,0.7781973652914189,254516.21569089746,000075.jpg,3.4660361893373532,corrected_refined_only,3364613.2543508313,corrected_refined_only,6.107943170038105,43.684135822434314,14.484135822434325
106.58971785567701,0.34828214432299376,254510.43185805084,000076.jpg,3.967545636953788,corrected_refined_only,3364623.930793616,corrected_refined_only,5.532574345504428,29.97043435408594,0.7704343540859497
107.66722519416362,0.48422519416361354,254514.15348689986,000077.jpg,6.439504465275706,corrected_refined_only,3364619.154268845,corrected_refined_only,1.0658805874865587,29.04645213108435,0.15354786891563776
107.84384526498616,0.49184526498615355,254519.10153803922,000078.jpg,5.341978595359967,corrected_refined_only,3364613.3160391185,corrected_refined_only,9.032219790961284,40.8498872501732,11.649887250173208
107.57648226246238,0.060482262462372205,254515.9830535777,000079.jpg,3.5534432899799873,corrected_refined_only,3364619.3904133444,corrected_refined_only,2.75473854261111,29.023908824774963,0.17609117522502515
107.21521250531077,0.40978749468922615,254515.99269731413,000080.jpg,2.562157450642094,corrected_refined_only,3364621.1349677453,corrected_refined_only,1.7732669154969982,30.046927134448566,0.8469271344485776
105.20418254192919,2.4948174580708127,254515.95253849597,000081.jpg,8.787287317620725,corrected_refined_only,3364622.5513135637,corrected_refined_only,1.1497302159134504,28.634467526018824,0.5655324739811647
107.95670120418072,0.21470120418071303,254512.99982799817,000082.jpg,3.2213205333053527,corrected_refined_only,3364629.1970059327,corrected_refined_only,5.763418726604788,36.92018086104585,7.720180861045861
108.18824307620525,0.4632430762052593,254515.4581750279,000083.jpg,3.8652456282868726,corrected_refined_only,3364627.087537512,corrected_refined_only,2.2036066272332246,29.04404225937529,0.15595774062470014
108.28827733080834,0.5822773308083384,254514.30808376215,000084.jpg,4.017617534597836,corrected_refined_only,3364631.4694354446,corrected_refined_only,6.015389330173804,27.783780200951867,1.4162197990481218
107.85291844420135,0.28491844420135237,254518.46400819047,000085.jpg,3.868432721461126,corrected_refined_only,3364624.700646028,corrected_refined_only,2.5540143190255034,26.02824296240192,3.17175703759807
104.90059345774353,2.5184065422564714,254518.83328772098,000086.jpg,2.5542374936715295,corrected_refined_only,3364626.52426999,corrected_refined_only,1.6030698081078991,33.26910145788099,4.069101457881004
108.74909560289234,1.4720956028923382,254519.8100154711,000087.jpg,1.8169398444817435,corrected_refined_only,3364626.0113905864,corrected_refined_only,3.071152808234709,30.95124585861646,1.7512458586164712
107.30795255862176,0.2279525586217659,254525.89493959167,000088.jpg,7.507507308845879,corrected_refined_only,3364617.316368612,corrected_refined_only,14.096873081731545,31.329522567809107,2.1295225678091185
108.30248698499054,1.4354869849905327,254517.10324932964,000089.jpg,7.334846152980117,corrected_refined_only,3364635.7152591255,corrected_refined_only,5.734926250150823,24.55316953185215,4.64683046814784
106.96472115255892,0.35372115255891856,254515.073741221,000090.jpg,6.811513605774411,corrected_refined_only,3364639.772200742,corrected_refined_only,9.760258698237337,33.046908024974044,3.8469080249740557
104.89794061798602,1.4560593820139758,254519.92308557886,000091.jpg,0.7597707093780388,corrected_refined_only,3364633.6300462107,corrected_refined_only,1.5052850892556924,30.9913179268612,1.7913179268612112
107.10478409565985,1.05078409565985,254519.73191939015,000092.jpg,1.6981790925085674,corrected_refined_only,3364635.690661223,corrected_refined_only,2.8674149547308385,28.736809230341777,0.4631907696582118
106.72532342281193,0.9573234228119247,254521.9732126511,000093.jpg,0.9512814974057557,corrected_refined_only,3364633.079489809,corrected_refined_only,1.1090102513877043,31.20919741808828,2.0091974180882914
108.09982442390174,2.101824423901732,254522.80606093345,000094.jpg,2.40950245050013,corrected_refined_only,3364633.3023652337,corrected_refined_only,1.8196847609430202,28.791792259404673,0.4082077405953157
105.78236959781498,0.7306304021850281,254522.99815937696,000095.jpg,3.2009292923775057,corrected_refined_only,3364635.359220284,corrected_refined_only,0.602244406413432,26.20806858407201,2.9919314159279793
107.43654907215387,0.41354907215387016,254522.62790364126,000096.jpg,0.8501279967640029,corrected_refined_only,3364637.470524181,corrected_refined_only,0.93308395472663,24.128497810837104,5.071502189162885
109.19985124561936,1.8018512456193605,254523.13204369924,000097.jpg,1.8066093004164898,corrected_refined_only,3364638.1921702945,corrected_refined_only,0.8175766687723627,19.758056687504677,9.441943312495312
107.86001301091164,0.5280130109116499,254525.81694986706,000098.jpg,2.088113075222963,corrected_refined_only,3364634.509126896,corrected_refined_only,4.326419413796152,27.233797483911047,1.9662025160889414
107.2064544018358,0.2454544018358007,254521.0430436486,000099.jpg,4.81964684200742,corrected_refined_only,3364645.3263925817,corrected_refined_only,6.970760517569576,30.93302467253426,1.7330246725342704
111.18,1.2240000000000038,254476.53949200793,000000.jpg,4.08052824670161,init,3364557.073594403,old_visual_gate,4.08052824670161,28.179385999999994,1.0206139999999948
110.8,0.5690000000000026,254476.03086971297,000001.jpg,1.8172116355129764,init,3364552.285125038,old_visual_gate,1.8172116355129764,29.087871000000007,0.11212899999998172
111.546,1.5670000000000073,254479.65329464382,000002.jpg,5.977795975003348,init,3364549.1982149333,old_visual_gate,5.977795975003348,29.007136000000003,0.19286399999998594
109.157,0.3790000000000049,254479.94162956064,000003.jpg,2.081842672395745,init,3364555.2034170134,old_visual_gate,2.081842672395745,30.12621999999999,0.9262200000000007
108.941,0.1529999999999916,254480.86189791223,000004.jpg,2.5470765913995095,init,3364555.8784438665,old_visual_gate,2.5470765913995095,30.57139699999999,1.3713970000000018
109.0143552897498,0.36235528974980014,254481.4483560775,000005.jpg,5.240003235877206,refined,3364552.2688356033,old_visual_gate,5.703099073910767,-153.48369553058626,177.31630446941375
108.05347647238523,0.359523527614769,254479.06284161477,000006.jpg,6.257274735997921,refined,3364558.747960466,old_visual_gate,0.5975599942132089,-155.5747187632564,175.22528123674363
109.01226608641446,0.8452660864144548,254477.7962917525,000007.jpg,4.478740656197932,refined,3364562.686643692,old_visual_gate,4.1298039249726965,-151.7349654125821,179.06503458741793
108.813,0.7169999999999987,254478.10900810472,000008.jpg,2.512043923212948,init,3364561.132706504,old_visual_gate,2.512043923212948,28.59997899999999,0.6000209999999981
107.9,0.20699999999999363,254482.4616538305,000009.jpg,3.529623677223757,init,3364563.9792714324,old_visual_gate,3.529623677223757,27.572969,1.6270309999999881
109.227,1.097999999999999,254482.3584690805,000010.jpg,1.2803382648970303,init,3364562.4662049846,old_visual_gate,1.2803382648970303,26.63083800000001,2.5691619999999773
106.66974321659654,1.5582567834034506,254482.65695185823,000011.jpg,3.203487099633923,refined,3364559.959893377,old_visual_gate,2.7713270747469387,-150.2926062071266,179.49260620712658
109.803,1.3859999999999957,254483.8746456505,000012.jpg,2.723877216987456,init,3364561.253041241,old_visual_gate,2.723877216987456,30.843849000000006,1.6438490000000172
109.206,0.9560000000000031,254484.66122530203,000013.jpg,2.2348875689085874,init,3364565.547452807,old_visual_gate,2.2348875689085874,26.536040000000014,2.6639599999999746
106.413,1.7670000000000101,254485.1087452324,000014.jpg,2.5811389570430356,init,3364567.0235949475,old_visual_gate,2.5811389570430356,29.894059999999996,0.6940600000000074
107.784,0.43899999999999295,254483.00355278433,000015.jpg,2.4619942690420635,init,3364568.43274937,old_visual_gate,2.4619942690420635,29.16351800000001,0.03648199999997814
106.164,0.5990000000000038,254485.271222078,000016.jpg,2.822842154450397,init,3364564.332316524,old_visual_gate,2.822842154450397,28.990073999999993,0.20992599999999584
105.778,1.0860000000000127,254486.20797691398,000017.jpg,2.1525968802951216,init,3364566.2685146267,old_visual_gate,2.1525968802951216,30.410404,1.2104040000000111
100.245,1.2600000000000051,254484.68431592503,000018.jpg,1.9696578583330149,init,3364570.60282092,old_visual_gate,1.9696578583330149,32.782351000000006,3.582351000000017
99.5738013619557,0.5478013619557061,254480.99481055271,000019.jpg,5.4133746982210145,refined,3364577.4280480957,old_visual_gate,9.15377324137768,-151.18188187943133,179.61811812056868
97.778,1.2620000000000005,254483.17411780026,000020.jpg,4.831679570647073,init,3364574.2243611068,old_visual_gate,4.831679570647073,30.333890999999994,1.1338910000000055
98.647,0.3019999999999925,254490.58757483566,000021.jpg,6.187424118118592,init,3364566.5267074187,old_visual_gate,6.187424118118592,26.58156600000001,2.6184339999999793
100.876,2.0230000000000103,254487.90199036128,000022.jpg,4.601743672001107,init,3364576.7417608076,old_visual_gate,4.601743672001107,25.643771000000015,3.5562289999999734
100.326,1.5789999999999935,254485.93284718867,000023.jpg,2.7257827861494097,init,3364575.1821985436,old_visual_gate,2.7257827861494097,30.04242099999999,0.8424210000000016
98.711,0.016000000000005343,254485.90709415788,000024.jpg,2.4094077629936126,init,3364574.8358719144,old_visual_gate,2.4094077629936126,28.792519,0.40748099999999
99.056,0.3079999999999927,254486.42999527688,000025.jpg,2.4909342869597335,init,3364575.979178011,old_visual_gate,2.4909342869597335,29.014031999999986,0.18596800000000258
98.281,0.48599999999999,254488.4562069574,000026.jpg,3.9117022155153895,init,3364571.835577877,old_visual_gate,3.9117022155153895,31.612899,2.41289900000001
100.098,1.3340000000000032,254489.03745466477,000027.jpg,4.356765551135366,init,3364572.2441506623,old_visual_gate,4.356765551135366,30.260531000000015,1.0605310000000259
98.25,0.4620000000000033,254496.42125349495,000028.jpg,6.327043797561451,init,3364577.623706178,old_visual_gate,6.327043797561451,26.304710999999998,2.895288999999991
97.969,0.8210000000000122,254494.55635870708,000029.jpg,8.671469170548388,init,3364586.0176285086,old_visual_gate,8.671469170548388,27.905824999999993,1.2941749999999956
98.873,0.269999999999996,254492.86127000826,000030.jpg,3.066628486555273,init,3364576.6909749797,old_visual_gate,3.066628486555273,28.500325000000004,0.699674999999985
100.082,0.02199999999999136,254492.1364406346,000031.jpg,3.3345583950605704,init,3364583.339386812,old_visual_gate,3.3345583950605704,31.03782000000001,1.837820000000022
98.227,2.137999999999991,254490.78875752963,000032.jpg,1.5980659612311043,init,3364581.91125158,old_visual_gate,1.5980659612311043,26.300104000000005,2.899895999999984
101.18,0.5800000000000125,254494.92402733798,000033.jpg,2.972509113967172,init,3364580.030330129,old_visual_gate,2.972509113967172,30.284689000000014,1.0846890000000258
103.67348677385598,1.150486773855988,254492.5009077661,000034.jpg,4.654874590987484,refined,3364582.8323795404,old_visual_gate,0.5467679905276859,-151.24581360154585,179.55418639845414
109.221,0.48799999999999955,254491.4171550231,000035.jpg,3.0339752336628685,init,3364581.3519457392,old_visual_gate,3.0339752336628685,26.940341999999987,2.2596580000000017
109.498,0.25200000000000955,254492.35753232913,000036.jpg,1.6656449694115103,init,3364584.1418327345,old_visual_gate,1.6656449694115103,28.52221800000001,0.6777819999999792
108.96,0.22499999999999432,254488.71667938455,000037.jpg,5.775116681156617,init,3364585.0756172,old_visual_gate,5.775116681156617,31.36895100000001,2.168951000000021
107.571,0.7240000000000038,254496.70917623877,000038.jpg,2.5947833683667025,init,3364584.234702948,old_visual_gate,2.5947833683667025,33.221194999999994,4.021195000000006
110.412,2.129000000000005,254497.73336219703,000039.jpg,5.944751136847968,init,3364592.5326271076,old_visual_gate,5.944751136847968,27.56383299999999,1.6361670000000004
108.831,0.5600000000000023,254497.10711519374,000040.jpg,1.7958689281700833,init,3364589.285735573,old_visual_gate,1.7958689281700833,30.283804000000003,1.0838040000000149
106.758,1.5020000000000095,254497.0453270637,000041.jpg,0.800201518323074,init,3364589.3065422764,old_visual_gate,0.800201518323074,28.86919800000001,0.33080199999997717
107.778,0.4679999999999893,254494.68416327782,000042.jpg,2.274533575383041,init,3364590.035344064,old_visual_gate,2.274533575383041,30.43704199999999,1.2370420000000024
108.82829763554037,0.633297635540373,254497.2817505131,000043.jpg,2.6259461782954245,refined,3364589.371038334,old_visual_gate,1.166587144863437,-150.43305117275625,179.63305117275624
107.635,0.4959999999999951,254496.55934769177,000044.jpg,1.4311733807480536,init,3364590.9094133656,old_visual_gate,1.4311733807480536,29.975974000000008,0.7759740000000193
106.657,1.328000000000003,254498.43294668294,000045.jpg,1.744391845490635,init,3364594.019718475,old_visual_gate,1.744391845490635,30.975558000000007,1.775558000000018
107.766,0.19699999999998852,254496.59037741576,000046.jpg,3.1761427591638522,init,3364590.9459172846,old_visual_gate,3.1761427591638522,28.073230999999993,1.126768999999996
106.994,1.0690000000000026,254500.23969541822,000047.jpg,1.9312640072184801,init,3364592.2991917715,old_visual_gate,1.9312640072184801,27.50839400000001,1.6916059999999788
107.44159816391766,0.6854018360823346,254501.12685448097,000048.jpg,3.9381888648368575,refined,3364591.2811480435,old_visual_gate,3.8310297044879036,-150.76796492626698,179.96796492626697
106.899,1.524000000000001,254495.6741981027,000049.jpg,7.114187152486687,init,3364601.1362355524,old_visual_gate,7.114187152486687,30.157505000000015,0.957505000000026
109.286,0.29999999999999716,254502.4607754522,000050.jpg,4.645694277476121,init,3364592.2904305407,old_visual_gate,4.645694277476121,31.194344,1.9943440000000123
110.75113492459059,1.2811349245905888,254500.8994642407,000051.jpg,1.6064949981140477,refined,3364597.3422817127,old_visual_gate,0.45192916753578705,-150.16303528705456,179.36303528705454
110.535,0.6319999999999908,254502.8148914028,000052.jpg,1.078483091317743,init,3364598.006163149,old_visual_gate,1.078483091317743,27.31723199999999,1.8827679999999987
104.01,1.090999999999994,254504.66876680404,000053.jpg,2.8177880654662877,init,3364597.743319407,old_visual_gate,2.8177880654662877,29.930498,0.7304980000000114
99.962,0.5159999999999911,254507.86020275837,000054.jpg,5.841082436323703,init,3364603.0171724036,old_visual_gate,5.841082436323703,30.596118999999987,1.3961189999999988
99.04,0.08900000000001285,254501.906576115,000055.jpg,1.4125083062805972,init,3364600.63300189,old_visual_gate,1.4125083062805972,24.565563999999995,4.634435999999994
101.656,0.6979999999999933,254504.3319063919,000056.jpg,3.1418607703918777,init,3364598.789162376,old_visual_gate,3.1418607703918777,26.251218999999992,2.9487809999999968
103.882,0.8260000000000076,254499.69524332203,000057.jpg,5.357914343783149,init,3364599.9211164443,old_visual_gate,5.357914343783149,32.532083,3.3320830000000115
102.705,0.2639999999999958,254504.65716325736,000058.jpg,3.2762417550560237,init,3364606.8992046188,old_visual_gate,3.2762417550560237,25.37605400000001,3.823945999999978
101.799,0.42799999999999727,254505.67038451316,000059.jpg,1.41056856412715,init,3364605.833701678,old_visual_gate,1.41056856412715,29.804448000000008,0.6044480000000192
97.483,1.4769999999999897,254507.4261682398,000060.jpg,3.107998904696465,init,3364602.779450815,old_visual_gate,3.107998904696465,28.757492000000013,0.44250799999997525
99.708,0.9869999999999948,254505.5631732929,000061.jpg,1.2329916146010917,init,3364605.1846127613,old_visual_gate,1.2329916146010917,32.651178000000016,3.451178000000027
99.639,0.9410000000000025,254505.43428045476,000062.jpg,2.4409705514998064,init,3364609.212182415,old_visual_gate,2.4409705514998064,30.62631300000001,1.4263130000000217
99.455,0.7399999999999949,254510.31453358376,000063.jpg,3.352405617664904,init,3364606.820709934,old_visual_gate,3.352405617664904,33.248964,4.048964000000012
99.315,0.6080000000000041,254510.07093405444,000064.jpg,3.044882971593019,init,3364607.0016813395,old_visual_gate,3.044882971593019,31.724761,2.5247610000000122
100.255,1.5429999999999922,254509.25475385156,000065.jpg,2.020437721659263,init,3364608.0440785135,old_visual_gate,2.020437721659263,26.700466000000006,2.499533999999983
97.718,1.1940000000000026,254510.14593470003,000066.jpg,1.5110626615027245,init,3364610.5586843425,old_visual_gate,1.5110626615027245,31.63889900000001,2.4388990000000206
99.694,0.6009999999999991,254510.16717395943,000067.jpg,3.652663712946468,init,3364607.979734102,old_visual_gate,3.652663712946468,28.336798999999985,0.8632010000000037
99.57428420335054,0.3402842033505493,254508.38731009464,000068.jpg,6.070978404380088,refined,3364613.9797213394,old_visual_gate,2.035775809011784,-148.2583375799401,177.4583375799401
99.581,0.46999999999999886,254510.59593040636,000069.jpg,0.5148464563544212,init,3364613.3614717303,old_visual_gate,0.5148464563544212,28.778048000000013,0.4219519999999761
99.226,0.29399999999999693,254514.11795562058,000070.jpg,3.5589119870711006,init,3364614.5448238812,old_visual_gate,3.5589119870711006,30.281598000000002,1.0815980000000138
100.75454238150269,1.882542381502688,254511.18475396294,000071.jpg,3.8190885836541297,refined,3364614.21637991,old_visual_gate,0.7633805444914387,-149.4578191259379,178.6578191259379
98.462,0.4819999999999993,254510.71496848,000072.jpg,1.3297943097600868,init,3364616.8691949225,old_visual_gate,1.3297943097600868,29.75713300000001,0.5571330000000216
104.624,1.5769999999999982,254510.0530599298,000073.jpg,2.162438500588091,init,3364617.545716725,old_visual_gate,2.162438500588091,31.86184,2.661840000000012
106.243,0.22299999999999898,254510.99966365195,000074.jpg,4.987090912109113,init,3364612.846860645,old_visual_gate,4.987090912109113,28.458008000000007,0.741991999999982
107.088,0.39799999999999613,254513.48358482402,000075.jpg,3.4660361893373532,init,3364615.0277581275,old_visual_gate,3.4660361893373532,36.447135,7.247135000000014
106.627,0.31100000000000705,254509.6782479821,000076.jpg,3.967545636953788,init,3364620.349573616,old_visual_gate,3.967545636953788,29.585217,0.38521700000001147
107.66719561442733,0.4841956144273212,254514.15347563618,000077.jpg,6.439504465275706,refined,3364619.1542973216,old_visual_gate,1.0658507999147762,-150.95354713438542,179.8464528656146
107.526,0.17399999999999238,254519.39568650533,000078.jpg,5.341978595359967,init,3364618.9678782835,old_visual_gate,5.341978595359967,35.026242999999994,5.826243000000005
107.57654258795083,0.06054258795082035,254515.98302145462,000079.jpg,3.5534432899799873,refined,3364619.390377985,old_visual_gate,2.7547597422227263,-150.97609069116453,179.82390930883548
107.2152431961149,0.40975680388510227,254515.99270414488,000080.jpg,2.562157450642094,refined,3364621.135002773,old_visual_gate,1.7732355007752725,-149.95307249043796,179.15307249043795
105.20424418896437,2.494755811035631,254515.95249234096,000081.jpg,8.787287317620725,refined,3364622.551276295,old_visual_gate,1.1497675261606537,-151.36553053548158,179.43446946451843
107.569,0.17300000000000182,254513.8161415884,000082.jpg,3.2213205333053527,init,3364626.4407482594,old_visual_gate,3.2213205333053527,33.065391000000005,3.8653910000000167
108.18824324011803,0.4632432401180324,254515.45819960616,000083.jpg,3.8652456282868726,refined,3364627.0875793863,old_visual_gate,2.203621396240857,-150.95595781914497,179.844042180855
108.24,0.5339999999999918,254518.4376644952,000084.jpg,4.017617534597836,init,3364630.205640848,old_visual_gate,4.017617534597836,28.497735000000006,0.7022649999999828
107.49,0.07800000000000296,254521.7302468302,000085.jpg,3.868432721461126,init,3364627.7690560403,old_visual_gate,3.868432721461126,27.617245999999994,1.5827539999999942
104.627,2.7920000000000016,254516.69486906493,000086.jpg,2.5542374936715295,init,3364626.157512979,old_visual_gate,2.5542374936715295,31.23369199999999,2.033692000000002
108.323,1.0459999999999923,254520.58013813235,000087.jpg,1.8169398444817435,init,3364628.2957548373,old_visual_gate,1.8169398444817435,30.075975999999997,0.8759760000000085
106.847,0.2330000000000041,254520.48326827053,000088.jpg,7.507507308845879,init,3364622.3872068333,old_visual_gate,7.507507308845879,30.264377999999994,1.064378000000005
108.293,1.426000000000002,254524.68548927052,000089.jpg,7.334846152980117,init,3364636.205301124,old_visual_gate,7.334846152980117,26.876780999999994,2.3232189999999946
106.638,0.027000000000001023,254513.7512759876,000090.jpg,6.811513605774411,init,3364633.2687469604,old_visual_gate,6.811513605774411,31.125107000000014,1.9251070000000254
104.854,1.5,254520.45449511916,000091.jpg,0.7597707093780388,init,3364633.0895229126,old_visual_gate,0.7597707093780388,30.096019000000013,0.8960190000000239
106.513,0.4590000000000032,254519.98531239422,000092.jpg,1.6981790925085674,init,3364634.3531368845,old_visual_gate,1.6981790925085674,28.965555999999992,0.23444399999999632
106.528,0.7600000000000051,254522.75826978098,000093.jpg,0.9512814974057557,init,3364634.135284934,old_visual_gate,0.9512814974057557,30.203485999999998,1.0034860000000094
108.09979454334825,2.101794543348248,254522.80607340083,000094.jpg,2.40950245050013,refined,3364633.3023568545,old_visual_gate,1.8196963002924276,-151.2082064926109,179.59179350738907
105.949,0.5640000000000072,254525.75901221222,000095.jpg,3.2009292923775057,init,3364637.102105765,old_visual_gate,3.2009292923775057,27.70205200000001,1.4979479999999796
107.638,0.6150000000000091,254523.6318235701,000096.jpg,0.8501279967640029,init,3364637.5648355316,old_visual_gate,0.8501279967640029,26.666133000000002,2.5338669999999865
108.999,1.600999999999999,254521.9752549637,000097.jpg,1.8066093004164898,init,3364637.3831933797,old_visual_gate,1.8066093004164898,24.47964300000001,4.720356999999979
107.763,0.4310000000000116,254525.56449762746,000098.jpg,2.088113075222963,init,3364636.9205742124,old_visual_gate,2.088113075222963,28.216042000000016,0.9839579999999728
107.315,0.3539999999999992,254525.82868009683,000099.jpg,4.81964684200742,init,3364644.1075539007,old_visual_gate,4.81964684200742,30.0668,0.866800000000012
111.18,1.2240000000000038,254476.53949200793,000000.jpg,4.08052824670161,init_seed,3364557.073594403,temporal_pred_only,4.08052824670161,28.179385999999994,1.0206139999999948
111.45484400000001,1.223844000000014,254477.02735200792,000001.jpg,1.8172116355129764,temporal_pred_only,3364557.946516403,temporal_pred_only,4.080532679816934,28.179385999999994,1.0206139999999948
111.20342300000002,1.2244230000000158,254477.51521200791,000002.jpg,5.977795975003348,temporal_pred_only,3364558.819438403,temporal_pred_only,4.08053707095313,28.179385999999994,1.0206139999999948
110.76070200000001,1.2247020000000077,254478.0030720079,000003.jpg,2.081842672395745,temporal_pred_only,3364559.692360403,temporal_pred_only,4.080530356997011,28.179385999999994,1.0206139999999948
110.31851900000001,1.224519000000015,254478.4909320079,000004.jpg,2.5470765913995095,temporal_pred_only,3364560.565282403,temporal_pred_only,4.080534742527683,28.179385999999994,1.0206139999999948
109.876675,1.2246750000000048,254478.9787920079,000005.jpg,5.240003235877206,temporal_pred_only,3364561.438204403,temporal_pred_only,4.080527996795058,28.179385999999994,1.0206139999999948
109.63750900000001,1.2245090000000118,254479.4666520079,000006.jpg,6.257274735997921,temporal_pred_only,3364562.311126403,temporal_pred_only,4.080532324937218,28.179385999999994,1.0206139999999948
109.390883,1.2238830000000007,254479.95451200788,000007.jpg,4.478740656197932,temporal_pred_only,3364563.184048403,temporal_pred_only,4.08053663578331,28.179385999999994,1.0206139999999948
109.320049,1.2240489999999937,254480.44237200788,000008.jpg,2.512043923212948,temporal_pred_only,3364564.056970403,temporal_pred_only,4.080529868111128,28.179385999999994,1.0206139999999948
109.330906,1.2239059999999995,254480.93023200787,000009.jpg,3.529623677223757,temporal_pred_only,3364564.929892403,temporal_pred_only,4.0805341486043485,28.179385999999994,1.0206139999999948
109.352755,1.223754999999997,254481.41809200787,000010.jpg,1.2803382648970303,temporal_pred_only,3364565.802814403,temporal_pred_only,4.080538413722646,28.179385999999994,1.0206139999999948
109.452592,1.2245920000000012,254481.90595200786,000011.jpg,3.203487099633923,temporal_pred_only,3364566.675736403,temporal_pred_only,4.080531571393384,28.179385999999994,1.0206139999999948
109.641196,1.224195999999992,254482.39381200785,000012.jpg,2.723877216987456,temporal_pred_only,3364567.548658403,temporal_pred_only,4.080535829920538,28.179385999999994,1.0206139999999948
109.47422499999999,1.22422499999999,254482.88167200785,000013.jpg,2.2348875689085874,temporal_pred_only,3364568.421580403,temporal_pred_only,4.08052895630906,28.179385999999994,1.0206139999999948
109.404569,1.2245689999999883,254483.36953200784,000014.jpg,2.5811389570430356,temporal_pred_only,3364569.294502403,temporal_pred_only,4.080533157440665,28.179385999999994,1.0206139999999948
109.44685799999999,1.2238579999999928,254483.85739200783,000015.jpg,2.4619942690420635,temporal_pred_only,3364570.167424403,temporal_pred_only,4.080537342735171,28.179385999999994,1.0206139999999948
106.789363,1.2243629999999968,254484.34525200783,000016.jpg,2.822842154450397,temporal_pred_only,3364571.040346403,temporal_pred_only,4.080530422408031,28.179385999999994,1.0206139999999948
105.916381,1.2243810000000082,254484.83311200782,000017.jpg,2.1525968802951216,temporal_pred_only,3364571.913268403,temporal_pred_only,4.080534599280868,28.179385999999994,1.0206139999999948
100.209358,1.2243579999999952,254485.32097200782,000018.jpg,1.9696578583330149,temporal_pred_only,3364572.786190403,temporal_pred_only,4.080527646276016,28.179385999999994,1.0206139999999948
100.24981299999999,1.2238129999999927,254485.8088320078,000019.jpg,5.4133746982210145,temporal_pred_only,3364573.659112403,temporal_pred_only,4.08053176807911,28.179385999999994,1.0206139999999948
100.26392399999999,1.2239239999999825,254486.2966920078,000020.jpg,4.831679570647073,temporal_pred_only,3364574.532034403,temporal_pred_only,4.080535874010494,28.179385999999994,1.0206139999999948
100.17371499999999,1.2247149999999891,254486.7845520078,000021.jpg,6.187424118118592,temporal_pred_only,3364575.404956403,temporal_pred_only,4.080528873389748,28.179385999999994,1.0206139999999948
100.07705999999999,1.2240599999999944,254487.2724120078,000022.jpg,4.601743672001107,temporal_pred_only,3364576.277878403,temporal_pred_only,4.080532945747639,28.179385999999994,1.0206139999999948
99.97129199999999,1.2242919999999913,254487.76027200778,000023.jpg,2.7257827861494097,temporal_pred_only,3364577.150800403,temporal_pred_only,4.080537029191788,28.179385999999994,1.0206139999999948
99.95137,1.2243699999999933,254488.24813200778,000024.jpg,2.4094077629936126,temporal_pred_only,3364578.023722403,temporal_pred_only,4.080529980054245,28.179385999999994,1.0206139999999948
99.972323,1.2243229999999983,254488.73599200777,000025.jpg,2.4909342869597335,temporal_pred_only,3364578.896644403,temporal_pred_only,4.0805340080212735,28.179385999999994,1.0206139999999948
99.99123900000001,1.2242390000000114,254489.22385200777,000026.jpg,3.9117022155153895,temporal_pred_only,3364579.7695664032,temporal_pred_only,4.080526926643013,28.179385999999994,1.0206139999999948
99.988105,1.2241050000000087,254489.71171200776,000027.jpg,4.356765551135366,temporal_pred_only,3364580.6424884032,temporal_pred_only,4.0805309205693785,28.179385999999994,1.0206139999999948
99.93579000000001,1.2237900000000081,254490.19957200775,000028.jpg,6.327043797561451,temporal_pred_only,3364581.5154104033,temporal_pred_only,4.080534898560121,28.179385999999994,1.0206139999999948
100.01466900000001,1.2246690000000058,254490.68743200775,000029.jpg,8.671469170548388,temporal_pred_only,3364582.3883324033,temporal_pred_only,4.080527770529886,28.179385999999994,1.0206139999999948
100.36765500000001,1.2246550000000127,254491.17529200774,000030.jpg,3.066628486555273,temporal_pred_only,3364583.2612544033,temporal_pred_only,4.080531716779504,28.179385999999994,1.0206139999999948
101.284422,1.2244220000000041,254491.66315200774,000031.jpg,3.3345583950605704,temporal_pred_only,3364584.1341764033,temporal_pred_only,4.080535646252366,28.179385999999994,1.0206139999999948
101.58913500000001,1.2241350000000182,254492.15101200773,000032.jpg,1.5980659612311043,temporal_pred_only,3364585.0070984033,temporal_pred_only,4.080528496268118,28.179385999999994,1.0206139999999948
101.82461800000002,1.2246180000000209,254492.63887200772,000033.jpg,2.972509113967172,temporal_pred_only,3364585.8800204033,temporal_pred_only,4.080532393969673,28.179385999999994,1.0206139999999948
103.74755200000001,1.224552000000017,254493.12673200772,000034.jpg,4.654874590987484,temporal_pred_only,3364586.7529424033,temporal_pred_only,4.080536276758101,28.179385999999994,1.0206139999999948
110.93333000000001,1.224330000000009,254493.6145920077,000035.jpg,3.0339752336628685,temporal_pred_only,3364587.6258644033,temporal_pred_only,4.080529053931888,28.179385999999994,1.0206139999999948
110.47016500000001,1.2241650000000135,254494.1024520077,000036.jpg,1.6656449694115103,temporal_pred_only,3364588.4987864033,temporal_pred_only,4.080532903579087,28.179385999999994,1.0206139999999948
109.95878900000001,1.2237890000000107,254494.5903120077,000037.jpg,5.775116681156617,temporal_pred_only,3364589.3717084033,temporal_pred_only,4.080525649035977,28.179385999999994,1.0206139999999948
109.519158,1.2241580000000027,254495.0781720077,000038.jpg,2.5947833683667025,temporal_pred_only,3364590.2446304034,temporal_pred_only,4.080529468305743,28.179385999999994,1.0206139999999948
109.506989,1.223989000000003,254495.5660320077,000039.jpg,5.944751136847968,temporal_pred_only,3364591.1175524034,temporal_pred_only,4.08053327083981,28.179385999999994,1.0206139999999948
109.49562800000001,1.2246280000000098,254496.05389200768,000040.jpg,1.7958689281700833,temporal_pred_only,3364591.9904744034,temporal_pred_only,4.080525968648555,28.179385999999994,1.0206139999999948
109.48426500000001,1.2242650000000026,254496.54175200767,000041.jpg,0.800201518323074,temporal_pred_only,3364592.8633964034,temporal_pred_only,4.080529738939504,28.179385999999994,1.0206139999999948
109.470015,1.2240150000000085,254497.02961200767,000042.jpg,2.274533575383041,temporal_pred_only,3364593.7363184034,temporal_pred_only,4.080533492861519,28.179385999999994,1.0206139999999948
109.419471,1.2244710000000083,254497.51747200766,000043.jpg,2.6259461782954245,temporal_pred_only,3364594.6092404034,temporal_pred_only,4.0805261440169005,28.179385999999994,1.0206139999999948
109.354801,1.2238009999999946,254498.00533200765,000044.jpg,1.4311733807480536,temporal_pred_only,3364595.4821624034,temporal_pred_only,4.080529866225798,28.179385999999994,1.0206139999999948
109.20973,1.2247299999999939,254498.49319200765,000045.jpg,1.744391845490635,temporal_pred_only,3364596.3550844034,temporal_pred_only,4.080533573927885,28.179385999999994,1.0206139999999948
109.18757299999999,1.2245729999999924,254498.98105200764,000046.jpg,3.1761427591638522,temporal_pred_only,3364597.2280064034,temporal_pred_only,4.080526176104733,28.179385999999994,1.0206139999999948
109.28739199999998,1.2243919999999804,254499.46891200764,000047.jpg,1.9312640072184801,temporal_pred_only,3364598.1009284034,temporal_pred_only,4.080529851129914,28.179385999999994,1.0206139999999948
109.35153999999999,1.2245399999999904,254499.95677200763,000048.jpg,3.9381888648368575,temporal_pred_only,3364598.9738504034,temporal_pred_only,4.08053351031916,28.179385999999994,1.0206139999999948
109.64763499999998,1.224634999999978,254500.44463200762,000049.jpg,7.114187152486687,temporal_pred_only,3364599.8467724035,temporal_pred_only,4.080526063450465,28.179385999999994,1.0206139999999948
110.21008299999998,1.224082999999979,254500.93249200762,000050.jpg,4.645694277476121,temporal_pred_only,3364600.7196944035,temporal_pred_only,4.080529692260613,28.179385999999994,1.0206139999999948
110.69403499999999,1.2240349999999864,254501.4203520076,000051.jpg,1.6064949981140477,temporal_pred_only,3364601.5926164035,temporal_pred_only,4.080533302901538,28.179385999999994,1.0206139999999948
111.12698499999999,1.2239849999999848,254501.9082120076,000052.jpg,1.078483091317743,temporal_pred_only,3364602.4655384035,temporal_pred_only,4.080525784630619,28.179385999999994,1.0206139999999948
106.32527599999999,1.224275999999989,254502.3960720076,000053.jpg,2.8177880654662877,temporal_pred_only,3364603.3384604035,temporal_pred_only,4.080529363959789,28.179385999999994,1.0206139999999948
101.701968,1.2239679999999993,254502.8839320076,000054.jpg,5.841082436323703,temporal_pred_only,3364604.2113824035,temporal_pred_only,4.080532928381259,28.179385999999994,1.0206139999999948
100.175141,1.224141000000003,254503.3717920076,000055.jpg,1.4125083062805972,temporal_pred_only,3364605.0843044035,temporal_pred_only,4.080525385784627,28.179385999999994,1.0206139999999948
103.57794799999999,1.223947999999993,254503.85965200758,000056.jpg,3.1418607703918777,temporal_pred_only,3364605.9572264035,temporal_pred_only,4.08052891849446,28.179385999999994,1.0206139999999948
104.280442,1.2244419999999963,254504.34751200757,000057.jpg,5.357914343783149,temporal_pred_only,3364606.8301484035,temporal_pred_only,4.080532435765431,28.179385999999994,1.0206139999999948
104.193686,1.2246860000000055,254504.83537200757,000058.jpg,3.2762417550560237,temporal_pred_only,3364607.7030704035,temporal_pred_only,4.080524846019278,28.179385999999994,1.0206139999999948
103.451363,1.2243629999999968,254505.32323200756,000059.jpg,1.41056856412715,temporal_pred_only,3364608.5759924036,temporal_pred_only,4.080528329687002,28.179385999999994,1.0206139999999948
100.184205,1.224205000000012,254505.81109200756,000060.jpg,3.107998904696465,temporal_pred_only,3364609.4489144036,temporal_pred_only,4.080531797450589,28.179385999999994,1.0206139999999948
99.944834,1.2238339999999965,254506.29895200755,000061.jpg,1.2329916146010917,temporal_pred_only,3364610.3218364036,temporal_pred_only,4.080524135861775,28.179385999999994,1.0206139999999948
99.922538,1.2245380000000097,254506.78681200754,000062.jpg,2.4409705514998064,temporal_pred_only,3364611.1947584036,temporal_pred_only,4.080527573307753,28.179385999999994,1.0206139999999948
99.939096,1.224096000000003,254507.27467200754,000063.jpg,3.352405617664904,temporal_pred_only,3364612.0676804036,temporal_pred_only,4.0805309943885755,28.179385999999994,1.0206139999999948
99.931454,1.2244540000000086,254507.76253200753,000064.jpg,3.044882971593019,temporal_pred_only,3364612.9406024036,temporal_pred_only,4.080534399159953,28.179385999999994,1.0206139999999948
99.935861,1.2238609999999994,254508.25039200753,000065.jpg,2.020437721659263,temporal_pred_only,3364613.8135244036,temporal_pred_only,4.080526697848653,28.179385999999994,1.0206139999999948
100.13600600000001,1.2240060000000028,254508.73825200752,000066.jpg,1.5110626615027245,temporal_pred_only,3364614.6864464036,temporal_pred_only,4.080530069481809,28.179385999999994,1.0206139999999948
100.316888,1.2238880000000023,254509.2261120075,000067.jpg,3.652663712946468,temporal_pred_only,3364615.5593684036,temporal_pred_only,4.080533402375752,28.179385999999994,1.0206139999999948
100.45858700000001,1.2245870000000139,254509.7139720075,000068.jpg,6.070978404380088,temporal_pred_only,3364616.4322904036,temporal_pred_only,4.080525654379655,28.179385999999994,1.0206139999999948
100.33570900000001,1.2247090000000043,254510.2018320075,000069.jpg,0.5148464563544212,temporal_pred_only,3364617.3052124036,temporal_pred_only,4.080528979327477,28.179385999999994,1.0206139999999948
100.15603200000001,1.2240320000000082,254510.6896920075,000070.jpg,3.5589119870711006,temporal_pred_only,3364618.1781344037,temporal_pred_only,4.08053228890032,28.179385999999994,1.0206139999999948
100.09634400000002,1.2243440000000163,254511.1775520075,000071.jpg,3.8190885836541297,temporal_pred_only,3364619.0510564037,temporal_pred_only,4.080524492361774,28.179385999999994,1.0206139999999948
100.16803000000002,1.2240300000000133,254511.66541200748,000072.jpg,1.3297943097600868,temporal_pred_only,3364619.9239784037,temporal_pred_only,4.0805277444677435,28.179385999999994,1.0206139999999948
107.42564200000001,1.224642000000017,254512.15327200748,000073.jpg,2.162438500588091,temporal_pred_only,3364620.7969004037,temporal_pred_only,4.080531006393061,28.179385999999994,1.0206139999999948
107.69063100000001,1.2246310000000165,254512.64113200747,000074.jpg,4.987090912109113,temporal_pred_only,3364621.6698224037,temporal_pred_only,4.080523162269408,28.179385999999994,1.0206139999999948
107.91448600000001,1.224486000000013,254513.12899200746,000075.jpg,3.4660361893373532,temporal_pred_only,3364622.5427444037,temporal_pred_only,4.080526391058802,28.179385999999994,1.0206139999999948
108.16201000000001,1.224010000000007,254513.61685200746,000076.jpg,3.967545636953788,temporal_pred_only,3364623.4156664037,temporal_pred_only,4.080529580140563,28.179385999999994,1.0206139999999948
108.40731600000001,1.2243160000000017,254514.10471200745,000077.jpg,6.439504465275706,temporal_pred_only,3364624.2885884037,temporal_pred_only,4.080532779046416,28.179385999999994,1.0206139999999948
108.575816,1.2238159999999993,254514.59257200744,000078.jpg,5.341978595359967,temporal_pred_only,3364625.1615104037,temporal_pred_only,4.080524869572505,28.179385999999994,1.0206139999999948
108.739788,1.223787999999999,254515.08043200744,000079.jpg,3.5534432899799873,temporal_pred_only,3364626.0344324037,temporal_pred_only,4.080528036245051,28.179385999999994,1.0206139999999948
108.849497,1.2244969999999995,254515.56829200743,000080.jpg,2.562157450642094,temporal_pred_only,3364626.9073544038,temporal_pred_only,4.08053116139914,28.179385999999994,1.0206139999999948
108.923003,1.2240029999999962,254516.05615200743,000081.jpg,8.787287317620725,temporal_pred_only,3364627.7802764038,temporal_pred_only,4.080523205209889,28.179385999999994,1.0206139999999948
108.96607399999999,1.2240739999999874,254516.54401200742,000082.jpg,3.2213205333053527,temporal_pred_only,3364628.653198404,temporal_pred_only,4.080526323832355,28.179385999999994,1.0206139999999948
108.948769,1.2237690000000043,254517.0318720074,000083.jpg,3.8652456282868726,temporal_pred_only,3364629.526120404,temporal_pred_only,4.080529401373343,28.179385999999994,1.0206139999999948
108.930097,1.2240970000000004,254517.5197320074,000084.jpg,4.017617534597836,temporal_pred_only,3364630.399042404,temporal_pred_only,4.08053248728666,28.179385999999994,1.0206139999999948
108.791854,1.2238540000000029,254518.0075920074,000085.jpg,3.868432721461126,temporal_pred_only,3364631.271964404,temporal_pred_only,4.080524468109683,28.179385999999994,1.0206139999999948
108.643291,1.224291000000008,254518.4954520074,000086.jpg,2.5542374936715295,temporal_pred_only,3364632.144886404,temporal_pred_only,4.08052749756816,28.179385999999994,1.0206139999999948
108.500831,1.223831000000004,254518.9833120074,000087.jpg,1.8169398444817435,temporal_pred_only,3364633.017808404,temporal_pred_only,4.080530535867683,28.179385999999994,1.0206139999999948
108.30457600000001,1.2245760000000132,254519.47117200738,000088.jpg,7.507507308845879,temporal_pred_only,3364633.890730404,temporal_pred_only,4.080522468611804,28.179385999999994,1.0206139999999948
108.09124800000001,1.224248000000003,254519.95903200738,000089.jpg,7.334846152980117,temporal_pred_only,3364634.763652404,temporal_pred_only,4.080525452317397,28.179385999999994,1.0206139999999948
107.83478000000001,1.223780000000005,254520.44689200737,000090.jpg,6.811513605774411,temporal_pred_only,3364635.636574404,temporal_pred_only,4.080528441140316,28.179385999999994,1.0206139999999948
107.57796,1.2239600000000053,254520.93475200736,000091.jpg,0.7597707093780388,temporal_pred_only,3364636.509496404,temporal_pred_only,4.080531416920475,28.179385999999994,1.0206139999999948
107.277811,1.2238109999999978,254521.42261200736,000092.jpg,1.6981790925085674,temporal_pred_only,3364637.382418404,temporal_pred_only,4.080523260930752,28.179385999999994,1.0206139999999948
106.992716,1.2247160000000008,254521.91047200735,000093.jpg,0.9512814974057557,temporal_pred_only,3364638.255340404,temporal_pred_only,4.080526204035658,28.179385999999994,1.0206139999999948
107.222686,1.2246859999999913,254522.39833200735,000094.jpg,2.40950245050013,temporal_pred_only,3364639.128262404,temporal_pred_only,4.0805291060544935,28.179385999999994,1.0206139999999948
107.73742899999999,1.2244289999999864,254522.88619200734,000095.jpg,3.2009292923775057,temporal_pred_only,3364640.001184404,temporal_pred_only,4.080532016914686,28.179385999999994,1.0206139999999948
108.24772499999999,1.2247249999999923,254523.37405200733,000096.jpg,0.8501279967640029,temporal_pred_only,3364640.874106404,temporal_pred_only,4.080523823623066,28.179385999999994,1.0206139999999948
108.622666,1.2246659999999991,254523.86191200733,000097.jpg,1.8066093004164898,temporal_pred_only,3364641.747028404,temporal_pred_only,4.080526676623327,28.179385999999994,1.0206139999999948
108.55601999999999,1.224019999999996,254524.34977200732,000098.jpg,2.088113075222963,temporal_pred_only,3364642.619950404,temporal_pred_only,4.080529541270676,28.179385999999994,1.0206139999999948
108.185031,1.2240309999999965,254524.83763200731,000099.jpg,4.81964684200742,temporal_pred_only,3364643.492872404,temporal_pred_only,4.08053236299709,28.179385999999994,1.0206139999999948
111.18,1.2240000000000038,254472.73831786687,000000.jpg,4.08052824670161,refined_freeze_alt_init_yaw,3364558.955059821,gate_v2_no_temporal,7.01495993747442,28.179385999999994,1.0206139999999948
110.8,0.5690000000000026,254477.6993564563,000001.jpg,1.8172116355129764,refined_freeze_alt_init_yaw,3364551.947361674,gate_v2_no_temporal,2.0702748996126674,29.087871000000007,0.11212899999998172
111.546,1.5670000000000073,254482.84230900044,000002.jpg,5.977795975003348,refined_freeze_alt_corrected_yaw,3364544.2231763126,gate_v2_no_temporal,11.835917181660722,28.81580422708126,0.38419577291872997
109.157,0.3790000000000049,254479.12003441408,000003.jpg,2.081842672395745,refined_freeze_alt_init_yaw,3364553.1289835707,gate_v2_no_temporal,2.76734475084601,30.12621999999999,0.9262200000000007
108.941,0.1529999999999916,254479.8451671854,000004.jpg,2.5470765913995095,refined_freeze_alt_init_yaw,3364553.3948720493,gate_v2_no_temporal,3.4172522220045582,30.57139699999999,1.3713970000000018
109.047,0.394999999999996,254481.4483689493,000005.jpg,5.240003235877206,refined_freeze_alt_init_yaw,3364552.2688418315,gate_v2_no_temporal,5.703099320389642,27.858868,1.3411319999999876
107.946,0.46699999999999875,254479.0627817039,000006.jpg,6.257274735997921,refined_freeze_alt_init_yaw,3364558.7479433436,gate_v2_no_temporal,0.5975754112755455,26.813594999999992,2.3864049999999963
109.064,0.8969999999999914,254477.79623414896,000007.jpg,4.478740656197932,refined_freeze_alt_init_yaw,3364562.686641686,gate_v2_no_temporal,4.129830858064145,28.733735999999993,0.46626399999999535
108.813,0.7169999999999987,254478.04658789892,000008.jpg,2.512043923212948,refined_freeze_alt_init_yaw,3364563.413766805,gate_v2_no_temporal,4.130996306517921,28.59997899999999,0.6000209999999981
107.9,0.20699999999999363,254478.50217864863,000009.jpg,3.529623677223757,refined_freeze_alt_init_yaw,3364564.3361955276,gate_v2_no_temporal,4.190092571229731,27.572969,1.6270309999999881
109.227,1.097999999999999,254480.81301695597,000010.jpg,1.2803382648970303,refined_freeze_alt_init_yaw,3364561.7328923824,gate_v2_no_temporal,0.5025848694394714,26.63083800000001,2.5691619999999773
106.494,1.7339999999999947,254482.65694938236,000011.jpg,3.203487099633923,refined_freeze_alt_corrected_yaw,3364559.959907377,gate_v2_no_temporal,2.771312992675743,29.70739469920497,0.5073946992049798
109.803,1.3859999999999957,254484.68366847042,000012.jpg,2.723877216987456,refined_freeze_alt_init_yaw,3364558.7668692837,gate_v2_no_temporal,5.276141997810704,30.843849000000006,1.6438490000000172
109.206,0.9560000000000031,254482.31897987018,000013.jpg,2.2348875689085874,refined_freeze_alt_init_yaw,3364564.4220276847,gate_v2_no_temporal,0.46696099290795984,26.536040000000014,2.6639599999999746
106.413,1.7670000000000101,254482.2090920505,000014.jpg,2.5811389570430356,refined_freeze_alt_init_yaw,3364566.093048434,gate_v2_no_temporal,1.3746215482608346,29.894059999999996,0.6940600000000074
107.784,0.43899999999999295,254481.07452099517,000015.jpg,2.4619942690420635,refined_freeze_alt_corrected_yaw,3364569.913250186,gate_v2_no_temporal,4.6706703443531135,29.123156376781196,0.07684362321879235
106.164,0.5990000000000038,254486.51746141838,000016.jpg,2.822842154450397,refined_freeze_alt_corrected_yaw,3364561.7816306045,gate_v2_no_temporal,5.656996326178899,28.773193119874605,0.42680688012538326
105.778,1.0860000000000127,254486.3977374967,000017.jpg,2.1525968802951216,refined_freeze_alt_init_yaw,3364563.932098532,gate_v2_no_temporal,4.243183461087895,30.410404,1.2104040000000111
100.245,1.2600000000000051,254482.89051807713,000018.jpg,1.9696578583330149,refined_freeze_alt_init_yaw,3364571.7770871874,gate_v2_no_temporal,3.852883746965466,32.782351000000006,3.582351000000017
99.491,0.4650000000000034,254480.99484282988,000019.jpg,5.4133746982210145,refined_freeze_alt_corrected_yaw,3364577.4280243637,gate_v2_no_temporal,9.15373628126627,28.81811802920771,0.3818819707922785
97.778,1.2620000000000005,254481.328846401,000020.jpg,4.831679570647073,refined_freeze_alt_init_yaw,3364578.7926346427,gate_v2_no_temporal,9.655249813857228,30.333890999999994,1.1338910000000055
98.647,0.3019999999999925,254491.9214665221,000021.jpg,6.187424118118592,refined_freeze_alt_init_yaw,3364560.337034389,gate_v2_no_temporal,12.173883384093758,26.58156600000001,2.6184339999999793
100.876,2.0230000000000103,254483.75078280258,000022.jpg,4.601743672001107,refined_freeze_alt_init_yaw,3364579.06038878,gate_v2_no_temporal,7.66639278717617,25.643771000000015,3.5562289999999734
100.326,1.5789999999999935,254484.7914101151,000023.jpg,2.7257827861494097,refined_freeze_alt_init_yaw,3364577.6060466315,gate_v2_no_temporal,5.364435368985176,30.04242099999999,0.8424210000000016
98.711,0.016000000000005343,254486.2904776686,000024.jpg,2.4094077629936126,refined_freeze_alt_init_yaw,3364577.134285232,gate_v2_no_temporal,3.6900034043474177,28.792519,0.40748099999999
99.056,0.3079999999999927,254486.34804248944,000025.jpg,2.4909342869597335,refined_freeze_alt_corrected_yaw,3364578.4094905052,gate_v2_no_temporal,4.257464865756972,28.831455291470803,0.3685447085291855
98.281,0.48599999999999,254491.8018401477,000026.jpg,3.9117022155153895,refined_freeze_alt_init_yaw,3364570.19804565,gate_v2_no_temporal,6.1115171705930065,31.612899,2.41289900000001
100.098,1.3340000000000032,254492.5290211615,000027.jpg,4.356765551135366,refined_freeze_alt_init_yaw,3364570.3844316998,gate_v2_no_temporal,6.833998042681508,30.260531000000015,1.0605310000000259
98.25,0.4620000000000033,254492.18229594236,000028.jpg,6.327043797561451,refined_freeze_alt_init_yaw,3364572.2829559287,gate_v2_no_temporal,5.55914264479481,26.304710999999998,2.895288999999991
97.969,0.8210000000000122,254494.55635870708,000029.jpg,8.671469170548388,init,3364586.0176285086,gate_v2_no_temporal,8.671469170548388,27.905824999999993,1.2941749999999956
98.873,0.269999999999996,254493.37946048562,000030.jpg,3.066628486555273,refined_freeze_alt_init_yaw,3364573.326951086,gate_v2_no_temporal,6.293078338467504,28.500325000000004,0.699674999999985
100.082,0.02199999999999136,254488.5604978222,000031.jpg,3.3345583950605704,refined_freeze_alt_init_yaw,3364584.0154991257,gate_v2_no_temporal,4.968555745070194,31.03782000000001,1.837820000000022
98.227,2.137999999999991,254490.42405049442,000032.jpg,1.5980659612311043,refined_freeze_alt_init_yaw,3364583.3905527606,gate_v2_no_temporal,2.950159430441249,26.300104000000005,2.899895999999984
101.18,0.5800000000000125,254495.04046371867,000033.jpg,2.972509113967172,refined_freeze_alt_init_yaw,3364576.6016292623,gate_v2_no_temporal,5.770794514529498,30.284689000000014,1.0846890000000258
103.54,1.0170000000000101,254492.50092706704,000034.jpg,4.654874590987484,refined_freeze_alt_init_yaw,3364582.832378293,gate_v2_no_temporal,0.5467491582794098,28.97665699999999,0.22334299999999985
109.221,0.48799999999999955,254494.45327113755,000035.jpg,3.0339752336628685,refined_freeze_alt_init_yaw,3364581.5035105757,gate_v2_no_temporal,2.2495117058591823,26.940341999999987,2.2596580000000017
109.498,0.25200000000000955,254493.42717065584,000036.jpg,1.6656449694115103,refined_freeze_alt_init_yaw,3364585.1997303246,gate_v2_no_temporal,0.9678162530568303,28.52221800000001,0.6777819999999792
108.96,0.22499999999999432,254491.35399876226,000037.jpg,5.775116681156617,refined_freeze_alt_init_yaw,3364589.960809075,gate_v2_no_temporal,5.6225967805702375,31.36895100000001,2.168951000000021
107.571,0.7240000000000038,254497.50137124254,000038.jpg,2.5947833683667025,refined_freeze_alt_init_yaw,3364581.5614487384,gate_v2_no_temporal,5.251274892001596,33.221194999999994,4.021195000000006
110.412,2.129000000000005,254491.80397835415,000039.jpg,5.944751136847968,refined_freeze_alt_init_yaw,3364593.9208174497,gate_v2_no_temporal,7.794908826119117,27.56383299999999,1.6361670000000004
108.831,0.5600000000000023,254495.0856146258,000040.jpg,1.7958689281700833,refined_freeze_alt_init_yaw,3364588.926286937,gate_v2_no_temporal,1.334068908366966,30.283804000000003,1.0838040000000149
106.758,1.5020000000000095,254496.18604405178,000041.jpg,0.800201518323074,refined_freeze_alt_init_yaw,3364588.81307249,gate_v2_no_temporal,0.25476470194568307,28.86919800000001,0.33080199999997717
107.778,0.4679999999999893,254495.27075028693,000042.jpg,2.274533575383041,refined_freeze_alt_init_yaw,3364591.9812564813,gate_v2_no_temporal,2.8539545901592414,30.43704199999999,1.2370420000000024
108.511,0.3160000000000025,254497.28174353347,000043.jpg,2.6259461782954245,refined_freeze_alt_init_yaw,3364589.3710123776,gate_v2_no_temporal,1.1666137282375946,29.38589300000001,0.1858930000000214
107.635,0.4959999999999951,254497.36693788887,000044.jpg,1.4311733807480536,refined_freeze_alt_init_yaw,3364591.4673990053,gate_v2_no_temporal,0.5396687985567573,29.975974000000008,0.7759740000000193
106.657,1.328000000000003,254496.4789258359,000045.jpg,1.744391845490635,refined_freeze_alt_init_yaw,3364594.27450469,gate_v2_no_temporal,2.7657111145493594,30.975558000000007,1.775558000000018
107.766,0.19699999999998852,254499.46532196982,000046.jpg,3.1761427591638522,refined_freeze_alt_init_yaw,3364591.3818570874,gate_v2_no_temporal,1.8618239697761485,28.073230999999993,1.126768999999996
106.994,1.0690000000000026,254500.75023736493,000047.jpg,1.9312640072184801,refined_freeze_alt_init_yaw,3364590.309796634,gate_v2_no_temporal,3.9614858431305042,27.50839400000001,1.6916059999999788
106.96,1.1670000000000016,254501.12686083541,000048.jpg,3.9381888648368575,refined_freeze_alt_init_yaw,3364591.2811435983,gate_v2_no_temporal,3.83103600820153,29.216755000000006,0.016755000000017617
106.899,1.524000000000001,254493.26473308066,000049.jpg,7.114187152486687,refined_freeze_alt_init_yaw,3364607.6369413915,gate_v2_no_temporal,13.819226428733094,30.157505000000015,0.957505000000026
109.286,0.29999999999999716,254505.27439155645,000050.jpg,4.645694277476121,refined_freeze_alt_init_yaw,3364588.276497358,gate_v2_no_temporal,9.471500204644167,31.194344,1.9943440000000123
110.419,0.9489999999999981,254500.89945815376,000051.jpg,1.6064949981140477,refined_freeze_alt_init_yaw,3364597.3423143257,gate_v2_no_temporal,0.45192245594068653,29.52180899999999,0.3218090000000018
110.535,0.6319999999999908,254502.43361914123,000052.jpg,1.078483091317743,refined_freeze_alt_init_yaw,3364596.736265417,gate_v2_no_temporal,1.7655026022662768,27.31723199999999,1.8827679999999987
104.01,1.090999999999994,254504.19654112493,000053.jpg,2.8177880654662877,refined_freeze_alt_corrected_yaw,3364594.466882962,gate_v2_no_temporal,5.1563681003892885,30.660949002739954,1.4609490027399659
99.962,0.5159999999999911,254502.34222058803,000054.jpg,5.841082436323703,refined_freeze_alt_init_yaw,3364599.9595989715,gate_v2_no_temporal,0.4718025602900234,30.596118999999987,1.3961189999999988
99.04,0.08900000000001285,254502.93116052117,000055.jpg,1.4125083062805972,refined_freeze_alt_init_yaw,3364601.232638079,gate_v2_no_temporal,0.40750328876281655,24.565563999999995,4.634435999999994
101.656,0.6979999999999933,254506.45229634133,000056.jpg,3.1418607703918777,refined_freeze_alt_init_yaw,3364596.369214821,gate_v2_no_temporal,6.132770812980455,26.251218999999992,2.9487809999999968
103.882,0.8260000000000076,254503.76643079624,000057.jpg,5.357914343783149,refined_freeze_alt_init_yaw,3364602.47016353,gate_v2_no_temporal,0.5547666896710953,32.532083,3.3320830000000115
102.705,0.2639999999999958,254502.2062846458,000058.jpg,3.2762417550560237,refined_freeze_alt_init_yaw,3364609.054105765,gate_v2_no_temporal,5.989239994333214,25.37605400000001,3.823945999999978
101.799,0.42799999999999727,254504.04350097958,000059.jpg,1.41056856412715,refined_freeze_alt_init_yaw,3364606.1485965424,gate_v2_no_temporal,2.028355868807177,29.804448000000008,0.6044480000000192
97.483,1.4769999999999897,254508.23996274138,000060.jpg,3.107998904696465,refined_freeze_alt_init_yaw,3364599.688276463,gate_v2_no_temporal,6.219855419194433,28.757492000000013,0.44250799999997525
99.708,0.9869999999999948,254506.25344247362,000061.jpg,1.2329916146010917,refined_freeze_alt_init_yaw,3364605.04050943,gate_v2_no_temporal,1.203447180427253,32.651178000000016,3.451178000000027
99.639,0.9410000000000025,254503.93755856567,000062.jpg,2.4409705514998064,refined_freeze_alt_init_yaw,3364611.0367187075,gate_v2_no_temporal,4.78747726211527,30.62631300000001,1.4263130000000217
99.455,0.7399999999999949,254509.67556806986,000063.jpg,3.352405617664904,refined_freeze_alt_init_yaw,3364603.3359287265,gate_v2_no_temporal,5.28330589065588,33.248964,4.048964000000012
99.315,0.6080000000000041,254510.29502878722,000064.jpg,3.044882971593019,refined_freeze_alt_init_yaw,3364603.8711105627,gate_v2_no_temporal,5.643251475475913,31.724761,2.5247610000000122
100.255,1.5429999999999922,254509.52943506156,000065.jpg,2.020437721659263,refined_freeze_alt_init_yaw,3364605.9097451367,gate_v2_no_temporal,4.0664554268129445,26.700466000000006,2.499533999999983
97.718,1.1940000000000026,254509.0140371733,000066.jpg,1.5110626615027245,refined_freeze_alt_init_yaw,3364609.0109926625,gate_v2_no_temporal,1.6404494126048619,31.63889900000001,2.4388990000000206
99.694,0.6009999999999991,254510.16717395943,000067.jpg,3.652663712946468,init,3364607.979734102,gate_v2_no_temporal,3.652663712946468,28.336798999999985,0.8632010000000037
99.498,0.26400000000001,254508.38731427075,000068.jpg,6.070978404380088,refined_freeze_alt_init_yaw,3364613.9797091126,gate_v2_no_temporal,2.0357635282560365,30.471406,1.2714060000000131
99.581,0.46999999999999886,254509.83417491234,000069.jpg,0.5148464563544212,refined_freeze_alt_init_yaw,3364612.855202048,gate_v2_no_temporal,0.45577173553153305,28.778048000000013,0.4219519999999761
99.226,0.29399999999999693,254511.849419882,000070.jpg,3.5589119870711006,refined_freeze_alt_init_yaw,3364611.3913277243,gate_v2_no_temporal,2.9873696843512647,30.281598000000002,1.0815980000000138
100.401,1.5289999999999964,254511.1847763094,000071.jpg,3.8190885836541297,refined_freeze_alt_init_yaw,3364614.2163590067,gate_v2_no_temporal,0.7634044447399133,29.87061700000001,0.6706170000000213
98.462,0.4819999999999993,254510.71496848,000072.jpg,1.3297943097600868,init,3364616.8691949225,gate_v2_no_temporal,1.3297943097600868,29.75713300000001,0.5571330000000216
104.624,1.5769999999999982,254509.64645395492,000073.jpg,2.162438500588091,refined_freeze_alt_init_yaw,3364619.665405218,gate_v2_no_temporal,3.803876778245704,31.86184,2.661840000000012
106.243,0.22299999999999898,254515.69670323606,000074.jpg,4.987090912109113,refined_freeze_alt_init_yaw,3364611.2233964805,gate_v2_no_temporal,7.107404202523748,28.458008000000007,0.741991999999982
107.088,0.39799999999999613,254516.2156908974,000075.jpg,3.4660361893373532,refined_freeze_alt_init_yaw,3364613.254350831,gate_v2_no_temporal,6.107943170404851,36.447135,7.247135000000014
106.627,0.31100000000000705,254510.43185805084,000076.jpg,3.967545636953788,refined_freeze_alt_init_yaw,3364623.930793616,gate_v2_no_temporal,5.532574345504428,29.585217,0.38521700000001147
107.643,0.45999999999999375,254514.15348689986,000077.jpg,6.439504465275706,refined_freeze_alt_init_yaw,3364619.154268845,gate_v2_no_temporal,1.0658805874865587,29.123164000000003,0.07683599999998592
107.526,0.17399999999999238,254519.1015380404,000078.jpg,5.341978595359967,refined_freeze_alt_init_yaw,3364613.316039118,gate_v2_no_temporal,9.032219791970913,35.026242999999994,5.826243000000005
107.48,0.036000000000001364,254515.9830535777,000079.jpg,3.5534432899799873,refined_freeze_alt_init_yaw,3364619.3904133444,gate_v2_no_temporal,2.75473854261111,29.110874999999993,0.08912499999999568
106.869,0.7560000000000002,254515.9926973153,000080.jpg,2.562157450642094,refined_freeze_alt_init_yaw,3364621.1349677453,gate_v2_no_temporal,1.7732669158429777,29.62284299999999,0.4228430000000003
104.917,2.7819999999999965,254523.86934244988,000081.jpg,8.787287317620725,init,3364627.516360666,gate_v2_no_temporal,8.787287317620725,28.915965999999997,0.28403399999999124
107.569,0.17300000000000182,254512.99982799817,000082.jpg,3.2213205333053527,refined_freeze_alt_init_yaw,3364629.1970059336,gate_v2_no_temporal,5.7634187273518345,33.065391000000005,3.8653910000000167
107.911,0.18600000000000705,254515.4581750279,000083.jpg,3.8652456282868726,refined_freeze_alt_corrected_yaw,3364627.087537512,gate_v2_no_temporal,2.2036066272332246,29.04404225937529,0.15595774062470014
108.24,0.5339999999999918,254514.30808376215,000084.jpg,4.017617534597836,refined_freeze_alt_init_yaw,3364631.4694354446,gate_v2_no_temporal,6.015389330173804,28.497735000000006,0.7022649999999828
107.49,0.07800000000000296,254518.46400819047,000085.jpg,3.868432721461126,refined_freeze_alt_init_yaw,3364624.7006460275,gate_v2_no_temporal,2.5540143194798732,27.617245999999994,1.5827539999999942
104.627,2.7920000000000016,254518.8332877222,000086.jpg,2.5542374936715295,refined_freeze_alt_init_yaw,3364626.52426999,gate_v2_no_temporal,1.6030698084437367,31.23369199999999,2.033692000000002
108.323,1.0459999999999923,254519.81001547235,000087.jpg,1.8169398444817435,refined_freeze_alt_init_yaw,3364626.011390586,gate_v2_no_temporal,3.071152809057224,30.075975999999997,0.8759760000000085
106.847,0.2330000000000041,254525.89493959167,000088.jpg,7.507507308845879,refined_freeze_alt_init_yaw,3364617.316368611,gate_v2_no_temporal,14.096873082557046,30.264377999999994,1.064378000000005
108.293,1.426000000000002,254517.10324932964,000089.jpg,7.334846152980117,refined_freeze_alt_init_yaw,3364635.7152591255,gate_v2_no_temporal,5.734926250150823,26.876780999999994,2.3232189999999946
106.638,0.027000000000001023,254515.073741221,000090.jpg,6.811513605774411,refined_freeze_alt_init_yaw,3364639.772200742,gate_v2_no_temporal,9.760258698237337,31.125107000000014,1.9251070000000254
104.854,1.5,254519.92308557886,000091.jpg,0.7597707093780388,refined_freeze_alt_init_yaw,3364633.6300462107,gate_v2_no_temporal,1.5052850892556924,30.096019000000013,0.8960190000000239
106.513,0.4590000000000032,254519.98531239422,000092.jpg,1.6981790925085674,init,3364634.3531368845,gate_v2_no_temporal,1.6981790925085674,28.965555999999992,0.23444399999999632
106.528,0.7600000000000051,254521.9732126511,000093.jpg,0.9512814974057557,refined_freeze_alt_init_yaw,3364633.079489809,gate_v2_no_temporal,1.1090102513877043,30.203485999999998,1.0034860000000094
107.742,1.7439999999999998,254522.80606093473,000094.jpg,2.40950245050013,refined_freeze_alt_corrected_yaw,3364633.302365233,gate_v2_no_temporal,1.8196847617491299,28.791792259404673,0.4082077405953157
105.949,0.5640000000000072,254522.99815937702,000095.jpg,3.2009292923775057,refined_freeze_alt_init_yaw,3364635.3592202845,gate_v2_no_temporal,0.6022444059990684,27.70205200000001,1.4979479999999796
107.638,0.6150000000000091,254522.6279036412,000096.jpg,0.8501279967640029,refined_freeze_alt_init_yaw,3364637.47052418,gate_v2_no_temporal,0.9330839540923991,26.666133000000002,2.5338669999999865
108.999,1.600999999999999,254523.13204369924,000097.jpg,1.8066093004164898,refined_freeze_alt_init_yaw,3364638.1921702935,gate_v2_no_temporal,0.8175766681750299,24.47964300000001,4.720356999999979
107.763,0.4310000000000116,254525.81694986706,000098.jpg,2.088113075222963,refined_freeze_alt_init_yaw,3364634.5091268956,gate_v2_no_temporal,4.326419414230078,28.216042000000016,0.9839579999999728
107.315,0.3539999999999992,254521.0430436486,000099.jpg,4.81964684200742,refined_freeze_alt_init_yaw,3364645.3263925808,gate_v2_no_temporal,6.970760516779605,30.0668,0.866800000000012
111.18,1.2240000000000038,254476.53949200793,000000.jpg,4.08052824670161,init,3364557.073594403,gate_v2_current,4.08052824670161,28.179385999999994,1.0206139999999948
110.8,0.5690000000000026,254476.03086971297,000001.jpg,1.8172116355129764,init,3364552.285125038,gate_v2_current,1.8172116355129764,29.087871000000007,0.11212899999998172
110.548579,0.5695790000000045,254476.51872971238,000002.jpg,5.977795975003348,temporal_predicted,3364553.158047038,gate_v2_current,1.817208970187993,29.087871000000007,0.11212899999998172
110.105858,0.5698579999999964,254477.00658971255,000003.jpg,2.081842672395745,temporal_predicted,3364554.0309690377,gate_v2_current,1.817216059639849,29.087871000000007,0.11212899999998172
109.663675,0.5696750000000037,254477.49444971234,000004.jpg,2.5470765913995095,temporal_predicted,3364554.9038910377,gate_v2_current,1.8172088123925034,29.087871000000007,0.11212899999998172
109.221831,0.5698309999999935,254477.98230971274,000005.jpg,5.240003235877206,temporal_predicted,3364555.776813037,gate_v2_current,1.817215861993646,29.087871000000007,0.11212899999998172
108.982665,0.5696650000000005,254478.47016971253,000006.jpg,6.257274735997921,temporal_predicted,3364556.6497350372,gate_v2_current,1.8172131148756787,29.087871000000007,0.11212899999998172
108.73603899999999,0.5690389999999894,254478.95802971194,000007.jpg,4.478740656197932,temporal_predicted,3364557.522657037,gate_v2_current,1.817210349976763,29.087871000000007,0.11212899999998172
108.813,0.7169999999999987,254478.10900810472,000008.jpg,2.512043923212948,init,3364561.132706504,gate_v2_current,2.512043923212948,28.59997899999999,0.6000209999999981
108.823857,0.7168570000000045,254478.59686810512,000009.jpg,3.529623677223757,temporal_predicted,3364562.005628503,gate_v2_current,2.512047653666242,28.59997899999999,0.6000209999999981
108.845706,0.7167060000000021,254479.08472810633,000010.jpg,1.2803382648970303,temporal_predicted,3364562.878550503,gate_v2_current,2.512051310620841,28.59997899999999,0.6000209999999981
106.494,1.7339999999999947,254479.81853938298,000011.jpg,3.203487099633923,init,3364560.08198679,gate_v2_current,3.203487099633923,29.452868999999993,0.252869000000004
109.803,1.3859999999999957,254483.8746456505,000012.jpg,2.723877216987456,init,3364561.253041241,gate_v2_current,2.723877216987456,30.843849000000006,1.6438490000000172
109.636029,1.3860289999999935,254484.3625056511,000013.jpg,2.2348875689085874,temporal_predicted,3364562.12596324,gate_v2_current,2.723881657982394,30.843849000000006,1.6438490000000172
106.413,1.7670000000000101,254485.1087452324,000014.jpg,2.5811389570430356,init,3364567.0235949475,gate_v2_current,2.5811389570430356,29.894059999999996,0.6940600000000074
107.784,0.43899999999999295,254483.00355278433,000015.jpg,2.4619942690420635,init,3364568.43274937,gate_v2_current,2.4619942690420635,29.16351800000001,0.03648199999997814
106.164,0.5990000000000038,254485.271222078,000016.jpg,2.822842154450397,init,3364564.332316524,gate_v2_current,2.822842154450397,28.990073999999993,0.20992599999999584
105.29101800000001,0.5990180000000151,254485.75908207853,000017.jpg,2.1525968802951216,temporal_predicted,3364565.2052385244,gate_v2_current,2.8228414558787605,28.990073999999993,0.20992599999999584
99.583995,0.5989950000000022,254486.2469420786,000018.jpg,1.9696578583330149,temporal_predicted,3364566.078160524,gate_v2_current,2.822847328908269,28.990073999999993,0.20992599999999584
99.62445,0.5984499999999997,254486.7348020793,000019.jpg,5.4133746982210145,temporal_predicted,3364566.951082524,gate_v2_current,2.822843010563168,28.990073999999993,0.20992599999999584
99.638561,0.5985609999999895,254487.22266207958,000020.jpg,4.831679570647073,temporal_predicted,3364567.8240045244,gate_v2_current,2.8228387344562216,28.990073999999993,0.20992599999999584
99.548352,0.5993519999999961,254487.7105220793,000021.jpg,6.187424118118592,temporal_predicted,3364568.696926524,gate_v2_current,2.8228447358021604,28.990073999999993,0.20992599999999584
99.451697,0.5986970000000014,254488.1983820797,000022.jpg,4.601743672001107,temporal_predicted,3364569.5698485244,gate_v2_current,2.8228405475786227,28.990073999999993,0.20992599999999584
100.326,1.5789999999999935,254485.93284718867,000023.jpg,2.7257827861494097,init,3364575.1821985436,gate_v2_current,2.7257827861494097,30.04242099999999,0.8424210000000016
98.711,0.016000000000005343,254485.90709415788,000024.jpg,2.4094077629936126,init,3364574.8358719144,gate_v2_current,2.4094077629936126,28.792519,0.40748099999999
99.056,0.3079999999999927,254486.42999527688,000025.jpg,2.4909342869597335,init,3364575.979178011,gate_v2_current,2.4909342869597335,29.014031999999986,0.18596800000000258
99.074916,0.30791600000000585,254486.91785527713,000026.jpg,3.9117022155153895,temporal_predicted,3364576.852100011,gate_v2_current,2.4909318617514336,29.014031999999986,0.18596800000000258
99.071782,0.3077820000000031,254487.40571527687,000027.jpg,4.356765551135366,temporal_predicted,3364577.7250220105,gate_v2_current,2.490934312603894,29.014031999999986,0.18596800000000258
98.25,0.4620000000000033,254496.42125349495,000028.jpg,6.327043797561451,init,3364577.623706178,gate_v2_current,6.327043797561451,26.304710999999998,2.895288999999991
97.969,0.8210000000000122,254494.55635870708,000029.jpg,8.671469170548388,init,3364586.0176285086,gate_v2_current,8.671469170548388,27.905824999999993,1.2941749999999956
98.873,0.269999999999996,254492.86127000826,000030.jpg,3.066628486555273,init,3364576.6909749797,gate_v2_current,3.066628486555273,28.500325000000004,0.699674999999985
99.789767,0.2702330000000046,254493.34913000793,000031.jpg,3.3345583950605704,temporal_predicted,3364577.5638969797,gate_v2_current,3.066625071500767,28.500325000000004,0.699674999999985
100.09448,0.27051999999999055,254493.83699000833,000032.jpg,1.5980659612311043,temporal_predicted,3364578.436818979,gate_v2_current,3.0666363553921996,28.500325000000004,0.699674999999985
101.18,0.5800000000000125,254494.92402733798,000033.jpg,2.972509113967172,init,3364580.030330129,gate_v2_current,2.972509113967172,30.284689000000014,1.0846890000000258
103.102934,0.5799340000000086,254495.41188733783,000034.jpg,4.654874590987484,temporal_predicted,3364580.9032521285,gate_v2_current,2.972506677470677,30.284689000000014,1.0846890000000258
110.288712,0.5797120000000007,254495.89974733835,000035.jpg,3.0339752336628685,temporal_predicted,3364581.776174129,gate_v2_current,2.972510711172308,30.284689000000014,1.0846890000000258
109.498,0.25200000000000955,254492.35753232913,000036.jpg,1.6656449694115103,init,3364584.1418327345,gate_v2_current,1.6656449694115103,28.52221800000001,0.6777819999999792
108.986624,0.25162400000000673,254492.84539232883,000037.jpg,5.775116681156617,temporal_predicted,3364585.014754734,gate_v2_current,1.6656463603893095,28.52221800000001,0.6777819999999792
108.546993,0.2519929999999988,254493.33325232923,000038.jpg,2.5947833683667025,temporal_predicted,3364585.887676734,gate_v2_current,1.6656455882361318,28.52221800000001,0.6777819999999792
108.534824,0.25182399999999916,254493.8211123291,000039.jpg,5.944751136847968,temporal_predicted,3364586.760598733,gate_v2_current,1.6656447459466446,28.52221800000001,0.6777819999999792
108.523463,0.2524630000000059,254494.3089723298,000040.jpg,1.7958689281700833,temporal_predicted,3364587.6335207326,gate_v2_current,1.6656459322151989,28.52221800000001,0.6777819999999792
106.758,1.5020000000000095,254496.18604405178,000041.jpg,0.800201518323074,refined_freeze_alt_init_yaw,3364588.81307249,gate_v2_current,0.25476470194568307,28.86919800000001,0.33080199999997717
106.74374999999999,1.5022500000000036,254496.67390405203,000042.jpg,2.274533575383041,temporal_predicted,3364589.685994489,gate_v2_current,0.2547647028376977,28.86919800000001,0.33080199999997717
106.69320599999999,1.5017940000000038,254497.1617640517,000043.jpg,2.6259461782954245,temporal_predicted,3364590.5589164887,gate_v2_current,0.25476361992553054,28.86919800000001,0.33080199999997717
106.62853599999998,1.5024640000000176,254497.64962405225,000044.jpg,1.4311733807480536,temporal_predicted,3364591.431838489,gate_v2_current,0.25476347175018155,28.86919800000001,0.33080199999997717
106.48346499999998,1.5015350000000183,254498.1374840522,000045.jpg,1.744391845490635,temporal_predicted,3364592.304760489,gate_v2_current,0.25476325175106856,28.86919800000001,0.33080199999997717
106.46130799999997,1.5016920000000198,254498.6253440517,000046.jpg,3.1761427591638522,temporal_predicted,3364593.1776824887,gate_v2_current,0.2547619460126148,28.86919800000001,0.33080199999997717
106.56112699999997,1.5018730000000318,254499.11320405177,000047.jpg,1.9312640072184801,temporal_predicted,3364594.0506044887,gate_v2_current,0.2547615781271922,28.86919800000001,0.33080199999997717
106.62527499999997,1.5017250000000217,254499.60106405139,000048.jpg,3.9381888648368575,temporal_predicted,3364594.923526488,gate_v2_current,0.2547611354009057,28.86919800000001,0.33080199999997717
106.92136999999997,1.5016300000000342,254500.08892405173,000049.jpg,7.114187152486687,temporal_predicted,3364595.7964484873,gate_v2_current,0.2547596084868443,28.86919800000001,0.33080199999997717
107.48381799999997,1.5021820000000332,254500.57678405155,000050.jpg,4.645694277476121,temporal_predicted,3364596.6693704873,gate_v2_current,0.2547590193714861,28.86919800000001,0.33080199999997717
110.419,0.9489999999999981,254500.89945815376,000051.jpg,1.6064949981140477,refined_freeze_alt_init_yaw,3364597.3423143257,gate_v2_current,0.45192245594068653,29.52180899999999,0.3218090000000018
110.85195,0.9489499999999964,254501.38731815413,000052.jpg,1.078483091317743,temporal_predicted,3364598.2152363257,gate_v2_current,0.4519332821926853,29.52180899999999,0.3218090000000018
104.01,1.090999999999994,254504.66876680404,000053.jpg,2.8177880654662877,init,3364597.743319407,gate_v2_current,2.8177880654662877,29.930498,0.7304980000000114
99.38669200000001,1.0913079999999837,254505.1566268039,000054.jpg,5.841082436323703,temporal_predicted,3364598.6162414066,gate_v2_current,2.817787256850383,29.930498,0.7304980000000114
97.85986500000001,1.09113499999998,254505.64448680438,000055.jpg,1.4125083062805972,temporal_predicted,3364599.489163407,gate_v2_current,2.8177922719130937,29.930498,0.7304980000000114
101.26267200000001,1.09132799999999,254506.13234680437,000056.jpg,3.1418607703918777,temporal_predicted,3364600.362085407,gate_v2_current,2.817791605142461,29.930498,0.7304980000000114
101.96516600000001,1.0908339999999868,254506.6202068039,000057.jpg,5.357914343783149,temporal_predicted,3364601.2350074067,gate_v2_current,2.8177910073407118,29.930498,0.7304980000000114
101.87841000000002,1.0905899999999775,254507.1080668042,000058.jpg,3.2762417550560237,temporal_predicted,3364602.1079294067,gate_v2_current,2.817796233609577,29.930498,0.7304980000000114
101.799,0.42799999999999727,254505.67038451316,000059.jpg,1.41056856412715,init,3364605.833701678,gate_v2_current,1.41056856412715,29.804448000000008,0.6044480000000192
98.53184200000001,0.42815799999998205,254506.15824451388,000060.jpg,3.107998904696465,temporal_predicted,3364606.7066236776,gate_v2_current,1.4105723614318884,29.804448000000008,0.6044480000000192
98.292471,0.4285289999999975,254506.64610451533,000061.jpg,1.2329916146010917,temporal_predicted,3364607.5795456776,gate_v2_current,1.410562720064595,29.804448000000008,0.6044480000000192
98.27017500000001,0.42782499999998436,254507.13396451494,000062.jpg,2.4409705514998064,temporal_predicted,3364608.452467677,gate_v2_current,1.4105665313044695,29.804448000000008,0.6044480000000192
98.28673300000001,0.42826699999999107,254507.62182451543,000063.jpg,3.352405617664904,temporal_predicted,3364609.325389677,gate_v2_current,1.4105703487398193,29.804448000000008,0.6044480000000192
98.27909100000001,0.42790899999998544,254508.1096845165,000064.jpg,3.044882971593019,temporal_predicted,3364610.1983116763,gate_v2_current,1.4105741716591387,29.804448000000008,0.6044480000000192
98.28349800000001,0.4285019999999946,254508.59754451716,000065.jpg,2.020437721659263,temporal_predicted,3364611.0712336767,gate_v2_current,1.4105674131688295,29.804448000000008,0.6044480000000192
98.48364300000001,0.4283569999999912,254509.0854045172,000066.jpg,1.5110626615027245,temporal_predicted,3364611.9441556763,gate_v2_current,1.4105712474323269,29.804448000000008,0.6044480000000192
98.66452500000001,0.4284749999999917,254509.57326451805,000067.jpg,3.652663712946468,temporal_predicted,3364612.8170776768,gate_v2_current,1.4105722320733292,29.804448000000008,0.6044480000000192
98.80622400000001,0.42777599999998017,254510.0611245183,000068.jpg,6.070978404380088,temporal_predicted,3364613.689999677,gate_v2_current,1.4105654927406477,29.804448000000008,0.6044480000000192
99.581,0.46999999999999886,254510.59593040636,000069.jpg,0.5148464563544212,init,3364613.3614717303,gate_v2_current,0.5148464563544212,28.778048000000013,0.4219519999999761
99.401323,0.4693230000000028,254511.08379040667,000070.jpg,3.5589119870711006,temporal_predicted,3364614.2343937308,gate_v2_current,0.5148496785271974,28.778048000000013,0.4219519999999761
99.34163500000001,0.4696350000000109,254511.57165040774,000071.jpg,3.8190885836541297,temporal_predicted,3364615.10731573,gate_v2_current,0.5148498044806463,28.778048000000013,0.4219519999999761
99.41332100000001,0.46932100000000787,254512.05951040832,000072.jpg,1.3297943097600868,temporal_predicted,3364615.98023773,gate_v2_current,0.5148439390411659,28.778048000000013,0.4219519999999761
104.624,1.5769999999999982,254510.0530599298,000073.jpg,2.162438500588091,init,3364617.545716725,gate_v2_current,2.162438500588091,31.86184,2.661840000000012
106.243,0.22299999999999898,254510.99966365195,000074.jpg,4.987090912109113,init,3364612.846860645,gate_v2_current,4.987090912109113,28.458008000000007,0.741991999999982
106.466855,0.22314500000000237,254511.48752365238,000075.jpg,3.4660361893373532,temporal_predicted,3364613.7197826444,gate_v2_current,4.987087039384736,28.458008000000007,0.741991999999982
106.627,0.31100000000000705,254509.6782479821,000076.jpg,3.967545636953788,init,3364620.349573616,gate_v2_current,3.967545636953788,29.585217,0.38521700000001147
106.872306,0.31069400000001224,254510.1661079828,000077.jpg,6.439504465275706,temporal_predicted,3364621.222495616,gate_v2_current,3.9675435744232104,29.585217,0.38521700000001147
107.526,0.17399999999999238,254519.39568650533,000078.jpg,5.341978595359967,init,3364618.9678782835,gate_v2_current,5.341978595359967,35.026242999999994,5.826243000000005
107.48,0.036000000000001364,254512.68114691807,000079.jpg,3.5534432899799873,init,3364619.2436964037,gate_v2_current,3.5534432899799873,29.110874999999993,0.08912499999999568
106.869,0.7560000000000002,254517.99818890498,000080.jpg,2.562157450642094,init,3364623.2168479743,gate_v2_current,2.562157450642094,29.62284299999999,0.4228430000000003
104.917,2.7819999999999965,254523.86934244988,000081.jpg,8.787287317620725,init,3364627.516360666,gate_v2_current,8.787287317620725,28.915965999999997,0.28403399999999124
107.569,0.17300000000000182,254513.8161415884,000082.jpg,3.2213205333053527,init,3364626.4407482594,gate_v2_current,3.2213205333053527,33.065391000000005,3.8653910000000167
107.911,0.18600000000000705,254515.4581750279,000083.jpg,3.8652456282868726,refined_freeze_alt_corrected_yaw,3364627.087537512,gate_v2_current,2.2036066272332246,29.04404225937529,0.15595774062470014
107.892328,0.18632800000000316,254515.94603502785,000084.jpg,4.017617534597836,temporal_predicted,3364627.9604595117,gate_v2_current,2.203606548553758,29.04404225937529,0.15595774062470014
107.754085,0.1860850000000056,254516.43389502855,000085.jpg,3.868432721461126,temporal_predicted,3364628.8333815117,gate_v2_current,2.203598320334246,29.04404225937529,0.15595774062470014
104.627,2.7920000000000016,254516.69486906493,000086.jpg,2.5542374936715295,init,3364626.157512979,gate_v2_current,2.5542374936715295,31.23369199999999,2.033692000000002
108.323,1.0459999999999923,254520.58013813235,000087.jpg,1.8169398444817435,init,3364628.2957548373,gate_v2_current,1.8169398444817435,30.075975999999997,0.8759760000000085
108.126745,1.0467450000000014,254521.06799813366,000088.jpg,7.507507308845879,temporal_predicted,3364629.1686768373,gate_v2_current,1.8169460083942437,30.075975999999997,0.8759760000000085
107.913417,1.046416999999991,254521.5558581331,000089.jpg,7.334846152980117,temporal_predicted,3364630.041598838,gate_v2_current,1.8169394888075492,30.075975999999997,0.8759760000000085
106.638,0.027000000000001023,254513.7512759876,000090.jpg,6.811513605774411,init,3364633.2687469604,gate_v2_current,6.811513605774411,31.125107000000014,1.9251070000000254
104.854,1.5,254520.45449511916,000091.jpg,0.7597707093780388,init,3364633.0895229126,gate_v2_current,0.7597707093780388,30.096019000000013,0.8960190000000239
106.513,0.4590000000000032,254519.98531239422,000092.jpg,1.6981790925085674,init,3364634.3531368845,gate_v2_current,1.6981790925085674,28.965555999999992,0.23444399999999632
106.227905,0.4599050000000062,254520.47317239427,000093.jpg,0.9512814974057557,temporal_predicted,3364635.226058885,gate_v2_current,1.698177614889822,28.965555999999992,0.23444399999999632
106.457875,0.4598749999999967,254520.96103239385,000094.jpg,2.40950245050013,temporal_predicted,3364636.098980884,gate_v2_current,1.6981837570040164,28.965555999999992,0.23444399999999632
106.972618,0.45961799999999187,254521.4488923941,000095.jpg,3.2009292923775057,temporal_predicted,3364636.9719028845,gate_v2_current,1.698182144502392,28.965555999999992,0.23444399999999632
107.482914,0.4599139999999977,254521.93675239504,000096.jpg,0.8501279967640029,temporal_predicted,3364637.8448248846,gate_v2_current,1.6981738049964328,28.965555999999992,0.23444399999999632
107.857855,0.45985500000000457,254522.42461239552,000097.jpg,1.8066093004164898,temporal_predicted,3364638.717746884,gate_v2_current,1.6981797426360155,28.965555999999992,0.23444399999999632
107.791209,0.4592090000000013,254522.9124723955,000098.jpg,2.088113075222963,temporal_predicted,3364639.590668884,gate_v2_current,1.6981779275892472,28.965555999999992,0.23444399999999632
107.42022,0.45922000000000196,254523.40033239606,000099.jpg,4.81964684200742,temporal_predicted,3364640.4635908846,gate_v2_current,1.6981837304096687,28.965555999999992,0.23444399999999632
111.18,1.2240000000000038,254476.53949200793,000000.jpg,4.08052824670161,init,3364557.073594403,firstpose_odom_init_only,4.08052824670161,28.179385999999994,1.0206139999999948
111.45484400000001,1.223844000000014,254477.02735200932,000001.jpg,4.080532679852053,init,3364557.946516403,firstpose_odom_init_only,4.080532679852053,28.179385999999994,1.0206139999999948
111.20342300000002,1.2244230000000158,254477.51521200893,000002.jpg,4.080537070047708,init,3364558.819438402,firstpose_odom_init_only,4.080537070047708,28.179385999999994,1.0206139999999948
110.76070200000001,1.2247020000000077,254478.00307200936,000003.jpg,4.080530355171533,init,3364559.692360401,firstpose_odom_init_only,4.080530355171533,28.179385999999994,1.0206139999999948
110.31851900000001,1.224519000000015,254478.4909320093,000004.jpg,4.080534740235231,init,3364560.5652824007,firstpose_odom_init_only,4.080534740235231,28.179385999999994,1.0206139999999948
109.876675,1.2246750000000048,254478.9787920087,000005.jpg,4.080527994487972,init,3364561.4382044007,firstpose_odom_init_only,4.080527994487972,28.179385999999994,1.0206139999999948
109.63750900000001,1.2245090000000118,254479.4666520087,000006.jpg,4.0805323221646175,init,3364562.3111264003,firstpose_odom_init_only,4.0805323221646175,28.179385999999994,1.0206139999999948
109.390883,1.2238830000000007,254479.95451200838,000007.jpg,4.080536633002663,init,3364563.1840484003,firstpose_odom_init_only,4.080536633002663,28.179385999999994,1.0206139999999948
109.320049,1.2240489999999937,254480.44237200858,000008.jpg,4.080529864870089,init,3364564.0569704,firstpose_odom_init_only,4.080529864870089,28.179385999999994,1.0206139999999948
109.330906,1.2239059999999995,254480.93023200837,000009.jpg,4.080534145358186,init,3364564.9298924,firstpose_odom_init_only,4.080534145358186,28.179385999999994,1.0206139999999948
109.352755,1.223754999999997,254481.41809200888,000010.jpg,4.080538410955168,init,3364565.8028144003,firstpose_odom_init_only,4.080538410955168,28.179385999999994,1.0206139999999948
109.452592,1.2245920000000012,254481.90595200882,000011.jpg,4.080531568158928,init,3364566.6757364,firstpose_odom_init_only,4.080531568158928,28.179385999999994,1.0206139999999948
109.641196,1.224195999999992,254482.39381200838,000012.jpg,4.080535827140624,init,3364567.5486584003,firstpose_odom_init_only,4.080535827140624,28.179385999999994,1.0206139999999948
109.47422499999999,1.22422499999999,254482.8816720086,000013.jpg,4.080528953534998,init,3364568.4215804003,firstpose_odom_init_only,4.080528953534998,28.179385999999994,1.0206139999999948
109.404569,1.2245689999999883,254483.36953200947,000014.jpg,4.080533154223037,init,3364569.2945024,firstpose_odom_init_only,4.080533154223037,28.179385999999994,1.0206139999999948
109.44685799999999,1.2238579999999928,254483.85739200987,000015.jpg,4.080537338596758,init,3364570.167424399,firstpose_odom_init_only,4.080537338596758,28.179385999999994,1.0206139999999948
106.789363,1.2243629999999968,254484.34525200966,000016.jpg,4.0805304182644955,init,3364571.040346399,firstpose_odom_init_only,4.0805304182644955,28.179385999999994,1.0206139999999948
105.916381,1.2243810000000082,254484.83311201152,000017.jpg,4.080534595649677,init,3364571.9132683994,firstpose_odom_init_only,4.080534595649677,28.179385999999994,1.0206139999999948
100.209358,1.2243579999999952,254485.32097201145,000018.jpg,4.080527641246818,init,3364572.786190398,firstpose_odom_init_only,4.080527641246818,28.179385999999994,1.0206139999999948
100.24981299999999,1.2238129999999927,254485.80883201107,000019.jpg,4.080531762109371,init,3364573.659112397,firstpose_odom_init_only,4.080531762109371,28.179385999999994,1.0206139999999948
100.26392399999999,1.2239239999999825,254486.29669201258,000020.jpg,4.080535868078798,init,3364574.532034397,firstpose_odom_init_only,4.080535868078798,28.179385999999994,1.0206139999999948
100.17371499999999,1.2247149999999891,254486.78455201356,000021.jpg,4.080528867017414,init,3364575.4049563967,firstpose_odom_init_only,4.080528867017414,28.179385999999994,1.0206139999999948
100.07705999999999,1.2240599999999944,254487.27241201518,000022.jpg,4.080532939881787,init,3364576.277878397,firstpose_odom_init_only,4.080532939881787,28.179385999999994,1.0206139999999948
99.97129199999999,1.2242919999999913,254487.76027201518,000023.jpg,4.0805370233259515,init,3364577.150800397,firstpose_odom_init_only,4.0805370233259515,28.179385999999994,1.0206139999999948
99.95137,1.2243699999999933,254488.24813201462,000024.jpg,4.080529973243478,init,3364578.023722396,firstpose_odom_init_only,4.080529973243478,28.179385999999994,1.0206139999999948
99.972323,1.2243229999999983,254488.7359920148,000025.jpg,4.08053400074938,init,3364578.896644396,firstpose_odom_init_only,4.08053400074938,28.179385999999994,1.0206139999999948
99.99123900000001,1.2242390000000114,254489.22385201446,000026.jpg,4.08052691936307,init,3364579.769566396,firstpose_odom_init_only,4.08052691936307,28.179385999999994,1.0206139999999948
99.988105,1.2241050000000087,254489.71171201483,000027.jpg,4.0805309128334315,init,3364580.6424883953,firstpose_odom_init_only,4.0805309128334315,28.179385999999994,1.0206139999999948
99.93579000000001,1.2237900000000081,254490.19957201474,000028.jpg,4.080534890821977,init,3364581.5154103953,firstpose_odom_init_only,4.080534890821977,28.179385999999994,1.0206139999999948
100.01466900000001,1.2246690000000058,254490.6874320151,000029.jpg,4.080527761870225,init,3364582.3883323944,firstpose_odom_init_only,4.080527761870225,28.179385999999994,1.0206139999999948
100.36765500000001,1.2246550000000127,254491.1752920152,000030.jpg,4.080531708587551,init,3364583.261254395,firstpose_odom_init_only,4.080531708587551,28.179385999999994,1.0206139999999948
101.284422,1.2244220000000041,254491.66315201597,000031.jpg,4.080535637149138,init,3364584.134176394,firstpose_odom_init_only,4.080535637149138,28.179385999999994,1.0206139999999948
101.58913500000001,1.2241350000000182,254492.1510120162,000032.jpg,4.08052848670525,init,3364585.0070983935,firstpose_odom_init_only,4.08052848670525,28.179385999999994,1.0206139999999948
101.82461800000002,1.2246180000000209,254492.63887201596,000033.jpg,4.0805323834699205,init,3364585.8800203926,firstpose_odom_init_only,4.0805323834699205,28.179385999999994,1.0206139999999948
103.74755200000001,1.224552000000017,254493.1267320164,000034.jpg,4.080536266734839,init,3364586.752942393,firstpose_odom_init_only,4.080536266734839,28.179385999999994,1.0206139999999948
110.93333000000001,1.224330000000009,254493.61459201633,000035.jpg,4.080529043907162,init,3364587.625864393,firstpose_odom_init_only,4.080529043907162,28.179385999999994,1.0206139999999948
110.47016500000001,1.2241650000000135,254494.10245201574,000036.jpg,4.08053289400524,init,3364588.4987863936,firstpose_odom_init_only,4.08053289400524,28.179385999999994,1.0206139999999948
109.95878900000001,1.2237890000000107,254494.5903120159,000037.jpg,4.080525639932034,init,3364589.371708394,firstpose_odom_init_only,4.080525639932034,28.179385999999994,1.0206139999999948
109.519158,1.2241580000000027,254495.07817201552,000038.jpg,4.080529458726774,init,3364590.2446303936,firstpose_odom_init_only,4.080529458726774,28.179385999999994,1.0206139999999948
109.506989,1.223989000000003,254495.56603201586,000039.jpg,4.0805332617351375,init,3364591.117552394,firstpose_odom_init_only,4.0805332617351375,28.179385999999994,1.0206139999999948
109.49562800000001,1.2246280000000098,254496.05389201568,000040.jpg,4.080525960005005,init,3364591.9904743945,firstpose_odom_init_only,4.080525960005005,28.179385999999994,1.0206139999999948
109.48426500000001,1.2242650000000026,254496.54175201614,000041.jpg,4.080529730307662,init,3364592.8633963945,firstpose_odom_init_only,4.080529730307662,28.179385999999994,1.0206139999999948
109.470015,1.2240150000000085,254497.02961201745,000042.jpg,4.080533483331577,init,3364593.7363183936,firstpose_odom_init_only,4.080533483331577,28.179385999999994,1.0206139999999948
109.419471,1.2244710000000083,254497.51747201695,000043.jpg,4.080526133543493,init,3364594.6092403927,firstpose_odom_init_only,4.080526133543493,28.179385999999994,1.0206139999999948
109.354801,1.2238009999999946,254498.00533201714,000044.jpg,4.080529855291999,init,3364595.482162392,firstpose_odom_init_only,4.080529855291999,28.179385999999994,1.0206139999999948
109.20973,1.2247299999999939,254498.49319201682,000045.jpg,4.0805335620550105,init,3364596.3550843913,firstpose_odom_init_only,4.0805335620550105,28.179385999999994,1.0206139999999948
109.18757299999999,1.2245729999999924,254498.98105201716,000046.jpg,4.0805261642406405,init,3364597.2280063913,firstpose_odom_init_only,4.0805261642406405,28.179385999999994,1.0206139999999948
109.28739199999998,1.2243919999999804,254499.4689120171,000047.jpg,4.080529838798846,init,3364598.100928391,firstpose_odom_init_only,4.080529838798846,28.179385999999994,1.0206139999999948
109.35153999999999,1.2245399999999904,254499.9567720178,000048.jpg,4.080533498005655,init,3364598.973850391,firstpose_odom_init_only,4.080533498005655,28.179385999999994,1.0206139999999948
109.64763499999998,1.224634999999978,254500.4446320178,000049.jpg,4.08052605067218,init,3364599.8467723904,firstpose_odom_init_only,4.08052605067218,28.179385999999994,1.0206139999999948
110.21008299999998,1.224082999999979,254500.93249201868,000050.jpg,4.0805296795042825,init,3364600.7196943904,firstpose_odom_init_only,4.0805296795042825,28.179385999999994,1.0206139999999948
110.69403499999999,1.2240349999999864,254501.42035201887,000051.jpg,4.080533289684819,init,3364601.59261639,firstpose_odom_init_only,4.080533289684819,28.179385999999994,1.0206139999999948
111.12698499999999,1.2239849999999848,254501.90821201872,000052.jpg,4.080525771410217,init,3364602.46553839,firstpose_odom_init_only,4.080525771410217,28.179385999999994,1.0206139999999948
106.32527599999999,1.224275999999989,254502.3960720192,000053.jpg,4.0805293498208,init,3364603.338460389,firstpose_odom_init_only,4.0805293498208,28.179385999999994,1.0206139999999948
101.701968,1.2239679999999993,254502.8839320191,000054.jpg,4.080532913773833,init,3364604.2113823886,firstpose_odom_init_only,4.080532913773833,28.179385999999994,1.0206139999999948
100.175141,1.224141000000003,254503.37179201865,000055.jpg,4.080525371631744,init,3364605.084304389,firstpose_odom_init_only,4.080525371631744,28.179385999999994,1.0206139999999948
103.57794799999999,1.223947999999993,254503.8596520188,000056.jpg,4.080528904345239,init,3364605.957226389,firstpose_odom_init_only,4.080528904345239,28.179385999999994,1.0206139999999948
104.280442,1.2244419999999963,254504.34751201846,000057.jpg,4.08053242114265,init,3364606.8301483886,firstpose_odom_init_only,4.08053242114265,28.179385999999994,1.0206139999999948
104.193686,1.2246860000000055,254504.83537201886,000058.jpg,4.0805248318722604,init,3364607.703070389,firstpose_odom_init_only,4.0805248318722604,28.179385999999994,1.0206139999999948
103.451363,1.2243629999999968,254505.3232320187,000059.jpg,4.080528314605302,init,3364608.575992388,firstpose_odom_init_only,4.080528314605302,28.179385999999994,1.0206139999999948
100.184205,1.224205000000012,254505.81109201923,000060.jpg,4.080531781451037,init,3364609.4489143873,firstpose_odom_init_only,4.080531781451037,28.179385999999994,1.0206139999999948
99.944834,1.2238339999999965,254506.29895201928,000061.jpg,4.080524120329178,init,3364610.3218363877,firstpose_odom_init_only,4.080524120329178,28.179385999999994,1.0206139999999948
99.922538,1.2245380000000097,254506.78681201887,000062.jpg,4.080527557299403,init,3364611.1947583873,firstpose_odom_init_only,4.080527557299403,28.179385999999994,1.0206139999999948
99.939096,1.224096000000003,254507.27467202026,000063.jpg,4.080530978415354,init,3364612.0676803873,firstpose_odom_init_only,4.080530978415354,28.179385999999994,1.0206139999999948
99.931454,1.2244540000000086,254507.76253202002,000064.jpg,4.080534382249856,init,3364612.9406023864,firstpose_odom_init_only,4.080534382249856,28.179385999999994,1.0206139999999948
99.935861,1.2238609999999994,254508.25039202045,000065.jpg,4.0805266804840254,init,3364613.813524386,firstpose_odom_init_only,4.0805266804840254,28.179385999999994,1.0206139999999948
100.13600600000001,1.2240060000000028,254508.73825202158,000066.jpg,4.080530051214699,init,3364614.686446385,firstpose_odom_init_only,4.080530051214699,28.179385999999994,1.0206139999999948
100.316888,1.2238880000000023,254509.22611202105,000067.jpg,4.080533384095444,init,3364615.559368385,firstpose_odom_init_only,4.080533384095444,28.179385999999994,1.0206139999999948
100.45858700000001,1.2245870000000139,254509.71397202116,000068.jpg,4.080525635171254,init,3364616.432290384,firstpose_odom_init_only,4.080525635171254,28.179385999999994,1.0206139999999948
100.33570900000001,1.2247090000000043,254510.20183202194,000069.jpg,4.080528959207813,init,3364617.305212383,firstpose_odom_init_only,4.080528959207813,28.179385999999994,1.0206139999999948
100.15603200000001,1.2240320000000082,254510.6896920223,000070.jpg,4.0805322683246645,init,3364618.1781343827,firstpose_odom_init_only,4.0805322683246645,28.179385999999994,1.0206139999999948
100.09634400000002,1.2243440000000163,254511.17755202216,000071.jpg,4.08052447085144,init,3364619.051056382,firstpose_odom_init_only,4.08052447085144,28.179385999999994,1.0206139999999948
100.16803000000002,1.2240300000000133,254511.66541202378,000072.jpg,4.080527722067333,init,3364619.923978381,firstpose_odom_init_only,4.080527722067333,28.179385999999994,1.0206139999999948
107.42564200000001,1.224642000000017,254512.15327202377,000073.jpg,4.0805309830616325,init,3364620.79690038,firstpose_odom_init_only,4.0805309830616325,28.179385999999994,1.0206139999999948
107.69063100000001,1.2246310000000165,254512.64113202327,000074.jpg,4.080523138925551,init,3364621.66982238,firstpose_odom_init_only,4.080523138925551,28.179385999999994,1.0206139999999948
107.91448600000001,1.224486000000013,254513.1289920247,000075.jpg,4.080526367285301,init,3364622.5427443795,firstpose_odom_init_only,4.080526367285301,28.179385999999994,1.0206139999999948
108.16201000000001,1.224010000000007,254513.61685202437,000076.jpg,4.080529556358982,init,3364623.4156663795,firstpose_odom_init_only,4.080529556358982,28.179385999999994,1.0206139999999948
108.40731600000001,1.2243160000000017,254514.1047120248,000077.jpg,4.08053275481031,init,3364624.288588379,firstpose_odom_init_only,4.08053275481031,28.179385999999994,1.0206139999999948
108.575816,1.2238159999999993,254514.59257202465,000078.jpg,4.080524844401725,init,3364625.161510378,firstpose_odom_init_only,4.080524844401725,28.179385999999994,1.0206139999999948
108.739788,1.223787999999999,254515.0804320264,000079.jpg,4.080528011118925,init,3364626.034432378,firstpose_odom_init_only,4.080528011118925,28.179385999999994,1.0206139999999948
108.849497,1.2244969999999995,254515.56829202772,000080.jpg,4.080531135374884,init,3364626.907354377,firstpose_odom_init_only,4.080531135374884,28.179385999999994,1.0206139999999948
108.923003,1.2240029999999962,254516.05615202733,000081.jpg,4.080523178710623,init,3364627.7802763768,firstpose_odom_init_only,4.080523178710623,28.179385999999994,1.0206139999999948
108.96607399999999,1.2240739999999874,254516.5440120276,000082.jpg,4.08052629733969,init,3364628.6531983768,firstpose_odom_init_only,4.08052629733969,28.179385999999994,1.0206139999999948
108.948769,1.2237690000000043,254517.03187202732,000083.jpg,4.080529374408547,init,3364629.5261203763,firstpose_odom_init_only,4.080529374408547,28.179385999999994,1.0206139999999948
108.930097,1.2240970000000004,254517.51973202784,000084.jpg,4.080532460335054,init,3364630.3990423763,firstpose_odom_init_only,4.080532460335054,28.179385999999994,1.0206139999999948
108.791854,1.2238540000000029,254518.00759202777,000085.jpg,4.080524439760089,init,3364631.271964375,firstpose_odom_init_only,4.080524439760089,28.179385999999994,1.0206139999999948
108.643291,1.224291000000008,254518.49545202721,000086.jpg,4.080527469204631,init,3364632.144886375,firstpose_odom_init_only,4.080527469204631,28.179385999999994,1.0206139999999948
108.500831,1.223831000000004,254518.98331202733,000087.jpg,4.080530507041584,init,3364633.0178083745,firstpose_odom_init_only,4.080530507041584,28.179385999999994,1.0206139999999948
108.30457600000001,1.2245760000000132,254519.4711720269,000088.jpg,4.0805224397754785,init,3364633.8907303745,firstpose_odom_init_only,4.0805224397754785,28.179385999999994,1.0206139999999948
108.09124800000001,1.224248000000003,254519.95903202734,000089.jpg,4.080525422560991,init,3364634.7636523736,firstpose_odom_init_only,4.080525422560991,28.179385999999994,1.0206139999999948
107.83478000000001,1.223780000000005,254520.44689202713,000090.jpg,4.080528410913294,init,3364635.636574373,firstpose_odom_init_only,4.080528410913294,28.179385999999994,1.0206139999999948
107.57796,1.2239600000000053,254520.93475202884,000091.jpg,4.08053138673665,init,3364636.509496373,firstpose_odom_init_only,4.08053138673665,28.179385999999994,1.0206139999999948
107.277811,1.2238109999999978,254521.4226120289,000092.jpg,4.080523229817333,init,3364637.382418372,firstpose_odom_init_only,4.080523229817333,28.179385999999994,1.0206139999999948
106.992716,1.2247160000000008,254521.91047202842,000093.jpg,4.080526173376066,init,3364638.2553403727,firstpose_odom_init_only,4.080526173376066,28.179385999999994,1.0206139999999948
107.222686,1.2246859999999913,254522.39833202862,000094.jpg,4.08052907493448,init,3364639.128262372,firstpose_odom_init_only,4.08052907493448,28.179385999999994,1.0206139999999948
107.73742899999999,1.2244289999999864,254522.8861920283,000095.jpg,4.080531984390104,init,3364640.001184371,firstpose_odom_init_only,4.080531984390104,28.179385999999994,1.0206139999999948
108.24772499999999,1.2247249999999923,254523.37405202864,000096.jpg,4.080523790641775,init,3364640.8741063704,firstpose_odom_init_only,4.080523790641775,28.179385999999994,1.0206139999999948
108.622666,1.2246659999999991,254523.86191202866,000097.jpg,4.080526643642739,init,3364641.7470283704,firstpose_odom_init_only,4.080526643642739,28.179385999999994,1.0206139999999948
108.55601999999999,1.224019999999996,254524.34977202918,000098.jpg,4.0805295078377695,init,3364642.61995037,firstpose_odom_init_only,4.0805295078377695,28.179385999999994,1.0206139999999948
108.185031,1.2240309999999965,254524.83763203057,000099.jpg,4.0805323300647975,init,3364643.4928723704,firstpose_odom_init_only,4.0805323300647975,28.179385999999994,1.0206139999999948
111.18,1.2240000000000038,254476.53949200793,000000.jpg,4.08052824670161,init,3364557.073594403,firstpose_odom_safe_selected,4.08052824670161,28.179385999999994,1.0206139999999948
111.45484400000001,1.223844000000014,254477.02735200932,000001.jpg,4.080532679852053,init,3364557.946516403,firstpose_odom_safe_selected,4.080532679852053,28.179385999999994,1.0206139999999948
111.20342300000002,1.2244230000000158,254477.51521200893,000002.jpg,4.080537070047708,init,3364558.819438402,firstpose_odom_safe_selected,4.080537070047708,28.179385999999994,1.0206139999999948
110.76070200000001,1.2247020000000077,254478.00307200936,000003.jpg,4.080530355171533,init,3364559.692360401,firstpose_odom_safe_selected,4.080530355171533,28.179385999999994,1.0206139999999948
110.31851900000001,1.224519000000015,254478.4909320093,000004.jpg,4.080534740235231,init,3364560.5652824007,firstpose_odom_safe_selected,4.080534740235231,28.179385999999994,1.0206139999999948
109.876675,1.2246750000000048,254478.9787920087,000005.jpg,4.080527994487972,init,3364561.4382044007,firstpose_odom_safe_selected,4.080527994487972,28.179385999999994,1.0206139999999948
109.63750900000001,1.2245090000000118,254479.4666520087,000006.jpg,4.0805323221646175,init,3364562.3111264003,firstpose_odom_safe_selected,4.0805323221646175,28.179385999999994,1.0206139999999948
109.390883,1.2238830000000007,254479.95451200838,000007.jpg,4.080536633002663,init,3364563.1840484003,firstpose_odom_safe_selected,4.080536633002663,28.179385999999994,1.0206139999999948
109.320049,1.2240489999999937,254480.44237200858,000008.jpg,4.080529864870089,init,3364564.0569704,firstpose_odom_safe_selected,4.080529864870089,28.179385999999994,1.0206139999999948
109.330906,1.2239059999999995,254480.93023200837,000009.jpg,4.080534145358186,init,3364564.9298924,firstpose_odom_safe_selected,4.080534145358186,28.179385999999994,1.0206139999999948
109.352755,1.223754999999997,254481.41809200888,000010.jpg,4.080538410955168,init,3364565.8028144003,firstpose_odom_safe_selected,4.080538410955168,28.179385999999994,1.0206139999999948
109.452592,1.2245920000000012,254481.90595200882,000011.jpg,4.080531568158928,init,3364566.6757364,firstpose_odom_safe_selected,4.080531568158928,28.179385999999994,1.0206139999999948
109.641196,1.224195999999992,254482.39381200838,000012.jpg,4.080535827140624,init,3364567.5486584003,firstpose_odom_safe_selected,4.080535827140624,28.179385999999994,1.0206139999999948
109.47422499999999,1.22422499999999,254482.8816720086,000013.jpg,4.080528953534998,init,3364568.4215804003,firstpose_odom_safe_selected,4.080528953534998,28.179385999999994,1.0206139999999948
109.404569,1.2245689999999883,254483.36953200947,000014.jpg,4.080533154223037,init,3364569.2945024,firstpose_odom_safe_selected,4.080533154223037,28.179385999999994,1.0206139999999948
109.44685799999999,1.2238579999999928,254483.85739200987,000015.jpg,4.080537338596758,init,3364570.167424399,firstpose_odom_safe_selected,4.080537338596758,28.179385999999994,1.0206139999999948
106.789363,1.2243629999999968,254484.34525200966,000016.jpg,4.0805304182644955,init,3364571.040346399,firstpose_odom_safe_selected,4.0805304182644955,28.179385999999994,1.0206139999999948
105.916381,1.2243810000000082,254484.83311201152,000017.jpg,4.080534595649677,init,3364571.9132683994,firstpose_odom_safe_selected,4.080534595649677,28.179385999999994,1.0206139999999948
100.209358,1.2243579999999952,254485.32097201145,000018.jpg,4.080527641246818,init,3364572.786190398,firstpose_odom_safe_selected,4.080527641246818,28.179385999999994,1.0206139999999948
100.24981299999999,1.2238129999999927,254485.80883201107,000019.jpg,4.080531762109371,init,3364573.659112397,firstpose_odom_safe_selected,4.080531762109371,28.179385999999994,1.0206139999999948
100.26392399999999,1.2239239999999825,254486.29669201258,000020.jpg,4.080535868078798,init,3364574.532034397,firstpose_odom_safe_selected,4.080535868078798,28.179385999999994,1.0206139999999948
100.17371499999999,1.2247149999999891,254486.78455201356,000021.jpg,4.080528867017414,init,3364575.4049563967,firstpose_odom_safe_selected,4.080528867017414,28.179385999999994,1.0206139999999948
100.07705999999999,1.2240599999999944,254487.27241201518,000022.jpg,4.080532939881787,init,3364576.277878397,firstpose_odom_safe_selected,4.080532939881787,28.179385999999994,1.0206139999999948
99.97129199999999,1.2242919999999913,254487.76027201518,000023.jpg,4.0805370233259515,init,3364577.150800397,firstpose_odom_safe_selected,4.0805370233259515,28.179385999999994,1.0206139999999948
99.95137,1.2243699999999933,254488.24813201462,000024.jpg,4.080529973243478,init,3364578.023722396,firstpose_odom_safe_selected,4.080529973243478,28.179385999999994,1.0206139999999948
99.972323,1.2243229999999983,254488.7359920148,000025.jpg,4.08053400074938,init,3364578.896644396,firstpose_odom_safe_selected,4.08053400074938,28.179385999999994,1.0206139999999948
99.99123900000001,1.2242390000000114,254489.22385201446,000026.jpg,4.08052691936307,init,3364579.769566396,firstpose_odom_safe_selected,4.08052691936307,28.179385999999994,1.0206139999999948
99.988105,1.2241050000000087,254489.71171201483,000027.jpg,4.0805309128334315,init,3364580.6424883953,firstpose_odom_safe_selected,4.0805309128334315,28.179385999999994,1.0206139999999948
99.93579000000001,1.2237900000000081,254490.19957201474,000028.jpg,4.080534890821977,init,3364581.5154103953,firstpose_odom_safe_selected,4.080534890821977,28.179385999999994,1.0206139999999948
100.01466900000001,1.2246690000000058,254490.6874320151,000029.jpg,4.080527761870225,init,3364582.3883323944,firstpose_odom_safe_selected,4.080527761870225,28.179385999999994,1.0206139999999948
100.36765500000001,1.2246550000000127,254491.1752920152,000030.jpg,4.080531708587551,init,3364583.261254395,firstpose_odom_safe_selected,4.080531708587551,28.179385999999994,1.0206139999999948
101.284422,1.2244220000000041,254491.66315201597,000031.jpg,4.080535637149138,init,3364584.134176394,firstpose_odom_safe_selected,4.080535637149138,28.179385999999994,1.0206139999999948
101.58913500000001,1.2241350000000182,254492.1510120162,000032.jpg,4.08052848670525,init,3364585.0070983935,firstpose_odom_safe_selected,4.08052848670525,28.179385999999994,1.0206139999999948
101.82461800000002,1.2246180000000209,254492.63887201596,000033.jpg,4.0805323834699205,init,3364585.8800203926,firstpose_odom_safe_selected,4.0805323834699205,28.179385999999994,1.0206139999999948
103.74755200000001,1.224552000000017,254493.1267320164,000034.jpg,4.080536266734839,init,3364586.752942393,firstpose_odom_safe_selected,4.080536266734839,28.179385999999994,1.0206139999999948
110.93333000000001,1.224330000000009,254493.61459201633,000035.jpg,4.080529043907162,init,3364587.625864393,firstpose_odom_safe_selected,4.080529043907162,28.179385999999994,1.0206139999999948
110.47016500000001,1.2241650000000135,254494.10245201574,000036.jpg,4.08053289400524,init,3364588.4987863936,firstpose_odom_safe_selected,4.08053289400524,28.179385999999994,1.0206139999999948
109.95878900000001,1.2237890000000107,254494.5903120159,000037.jpg,4.080525639932034,init,3364589.371708394,firstpose_odom_safe_selected,4.080525639932034,28.179385999999994,1.0206139999999948
109.519158,1.2241580000000027,254495.07817201552,000038.jpg,4.080529458726774,init,3364590.2446303936,firstpose_odom_safe_selected,4.080529458726774,28.179385999999994,1.0206139999999948
109.506989,1.223989000000003,254495.56603201586,000039.jpg,4.0805332617351375,init,3364591.117552394,firstpose_odom_safe_selected,4.0805332617351375,28.179385999999994,1.0206139999999948
109.49562800000001,1.2246280000000098,254496.05389201568,000040.jpg,4.080525960005005,init,3364591.9904743945,firstpose_odom_safe_selected,4.080525960005005,28.179385999999994,1.0206139999999948
109.48426500000001,1.2242650000000026,254496.54175201614,000041.jpg,4.080529730307662,init,3364592.8633963945,firstpose_odom_safe_selected,4.080529730307662,28.179385999999994,1.0206139999999948
109.470015,1.2240150000000085,254497.02961201745,000042.jpg,4.080533483331577,init,3364593.7363183936,firstpose_odom_safe_selected,4.080533483331577,28.179385999999994,1.0206139999999948
109.419471,1.2244710000000083,254497.51747201695,000043.jpg,4.080526133543493,init,3364594.6092403927,firstpose_odom_safe_selected,4.080526133543493,28.179385999999994,1.0206139999999948
109.354801,1.2238009999999946,254498.00533201714,000044.jpg,4.080529855291999,init,3364595.482162392,firstpose_odom_safe_selected,4.080529855291999,28.179385999999994,1.0206139999999948
109.20973,1.2247299999999939,254498.49319201682,000045.jpg,4.0805335620550105,init,3364596.3550843913,firstpose_odom_safe_selected,4.0805335620550105,28.179385999999994,1.0206139999999948
109.18757299999999,1.2245729999999924,254498.98105201716,000046.jpg,4.0805261642406405,init,3364597.2280063913,firstpose_odom_safe_selected,4.0805261642406405,28.179385999999994,1.0206139999999948
109.28739199999998,1.2243919999999804,254499.4689120171,000047.jpg,4.080529838798846,init,3364598.100928391,firstpose_odom_safe_selected,4.080529838798846,28.179385999999994,1.0206139999999948
109.35153999999999,1.2245399999999904,254499.9567720178,000048.jpg,4.080533498005655,init,3364598.973850391,firstpose_odom_safe_selected,4.080533498005655,28.179385999999994,1.0206139999999948
109.64763499999998,1.224634999999978,254500.4446320178,000049.jpg,4.08052605067218,init,3364599.8467723904,firstpose_odom_safe_selected,4.08052605067218,28.179385999999994,1.0206139999999948
110.21008299999998,1.224082999999979,254500.93249201868,000050.jpg,4.0805296795042825,init,3364600.7196943904,firstpose_odom_safe_selected,4.0805296795042825,28.179385999999994,1.0206139999999948
110.69403499999999,1.2240349999999864,254501.42035201887,000051.jpg,4.080533289684819,init,3364601.59261639,firstpose_odom_safe_selected,4.080533289684819,28.179385999999994,1.0206139999999948
111.12698499999999,1.2239849999999848,254501.90821201872,000052.jpg,4.080525771410217,init,3364602.46553839,firstpose_odom_safe_selected,4.080525771410217,28.179385999999994,1.0206139999999948
106.32527599999999,1.224275999999989,254502.3960720192,000053.jpg,4.0805293498208,init,3364603.338460389,firstpose_odom_safe_selected,4.0805293498208,28.179385999999994,1.0206139999999948
101.701968,1.2239679999999993,254502.8839320191,000054.jpg,4.080532913773833,init,3364604.2113823886,firstpose_odom_safe_selected,4.080532913773833,28.179385999999994,1.0206139999999948
100.175141,1.224141000000003,254503.37179201865,000055.jpg,4.080525371631744,init,3364605.084304389,firstpose_odom_safe_selected,4.080525371631744,28.179385999999994,1.0206139999999948
103.57794799999999,1.223947999999993,254503.8596520188,000056.jpg,4.080528904345239,init,3364605.957226389,firstpose_odom_safe_selected,4.080528904345239,28.179385999999994,1.0206139999999948
104.280442,1.2244419999999963,254504.34751201846,000057.jpg,4.08053242114265,init,3364606.8301483886,firstpose_odom_safe_selected,4.08053242114265,28.179385999999994,1.0206139999999948
104.193686,1.2246860000000055,254504.83537201886,000058.jpg,4.0805248318722604,init,3364607.703070389,firstpose_odom_safe_selected,4.0805248318722604,28.179385999999994,1.0206139999999948
103.451363,1.2243629999999968,254505.3232320187,000059.jpg,4.080528314605302,init,3364608.575992388,firstpose_odom_safe_selected,4.080528314605302,28.179385999999994,1.0206139999999948
100.184205,1.224205000000012,254505.81109201923,000060.jpg,4.080531781451037,init,3364609.4489143873,firstpose_odom_safe_selected,4.080531781451037,28.179385999999994,1.0206139999999948
99.944834,1.2238339999999965,254506.29895201928,000061.jpg,4.080524120329178,init,3364610.3218363877,firstpose_odom_safe_selected,4.080524120329178,28.179385999999994,1.0206139999999948
99.922538,1.2245380000000097,254506.78681201887,000062.jpg,4.080527557299403,init,3364611.1947583873,firstpose_odom_safe_selected,4.080527557299403,28.179385999999994,1.0206139999999948
99.939096,1.224096000000003,254507.27467202026,000063.jpg,4.080530978415354,init,3364612.0676803873,firstpose_odom_safe_selected,4.080530978415354,28.179385999999994,1.0206139999999948
99.931454,1.2244540000000086,254507.76253202002,000064.jpg,4.080534382249856,init,3364612.9406023864,firstpose_odom_safe_selected,4.080534382249856,28.179385999999994,1.0206139999999948
99.935861,1.2238609999999994,254508.25039202045,000065.jpg,4.0805266804840254,init,3364613.813524386,firstpose_odom_safe_selected,4.0805266804840254,28.179385999999994,1.0206139999999948
100.13600600000001,1.2240060000000028,254508.73825202158,000066.jpg,4.080530051214699,init,3364614.686446385,firstpose_odom_safe_selected,4.080530051214699,28.179385999999994,1.0206139999999948
100.316888,1.2238880000000023,254509.22611202105,000067.jpg,4.080533384095444,init,3364615.559368385,firstpose_odom_safe_selected,4.080533384095444,28.179385999999994,1.0206139999999948
100.45858700000001,1.2245870000000139,254509.71397202116,000068.jpg,4.080525635171254,init,3364616.432290384,firstpose_odom_safe_selected,4.080525635171254,28.179385999999994,1.0206139999999948
100.33570900000001,1.2247090000000043,254510.20183202194,000069.jpg,4.080528959207813,init,3364617.305212383,firstpose_odom_safe_selected,4.080528959207813,28.179385999999994,1.0206139999999948
100.15603200000001,1.2240320000000082,254510.6896920223,000070.jpg,4.0805322683246645,init,3364618.1781343827,firstpose_odom_safe_selected,4.0805322683246645,28.179385999999994,1.0206139999999948
100.09634400000002,1.2243440000000163,254511.17755202216,000071.jpg,4.08052447085144,init,3364619.051056382,firstpose_odom_safe_selected,4.08052447085144,28.179385999999994,1.0206139999999948
100.16803000000002,1.2240300000000133,254511.66541202378,000072.jpg,4.080527722067333,init,3364619.923978381,firstpose_odom_safe_selected,4.080527722067333,28.179385999999994,1.0206139999999948
107.42564200000001,1.224642000000017,254512.15327202377,000073.jpg,4.0805309830616325,init,3364620.79690038,firstpose_odom_safe_selected,4.0805309830616325,28.179385999999994,1.0206139999999948
107.69063100000001,1.2246310000000165,254512.64113202327,000074.jpg,4.080523138925551,init,3364621.66982238,firstpose_odom_safe_selected,4.080523138925551,28.179385999999994,1.0206139999999948
107.91448600000001,1.224486000000013,254513.1289920247,000075.jpg,4.080526367285301,init,3364622.5427443795,firstpose_odom_safe_selected,4.080526367285301,28.179385999999994,1.0206139999999948
108.16201000000001,1.224010000000007,254513.61685202437,000076.jpg,4.080529556358982,init,3364623.4156663795,firstpose_odom_safe_selected,4.080529556358982,28.179385999999994,1.0206139999999948
108.40731600000001,1.2243160000000017,254514.1047120248,000077.jpg,4.08053275481031,init,3364624.288588379,firstpose_odom_safe_selected,4.08053275481031,28.179385999999994,1.0206139999999948
108.575816,1.2238159999999993,254514.59257202465,000078.jpg,4.080524844401725,init,3364625.161510378,firstpose_odom_safe_selected,4.080524844401725,28.179385999999994,1.0206139999999948
108.739788,1.223787999999999,254515.0804320264,000079.jpg,4.080528011118925,init,3364626.034432378,firstpose_odom_safe_selected,4.080528011118925,28.179385999999994,1.0206139999999948
108.849497,1.2244969999999995,254515.56829202772,000080.jpg,4.080531135374884,init,3364626.907354377,firstpose_odom_safe_selected,4.080531135374884,28.179385999999994,1.0206139999999948
108.923003,1.2240029999999962,254516.05615202733,000081.jpg,4.080523178710623,init,3364627.7802763768,firstpose_odom_safe_selected,4.080523178710623,28.179385999999994,1.0206139999999948
108.96607399999999,1.2240739999999874,254516.5440120276,000082.jpg,4.08052629733969,init,3364628.6531983768,firstpose_odom_safe_selected,4.08052629733969,28.179385999999994,1.0206139999999948
108.948769,1.2237690000000043,254517.03187202732,000083.jpg,4.080529374408547,init,3364629.5261203763,firstpose_odom_safe_selected,4.080529374408547,28.179385999999994,1.0206139999999948
108.930097,1.2240970000000004,254517.51973202784,000084.jpg,4.080532460335054,init,3364630.3990423763,firstpose_odom_safe_selected,4.080532460335054,28.179385999999994,1.0206139999999948
108.791854,1.2238540000000029,254518.00759202777,000085.jpg,4.080524439760089,init,3364631.271964375,firstpose_odom_safe_selected,4.080524439760089,28.179385999999994,1.0206139999999948
108.643291,1.224291000000008,254518.49545202721,000086.jpg,4.080527469204631,init,3364632.144886375,firstpose_odom_safe_selected,4.080527469204631,28.179385999999994,1.0206139999999948
108.500831,1.223831000000004,254518.98331202733,000087.jpg,4.080530507041584,init,3364633.0178083745,firstpose_odom_safe_selected,4.080530507041584,28.179385999999994,1.0206139999999948
108.30457600000001,1.2245760000000132,254519.4711720269,000088.jpg,4.0805224397754785,init,3364633.8907303745,firstpose_odom_safe_selected,4.0805224397754785,28.179385999999994,1.0206139999999948
108.09124800000001,1.224248000000003,254519.95903202734,000089.jpg,4.080525422560991,init,3364634.7636523736,firstpose_odom_safe_selected,4.080525422560991,28.179385999999994,1.0206139999999948
107.83478000000001,1.223780000000005,254520.44689202713,000090.jpg,4.080528410913294,init,3364635.636574373,firstpose_odom_safe_selected,4.080528410913294,28.179385999999994,1.0206139999999948
107.57796,1.2239600000000053,254520.93475202884,000091.jpg,4.08053138673665,init,3364636.509496373,firstpose_odom_safe_selected,4.08053138673665,28.179385999999994,1.0206139999999948
107.277811,1.2238109999999978,254521.4226120289,000092.jpg,4.080523229817333,init,3364637.382418372,firstpose_odom_safe_selected,4.080523229817333,28.179385999999994,1.0206139999999948
106.992716,1.2247160000000008,254521.91047202842,000093.jpg,4.080526173376066,init,3364638.2553403727,firstpose_odom_safe_selected,4.080526173376066,28.179385999999994,1.0206139999999948
107.222686,1.2246859999999913,254522.39833202862,000094.jpg,4.08052907493448,init,3364639.128262372,firstpose_odom_safe_selected,4.08052907493448,28.179385999999994,1.0206139999999948
107.73742899999999,1.2244289999999864,254522.8861920283,000095.jpg,4.080531984390104,init,3364640.001184371,firstpose_odom_safe_selected,4.080531984390104,28.179385999999994,1.0206139999999948
108.24772499999999,1.2247249999999923,254523.37405202864,000096.jpg,4.080523790641775,init,3364640.8741063704,firstpose_odom_safe_selected,4.080523790641775,28.179385999999994,1.0206139999999948
108.622666,1.2246659999999991,254523.86191202866,000097.jpg,4.080526643642739,init,3364641.7470283704,firstpose_odom_safe_selected,4.080526643642739,28.179385999999994,1.0206139999999948
108.55601999999999,1.224019999999996,254524.34977202918,000098.jpg,4.0805295078377695,init,3364642.61995037,firstpose_odom_safe_selected,4.0805295078377695,28.179385999999994,1.0206139999999948
108.185031,1.2240309999999965,254524.83763203057,000099.jpg,4.0805323300647975,init,3364643.4928723704,firstpose_odom_safe_selected,4.0805323300647975,28.179385999999994,1.0206139999999948
